{
  "aliases": [
    "pandas.core.indexes.datetimes.to_time"
  ],
  "arbitrary": [],
  "content": {
    "Attributes": {
      "children": [],
      "level": 0,
      "title": null
    },
    "Extended Summary": {
      "children": [
        {
          "data": {
            "children": [
              {
                "data": {
                  "value": "Use infer_time_format if all the strings are in the same format to speed up conversion."
                },
                "type": "Words"
              }
            ]
          },
          "type": "Paragraph"
        }
      ],
      "level": 0,
      "title": null
    },
    "Methods": {
      "children": [],
      "level": 0,
      "title": null
    },
    "Notes": {
      "children": [],
      "level": 0,
      "title": null
    },
    "Other Parameters": {
      "children": [],
      "level": 0,
      "title": null
    },
    "Parameters": {
      "children": [
        {
          "data": {
            "children": [
              {
                "desc": [],
                "param": "arg",
                "type_": "string in time format, datetime.time, list, tuple, 1-d array,  Series"
              },
              {
                "desc": [
                  {
                    "data": {
                      "children": [
                        {
                          "data": {
                            "value": "Format used to convert arg into a time object.  If None, fixed formats are used."
                          },
                          "type": "Words"
                        }
                      ]
                    },
                    "type": "Paragraph"
                  }
                ],
                "param": "format",
                "type_": "str, default None"
              },
              {
                "desc": [
                  {
                    "data": {
                      "children": [
                        {
                          "data": {
                            "value": "Infer the time format based on the first non-NaN element.  If all strings are in the same format, this will speed up conversion."
                          },
                          "type": "Words"
                        }
                      ]
                    },
                    "type": "Paragraph"
                  }
                ],
                "param": "infer_time_format: bool, default False",
                "type_": ""
              },
              {
                "desc": [
                  {
                    "data": {
                      "children": [
                        {
                          "children": [
                            {
                              "data": {
                                "children": [
                                  {
                                    "data": {
                                      "value": "If 'raise', then invalid parsing will raise an exception"
                                    },
                                    "type": "Words"
                                  }
                                ]
                              },
                              "type": "Paragraph"
                            }
                          ]
                        },
                        {
                          "children": [
                            {
                              "data": {
                                "children": [
                                  {
                                    "data": {
                                      "value": "If 'coerce', then invalid parsing will be set as None"
                                    },
                                    "type": "Words"
                                  }
                                ]
                              },
                              "type": "Paragraph"
                            }
                          ]
                        },
                        {
                          "children": [
                            {
                              "data": {
                                "children": [
                                  {
                                    "data": {
                                      "value": "If 'ignore', then invalid parsing will return the input"
                                    },
                                    "type": "Words"
                                  }
                                ]
                              },
                              "type": "Paragraph"
                            }
                          ]
                        }
                      ]
                    },
                    "type": "BulletList"
                  }
                ],
                "param": "errors",
                "type_": "{'ignore', 'raise', 'coerce'}, default 'raise'"
              }
            ]
          },
          "type": "Parameters"
        }
      ],
      "level": 0,
      "title": null
    },
    "Raises": {
      "children": [],
      "level": 0,
      "title": null
    },
    "Receives": {
      "children": [],
      "level": 0,
      "title": null
    },
    "Returns": {
      "children": [
        {
          "data": {
            "children": [
              {
                "desc": [],
                "param": "",
                "type_": "datetime.time"
              }
            ]
          },
          "type": "Parameters"
        }
      ],
      "level": 0,
      "title": null
    },
    "Summary": {
      "children": [
        {
          "data": {
            "children": [
              {
                "data": {
                  "value": "Parse time strings to time objects using fixed strptime formats (\"%H:%M\", \"%H%M\", \"%I:%M%p\", \"%I%M%p\", \"%H:%M:%S\", \"%H%M%S\", \"%I:%M:%S%p\", \"%I%M%S%p\")"
                },
                "type": "Words"
              }
            ]
          },
          "type": "Paragraph"
        }
      ],
      "level": 0,
      "title": null
    },
    "Warnings": {
      "children": [],
      "level": 0,
      "title": null
    },
    "Warns": {
      "children": [],
      "level": 0,
      "title": null
    },
    "Yields": {
      "children": [],
      "level": 0,
      "title": null
    }
  },
  "example_section_data": {
    "children": [],
    "level": 0,
    "title": null
  },
  "item_file": "/pandas/core/tools/times.py",
  "item_line": 19,
  "item_type": "<class 'function'>",
  "ordered_sections": [
    "Summary",
    "Extended Summary",
    "Parameters",
    "Returns"
  ],
  "references": null,
  "see_also": [],
  "signature": {
    "value": "to_time(arg, format=None, infer_time_format=False, errors='raise')"
  }
}