{
  "aliases": [
    "pandas.DataFrame.swaplevel"
  ],
  "arbitrary": [],
  "content": {
    "Attributes": {
      "children": [],
      "level": 0,
      "title": null
    },
    "Extended Summary": {
      "children": [
        {
          "data": {
            "children": [
              {
                "data": {
                  "value": "Default is to swap the two innermost levels of the index."
                },
                "type": "Words"
              }
            ]
          },
          "type": "Paragraph"
        }
      ],
      "level": 0,
      "title": null
    },
    "Methods": {
      "children": [],
      "level": 0,
      "title": null
    },
    "Notes": {
      "children": [],
      "level": 0,
      "title": null
    },
    "Other Parameters": {
      "children": [],
      "level": 0,
      "title": null
    },
    "Parameters": {
      "children": [
        {
          "data": {
            "children": [
              {
                "desc": [
                  {
                    "data": {
                      "children": [
                        {
                          "data": {
                            "value": "Levels of the indices to be swapped. Can pass level name as string."
                          },
                          "type": "Words"
                        }
                      ]
                    },
                    "type": "Paragraph"
                  }
                ],
                "param": "i, j",
                "type_": "int or str"
              },
              {
                "desc": [
                  {
                    "data": {
                      "children": [
                        {
                          "data": {
                            "value": "The axis to swap levels on. 0 or 'index' for row-wise, 1 or 'columns' for column-wise."
                          },
                          "type": "Words"
                        }
                      ]
                    },
                    "type": "Paragraph"
                  }
                ],
                "param": "axis",
                "type_": "{0 or 'index', 1 or 'columns'}, default 0"
              }
            ]
          },
          "type": "Parameters"
        }
      ],
      "level": 0,
      "title": null
    },
    "Raises": {
      "children": [],
      "level": 0,
      "title": null
    },
    "Receives": {
      "children": [],
      "level": 0,
      "title": null
    },
    "Returns": {
      "children": [
        {
          "data": {
            "children": [
              {
                "desc": [
                  {
                    "data": {
                      "children": [
                        {
                          "data": {
                            "value": "DataFrame with levels swapped in MultiIndex."
                          },
                          "type": "Words"
                        }
                      ]
                    },
                    "type": "Paragraph"
                  }
                ],
                "param": "",
                "type_": "DataFrame"
              }
            ]
          },
          "type": "Parameters"
        }
      ],
      "level": 0,
      "title": null
    },
    "Summary": {
      "children": [
        {
          "data": {
            "children": [
              {
                "data": {
                  "value": "Swap levels i and j in a "
                },
                "type": "Words"
              },
              {
                "data": {
                  "value": [
                    "MultiIndex"
                  ]
                },
                "type": "Verbatim"
              },
              {
                "data": {
                  "value": "."
                },
                "type": "Words"
              }
            ]
          },
          "type": "Paragraph"
        }
      ],
      "level": 0,
      "title": null
    },
    "Warnings": {
      "children": [],
      "level": 0,
      "title": null
    },
    "Warns": {
      "children": [],
      "level": 0,
      "title": null
    },
    "Yields": {
      "children": [],
      "level": 0,
      "title": null
    }
  },
  "example_section_data": {
    "children": [
      {
        "data": {
          "ce_status": "compiled",
          "entries": [
            {
              "link": {
                "data": "df",
                "type": "str"
              },
              "type": ""
            },
            {
              "link": {
                "data": " ",
                "type": "str"
              },
              "type": ""
            },
            {
              "link": {
                "data": "=",
                "type": "str"
              },
              "type": "o"
            },
            {
              "link": {
                "data": " ",
                "type": "str"
              },
              "type": ""
            },
            {
              "link": {
                "data": "pd",
                "type": "str"
              },
              "type": ""
            },
            {
              "link": {
                "data": ".",
                "type": "str"
              },
              "type": "o"
            },
            {
              "link": {
                "data": "DataFrame",
                "type": "str"
              },
              "type": ""
            },
            {
              "link": {
                "data": "(",
                "type": "str"
              },
              "type": ""
            },
            {
              "link": {
                "data": "\n",
                "type": "str"
              },
              "type": ""
            },
            {
              "link": {
                "data": "    ",
                "type": "str"
              },
              "type": ""
            },
            {
              "link": {
                "data": "{",
                "type": "str"
              },
              "type": ""
            },
            {
              "link": {
                "data": "\"",
                "type": "str"
              },
              "type": "s2"
            },
            {
              "link": {
                "data": "Grade",
                "type": "str"
              },
              "type": "s2"
            },
            {
              "link": {
                "data": "\"",
                "type": "str"
              },
              "type": "s2"
            },
            {
              "link": {
                "data": ":",
                "type": "str"
              },
              "type": ""
            },
            {
              "link": {
                "data": " ",
                "type": "str"
              },
              "type": ""
            },
            {
              "link": {
                "data": "[",
                "type": "str"
              },
              "type": ""
            },
            {
              "link": {
                "data": "\"",
                "type": "str"
              },
              "type": "s2"
            },
            {
              "link": {
                "data": "A",
                "type": "str"
              },
              "type": "s2"
            },
            {
              "link": {
                "data": "\"",
                "type": "str"
              },
              "type": "s2"
            },
            {
              "link": {
                "data": ",",
                "type": "str"
              },
              "type": ""
            },
            {
              "link": {
                "data": " ",
                "type": "str"
              },
              "type": ""
            },
            {
              "link": {
                "data": "\"",
                "type": "str"
              },
              "type": "s2"
            },
            {
              "link": {
                "data": "B",
                "type": "str"
              },
              "type": "s2"
            },
            {
              "link": {
                "data": "\"",
                "type": "str"
              },
              "type": "s2"
            },
            {
              "link": {
                "data": ",",
                "type": "str"
              },
              "type": ""
            },
            {
              "link": {
                "data": " ",
                "type": "str"
              },
              "type": ""
            },
            {
              "link": {
                "data": "\"",
                "type": "str"
              },
              "type": "s2"
            },
            {
              "link": {
                "data": "A",
                "type": "str"
              },
              "type": "s2"
            },
            {
              "link": {
                "data": "\"",
                "type": "str"
              },
              "type": "s2"
            },
            {
              "link": {
                "data": ",",
                "type": "str"
              },
              "type": ""
            },
            {
              "link": {
                "data": " ",
                "type": "str"
              },
              "type": ""
            },
            {
              "link": {
                "data": "\"",
                "type": "str"
              },
              "type": "s2"
            },
            {
              "link": {
                "data": "C",
                "type": "str"
              },
              "type": "s2"
            },
            {
              "link": {
                "data": "\"",
                "type": "str"
              },
              "type": "s2"
            },
            {
              "link": {
                "data": "]",
                "type": "str"
              },
              "type": ""
            },
            {
              "link": {
                "data": "}",
                "type": "str"
              },
              "type": ""
            },
            {
              "link": {
                "data": ",",
                "type": "str"
              },
              "type": ""
            },
            {
              "link": {
                "data": "\n",
                "type": "str"
              },
              "type": ""
            },
            {
              "link": {
                "data": "    ",
                "type": "str"
              },
              "type": ""
            },
            {
              "link": {
                "data": "index",
                "type": "str"
              },
              "type": ""
            },
            {
              "link": {
                "data": "=",
                "type": "str"
              },
              "type": "o"
            },
            {
              "link": {
                "data": "[",
                "type": "str"
              },
              "type": ""
            },
            {
              "link": {
                "data": "\n",
                "type": "str"
              },
              "type": ""
            },
            {
              "link": {
                "data": "        ",
                "type": "str"
              },
              "type": ""
            },
            {
              "link": {
                "data": "[",
                "type": "str"
              },
              "type": ""
            },
            {
              "link": {
                "data": "\"",
                "type": "str"
              },
              "type": "s2"
            },
            {
              "link": {
                "data": "Final exam",
                "type": "str"
              },
              "type": "s2"
            },
            {
              "link": {
                "data": "\"",
                "type": "str"
              },
              "type": "s2"
            },
            {
              "link": {
                "data": ",",
                "type": "str"
              },
              "type": ""
            },
            {
              "link": {
                "data": " ",
                "type": "str"
              },
              "type": ""
            },
            {
              "link": {
                "data": "\"",
                "type": "str"
              },
              "type": "s2"
            },
            {
              "link": {
                "data": "Final exam",
                "type": "str"
              },
              "type": "s2"
            },
            {
              "link": {
                "data": "\"",
                "type": "str"
              },
              "type": "s2"
            },
            {
              "link": {
                "data": ",",
                "type": "str"
              },
              "type": ""
            },
            {
              "link": {
                "data": " ",
                "type": "str"
              },
              "type": ""
            },
            {
              "link": {
                "data": "\"",
                "type": "str"
              },
              "type": "s2"
            },
            {
              "link": {
                "data": "Coursework",
                "type": "str"
              },
              "type": "s2"
            },
            {
              "link": {
                "data": "\"",
                "type": "str"
              },
              "type": "s2"
            },
            {
              "link": {
                "data": ",",
                "type": "str"
              },
              "type": ""
            },
            {
              "link": {
                "data": " ",
                "type": "str"
              },
              "type": ""
            },
            {
              "link": {
                "data": "\"",
                "type": "str"
              },
              "type": "s2"
            },
            {
              "link": {
                "data": "Coursework",
                "type": "str"
              },
              "type": "s2"
            },
            {
              "link": {
                "data": "\"",
                "type": "str"
              },
              "type": "s2"
            },
            {
              "link": {
                "data": "]",
                "type": "str"
              },
              "type": ""
            },
            {
              "link": {
                "data": ",",
                "type": "str"
              },
              "type": ""
            },
            {
              "link": {
                "data": "\n",
                "type": "str"
              },
              "type": ""
            },
            {
              "link": {
                "data": "        ",
                "type": "str"
              },
              "type": ""
            },
            {
              "link": {
                "data": "[",
                "type": "str"
              },
              "type": ""
            },
            {
              "link": {
                "data": "\"",
                "type": "str"
              },
              "type": "s2"
            },
            {
              "link": {
                "data": "History",
                "type": "str"
              },
              "type": "s2"
            },
            {
              "link": {
                "data": "\"",
                "type": "str"
              },
              "type": "s2"
            },
            {
              "link": {
                "data": ",",
                "type": "str"
              },
              "type": ""
            },
            {
              "link": {
                "data": " ",
                "type": "str"
              },
              "type": ""
            },
            {
              "link": {
                "data": "\"",
                "type": "str"
              },
              "type": "s2"
            },
            {
              "link": {
                "data": "Geography",
                "type": "str"
              },
              "type": "s2"
            },
            {
              "link": {
                "data": "\"",
                "type": "str"
              },
              "type": "s2"
            },
            {
              "link": {
                "data": ",",
                "type": "str"
              },
              "type": ""
            },
            {
              "link": {
                "data": " ",
                "type": "str"
              },
              "type": ""
            },
            {
              "link": {
                "data": "\"",
                "type": "str"
              },
              "type": "s2"
            },
            {
              "link": {
                "data": "History",
                "type": "str"
              },
              "type": "s2"
            },
            {
              "link": {
                "data": "\"",
                "type": "str"
              },
              "type": "s2"
            },
            {
              "link": {
                "data": ",",
                "type": "str"
              },
              "type": ""
            },
            {
              "link": {
                "data": " ",
                "type": "str"
              },
              "type": ""
            },
            {
              "link": {
                "data": "\"",
                "type": "str"
              },
              "type": "s2"
            },
            {
              "link": {
                "data": "Geography",
                "type": "str"
              },
              "type": "s2"
            },
            {
              "link": {
                "data": "\"",
                "type": "str"
              },
              "type": "s2"
            },
            {
              "link": {
                "data": "]",
                "type": "str"
              },
              "type": ""
            },
            {
              "link": {
                "data": ",",
                "type": "str"
              },
              "type": ""
            },
            {
              "link": {
                "data": "\n",
                "type": "str"
              },
              "type": ""
            },
            {
              "link": {
                "data": "        ",
                "type": "str"
              },
              "type": ""
            },
            {
              "link": {
                "data": "[",
                "type": "str"
              },
              "type": ""
            },
            {
              "link": {
                "data": "\"",
                "type": "str"
              },
              "type": "s2"
            },
            {
              "link": {
                "data": "January",
                "type": "str"
              },
              "type": "s2"
            },
            {
              "link": {
                "data": "\"",
                "type": "str"
              },
              "type": "s2"
            },
            {
              "link": {
                "data": ",",
                "type": "str"
              },
              "type": ""
            },
            {
              "link": {
                "data": " ",
                "type": "str"
              },
              "type": ""
            },
            {
              "link": {
                "data": "\"",
                "type": "str"
              },
              "type": "s2"
            },
            {
              "link": {
                "data": "February",
                "type": "str"
              },
              "type": "s2"
            },
            {
              "link": {
                "data": "\"",
                "type": "str"
              },
              "type": "s2"
            },
            {
              "link": {
                "data": ",",
                "type": "str"
              },
              "type": ""
            },
            {
              "link": {
                "data": " ",
                "type": "str"
              },
              "type": ""
            },
            {
              "link": {
                "data": "\"",
                "type": "str"
              },
              "type": "s2"
            },
            {
              "link": {
                "data": "March",
                "type": "str"
              },
              "type": "s2"
            },
            {
              "link": {
                "data": "\"",
                "type": "str"
              },
              "type": "s2"
            },
            {
              "link": {
                "data": ",",
                "type": "str"
              },
              "type": ""
            },
            {
              "link": {
                "data": " ",
                "type": "str"
              },
              "type": ""
            },
            {
              "link": {
                "data": "\"",
                "type": "str"
              },
              "type": "s2"
            },
            {
              "link": {
                "data": "April",
                "type": "str"
              },
              "type": "s2"
            },
            {
              "link": {
                "data": "\"",
                "type": "str"
              },
              "type": "s2"
            },
            {
              "link": {
                "data": "]",
                "type": "str"
              },
              "type": ""
            },
            {
              "link": {
                "data": ",",
                "type": "str"
              },
              "type": ""
            },
            {
              "link": {
                "data": "\n",
                "type": "str"
              },
              "type": ""
            },
            {
              "link": {
                "data": "    ",
                "type": "str"
              },
              "type": ""
            },
            {
              "link": {
                "data": "]",
                "type": "str"
              },
              "type": ""
            },
            {
              "link": {
                "data": ",",
                "type": "str"
              },
              "type": ""
            },
            {
              "link": {
                "data": "\n",
                "type": "str"
              },
              "type": ""
            },
            {
              "link": {
                "data": ")",
                "type": "str"
              },
              "type": ""
            },
            {
              "link": {
                "data": "\n",
                "type": "str"
              },
              "type": ""
            },
            {
              "link": {
                "data": "df",
                "type": "str"
              },
              "type": ""
            }
          ],
          "out": "                                    Grade\nFinal exam  History     January      A\n            Geography   February     B\nCoursework  History     March        A\n            Geography   April        C"
        },
        "type": "Code2"
      },
      {
        "data": {
          "children": [
            {
              "data": {
                "value": "In the following example, we will swap the levels of the indices. Here, we will swap the levels column-wise, but levels can be swapped row-wise in a similar manner. Note that column-wise is the default behaviour. By not supplying any arguments for i and j, we swap the last and second to last indices."
              },
              "type": "Words"
            }
          ]
        },
        "type": "Paragraph"
      },
      {
        "data": {
          "ce_status": "compiled",
          "entries": [
            {
              "link": {
                "data": "df",
                "type": "str"
              },
              "type": ""
            },
            {
              "link": {
                "data": ".",
                "type": "str"
              },
              "type": "o"
            },
            {
              "link": {
                "data": "swaplevel",
                "type": "str"
              },
              "type": ""
            },
            {
              "link": {
                "data": "(",
                "type": "str"
              },
              "type": ""
            },
            {
              "link": {
                "data": ")",
                "type": "str"
              },
              "type": ""
            }
          ],
          "out": "                                    Grade\nFinal exam  January     History         A\n            February    Geography       B\nCoursework  March       History         A\n            April       Geography       C"
        },
        "type": "Code2"
      },
      {
        "data": {
          "children": [
            {
              "data": {
                "value": "By supplying one argument, we can choose which index to swap the last index with. We can for example swap the first index with the last one as follows."
              },
              "type": "Words"
            }
          ]
        },
        "type": "Paragraph"
      },
      {
        "data": {
          "ce_status": "compiled",
          "entries": [
            {
              "link": {
                "data": "df",
                "type": "str"
              },
              "type": ""
            },
            {
              "link": {
                "data": ".",
                "type": "str"
              },
              "type": "o"
            },
            {
              "link": {
                "data": "swaplevel",
                "type": "str"
              },
              "type": ""
            },
            {
              "link": {
                "data": "(",
                "type": "str"
              },
              "type": ""
            },
            {
              "link": {
                "data": "0",
                "type": "str"
              },
              "type": "mi"
            },
            {
              "link": {
                "data": ")",
                "type": "str"
              },
              "type": ""
            }
          ],
          "out": "                                    Grade\nJanuary     History     Final exam      A\nFebruary    Geography   Final exam      B\nMarch       History     Coursework      A\nApril       Geography   Coursework      C"
        },
        "type": "Code2"
      },
      {
        "data": {
          "children": [
            {
              "data": {
                "value": "We can also define explicitly which indices we want to swap by supplying values for both i and j. Here, we for example swap the first and second indices."
              },
              "type": "Words"
            }
          ]
        },
        "type": "Paragraph"
      },
      {
        "data": {
          "ce_status": "compiled",
          "entries": [
            {
              "link": {
                "data": "df",
                "type": "str"
              },
              "type": ""
            },
            {
              "link": {
                "data": ".",
                "type": "str"
              },
              "type": "o"
            },
            {
              "link": {
                "data": "swaplevel",
                "type": "str"
              },
              "type": ""
            },
            {
              "link": {
                "data": "(",
                "type": "str"
              },
              "type": ""
            },
            {
              "link": {
                "data": "0",
                "type": "str"
              },
              "type": "mi"
            },
            {
              "link": {
                "data": ",",
                "type": "str"
              },
              "type": ""
            },
            {
              "link": {
                "data": " ",
                "type": "str"
              },
              "type": ""
            },
            {
              "link": {
                "data": "1",
                "type": "str"
              },
              "type": "mi"
            },
            {
              "link": {
                "data": ")",
                "type": "str"
              },
              "type": ""
            }
          ],
          "out": "                                    Grade\nHistory     Final exam  January         A\nGeography   Final exam  February        B\nHistory     Coursework  March           A\nGeography   Coursework  April           C"
        },
        "type": "Code2"
      }
    ],
    "level": 0,
    "title": null
  },
  "item_file": "/pandas/core/frame.py",
  "item_line": 6792,
  "item_type": "<class 'function'>",
  "ordered_sections": [
    "Summary",
    "Extended Summary",
    "Parameters",
    "Returns",
    "Examples"
  ],
  "references": null,
  "see_also": [],
  "signature": {
    "value": "swaplevel(self, i: 'Axis' = -2, j: 'Axis' = -1, axis: 'Axis' = 0) -> 'DataFrame'"
  }
}