{
  "_content": {
    "Summary": {
      "children": [
        {
          "type": "Paragraph",
          "data": {
            "inline": [
              {
                "type": "Words",
                "data": {
                  "value": "Wrappers for Qhull triangulation, plus some additional N-D geometry utilities"
                }
              }
            ],
            "inner": []
          }
        }
      ],
      "title": null
    },
    "Extended Summary": {
      "children": [
        {
          "type": "BlockDirective",
          "data": {
            "lines": {
              "_lines": [
                {
                  "_line": ".. versionadded:: 0.9",
                  "_number": 0,
                  "_offset": 0
                }
              ]
            },
            "wh": {
              "_lines": []
            },
            "ind": {
              "_lines": []
            },
            "directive_name": "versionadded",
            "args0": [
              " 0.9"
            ],
            "inner": null
          }
        }
      ],
      "title": null
    },
    "Parameters": {
      "children": [],
      "title": null
    },
    "Returns": {
      "children": [],
      "title": null
    },
    "Yields": {
      "children": [],
      "title": null
    },
    "Receives": {
      "children": [],
      "title": null
    },
    "Raises": {
      "children": [],
      "title": null
    },
    "Warns": {
      "children": [],
      "title": null
    },
    "Other Parameters": {
      "children": [],
      "title": null
    },
    "Attributes": {
      "children": [],
      "title": null
    },
    "Methods": {
      "children": [],
      "title": null
    },
    "Notes": {
      "children": [],
      "title": null
    },
    "Warnings": {
      "children": [],
      "title": null
    }
  },
  "refs": [],
  "ordered_sections": [
    "Summary",
    "Extended Summary"
  ],
  "item_file": "/Users/bussonniermatthias/miniconda3/lib/python3.8/site-packages/scipy/spatial/qhull.cpython-38-darwin.so",
  "item_line": null,
  "item_type": null,
  "aliases": [
    "scipy.spatial.qhull"
  ],
  "example_section_data": {
    "children": [],
    "title": null
  },
  "see_also": [],
  "signature": null,
  "references": null,
  "arbitrary": [
    {
      "children": [
        {
          "type": "Paragraph",
          "data": {
            "inline": [
              {
                "type": "Words",
                "data": {
                  "value": "Wrappers for Qhull triangulation, plus some additional N - D geometry utilities "
                }
              }
            ],
            "inner": []
          }
        }
      ],
      "title": null
    }
  ]
}