{
  "_content": {
    "Summary": {
      "children": [
        {
          "type": "Paragraph",
          "data": {
            "inline": [
              {
                "type": "Words",
                "data": {
                  "value": "[*Deprecated*]"
                }
              }
            ],
            "inner": []
          }
        }
      ],
      "title": null
    },
    "Extended Summary": {
      "children": [],
      "title": null
    },
    "Parameters": {
      "children": [],
      "title": null
    },
    "Returns": {
      "children": [],
      "title": null
    },
    "Yields": {
      "children": [],
      "title": null
    },
    "Receives": {
      "children": [],
      "title": null
    },
    "Raises": {
      "children": [],
      "title": null
    },
    "Warns": {
      "children": [],
      "title": null
    },
    "Other Parameters": {
      "children": [],
      "title": null
    },
    "Attributes": {
      "children": [],
      "title": null
    },
    "Methods": {
      "children": [],
      "title": null
    },
    "Notes": {
      "children": [
        {
          "type": "BlockDirective",
          "data": {
            "lines": {
              "_lines": [
                {
                  "_line": ".. deprecated:: 3.2",
                  "_number": 0,
                  "_offset": 0
                }
              ]
            },
            "wh": {
              "_lines": []
            },
            "ind": {
              "_lines": [
                {
                  "_line": "   \\ ",
                  "_number": 1,
                  "_offset": 0
                }
              ]
            },
            "directive_name": "deprecated",
            "args0": [
              " 3.2"
            ],
            "inner": {
              "inline": [
                {
                  "type": "Words",
                  "data": {
                    "value": "\\"
                  }
                }
              ],
              "inner": []
            }
          }
        }
      ],
      "title": null
    },
    "Warnings": {
      "children": [],
      "title": null
    }
  },
  "refs": [],
  "ordered_sections": [
    "Summary",
    "Notes"
  ],
  "item_file": "/Users/bussonniermatthias/miniconda3/lib/python3.8/site-packages/matplotlib/font_manager.py",
  "item_line": 958,
  "item_type": "<class 'type'>",
  "aliases": [
    "matplotlib.font_manager.JSONEncoder"
  ],
  "example_section_data": {
    "children": [],
    "title": null
  },
  "see_also": [],
  "signature": "JSONEncoder(*, skipkeys=False, ensure_ascii=True, check_circular=True, allow_nan=True, sort_keys=False, indent=None, separators=None, default=None)",
  "references": null,
  "arbitrary": []
}