{
  "_content": {
    "Attributes": {
      "children": [],
      "title": null
    },
    "Extended Summary": {
      "children": [],
      "title": null
    },
    "Methods": {
      "children": [],
      "title": null
    },
    "Notes": {
      "children": [
        {
          "data": {
            "inline": [
              {
                "data": {
                  "value": "The primary use for the "
                },
                "type": "Words"
              },
              {
                "data": {
                  "exists": true,
                  "kind": "module",
                  "reference": {
                    "kind": "module",
                    "module": "astropy",
                    "path": "astropy.io.fits.convenience.tableload",
                    "version": "5.0"
                  },
                  "value": "tableload"
                },
                "type": "Link"
              },
              {
                "data": {
                  "value": " function is to allow the input of ASCII data that was edited in a standard text editor of the table data and parameters.  The tabledump function can be used to create the initial ASCII files."
                },
                "type": "Words"
              }
            ],
            "inner": []
          },
          "type": "Paragraph"
        },
        {
          "data": {
            "value": [
              {
                "data": {
                  "inline": [
                    {
                      "data": {
                        "content": {
                          "value": "datafile:"
                        }
                      },
                      "type": "Strong"
                    },
                    {
                      "data": {
                        "value": " Each line of the data file represents one row of table   data.  The data is output one column at a time in column order.  If   a column contains an array, each element of the column array in the   current row is output before moving on to the next column.  Each row   ends with a new line."
                      },
                      "type": "Words"
                    }
                  ],
                  "inner": []
                },
                "type": "Paragraph"
              },
              {
                "data": {
                  "inline": [
                    {
                      "data": {
                        "value": "Integer data is output right-justified in a 21-character field   followed by a blank.  Floating point data is output right justified   using 'g' format in a 21-character field with 15 digits of   precision, followed by a blank.  String data that does not contain   whitespace is output left-justified in a field whose width matches   the width specified in the "
                      },
                      "type": "Words"
                    },
                    {
                      "data": {
                        "value": [
                          "TFORM"
                        ]
                      },
                      "type": "Verbatim"
                    },
                    {
                      "data": {
                        "value": " header parameter for the   column, followed by a blank.  When the string data contains   whitespace characters, the string is enclosed in quotation marks   ("
                      },
                      "type": "Words"
                    },
                    {
                      "data": {
                        "value": [
                          "\"\""
                        ]
                      },
                      "type": "Verbatim"
                    },
                    {
                      "data": {
                        "value": ").  For the last data element in a row, the trailing blank in   the field is replaced by a new line character."
                      },
                      "type": "Words"
                    }
                  ],
                  "inner": []
                },
                "type": "Paragraph"
              },
              {
                "data": {
                  "inline": [
                    {
                      "data": {
                        "value": "For column data containing variable length arrays ('P' format), the   array data is preceded by the string "
                      },
                      "type": "Words"
                    },
                    {
                      "data": {
                        "value": [
                          "'VLA_Length= '"
                        ]
                      },
                      "type": "Verbatim"
                    },
                    {
                      "data": {
                        "value": " and the   integer length of the array for that row, left-justified in a   21-character field, followed by a blank."
                      },
                      "type": "Words"
                    }
                  ],
                  "inner": []
                },
                "type": "Paragraph"
              },
              {
                "data": {
                  "args0": [],
                  "directive_name": "note",
                  "inner": {
                    "inline": [
                      {
                        "data": {
                          "value": "This format does *not* support variable length arrays using the ( ' Q ' format) due to difficult to overcome ambiguities. What this means is that this file format cannot support VLA columns in tables stored in files that are over 2 GB in size. "
                        },
                        "type": "Words"
                      }
                    ],
                    "inner": []
                  }
                },
                "type": "BlockDirective"
              },
              {
                "data": {
                  "inline": [
                    {
                      "data": {
                        "value": "For column data representing a bit field ('X' format), each bit   value in the field is output right-justified in a 21-character field   as 1 (for true) or 0 (for false)."
                      },
                      "type": "Words"
                    }
                  ],
                  "inner": []
                },
                "type": "Paragraph"
              }
            ]
          },
          "type": "BulletList"
        },
        {
          "data": {
            "value": [
              {
                "data": {
                  "inline": [
                    {
                      "data": {
                        "content": {
                          "value": "cdfile:"
                        }
                      },
                      "type": "Strong"
                    },
                    {
                      "data": {
                        "value": " Each line of the column definitions file provides the   definitions for one column in the table.  The line is broken up into   8, sixteen-character fields.  The first field provides the column   name ("
                      },
                      "type": "Words"
                    },
                    {
                      "data": {
                        "value": [
                          "TTYPEn"
                        ]
                      },
                      "type": "Verbatim"
                    },
                    {
                      "data": {
                        "value": ").  The second field provides the column format   ("
                      },
                      "type": "Words"
                    },
                    {
                      "data": {
                        "value": [
                          "TFORMn"
                        ]
                      },
                      "type": "Verbatim"
                    },
                    {
                      "data": {
                        "value": ").  The third field provides the display format   ("
                      },
                      "type": "Words"
                    },
                    {
                      "data": {
                        "value": [
                          "TDISPn"
                        ]
                      },
                      "type": "Verbatim"
                    },
                    {
                      "data": {
                        "value": ").  The fourth field provides the physical units   ("
                      },
                      "type": "Words"
                    },
                    {
                      "data": {
                        "value": [
                          "TUNITn"
                        ]
                      },
                      "type": "Verbatim"
                    },
                    {
                      "data": {
                        "value": ").  The fifth field provides the dimensions for a   multidimensional array ("
                      },
                      "type": "Words"
                    },
                    {
                      "data": {
                        "value": [
                          "TDIMn"
                        ]
                      },
                      "type": "Verbatim"
                    },
                    {
                      "data": {
                        "value": ").  The sixth field provides the   value that signifies an undefined value ("
                      },
                      "type": "Words"
                    },
                    {
                      "data": {
                        "value": [
                          "TNULLn"
                        ]
                      },
                      "type": "Verbatim"
                    },
                    {
                      "data": {
                        "value": ").  The seventh   field provides the scale factor ("
                      },
                      "type": "Words"
                    },
                    {
                      "data": {
                        "value": [
                          "TSCALn"
                        ]
                      },
                      "type": "Verbatim"
                    },
                    {
                      "data": {
                        "value": ").  The eighth field   provides the offset value ("
                      },
                      "type": "Words"
                    },
                    {
                      "data": {
                        "value": [
                          "TZEROn"
                        ]
                      },
                      "type": "Verbatim"
                    },
                    {
                      "data": {
                        "value": ").  A field value of "
                      },
                      "type": "Words"
                    },
                    {
                      "data": {
                        "value": [
                          "\"\""
                        ]
                      },
                      "type": "Verbatim"
                    },
                    {
                      "data": {
                        "value": " is   used to represent the case where no value is provided."
                      },
                      "type": "Words"
                    }
                  ],
                  "inner": []
                },
                "type": "Paragraph"
              }
            ]
          },
          "type": "BulletList"
        },
        {
          "data": {
            "value": [
              {
                "data": {
                  "inline": [
                    {
                      "data": {
                        "content": {
                          "value": "hfile:"
                        }
                      },
                      "type": "Strong"
                    },
                    {
                      "data": {
                        "value": " Each line of the header parameters file provides the   definition of a single HDU header card as represented by the card   image."
                      },
                      "type": "Words"
                    }
                  ],
                  "inner": []
                },
                "type": "Paragraph"
              }
            ]
          },
          "type": "BulletList"
        }
      ],
      "title": null
    },
    "Other Parameters": {
      "children": [],
      "title": null
    },
    "Parameters": {
      "children": [
        {
          "data": {
            "desc": [
              {
                "data": {
                  "inline": [
                    {
                      "data": {
                        "value": "Input data file containing the table data in ASCII format."
                      },
                      "type": "Words"
                    }
                  ],
                  "inner": []
                },
                "type": "Paragraph"
              }
            ],
            "param": "datafile",
            "type_": "path-like or file-like"
          },
          "type": "Param"
        },
        {
          "data": {
            "desc": [
              {
                "data": {
                  "inline": [
                    {
                      "data": {
                        "value": "Input column definition file containing the names, formats, display formats, physical units, multidimensional array dimensions, undefined values, scale factors, and offsets associated with the columns in the table."
                      },
                      "type": "Words"
                    }
                  ],
                  "inner": []
                },
                "type": "Paragraph"
              }
            ],
            "param": "cdfile",
            "type_": "path-like or file-like"
          },
          "type": "Param"
        },
        {
          "data": {
            "desc": [
              {
                "data": {
                  "inline": [
                    {
                      "data": {
                        "value": "Input parameter definition file containing the header parameter definitions to be associated with the table. If "
                      },
                      "type": "Words"
                    },
                    {
                      "data": {
                        "value": [
                          "None"
                        ]
                      },
                      "type": "Verbatim"
                    },
                    {
                      "data": {
                        "value": ", a minimal header is constructed."
                      },
                      "type": "Words"
                    }
                  ],
                  "inner": []
                },
                "type": "Paragraph"
              }
            ],
            "param": "hfile",
            "type_": "path-like or file-like, optional"
          },
          "type": "Param"
        }
      ],
      "title": null
    },
    "Raises": {
      "children": [],
      "title": null
    },
    "Receives": {
      "children": [],
      "title": null
    },
    "Returns": {
      "children": [],
      "title": null
    },
    "Summary": {
      "children": [
        {
          "data": {
            "inline": [
              {
                "data": {
                  "value": "Create a table from the input ASCII files.  The input is from up to three separate files, one containing column definitions, one containing header parameters, and one containing column data.  The header parameters file is not required.  When the header parameters file is absent a minimal header is constructed."
                },
                "type": "Words"
              }
            ],
            "inner": []
          },
          "type": "Paragraph"
        }
      ],
      "title": null
    },
    "Warnings": {
      "children": [],
      "title": null
    },
    "Warns": {
      "children": [],
      "title": null
    },
    "Yields": {
      "children": [],
      "title": null
    }
  },
  "aliases": [
    "astropy.io.fits.tableload"
  ],
  "arbitrary": [],
  "example_section_data": {
    "children": [],
    "title": null
  },
  "item_file": "/astropy/io/fits/convenience.py",
  "item_line": 990,
  "item_type": "<class 'function'>",
  "ordered_sections": [
    "Summary",
    "Parameters",
    "Notes"
  ],
  "references": null,
  "refs": [],
  "see_also": [],
  "signature": {
    "value": "tableload(datafile, cdfile, hfile=None)"
  }
}