{
  "aliases": [
    "astropy.config.set_temp_cache"
  ],
  "arbitrary": [],
  "content": {
    "Attributes": {
      "children": [],
      "level": 0,
      "title": null
    },
    "Extended Summary": {
      "children": [
        {
          "data": {
            "children": [
              {
                "data": {
                  "value": "If the path set by this context manager does not already exist it will be created, if possible."
                },
                "type": "Words"
              }
            ]
          },
          "type": "Paragraph"
        },
        {
          "data": {
            "children": [
              {
                "data": {
                  "value": "This may also be used as a decorator on a function to set the cache path just within that function."
                },
                "type": "Words"
              }
            ]
          },
          "type": "Paragraph"
        }
      ],
      "level": 0,
      "title": null
    },
    "Methods": {
      "children": [],
      "level": 0,
      "title": null
    },
    "Notes": {
      "children": [],
      "level": 0,
      "title": null
    },
    "Other Parameters": {
      "children": [],
      "level": 0,
      "title": null
    },
    "Parameters": {
      "children": [
        {
          "data": {
            "children": [
              {
                "desc": [
                  {
                    "data": {
                      "children": [
                        {
                          "data": {
                            "value": "The directory (which must exist) in which to find the Astropy cache files, or create them if they do not already exist.  If None, this restores the cache path to the user's default cache path as returned by "
                          },
                          "type": "Words"
                        },
                        {
                          "data": {
                            "exists": true,
                            "kind": "module",
                            "reference": {
                              "kind": "module",
                              "module": "astropy",
                              "path": "astropy.config.paths.get_cache_dir",
                              "version": "5.0"
                            },
                            "value": "get_cache_dir"
                          },
                          "type": "Link"
                        },
                        {
                          "data": {
                            "value": " as though this context manager were not in effect (this is useful for testing).  In this case the "
                          },
                          "type": "Words"
                        },
                        {
                          "data": {
                            "value": [
                              "delete"
                            ]
                          },
                          "type": "Verbatim"
                        },
                        {
                          "data": {
                            "value": " argument is always ignored."
                          },
                          "type": "Words"
                        }
                      ]
                    },
                    "type": "Paragraph"
                  }
                ],
                "param": "path",
                "type_": "str"
              },
              {
                "desc": [
                  {
                    "data": {
                      "children": [
                        {
                          "data": {
                            "value": "If True, cleans up the temporary directory after exiting the temp context (default: False)."
                          },
                          "type": "Words"
                        }
                      ]
                    },
                    "type": "Paragraph"
                  }
                ],
                "param": "delete",
                "type_": "bool, optional"
              }
            ]
          },
          "type": "Parameters"
        }
      ],
      "level": 0,
      "title": null
    },
    "Raises": {
      "children": [],
      "level": 0,
      "title": null
    },
    "Receives": {
      "children": [],
      "level": 0,
      "title": null
    },
    "Returns": {
      "children": [],
      "level": 0,
      "title": null
    },
    "Summary": {
      "children": [
        {
          "data": {
            "children": [
              {
                "data": {
                  "value": "Context manager to set a temporary path for the Astropy download cache, primarily for use with testing (though there may be other applications for setting a different cache directory, for example to switch to a cache dedicated to large files)."
                },
                "type": "Words"
              }
            ]
          },
          "type": "Paragraph"
        }
      ],
      "level": 0,
      "title": null
    },
    "Warnings": {
      "children": [],
      "level": 0,
      "title": null
    },
    "Warns": {
      "children": [],
      "level": 0,
      "title": null
    },
    "Yields": {
      "children": [],
      "level": 0,
      "title": null
    }
  },
  "example_section_data": {
    "children": [],
    "level": 0,
    "title": null
  },
  "item_file": "/astropy/config/paths.py",
  "item_line": 257,
  "item_type": "<class 'type'>",
  "ordered_sections": [
    "Summary",
    "Extended Summary",
    "Parameters"
  ],
  "references": null,
  "see_also": [],
  "signature": {
    "value": null
  }
}