{
  "aliases": [
    "astropy.io.fits.Header.add_comment"
  ],
  "arbitrary": [],
  "content": {
    "Attributes": {
      "children": [],
      "level": 0,
      "title": null
    },
    "Extended Summary": {
      "children": [],
      "level": 0,
      "title": null
    },
    "Methods": {
      "children": [],
      "level": 0,
      "title": null
    },
    "Notes": {
      "children": [],
      "level": 0,
      "title": null
    },
    "Other Parameters": {
      "children": [],
      "level": 0,
      "title": null
    },
    "Parameters": {
      "children": [
        {
          "data": {
            "children": [
              {
                "desc": [
                  {
                    "data": {
                      "children": [
                        {
                          "data": {
                            "value": "Text to be added."
                          },
                          "type": "Words"
                        }
                      ]
                    },
                    "type": "Paragraph"
                  }
                ],
                "param": "value",
                "type_": "str"
              },
              {
                "desc": [
                  {
                    "data": {
                      "children": [
                        {
                          "data": {
                            "value": "Same as in "
                          },
                          "type": "Words"
                        },
                        {
                          "data": {
                            "exists": true,
                            "kind": "module",
                            "reference": {
                              "kind": "module",
                              "module": "astropy",
                              "path": "astropy.io.fits.header.Header.update",
                              "version": "5.0"
                            },
                            "value": "Header.update"
                          },
                          "type": "Link"
                        }
                      ]
                    },
                    "type": "Paragraph"
                  }
                ],
                "param": "before",
                "type_": "str or int, optional"
              },
              {
                "desc": [
                  {
                    "data": {
                      "children": [
                        {
                          "data": {
                            "value": "Same as in "
                          },
                          "type": "Words"
                        },
                        {
                          "data": {
                            "exists": true,
                            "kind": "module",
                            "reference": {
                              "kind": "module",
                              "module": "astropy",
                              "path": "astropy.io.fits.header.Header.update",
                              "version": "5.0"
                            },
                            "value": "Header.update"
                          },
                          "type": "Link"
                        }
                      ]
                    },
                    "type": "Paragraph"
                  }
                ],
                "param": "after",
                "type_": "str or int, optional"
              }
            ]
          },
          "type": "Parameters"
        }
      ],
      "level": 0,
      "title": null
    },
    "Raises": {
      "children": [],
      "level": 0,
      "title": null
    },
    "Receives": {
      "children": [],
      "level": 0,
      "title": null
    },
    "Returns": {
      "children": [],
      "level": 0,
      "title": null
    },
    "Summary": {
      "children": [
        {
          "data": {
            "children": [
              {
                "data": {
                  "value": "Add a "
                },
                "type": "Words"
              },
              {
                "data": {
                  "value": [
                    "COMMENT"
                  ]
                },
                "type": "Verbatim"
              },
              {
                "data": {
                  "value": " card."
                },
                "type": "Words"
              }
            ]
          },
          "type": "Paragraph"
        }
      ],
      "level": 0,
      "title": null
    },
    "Warnings": {
      "children": [],
      "level": 0,
      "title": null
    },
    "Warns": {
      "children": [],
      "level": 0,
      "title": null
    },
    "Yields": {
      "children": [],
      "level": 0,
      "title": null
    }
  },
  "example_section_data": {
    "children": [],
    "level": 0,
    "title": null
  },
  "item_file": "/astropy/io/fits/header.py",
  "item_line": 1600,
  "item_type": "<class 'function'>",
  "ordered_sections": [
    "Summary",
    "Parameters"
  ],
  "references": null,
  "see_also": [],
  "signature": {
    "value": "add_comment(self, value, before=None, after=None)"
  }
}