{
  "aliases": [
    "astropy.config.configuration.configobj.get_extra_values"
  ],
  "arbitrary": [],
  "content": {
    "Attributes": {
      "children": [],
      "title": null
    },
    "Extended Summary": {
      "children": [
        {
          "data": {
            "children": [
              {
                "data": {
                  "value": [
                    "get_extra_values"
                  ]
                },
                "type": "Verbatim"
              },
              {
                "data": {
                  "value": " returns a list of tuples where each tuple represents either an extra section, or an extra value."
                },
                "type": "Words"
              }
            ]
          },
          "type": "Paragraph"
        },
        {
          "data": {
            "children": [
              {
                "data": {
                  "value": "The tuples contain two values, a tuple representing the section the value is in and the name of the extra values. For extra values in the top level section the first member will be an empty tuple. For values in the 'foo' section the first member will be "
                },
                "type": "Words"
              },
              {
                "data": {
                  "value": [
                    "('foo',)"
                  ]
                },
                "type": "Verbatim"
              },
              {
                "data": {
                  "value": ". For members in the 'bar' subsection of the 'foo' section the first member will be "
                },
                "type": "Words"
              },
              {
                "data": {
                  "value": [
                    "('foo', 'bar')"
                  ]
                },
                "type": "Verbatim"
              },
              {
                "data": {
                  "value": "."
                },
                "type": "Words"
              }
            ]
          },
          "type": "Paragraph"
        },
        {
          "data": {
            "children": [
              {
                "data": {
                  "value": "NOTE: If you call "
                },
                "type": "Words"
              },
              {
                "data": {
                  "value": [
                    "get_extra_values"
                  ]
                },
                "type": "Verbatim"
              },
              {
                "data": {
                  "value": " on a ConfigObj instance that hasn't been validated it will return an empty list."
                },
                "type": "Words"
              }
            ]
          },
          "type": "Paragraph"
        }
      ],
      "title": null
    },
    "Methods": {
      "children": [],
      "title": null
    },
    "Notes": {
      "children": [],
      "title": null
    },
    "Other Parameters": {
      "children": [],
      "title": null
    },
    "Parameters": {
      "children": [],
      "title": null
    },
    "Raises": {
      "children": [],
      "title": null
    },
    "Receives": {
      "children": [],
      "title": null
    },
    "Returns": {
      "children": [],
      "title": null
    },
    "Summary": {
      "children": [
        {
          "data": {
            "children": [
              {
                "data": {
                  "value": "Find all the values and sections not in the configspec from a validated ConfigObj."
                },
                "type": "Words"
              }
            ]
          },
          "type": "Paragraph"
        }
      ],
      "title": null
    },
    "Warnings": {
      "children": [],
      "title": null
    },
    "Warns": {
      "children": [],
      "title": null
    },
    "Yields": {
      "children": [],
      "title": null
    }
  },
  "example_section_data": {
    "children": [],
    "title": null
  },
  "item_file": "/astropy/extern/configobj/configobj.py",
  "item_line": 2450,
  "item_type": "<class 'function'>",
  "ordered_sections": [
    "Summary",
    "Extended Summary"
  ],
  "references": null,
  "see_also": [],
  "signature": {
    "value": "get_extra_values(conf, _prepend=())"
  }
}