{
  "_content": {
    "Attributes": {
      "children": [],
      "title": null
    },
    "Extended Summary": {
      "children": [
        {
          "data": {
            "inline": [
              {
                "data": {
                  "value": "This includes:"
                },
                "type": "Words"
              }
            ],
            "inner": []
          },
          "type": "Paragraph"
        },
        {
          "data": {
            "value": [
              "* Numpy array or number",
              "* Complex number",
              "* Set",
              "* Bytes",
              "* astropy.UnitBase",
              "* astropy.Quantity"
            ]
          },
          "type": "BlockQuote"
        }
      ],
      "title": null
    },
    "Methods": {
      "children": [],
      "title": null
    },
    "Notes": {
      "children": [],
      "title": null
    },
    "Other Parameters": {
      "children": [],
      "title": null
    },
    "Parameters": {
      "children": [],
      "title": null
    },
    "Raises": {
      "children": [],
      "title": null
    },
    "Receives": {
      "children": [],
      "title": null
    },
    "Returns": {
      "children": [],
      "title": null
    },
    "Summary": {
      "children": [
        {
          "data": {
            "inline": [
              {
                "data": {
                  "value": "Support for data types that JSON default encoder does not do."
                },
                "type": "Words"
              }
            ],
            "inner": []
          },
          "type": "Paragraph"
        }
      ],
      "title": null
    },
    "Warnings": {
      "children": [],
      "title": null
    },
    "Warns": {
      "children": [],
      "title": null
    },
    "Yields": {
      "children": [],
      "title": null
    }
  },
  "aliases": [
    "astropy.utils.JsonCustomEncoder"
  ],
  "arbitrary": [],
  "example_section_data": {
    "children": [
      {
        "data": {
          "ce_status": "compiled",
          "entries": [
            [
              "import",
              null,
              "kn"
            ],
            [
              " ",
              "",
              ""
            ],
            [
              "json",
              "json",
              "nn"
            ],
            [
              "\n",
              "",
              ""
            ],
            [
              "import",
              null,
              "kn"
            ],
            [
              " ",
              "",
              ""
            ],
            [
              "numpy",
              "numpy",
              "nn"
            ],
            [
              " ",
              "",
              ""
            ],
            [
              "as",
              null,
              "k"
            ],
            [
              " ",
              "",
              ""
            ],
            [
              "np",
              "numpy",
              "nn"
            ],
            [
              "\n",
              "",
              ""
            ],
            [
              "from",
              null,
              "kn"
            ],
            [
              " ",
              "",
              ""
            ],
            [
              "astropy",
              "astropy",
              "nn"
            ],
            [
              ".",
              "",
              "nn"
            ],
            [
              "utils",
              "astropy.utils",
              "nn"
            ],
            [
              ".",
              "",
              "nn"
            ],
            [
              "misc",
              "astropy.utils.misc",
              "nn"
            ],
            [
              " ",
              "",
              ""
            ],
            [
              "import",
              null,
              "kn"
            ],
            [
              " ",
              "",
              ""
            ],
            [
              "JsonCustomEncoder",
              "astropy.utils.misc.JsonCustomEncoder",
              ""
            ],
            [
              "\n",
              "",
              ""
            ],
            [
              "json",
              "json",
              ""
            ],
            [
              ".",
              "",
              "o"
            ],
            [
              "dumps",
              "json.dumps",
              ""
            ],
            [
              "(",
              "",
              ""
            ],
            [
              "np",
              "numpy",
              ""
            ],
            [
              ".",
              "",
              "o"
            ],
            [
              "arange",
              "numpy.arange",
              ""
            ],
            [
              "(",
              "",
              ""
            ],
            [
              "3",
              "",
              "mi"
            ],
            [
              ")",
              "",
              ""
            ],
            [
              ",",
              "",
              ""
            ],
            [
              " ",
              "",
              ""
            ],
            [
              "cls",
              null,
              "bp"
            ],
            [
              "=",
              "",
              "o"
            ],
            [
              "JsonCustomEncoder",
              "astropy.utils.misc.JsonCustomEncoder",
              ""
            ],
            [
              ")",
              "",
              ""
            ]
          ],
          "out": "'[0, 1, 2]'"
        },
        "type": "Code"
      }
    ],
    "title": null
  },
  "item_file": "/astropy/utils/misc.py",
  "item_line": 368,
  "item_type": "<class 'type'>",
  "ordered_sections": [
    "Summary",
    "Extended Summary",
    "Examples"
  ],
  "references": null,
  "refs": [
    "astropy",
    "astropy.utils",
    "astropy.utils.misc",
    "astropy.utils.misc.JsonCustomEncoder",
    "json",
    "json.dumps",
    "numpy",
    "numpy.arange"
  ],
  "see_also": [],
  "signature": "JsonCustomEncoder(*, skipkeys=False, ensure_ascii=True, check_circular=True, allow_nan=True, sort_keys=False, indent=None, separators=None, default=None)"
}