{
  "aliases": [
    "astropy.io.fits.Header.totextfile"
  ],
  "arbitrary": [],
  "content": {
    "Attributes": {
      "children": [],
      "title": null
    },
    "Extended Summary": {
      "children": [
        {
          "data": {
            "children": [
              {
                "data": {
                  "value": "Equivalent to::      "
                },
                "type": "Words"
              }
            ]
          },
          "type": "Paragraph"
        },
        {
          "data": {
            "value": ">>> Header.tofile(fileobj, sep='\\n', endcard=False,\n...               padding=False, overwrite=overwrite)"
          },
          "type": "BlockVerbatim"
        },
        {
          "data": {
            "children": [
              {
                "data": {
                  "children": [
                    {
                      "data": {
                        "value": [
                          "overwrite"
                        ]
                      },
                      "type": "Verbatim"
                    },
                    {
                      "data": {
                        "value": " replaces the deprecated "
                      },
                      "type": "Words"
                    },
                    {
                      "data": {
                        "value": [
                          "clobber"
                        ]
                      },
                      "type": "Verbatim"
                    },
                    {
                      "data": {
                        "value": " argument."
                      },
                      "type": "Words"
                    }
                  ]
                },
                "type": "Paragraph"
              }
            ],
            "kind": "versionchanged",
            "title": "1.3"
          },
          "type": "Admonition"
        }
      ],
      "title": null
    },
    "Methods": {
      "children": [],
      "title": null
    },
    "Notes": {
      "children": [],
      "title": null
    },
    "Other Parameters": {
      "children": [],
      "title": null
    },
    "Parameters": {
      "children": [],
      "title": null
    },
    "Raises": {
      "children": [],
      "title": null
    },
    "Receives": {
      "children": [],
      "title": null
    },
    "Returns": {
      "children": [],
      "title": null
    },
    "Summary": {
      "children": [
        {
          "data": {
            "children": [
              {
                "data": {
                  "value": "Write the header as text to a file or a file-like object."
                },
                "type": "Words"
              }
            ]
          },
          "type": "Paragraph"
        }
      ],
      "title": null
    },
    "Warnings": {
      "children": [],
      "title": null
    },
    "Warns": {
      "children": [],
      "title": null
    },
    "Yields": {
      "children": [],
      "title": null
    }
  },
  "example_section_data": {
    "children": [],
    "title": null
  },
  "item_file": "/astropy/io/fits/header.py",
  "item_line": 785,
  "item_type": "<class 'function'>",
  "ordered_sections": [
    "Summary",
    "Extended Summary",
    "See Also"
  ],
  "references": null,
  "see_also": [
    {
      "descriptions": [],
      "name": {
        "exists": true,
        "kind": "module",
        "reference": {
          "kind": "module",
          "module": "astropy",
          "path": "astropy.io.fits.header.Header.tofile",
          "version": "5.0"
        },
        "value": "tofile"
      },
      "type": null
    }
  ],
  "signature": {
    "value": "totextfile(self, fileobj, endcard=False, overwrite=False)"
  }
}