{
  "_content": {
    "Attributes": {
      "children": [],
      "title": null
    },
    "Extended Summary": {
      "children": [
        {
          "data": {
            "children": [
              {
                "data": {
                  "value": "This includes the name, type, length of header, data shape and type for each extension."
                },
                "type": "Words"
              }
            ]
          },
          "type": "Paragraph"
        }
      ],
      "title": null
    },
    "Methods": {
      "children": [],
      "title": null
    },
    "Notes": {
      "children": [],
      "title": null
    },
    "Other Parameters": {
      "children": [],
      "title": null
    },
    "Parameters": {
      "children": [
        {
          "data": {
            "children": [
              {
                "desc": [
                  {
                    "data": {
                      "children": [
                        {
                          "data": {
                            "value": "FITS file to obtain info from.  If opened, mode must be one of the following: rb, rb+, or ab+ (i.e. the file must be readable)."
                          },
                          "type": "Words"
                        }
                      ]
                    },
                    "type": "Paragraph"
                  }
                ],
                "param": "filename",
                "type_": "path-like or file-like"
              },
              {
                "desc": [
                  {
                    "data": {
                      "children": [
                        {
                          "data": {
                            "value": "A file-like object to write the output to.  If "
                          },
                          "type": "Words"
                        },
                        {
                          "data": {
                            "value": [
                              "False"
                            ]
                          },
                          "type": "Verbatim"
                        },
                        {
                          "data": {
                            "value": ", does not output to a file and instead returns a list of tuples representing the HDU info.  Writes to "
                          },
                          "type": "Words"
                        },
                        {
                          "data": {
                            "value": [
                              "sys.stdout"
                            ]
                          },
                          "type": "Verbatim"
                        },
                        {
                          "data": {
                            "value": " by default."
                          },
                          "type": "Words"
                        }
                      ]
                    },
                    "type": "Paragraph"
                  }
                ],
                "param": "output",
                "type_": "file, bool, optional"
              },
              {
                "desc": [
                  {
                    "data": {
                      "children": [
                        {
                          "data": {
                            "value": "Any additional keyword arguments to be passed to "
                          },
                          "type": "Words"
                        },
                        {
                          "data": {
                            "exists": true,
                            "kind": "module",
                            "reference": {
                              "kind": "api",
                              "module": "astropy",
                              "path": "astropy.io.fits.hdu.hdulist.fitsopen",
                              "version": "*"
                            },
                            "value": "astropy.io.fits.open"
                          },
                          "type": "Link"
                        },
                        {
                          "data": {
                            "value": ". "
                          },
                          "type": "Words"
                        },
                        {
                          "data": {
                            "value": {
                              "value": "Note:"
                            }
                          },
                          "type": "Emph"
                        },
                        {
                          "data": {
                            "value": " This function sets "
                          },
                          "type": "Words"
                        },
                        {
                          "data": {
                            "value": [
                              "ignore_missing_end=True"
                            ]
                          },
                          "type": "Verbatim"
                        },
                        {
                          "data": {
                            "value": " by default."
                          },
                          "type": "Words"
                        }
                      ]
                    },
                    "type": "Paragraph"
                  }
                ],
                "param": "kwargs",
                "type_": ""
              }
            ]
          },
          "type": "Parameters"
        }
      ],
      "title": null
    },
    "Raises": {
      "children": [],
      "title": null
    },
    "Receives": {
      "children": [],
      "title": null
    },
    "Returns": {
      "children": [],
      "title": null
    },
    "Summary": {
      "children": [
        {
          "data": {
            "children": [
              {
                "data": {
                  "value": "Print the summary information on a FITS file."
                },
                "type": "Words"
              }
            ]
          },
          "type": "Paragraph"
        }
      ],
      "title": null
    },
    "Warnings": {
      "children": [],
      "title": null
    },
    "Warns": {
      "children": [],
      "title": null
    },
    "Yields": {
      "children": [],
      "title": null
    }
  },
  "aliases": [
    "astropy.io.fits.info"
  ],
  "arbitrary": [],
  "example_section_data": {
    "children": [],
    "title": null
  },
  "item_file": "/astropy/io/fits/convenience.py",
  "item_line": 769,
  "item_type": "<class 'function'>",
  "ordered_sections": [
    "Summary",
    "Extended Summary",
    "Parameters"
  ],
  "references": null,
  "see_also": [],
  "signature": {
    "value": "info(filename, output=None, **kwargs)"
  }
}