{
  "aliases": [
    "astropy.io.fits.convenience._ValidHDU._compute_hdu_checksum"
  ],
  "arbitrary": [],
  "content": {
    "Attributes": {
      "children": [],
      "title": null
    },
    "Extended Summary": {
      "children": [
        {
          "data": {
            "children": [
              {
                "data": {
                  "value": "This code should only be called with blocks of 2880 bytes Longer blocks result in non-standard checksums with carry overflow Historically,  this code "
                },
                "type": "Words"
              },
              {
                "data": {
                  "value": {
                    "value": "was"
                  }
                },
                "type": "Emph"
              },
              {
                "data": {
                  "value": " called with larger blocks and for that reason still needs to be for backward compatibility."
                },
                "type": "Words"
              }
            ]
          },
          "type": "Paragraph"
        }
      ],
      "title": null
    },
    "Methods": {
      "children": [],
      "title": null
    },
    "Notes": {
      "children": [],
      "title": null
    },
    "Other Parameters": {
      "children": [],
      "title": null
    },
    "Parameters": {
      "children": [],
      "title": null
    },
    "Raises": {
      "children": [],
      "title": null
    },
    "Receives": {
      "children": [],
      "title": null
    },
    "Returns": {
      "children": [],
      "title": null
    },
    "Summary": {
      "children": [
        {
          "data": {
            "children": [
              {
                "data": {
                  "value": "Translated from FITS Checksum Proposal by Seaman, Pence, and Rots. Use uint32 literals as a hedge against type promotion to int64."
                },
                "type": "Words"
              }
            ]
          },
          "type": "Paragraph"
        }
      ],
      "title": null
    },
    "Warnings": {
      "children": [],
      "title": null
    },
    "Warns": {
      "children": [],
      "title": null
    },
    "Yields": {
      "children": [],
      "title": null
    }
  },
  "example_section_data": {
    "children": [],
    "title": null
  },
  "item_file": "/astropy/io/fits/hdu/base.py",
  "item_line": 1446,
  "item_type": "<class 'function'>",
  "ordered_sections": [
    "Summary",
    "Extended Summary"
  ],
  "references": null,
  "see_also": [],
  "signature": {
    "value": "_compute_hdu_checksum(self, data, sum32=0)"
  }
}