{
  "_content": {
    "Attributes": {
      "children": [],
      "title": null
    },
    "Extended Summary": {
      "children": [],
      "title": null
    },
    "Methods": {
      "children": [],
      "title": null
    },
    "Notes": {
      "children": [],
      "title": null
    },
    "Other Parameters": {
      "children": [],
      "title": null
    },
    "Parameters": {
      "children": [
        {
          "data": {
            "children": [
              {
                "desc": [
                  {
                    "data": {
                      "children": [
                        {
                          "data": {
                            "value": "A header."
                          },
                          "type": "Words"
                        }
                      ]
                    },
                    "type": "Paragraph"
                  }
                ],
                "param": "a",
                "type_": "`~astropy.io.fits.Header` or string or bytes"
              },
              {
                "desc": [
                  {
                    "data": {
                      "children": [
                        {
                          "data": {
                            "value": "A header to compare to the first header."
                          },
                          "type": "Words"
                        }
                      ]
                    },
                    "type": "Paragraph"
                  }
                ],
                "param": "b",
                "type_": "`~astropy.io.fits.Header` or string or bytes"
              },
              {
                "desc": [
                  {
                    "data": {
                      "children": [
                        {
                          "data": {
                            "value": "Header keywords to ignore when comparing two headers; the presence of these keywords and their values are ignored.  Wildcard strings may also be included in the list."
                          },
                          "type": "Words"
                        }
                      ]
                    },
                    "type": "Paragraph"
                  }
                ],
                "param": "ignore_keywords",
                "type_": "sequence, optional"
              },
              {
                "desc": [
                  {
                    "data": {
                      "children": [
                        {
                          "data": {
                            "value": "A list of header keywords whose comments should be ignored in the comparison.  May contain wildcard strings as with ignore_keywords."
                          },
                          "type": "Words"
                        }
                      ]
                    },
                    "type": "Paragraph"
                  }
                ],
                "param": "ignore_comments",
                "type_": "sequence, optional"
              },
              {
                "desc": [
                  {
                    "data": {
                      "children": [
                        {
                          "data": {
                            "value": "The number of pixel/table values to output when reporting HDU data differences.  Though the count of differences is the same either way, this allows controlling the number of different values that are kept in memory or output.  If a negative value is given, then numdiffs is treated as unlimited (default: 10)."
                          },
                          "type": "Words"
                        }
                      ]
                    },
                    "type": "Paragraph"
                  }
                ],
                "param": "numdiffs",
                "type_": "int, optional"
              },
              {
                "desc": [
                  {
                    "data": {
                      "children": [
                        {
                          "data": {
                            "value": "The relative difference to allow when comparing two float values either in header values, image arrays, or table columns (default: 0.0). Values which satisfy the expression"
                          },
                          "type": "Words"
                        }
                      ]
                    },
                    "type": "Paragraph"
                  },
                  {
                    "data": {
                      "value": "\\left| a - b \\right| > \\text{atol} + \\text{rtol} \\cdot \\left| b \\right|"
                    },
                    "type": "BlockMath"
                  },
                  {
                    "data": {
                      "children": [
                        {
                          "data": {
                            "value": "are considered to be different. The underlying function used for comparison is "
                          },
                          "type": "Words"
                        },
                        {
                          "data": {
                            "exists": true,
                            "kind": "module",
                            "reference": {
                              "kind": "api",
                              "module": "numpy",
                              "path": "numpy.allclose",
                              "version": "*"
                            },
                            "value": "numpy.allclose"
                          },
                          "type": "Link"
                        },
                        {
                          "data": {
                            "value": "."
                          },
                          "type": "Words"
                        }
                      ]
                    },
                    "type": "Paragraph"
                  },
                  {
                    "data": {
                      "children": [],
                      "kind": "versionadded",
                      "title": "2.0"
                    },
                    "type": "Admonition"
                  }
                ],
                "param": "rtol",
                "type_": "float, optional"
              },
              {
                "desc": [
                  {
                    "data": {
                      "children": [
                        {
                          "data": {
                            "value": "The allowed absolute difference. See also "
                          },
                          "type": "Words"
                        },
                        {
                          "data": {
                            "value": [
                              "rtol"
                            ]
                          },
                          "type": "Verbatim"
                        },
                        {
                          "data": {
                            "value": " parameter."
                          },
                          "type": "Words"
                        }
                      ]
                    },
                    "type": "Paragraph"
                  },
                  {
                    "data": {
                      "children": [],
                      "kind": "versionadded",
                      "title": "2.0"
                    },
                    "type": "Admonition"
                  }
                ],
                "param": "atol",
                "type_": "float, optional"
              },
              {
                "desc": [
                  {
                    "data": {
                      "children": [
                        {
                          "data": {
                            "value": "Ignore extra whitespace at the end of string values either in headers or data. Extra leading whitespace is not ignored (default: True)."
                          },
                          "type": "Words"
                        }
                      ]
                    },
                    "type": "Paragraph"
                  }
                ],
                "param": "ignore_blanks",
                "type_": "bool, optional"
              },
              {
                "desc": [
                  {
                    "data": {
                      "children": [
                        {
                          "data": {
                            "value": "Ignore all cards that are blank, i.e. they only contain whitespace (default: True)."
                          },
                          "type": "Words"
                        }
                      ]
                    },
                    "type": "Paragraph"
                  }
                ],
                "param": "ignore_blank_cards",
                "type_": "bool, optional"
              }
            ]
          },
          "type": "Parameters"
        }
      ],
      "title": null
    },
    "Raises": {
      "children": [],
      "title": null
    },
    "Receives": {
      "children": [],
      "title": null
    },
    "Returns": {
      "children": [],
      "title": null
    },
    "Summary": {
      "children": [],
      "title": null
    },
    "Warnings": {
      "children": [],
      "title": null
    },
    "Warns": {
      "children": [],
      "title": null
    },
    "Yields": {
      "children": [],
      "title": null
    }
  },
  "aliases": [
    "astropy.io.fits.HeaderDiff.__init__"
  ],
  "arbitrary": [],
  "example_section_data": {
    "children": [],
    "title": null
  },
  "item_file": "/astropy/io/fits/diff.py",
  "item_line": 658,
  "item_type": "<class 'function'>",
  "ordered_sections": [
    "Parameters"
  ],
  "references": null,
  "see_also": [],
  "signature": {
    "value": "__init__(self, a, b, ignore_keywords=[], ignore_comments=[], rtol=0.0, atol=0.0, ignore_blanks=True, ignore_blank_cards=True)"
  }
}