{
  "_content": {
    "Attributes": {
      "children": [],
      "title": null
    },
    "Extended Summary": {
      "children": [
        {
          "data": {
            "children": [
              {
                "data": {
                  "exists": true,
                  "kind": "module",
                  "reference": {
                    "kind": "module",
                    "module": "astropy",
                    "path": "astropy.io.fits.diff.HeaderDiff",
                    "version": "5.0"
                  },
                  "value": "HeaderDiff"
                },
                "type": "Link"
              },
              {
                "data": {
                  "value": " objects have the following diff attributes:"
                },
                "type": "Words"
              }
            ]
          },
          "type": "Paragraph"
        },
        {
          "data": {
            "children": [
              {
                "children": [
                  {
                    "data": {
                      "children": [
                        {
                          "data": {
                            "value": [
                              "diff_keyword_count"
                            ]
                          },
                          "type": "Verbatim"
                        },
                        {
                          "data": {
                            "value": ": If the two headers contain a different number of   keywords, this contains a 2-tuple of the keyword count for each header."
                          },
                          "type": "Words"
                        }
                      ]
                    },
                    "type": "Paragraph"
                  }
                ]
              },
              {
                "children": [
                  {
                    "data": {
                      "children": [
                        {
                          "data": {
                            "value": [
                              "diff_keywords"
                            ]
                          },
                          "type": "Verbatim"
                        },
                        {
                          "data": {
                            "value": ": If either header contains one or more keywords that   don't appear at all in the other header, this contains a 2-tuple   consisting of a list of the keywords only appearing in header a, and a   list of the keywords only appearing in header b."
                          },
                          "type": "Words"
                        }
                      ]
                    },
                    "type": "Paragraph"
                  }
                ]
              },
              {
                "children": [
                  {
                    "data": {
                      "children": [
                        {
                          "data": {
                            "value": [
                              "diff_duplicate_keywords"
                            ]
                          },
                          "type": "Verbatim"
                        },
                        {
                          "data": {
                            "value": ": If a keyword appears in both headers at   least once, but contains a different number of duplicates (for example, a   different number of HISTORY cards in each header), an item is added to   this dict with the keyword as the key, and a 2-tuple of the different   counts of that keyword as the value.  For example::        "
                          },
                          "type": "Words"
                        }
                      ]
                    },
                    "type": "Paragraph"
                  },
                  {
                    "data": {
                      "value": "{'HISTORY': (20, 19)}"
                    },
                    "type": "BlockVerbatim"
                  },
                  {
                    "data": {
                      "children": [
                        {
                          "data": {
                            "value": "means that header a contains 20 HISTORY cards, while header b contains   only 19 HISTORY cards."
                          },
                          "type": "Words"
                        }
                      ]
                    },
                    "type": "Paragraph"
                  }
                ]
              },
              {
                "children": [
                  {
                    "data": {
                      "children": [
                        {
                          "data": {
                            "value": [
                              "diff_keyword_values"
                            ]
                          },
                          "type": "Verbatim"
                        },
                        {
                          "data": {
                            "value": ": If any of the common keyword between the two   headers have different values, they appear in this dict.  It has a   structure similar to "
                          },
                          "type": "Words"
                        },
                        {
                          "data": {
                            "value": [
                              "diff_duplicate_keywords"
                            ]
                          },
                          "type": "Verbatim"
                        },
                        {
                          "data": {
                            "value": ", with the keyword as the   key, and a 2-tuple of the different values as the value.  For example::        "
                          },
                          "type": "Words"
                        }
                      ]
                    },
                    "type": "Paragraph"
                  },
                  {
                    "data": {
                      "value": "{'NAXIS': (2, 3)}"
                    },
                    "type": "BlockVerbatim"
                  },
                  {
                    "data": {
                      "children": [
                        {
                          "data": {
                            "value": "means that the NAXIS keyword has a value of 2 in header a, and a value of   3 in header b.  This excludes any keywords matched by the   "
                          },
                          "type": "Words"
                        },
                        {
                          "data": {
                            "value": [
                              "ignore_keywords"
                            ]
                          },
                          "type": "Verbatim"
                        },
                        {
                          "data": {
                            "value": " list."
                          },
                          "type": "Words"
                        }
                      ]
                    },
                    "type": "Paragraph"
                  }
                ]
              },
              {
                "children": [
                  {
                    "data": {
                      "children": [
                        {
                          "data": {
                            "value": [
                              "diff_keyword_comments"
                            ]
                          },
                          "type": "Verbatim"
                        },
                        {
                          "data": {
                            "value": ": Like "
                          },
                          "type": "Words"
                        },
                        {
                          "data": {
                            "value": [
                              "diff_keyword_values"
                            ]
                          },
                          "type": "Verbatim"
                        },
                        {
                          "data": {
                            "value": ", but contains   differences between keyword comments."
                          },
                          "type": "Words"
                        }
                      ]
                    },
                    "type": "Paragraph"
                  }
                ]
              }
            ]
          },
          "type": "BulletList"
        },
        {
          "data": {
            "children": [
              {
                "data": {
                  "exists": true,
                  "kind": "module",
                  "reference": {
                    "kind": "module",
                    "module": "astropy",
                    "path": "astropy.io.fits.diff.HeaderDiff",
                    "version": "5.0"
                  },
                  "value": "HeaderDiff"
                },
                "type": "Link"
              },
              {
                "data": {
                  "value": " objects also have a "
                },
                "type": "Words"
              },
              {
                "data": {
                  "value": [
                    "common_keywords"
                  ]
                },
                "type": "Verbatim"
              },
              {
                "data": {
                  "value": " attribute that lists all keywords that appear in both headers."
                },
                "type": "Words"
              }
            ]
          },
          "type": "Paragraph"
        }
      ],
      "title": null
    },
    "Methods": {
      "children": [],
      "title": null
    },
    "Notes": {
      "children": [],
      "title": null
    },
    "Other Parameters": {
      "children": [],
      "title": null
    },
    "Parameters": {
      "children": [],
      "title": null
    },
    "Raises": {
      "children": [],
      "title": null
    },
    "Receives": {
      "children": [],
      "title": null
    },
    "Returns": {
      "children": [],
      "title": null
    },
    "Summary": {
      "children": [
        {
          "data": {
            "children": [
              {
                "data": {
                  "value": "Diff two "
                },
                "type": "Words"
              },
              {
                "data": {
                  "exists": true,
                  "kind": "module",
                  "reference": {
                    "kind": "module",
                    "module": "astropy",
                    "path": "astropy.io.fits.header.Header",
                    "version": "5.0"
                  },
                  "value": "Header"
                },
                "type": "Link"
              },
              {
                "data": {
                  "value": " objects."
                },
                "type": "Words"
              }
            ]
          },
          "type": "Paragraph"
        }
      ],
      "title": null
    },
    "Warnings": {
      "children": [],
      "title": null
    },
    "Warns": {
      "children": [],
      "title": null
    },
    "Yields": {
      "children": [],
      "title": null
    }
  },
  "aliases": [
    "astropy.io.fits.HeaderDiff"
  ],
  "arbitrary": [],
  "example_section_data": {
    "children": [],
    "title": null
  },
  "item_file": "/astropy/io/fits/diff.py",
  "item_line": 615,
  "item_type": "<class 'type'>",
  "ordered_sections": [
    "Summary",
    "Extended Summary"
  ],
  "references": null,
  "see_also": [],
  "signature": {
    "value": null
  }
}