{
  "_content": {
    "Attributes": {
      "children": [],
      "title": null
    },
    "Extended Summary": {
      "children": [
        {
          "data": {
            "children": [
              {
                "data": {
                  "children": [
                    {
                      "data": {
                        "value": "You can replace its functionality with a combination of the     __init_subclass__ and __set_name__ magic methods introduced in Python 3.6.     See https://github.com/astropy/astropy/issues/11094 for recipes on how to     replicate their functionality."
                      },
                      "type": "Words"
                    }
                  ]
                },
                "type": "Paragraph"
              }
            ]
          },
          "type": "BlockQuote"
        },
        {
          "data": {
            "children": [
              {
                "data": {
                  "value": "Base class for descriptors whose order in the class body should be preserved.  Intended for use in concert with the "
                },
                "type": "Words"
              },
              {
                "data": {
                  "exists": true,
                  "kind": "module",
                  "reference": {
                    "kind": "module",
                    "module": "astropy",
                    "path": "astropy.utils.misc.OrderedDescriptorContainer.__init__",
                    "version": "5.0"
                  },
                  "value": "OrderedDescriptorContainer"
                },
                "type": "Link"
              },
              {
                "data": {
                  "value": " metaclass."
                },
                "type": "Words"
              }
            ]
          },
          "type": "Paragraph"
        },
        {
          "data": {
            "children": [
              {
                "data": {
                  "value": "Subclasses of "
                },
                "type": "Words"
              },
              {
                "data": {
                  "exists": true,
                  "kind": "module",
                  "reference": {
                    "kind": "module",
                    "module": "astropy",
                    "path": "astropy.utils.misc.OrderedDescriptor",
                    "version": "5.0"
                  },
                  "value": "OrderedDescriptor"
                },
                "type": "Link"
              },
              {
                "data": {
                  "value": " must define a value for a class attribute called "
                },
                "type": "Words"
              },
              {
                "data": {
                  "value": [
                    "_class_attribute_"
                  ]
                },
                "type": "Verbatim"
              },
              {
                "data": {
                  "value": ".  This is the name of a class attribute on the "
                },
                "type": "Words"
              },
              {
                "data": {
                  "value": {
                    "value": "container"
                  }
                },
                "type": "Emph"
              },
              {
                "data": {
                  "value": " class for these descriptors, which will be set to an "
                },
                "type": "Words"
              },
              {
                "data": {
                  "exists": true,
                  "kind": "module",
                  "reference": {
                    "kind": "api",
                    "module": "collections",
                    "path": "collections.OrderedDict",
                    "version": "*"
                  },
                  "value": "OrderedDict"
                },
                "type": "Link"
              },
              {
                "data": {
                  "value": " at class creation time.  This "
                },
                "type": "Words"
              },
              {
                "data": {
                  "exists": true,
                  "kind": "module",
                  "reference": {
                    "kind": "api",
                    "module": "collections",
                    "path": "collections.OrderedDict",
                    "version": "*"
                  },
                  "value": "OrderedDict"
                },
                "type": "Link"
              },
              {
                "data": {
                  "value": " will contain a mapping of all class attributes that were assigned instances of the "
                },
                "type": "Words"
              },
              {
                "data": {
                  "exists": true,
                  "kind": "module",
                  "reference": {
                    "kind": "module",
                    "module": "astropy",
                    "path": "astropy.utils.misc.OrderedDescriptor",
                    "version": "5.0"
                  },
                  "value": "OrderedDescriptor"
                },
                "type": "Link"
              },
              {
                "data": {
                  "value": " subclass, to the instances themselves.  See the documentation for "
                },
                "type": "Words"
              },
              {
                "data": {
                  "exists": true,
                  "kind": "module",
                  "reference": {
                    "kind": "module",
                    "module": "astropy",
                    "path": "astropy.utils.misc.OrderedDescriptorContainer.__init__",
                    "version": "5.0"
                  },
                  "value": "OrderedDescriptorContainer"
                },
                "type": "Link"
              },
              {
                "data": {
                  "value": " for a concrete example."
                },
                "type": "Words"
              }
            ]
          },
          "type": "Paragraph"
        },
        {
          "data": {
            "children": [
              {
                "data": {
                  "value": "Optionally, subclasses of "
                },
                "type": "Words"
              },
              {
                "data": {
                  "exists": true,
                  "kind": "module",
                  "reference": {
                    "kind": "module",
                    "module": "astropy",
                    "path": "astropy.utils.misc.OrderedDescriptor",
                    "version": "5.0"
                  },
                  "value": "OrderedDescriptor"
                },
                "type": "Link"
              },
              {
                "data": {
                  "value": " may define a value for a class attribute called "
                },
                "type": "Words"
              },
              {
                "data": {
                  "value": [
                    "_name_attribute_"
                  ]
                },
                "type": "Verbatim"
              },
              {
                "data": {
                  "value": ".  This should be the name of an attribute on instances of the subclass.  When specified, during creation of a class containing these descriptors, the name attribute on each instance will be set to the name of the class attribute it was assigned to on the class."
                },
                "type": "Words"
              }
            ]
          },
          "type": "Paragraph"
        },
        {
          "data": {
            "children": [
              {
                "data": {
                  "children": [
                    {
                      "data": {
                        "value": "Although this class is intended for use with "
                      },
                      "type": "Words"
                    },
                    {
                      "data": {
                        "value": {
                          "value": "descriptors"
                        }
                      },
                      "type": "Emph"
                    },
                    {
                      "data": {
                        "value": " (i.e. classes that define any of the "
                      },
                      "type": "Words"
                    },
                    {
                      "data": {
                        "value": [
                          "__get__"
                        ]
                      },
                      "type": "Verbatim"
                    },
                    {
                      "data": {
                        "value": ", "
                      },
                      "type": "Words"
                    },
                    {
                      "data": {
                        "value": [
                          "__set__"
                        ]
                      },
                      "type": "Verbatim"
                    },
                    {
                      "data": {
                        "value": ", or "
                      },
                      "type": "Words"
                    },
                    {
                      "data": {
                        "value": [
                          "__delete__"
                        ]
                      },
                      "type": "Verbatim"
                    },
                    {
                      "data": {
                        "value": " magic methods), this base class is not itself a descriptor, and technically this could be used for classes that are not descriptors too.  However, use with descriptors is the original intended purpose."
                      },
                      "type": "Words"
                    }
                  ]
                },
                "type": "Paragraph"
              }
            ],
            "kind": "note",
            "title": ""
          },
          "type": "Admonition"
        }
      ],
      "title": null
    },
    "Methods": {
      "children": [],
      "title": null
    },
    "Notes": {
      "children": [],
      "title": null
    },
    "Other Parameters": {
      "children": [],
      "title": null
    },
    "Parameters": {
      "children": [],
      "title": null
    },
    "Raises": {
      "children": [],
      "title": null
    },
    "Receives": {
      "children": [],
      "title": null
    },
    "Returns": {
      "children": [],
      "title": null
    },
    "Summary": {
      "children": [
        {
          "data": {
            "children": [
              {
                "data": {
                  "children": [
                    {
                      "data": {
                        "value": "The OrderedDescriptor class is deprecated and may be removed in a future version."
                      },
                      "type": "Words"
                    }
                  ]
                },
                "type": "Paragraph"
              }
            ],
            "kind": "deprecated",
            "title": "4.3"
          },
          "type": "Admonition"
        }
      ],
      "title": null
    },
    "Warnings": {
      "children": [],
      "title": null
    },
    "Warns": {
      "children": [],
      "title": null
    },
    "Yields": {
      "children": [],
      "title": null
    }
  },
  "aliases": [
    "astropy.utils.OrderedDescriptor"
  ],
  "arbitrary": [],
  "example_section_data": {
    "children": [],
    "title": null
  },
  "item_file": "/astropy/utils/misc.py",
  "item_line": 512,
  "item_type": "<class 'abc.ABCMeta'>",
  "ordered_sections": [
    "Summary",
    "Extended Summary"
  ],
  "references": null,
  "see_also": [],
  "signature": {
    "value": null
  }
}