{
  "_content": {
    "Attributes": {
      "children": [],
      "title": null
    },
    "Extended Summary": {
      "children": [],
      "title": null
    },
    "Methods": {
      "children": [],
      "title": null
    },
    "Notes": {
      "children": [],
      "title": null
    },
    "Other Parameters": {
      "children": [],
      "title": null
    },
    "Parameters": {
      "children": [],
      "title": null
    },
    "Raises": {
      "children": [],
      "title": null
    },
    "Receives": {
      "children": [],
      "title": null
    },
    "Returns": {
      "children": [],
      "title": null
    },
    "Summary": {
      "children": [
        {
          "data": {
            "inline": [
              {
                "data": {
                  "value": "An error occured whilst parsing a configspec."
                },
                "type": "Words"
              }
            ],
            "inner": []
          },
          "type": "Paragraph"
        }
      ],
      "title": null
    },
    "Warnings": {
      "children": [],
      "title": null
    },
    "Warns": {
      "children": [],
      "title": null
    },
    "Yields": {
      "children": [],
      "title": null
    }
  },
  "aliases": [
    "astropy.config.configuration.configobj.ConfigspecError"
  ],
  "arbitrary": [],
  "example_section_data": {
    "children": [],
    "title": null
  },
  "item_file": "/astropy/extern/configobj/configobj.py",
  "item_line": 246,
  "item_type": "<class 'type'>",
  "ordered_sections": [
    "Summary",
    "Extended Summary"
  ],
  "references": null,
  "refs": [],
  "see_also": [],
  "signature": "ConfigspecError(message='', line_number=None, line='')"
}