{
  "_content": {
    "Attributes": {
      "children": [],
      "title": null
    },
    "Extended Summary": {
      "children": [
        {
          "data": {
            "children": [
              {
                "data": {
                  "value": "If the value is an invalid literal for "
                },
                "type": "Words"
              },
              {
                "data": {
                  "value": [
                    "float"
                  ]
                },
                "type": "Verbatim"
              },
              {
                "data": {
                  "value": ", a "
                },
                "type": "Words"
              },
              {
                "data": {
                  "value": [
                    "ValueError"
                  ]
                },
                "type": "Verbatim"
              },
              {
                "data": {
                  "value": " will be raised."
                },
                "type": "Words"
              }
            ]
          },
          "type": "Paragraph"
        },
        {
          "data": {
            "value": ">>> a = ConfigObj()\n>>> a['a'] = 'fish'\n>>> a.as_float('a')  #doctest: +IGNORE_EXCEPTION_DETAIL\nTraceback (most recent call last):\nValueError: invalid literal for float(): fish\n>>> a['b'] = '1'\n>>> a.as_float('b')\n1.0\n>>> a['b'] = '3.2'\n>>> a.as_float('b')  #doctest: +ELLIPSIS\n3.2..."
          },
          "type": "BlockVerbatim"
        }
      ],
      "title": null
    },
    "Methods": {
      "children": [],
      "title": null
    },
    "Notes": {
      "children": [],
      "title": null
    },
    "Other Parameters": {
      "children": [],
      "title": null
    },
    "Parameters": {
      "children": [],
      "title": null
    },
    "Raises": {
      "children": [],
      "title": null
    },
    "Receives": {
      "children": [],
      "title": null
    },
    "Returns": {
      "children": [],
      "title": null
    },
    "Summary": {
      "children": [
        {
          "data": {
            "children": [
              {
                "data": {
                  "value": "A convenience method which coerces the specified value to a float."
                },
                "type": "Words"
              }
            ]
          },
          "type": "Paragraph"
        }
      ],
      "title": null
    },
    "Warnings": {
      "children": [],
      "title": null
    },
    "Warns": {
      "children": [],
      "title": null
    },
    "Yields": {
      "children": [],
      "title": null
    }
  },
  "aliases": [
    "astropy.config.configuration.configobj.Section.as_float"
  ],
  "arbitrary": [],
  "example_section_data": {
    "children": [],
    "title": null
  },
  "item_file": "/astropy/extern/configobj/configobj.py",
  "item_line": 992,
  "item_type": "<class 'function'>",
  "ordered_sections": [
    "Summary",
    "Extended Summary"
  ],
  "references": null,
  "see_also": [],
  "signature": {
    "value": "as_float(self, key)"
  }
}