{
  "aliases": [
    "astropy.utils.deprecated"
  ],
  "arbitrary": [],
  "content": {
    "Attributes": {
      "children": [],
      "title": null
    },
    "Extended Summary": {
      "children": [
        {
          "data": {
            "children": [
              {
                "data": {
                  "value": "To mark an attribute as deprecated, use "
                },
                "type": "Words"
              },
              {
                "data": {
                  "exists": true,
                  "kind": "module",
                  "reference": {
                    "kind": "module",
                    "module": "astropy",
                    "path": "astropy.utils.decorators.deprecated_attribute",
                    "version": "5.0"
                  },
                  "value": "deprecated_attribute"
                },
                "type": "Link"
              },
              {
                "data": {
                  "value": "."
                },
                "type": "Words"
              }
            ]
          },
          "type": "Paragraph"
        }
      ],
      "title": null
    },
    "Methods": {
      "children": [],
      "title": null
    },
    "Notes": {
      "children": [],
      "title": null
    },
    "Other Parameters": {
      "children": [],
      "title": null
    },
    "Parameters": {
      "children": [
        {
          "data": {
            "children": [
              {
                "desc": [
                  {
                    "data": {
                      "children": [
                        {
                          "data": {
                            "value": "The release at which this API became deprecated.  This is required."
                          },
                          "type": "Words"
                        }
                      ]
                    },
                    "type": "Paragraph"
                  }
                ],
                "param": "since",
                "type_": "str"
              },
              {
                "desc": [
                  {
                    "data": {
                      "children": [
                        {
                          "data": {
                            "value": "Override the default deprecation message.  The format specifier "
                          },
                          "type": "Words"
                        },
                        {
                          "data": {
                            "value": [
                              "func"
                            ]
                          },
                          "type": "Verbatim"
                        },
                        {
                          "data": {
                            "value": " may be used for the name of the function, and "
                          },
                          "type": "Words"
                        },
                        {
                          "data": {
                            "value": [
                              "alternative"
                            ]
                          },
                          "type": "Verbatim"
                        },
                        {
                          "data": {
                            "value": " may be used in the deprecation message to insert the name of an alternative to the deprecated function. "
                          },
                          "type": "Words"
                        },
                        {
                          "data": {
                            "value": [
                              "obj_type"
                            ]
                          },
                          "type": "Verbatim"
                        },
                        {
                          "data": {
                            "value": " may be used to insert a friendly name for the type of object being deprecated."
                          },
                          "type": "Words"
                        }
                      ]
                    },
                    "type": "Paragraph"
                  }
                ],
                "param": "message",
                "type_": "str, optional"
              },
              {
                "desc": [
                  {
                    "data": {
                      "children": [
                        {
                          "data": {
                            "value": "The name of the deprecated function or class; if not provided the name is automatically determined from the passed in function or class, though this is useful in the case of renamed functions, where the new function is just assigned to the name of the deprecated function.  For example::      "
                          },
                          "type": "Words"
                        }
                      ]
                    },
                    "type": "Paragraph"
                  },
                  {
                    "data": {
                      "value": "def new_function():\n    ...\noldFunction = new_function"
                    },
                    "type": "BlockVerbatim"
                  }
                ],
                "param": "name",
                "type_": "str, optional"
              },
              {
                "desc": [
                  {
                    "data": {
                      "children": [
                        {
                          "data": {
                            "value": "An alternative function or class name that the user may use in place of the deprecated object.  The deprecation warning will tell the user about this alternative if provided."
                          },
                          "type": "Words"
                        }
                      ]
                    },
                    "type": "Paragraph"
                  }
                ],
                "param": "alternative",
                "type_": "str, optional"
              },
              {
                "desc": [
                  {
                    "data": {
                      "children": [
                        {
                          "data": {
                            "value": "If True, uses a AstropyPendingDeprecationWarning instead of a "
                          },
                          "type": "Words"
                        },
                        {
                          "data": {
                            "value": [
                              "warning_type"
                            ]
                          },
                          "type": "Verbatim"
                        },
                        {
                          "data": {
                            "value": "."
                          },
                          "type": "Words"
                        }
                      ]
                    },
                    "type": "Paragraph"
                  }
                ],
                "param": "pending",
                "type_": "bool, optional"
              },
              {
                "desc": [
                  {
                    "data": {
                      "children": [
                        {
                          "data": {
                            "value": "The type of this object, if the automatically determined one needs to be overridden."
                          },
                          "type": "Words"
                        }
                      ]
                    },
                    "type": "Paragraph"
                  }
                ],
                "param": "obj_type",
                "type_": "str, optional"
              },
              {
                "desc": [
                  {
                    "data": {
                      "children": [
                        {
                          "data": {
                            "value": "Warning to be issued. Default is "
                          },
                          "type": "Words"
                        },
                        {
                          "data": {
                            "exists": true,
                            "kind": "module",
                            "reference": {
                              "kind": "module",
                              "module": "astropy",
                              "path": "astropy.utils.exceptions.AstropyDeprecationWarning",
                              "version": "5.0"
                            },
                            "value": "~astropy.utils.exceptions.AstropyDeprecationWarning"
                          },
                          "type": "Link"
                        },
                        {
                          "data": {
                            "value": "."
                          },
                          "type": "Words"
                        }
                      ]
                    },
                    "type": "Paragraph"
                  }
                ],
                "param": "warning_type",
                "type_": "Warning"
              }
            ]
          },
          "type": "Parameters"
        }
      ],
      "title": null
    },
    "Raises": {
      "children": [],
      "title": null
    },
    "Receives": {
      "children": [],
      "title": null
    },
    "Returns": {
      "children": [],
      "title": null
    },
    "Summary": {
      "children": [
        {
          "data": {
            "children": [
              {
                "data": {
                  "value": "Used to mark a function or class as deprecated."
                },
                "type": "Words"
              }
            ]
          },
          "type": "Paragraph"
        }
      ],
      "title": null
    },
    "Warnings": {
      "children": [],
      "title": null
    },
    "Warns": {
      "children": [],
      "title": null
    },
    "Yields": {
      "children": [],
      "title": null
    }
  },
  "example_section_data": {
    "children": [],
    "title": null
  },
  "item_file": "/astropy/utils/decorators.py",
  "item_line": 26,
  "item_type": "<class 'function'>",
  "ordered_sections": [
    "Summary",
    "Extended Summary",
    "Parameters"
  ],
  "references": null,
  "see_also": [],
  "signature": {
    "value": "deprecated(since, message='', name='', alternative='', pending=False, obj_type=None, warning_type=<class 'astropy.utils.exceptions.AstropyDeprecationWarning'>)"
  }
}