{
  "_content": {
    "Attributes": {
      "children": [],
      "title": null
    },
    "Extended Summary": {
      "children": [
        {
          "data": {
            "inline": [
              {
                "data": {
                  "value": "The desired signature must of course be compatible with the arguments actually accepted by the input function."
                },
                "type": "Words"
              }
            ],
            "inner": []
          },
          "type": "Paragraph"
        },
        {
          "data": {
            "inline": [
              {
                "data": {
                  "value": "The "
                },
                "type": "Words"
              },
              {
                "data": {
                  "value": [
                    "args"
                  ]
                },
                "type": "Verbatim"
              },
              {
                "data": {
                  "value": " are strings that should be the names of the positional arguments.  "
                },
                "type": "Words"
              },
              {
                "data": {
                  "value": [
                    "kwargs"
                  ]
                },
                "type": "Verbatim"
              },
              {
                "data": {
                  "value": " can map names of keyword arguments to their default values.  It may be either a "
                },
                "type": "Words"
              },
              {
                "data": {
                  "value": [
                    "dict"
                  ]
                },
                "type": "Verbatim"
              },
              {
                "data": {
                  "value": " or a list of "
                },
                "type": "Words"
              },
              {
                "data": {
                  "value": [
                    "(keyword,\ndefault)"
                  ]
                },
                "type": "Verbatim"
              },
              {
                "data": {
                  "value": " tuples."
                },
                "type": "Words"
              }
            ],
            "inner": []
          },
          "type": "Paragraph"
        },
        {
          "data": {
            "inline": [
              {
                "data": {
                  "value": "If "
                },
                "type": "Words"
              },
              {
                "data": {
                  "value": [
                    "varargs"
                  ]
                },
                "type": "Verbatim"
              },
              {
                "data": {
                  "value": " is a string it is added to the positional arguments as "
                },
                "type": "Words"
              },
              {
                "data": {
                  "value": [
                    "*<varargs>"
                  ]
                },
                "type": "Verbatim"
              },
              {
                "data": {
                  "value": ".  Likewise "
                },
                "type": "Words"
              },
              {
                "data": {
                  "value": [
                    "varkwargs"
                  ]
                },
                "type": "Verbatim"
              },
              {
                "data": {
                  "value": " can be the name for a variable keyword argument placeholder like "
                },
                "type": "Words"
              },
              {
                "data": {
                  "value": [
                    "**<varkwargs>"
                  ]
                },
                "type": "Verbatim"
              },
              {
                "data": {
                  "value": "."
                },
                "type": "Words"
              }
            ],
            "inner": []
          },
          "type": "Paragraph"
        },
        {
          "data": {
            "inline": [
              {
                "data": {
                  "value": "If not specified the name of the new function is taken from the original function.  Otherwise, the "
                },
                "type": "Words"
              },
              {
                "data": {
                  "value": [
                    "name"
                  ]
                },
                "type": "Verbatim"
              },
              {
                "data": {
                  "value": " argument can be used to specify a new name."
                },
                "type": "Words"
              }
            ],
            "inner": []
          },
          "type": "Paragraph"
        },
        {
          "data": {
            "inline": [
              {
                "data": {
                  "value": "Note, the names may only be valid Python variable names."
                },
                "type": "Words"
              }
            ],
            "inner": []
          },
          "type": "Paragraph"
        }
      ],
      "title": null
    },
    "Methods": {
      "children": [],
      "title": null
    },
    "Notes": {
      "children": [],
      "title": null
    },
    "Other Parameters": {
      "children": [],
      "title": null
    },
    "Parameters": {
      "children": [],
      "title": null
    },
    "Raises": {
      "children": [],
      "title": null
    },
    "Receives": {
      "children": [],
      "title": null
    },
    "Returns": {
      "children": [],
      "title": null
    },
    "Summary": {
      "children": [
        {
          "data": {
            "inline": [
              {
                "data": {
                  "value": "Make a new function from an existing function but with the desired signature."
                },
                "type": "Words"
              }
            ],
            "inner": []
          },
          "type": "Paragraph"
        }
      ],
      "title": null
    },
    "Warnings": {
      "children": [],
      "title": null
    },
    "Warns": {
      "children": [],
      "title": null
    },
    "Yields": {
      "children": [],
      "title": null
    }
  },
  "aliases": [
    "astropy.utils.make_function_with_signature"
  ],
  "arbitrary": [],
  "example_section_data": {
    "children": [],
    "title": null
  },
  "item_file": "/astropy/utils/codegen.py",
  "item_line": 27,
  "item_type": "<class 'function'>",
  "ordered_sections": [
    "Summary",
    "Extended Summary"
  ],
  "references": null,
  "refs": [],
  "see_also": [],
  "signature": {
    "value": "make_function_with_signature(func, args=(), kwargs={}, varargs=None, varkwargs=None, name=None)"
  }
}