{
  "aliases": [
    "astropy.io.fits.convenience._BaseHDU._update_checksum"
  ],
  "arbitrary": [],
  "content": {
    "Attributes": {
      "children": [],
      "title": null
    },
    "Extended Summary": {
      "children": [],
      "title": null
    },
    "Methods": {
      "children": [],
      "title": null
    },
    "Notes": {
      "children": [],
      "title": null
    },
    "Other Parameters": {
      "children": [],
      "title": null
    },
    "Parameters": {
      "children": [],
      "title": null
    },
    "Raises": {
      "children": [],
      "title": null
    },
    "Receives": {
      "children": [],
      "title": null
    },
    "Returns": {
      "children": [],
      "title": null
    },
    "Summary": {
      "children": [
        {
          "data": {
            "children": [
              {
                "data": {
                  "value": "Update the 'CHECKSUM' and 'DATASUM' keywords in the header (or keywords with equivalent semantics given by the "
                },
                "type": "Words"
              },
              {
                "data": {
                  "value": [
                    "checksum_keyword"
                  ]
                },
                "type": "Verbatim"
              },
              {
                "data": {
                  "value": " and "
                },
                "type": "Words"
              },
              {
                "data": {
                  "value": [
                    "datasum_keyword"
                  ]
                },
                "type": "Verbatim"
              },
              {
                "data": {
                  "value": " arguments--see for example "
                },
                "type": "Words"
              },
              {
                "data": {
                  "value": [
                    "CompImageHDU"
                  ]
                },
                "type": "Verbatim"
              },
              {
                "data": {
                  "value": " for an example of why this might need to be overridden)."
                },
                "type": "Words"
              }
            ]
          },
          "type": "Paragraph"
        }
      ],
      "title": null
    },
    "Warnings": {
      "children": [],
      "title": null
    },
    "Warns": {
      "children": [],
      "title": null
    },
    "Yields": {
      "children": [],
      "title": null
    }
  },
  "example_section_data": {
    "children": [],
    "title": null
  },
  "item_file": "/astropy/io/fits/hdu/base.py",
  "item_line": 564,
  "item_type": "<class 'function'>",
  "ordered_sections": [
    "Summary",
    "Extended Summary"
  ],
  "references": null,
  "see_also": [],
  "signature": {
    "value": "_update_checksum(self, checksum, checksum_keyword='CHECKSUM', datasum_keyword='DATASUM')"
  }
}