{
  "_content": {
    "Attributes": {
      "children": [],
      "title": null
    },
    "Extended Summary": {
      "children": [],
      "title": null
    },
    "Methods": {
      "children": [],
      "title": null
    },
    "Notes": {
      "children": [],
      "title": null
    },
    "Other Parameters": {
      "children": [],
      "title": null
    },
    "Parameters": {
      "children": [
        {
          "data": {
            "desc": [
              {
                "data": {
                  "inline": [
                    {
                      "data": {
                        "value": "File to get data from.  If opened, mode must be one of the following rb, rb+, or ab+."
                      },
                      "type": "Words"
                    }
                  ],
                  "inner": []
                },
                "type": "Paragraph"
              }
            ],
            "param": "filename",
            "type_": "path-like or file-like"
          },
          "type": "Param"
        },
        {
          "data": {
            "desc": [
              {
                "data": {
                  "inline": [
                    {
                      "data": {
                        "value": "The rest of the arguments are for extension specification. They are flexible and are best illustrated by examples."
                      },
                      "type": "Words"
                    }
                  ],
                  "inner": []
                },
                "type": "Paragraph"
              },
              {
                "data": {
                  "inline": [
                    {
                      "data": {
                        "value": "No extra arguments implies the primary header::      "
                      },
                      "type": "Words"
                    }
                  ],
                  "inner": []
                },
                "type": "Paragraph"
              },
              {
                "data": {
                  "value": "getdata('in.fits')"
                },
                "type": "BlockVerbatim"
              },
              {
                "data": {
                  "children": [
                    {
                      "inline": [
                        {
                          "data": {
                            "value": "Exclusive to ``getdata`` : if extension is not specified and primary header contains no data, ``getdata`` attempts to retrieve data from first extension. "
                          },
                          "type": "Words"
                        }
                      ],
                      "inner": []
                    }
                  ],
                  "kind": "note",
                  "title": ""
                },
                "type": "Admonition"
              },
              {
                "data": {
                  "inline": [
                    {
                      "data": {
                        "value": "By extension number::      "
                      },
                      "type": "Words"
                    }
                  ],
                  "inner": []
                },
                "type": "Paragraph"
              },
              {
                "data": {
                  "value": "getdata('in.fits', 0)      # the primary header\ngetdata('in.fits', 2)      # the second extension\ngetdata('in.fits', ext=2)  # the second extension"
                },
                "type": "BlockVerbatim"
              },
              {
                "data": {
                  "inline": [
                    {
                      "data": {
                        "value": "By name, i.e., "
                      },
                      "type": "Words"
                    },
                    {
                      "data": {
                        "value": [
                          "EXTNAME"
                        ]
                      },
                      "type": "Verbatim"
                    },
                    {
                      "data": {
                        "value": " value (if unique)::      "
                      },
                      "type": "Words"
                    }
                  ],
                  "inner": []
                },
                "type": "Paragraph"
              },
              {
                "data": {
                  "value": "getdata('in.fits', 'sci')\ngetdata('in.fits', extname='sci')  # equivalent"
                },
                "type": "BlockVerbatim"
              },
              {
                "data": {
                  "inline": [
                    {
                      "data": {
                        "value": "Note "
                      },
                      "type": "Words"
                    },
                    {
                      "data": {
                        "value": [
                          "EXTNAME"
                        ]
                      },
                      "type": "Verbatim"
                    },
                    {
                      "data": {
                        "value": " values are not case sensitive"
                      },
                      "type": "Words"
                    }
                  ],
                  "inner": []
                },
                "type": "Paragraph"
              },
              {
                "data": {
                  "inline": [
                    {
                      "data": {
                        "value": "By combination of "
                      },
                      "type": "Words"
                    },
                    {
                      "data": {
                        "value": [
                          "EXTNAME"
                        ]
                      },
                      "type": "Verbatim"
                    },
                    {
                      "data": {
                        "value": " and EXTVER`` as separate arguments or as a tuple::      "
                      },
                      "type": "Words"
                    }
                  ],
                  "inner": []
                },
                "type": "Paragraph"
              },
              {
                "data": {
                  "value": "getdata('in.fits', 'sci', 2)  # EXTNAME='SCI' & EXTVER=2\ngetdata('in.fits', extname='sci', extver=2)  # equivalent\ngetdata('in.fits', ('sci', 2))  # equivalent"
                },
                "type": "BlockVerbatim"
              },
              {
                "data": {
                  "inline": [
                    {
                      "data": {
                        "value": "Ambiguous or conflicting specifications will raise an exception::      "
                      },
                      "type": "Words"
                    }
                  ],
                  "inner": []
                },
                "type": "Paragraph"
              },
              {
                "data": {
                  "value": "getdata('in.fits', ext=('sci',1), extname='err', extver=2)"
                },
                "type": "BlockVerbatim"
              }
            ],
            "param": "ext",
            "type_": ""
          },
          "type": "Param"
        },
        {
          "data": {
            "desc": [
              {
                "data": {
                  "inline": [
                    {
                      "data": {
                        "value": "If "
                      },
                      "type": "Words"
                    },
                    {
                      "data": {
                        "value": [
                          "True"
                        ]
                      },
                      "type": "Verbatim"
                    },
                    {
                      "data": {
                        "value": ", return the data and the header of the specified HDU as a tuple."
                      },
                      "type": "Words"
                    }
                  ],
                  "inner": []
                },
                "type": "Paragraph"
              }
            ],
            "param": "header",
            "type_": "bool, optional"
          },
          "type": "Param"
        },
        {
          "data": {
            "desc": [
              {
                "data": {
                  "inline": [
                    {
                      "data": {
                        "value": "If "
                      },
                      "type": "Words"
                    },
                    {
                      "data": {
                        "value": [
                          "lower"
                        ]
                      },
                      "type": "Verbatim"
                    },
                    {
                      "data": {
                        "value": " or "
                      },
                      "type": "Words"
                    },
                    {
                      "data": {
                        "value": [
                          "upper"
                        ]
                      },
                      "type": "Verbatim"
                    },
                    {
                      "data": {
                        "value": " are "
                      },
                      "type": "Words"
                    },
                    {
                      "data": {
                        "value": [
                          "True"
                        ]
                      },
                      "type": "Verbatim"
                    },
                    {
                      "data": {
                        "value": ", the field names in the returned data object will be converted to lower or upper case, respectively."
                      },
                      "type": "Words"
                    }
                  ],
                  "inner": []
                },
                "type": "Paragraph"
              }
            ],
            "param": "lower, upper",
            "type_": "bool, optional"
          },
          "type": "Param"
        },
        {
          "data": {
            "desc": [
              {
                "data": {
                  "inline": [
                    {
                      "data": {
                        "value": "When given, the data will be returned wrapped in the given ndarray subclass by calling::     "
                      },
                      "type": "Words"
                    }
                  ],
                  "inner": []
                },
                "type": "Paragraph"
              },
              {
                "data": {
                  "value": "data.view(view)"
                },
                "type": "BlockVerbatim"
              }
            ],
            "param": "view",
            "type_": "ndarray, optional"
          },
          "type": "Param"
        },
        {
          "data": {
            "desc": [
              {
                "data": {
                  "inline": [
                    {
                      "data": {
                        "value": "Any additional keyword arguments to be passed to "
                      },
                      "type": "Words"
                    },
                    {
                      "data": {
                        "exists": true,
                        "kind": "module",
                        "reference": {
                          "kind": "api",
                          "module": "astropy",
                          "path": "astropy.io.fits.hdu.hdulist.fitsopen",
                          "version": "*"
                        },
                        "value": "astropy.io.fits.open"
                      },
                      "type": "Link"
                    },
                    {
                      "data": {
                        "value": "."
                      },
                      "type": "Words"
                    }
                  ],
                  "inner": []
                },
                "type": "Paragraph"
              }
            ],
            "param": "kwargs",
            "type_": ""
          },
          "type": "Param"
        }
      ],
      "title": null
    },
    "Raises": {
      "children": [
        {
          "data": {
            "desc": [
              {
                "data": {
                  "inline": [
                    {
                      "data": {
                        "value": "If no data is found in searched extensions."
                      },
                      "type": "Words"
                    }
                  ],
                  "inner": []
                },
                "type": "Paragraph"
              }
            ],
            "param": "",
            "type_": "IndexError"
          },
          "type": "Param"
        }
      ],
      "title": null
    },
    "Receives": {
      "children": [],
      "title": null
    },
    "Returns": {
      "children": [
        {
          "data": {
            "desc": [
              {
                "data": {
                  "inline": [
                    {
                      "data": {
                        "value": "Type depends on the type of the extension being referenced."
                      },
                      "type": "Words"
                    }
                  ],
                  "inner": []
                },
                "type": "Paragraph"
              },
              {
                "data": {
                  "inline": [
                    {
                      "data": {
                        "value": "If the optional keyword "
                      },
                      "type": "Words"
                    },
                    {
                      "data": {
                        "value": [
                          "header"
                        ]
                      },
                      "type": "Verbatim"
                    },
                    {
                      "data": {
                        "value": " is set to "
                      },
                      "type": "Words"
                    },
                    {
                      "data": {
                        "value": [
                          "True"
                        ]
                      },
                      "type": "Verbatim"
                    },
                    {
                      "data": {
                        "value": ", this function will return a ("
                      },
                      "type": "Words"
                    },
                    {
                      "data": {
                        "value": [
                          "data"
                        ]
                      },
                      "type": "Verbatim"
                    },
                    {
                      "data": {
                        "value": ", "
                      },
                      "type": "Words"
                    },
                    {
                      "data": {
                        "value": [
                          "header"
                        ]
                      },
                      "type": "Verbatim"
                    },
                    {
                      "data": {
                        "value": ") tuple."
                      },
                      "type": "Words"
                    }
                  ],
                  "inner": []
                },
                "type": "Paragraph"
              }
            ],
            "param": "array",
            "type_": "ndarray or `~numpy.recarray` or `~astropy.io.fits.Group`"
          },
          "type": "Param"
        }
      ],
      "title": null
    },
    "Summary": {
      "children": [
        {
          "data": {
            "inline": [
              {
                "data": {
                  "value": "Get the data from an extension of a FITS file (and optionally the header)."
                },
                "type": "Words"
              }
            ],
            "inner": []
          },
          "type": "Paragraph"
        }
      ],
      "title": null
    },
    "Warnings": {
      "children": [],
      "title": null
    },
    "Warns": {
      "children": [],
      "title": null
    },
    "Yields": {
      "children": [],
      "title": null
    }
  },
  "aliases": [
    "astropy.io.fits.getdata"
  ],
  "arbitrary": [],
  "example_section_data": {
    "children": [],
    "title": null
  },
  "item_file": "/astropy/io/fits/convenience.py",
  "item_line": 119,
  "item_type": "<class 'function'>",
  "ordered_sections": [
    "Summary",
    "Parameters",
    "Returns",
    "Raises"
  ],
  "references": null,
  "refs": [],
  "see_also": [],
  "signature": {
    "value": "getdata(filename, *args, header=None, lower=None, upper=None, view=None, **kwargs)"
  }
}