{
  "_content": {
    "Attributes": {
      "children": [],
      "title": null
    },
    "Extended Summary": {
      "children": [],
      "title": null
    },
    "Methods": {
      "children": [],
      "title": null
    },
    "Notes": {
      "children": [
        {
          "data": {
            "children": [
              {
                "data": {
                  "value": "For testing purposes, provide a "
                },
                "type": "Words"
              },
              {
                "data": {
                  "value": [
                    "when"
                  ]
                },
                "type": "Verbatim"
              },
              {
                "data": {
                  "value": " argument to enable the comment value in the card to remain consistent.  This will enable the generation of a "
                },
                "type": "Words"
              },
              {
                "data": {
                  "value": [
                    "CHECKSUM"
                  ]
                },
                "type": "Verbatim"
              },
              {
                "data": {
                  "value": " card with a consistent value."
                },
                "type": "Words"
              }
            ]
          },
          "type": "Paragraph"
        }
      ],
      "title": null
    },
    "Other Parameters": {
      "children": [],
      "title": null
    },
    "Parameters": {
      "children": [
        {
          "data": {
            "children": [
              {
                "desc": [
                  {
                    "data": {
                      "children": [
                        {
                          "data": {
                            "value": "Comment string for the card that by default represents the time when the checksum was calculated"
                          },
                          "type": "Words"
                        }
                      ]
                    },
                    "type": "Paragraph"
                  }
                ],
                "param": "when",
                "type_": "str, optional"
              },
              {
                "desc": [
                  {
                    "data": {
                      "children": [
                        {
                          "data": {
                            "value": "The name of the header keyword to store the datasum value in; this is typically 'DATASUM' per convention, but there exist use cases in which a different keyword should be used"
                          },
                          "type": "Words"
                        }
                      ]
                    },
                    "type": "Paragraph"
                  }
                ],
                "param": "datasum_keyword",
                "type_": "str, optional"
              }
            ]
          },
          "type": "Parameters"
        }
      ],
      "title": null
    },
    "Raises": {
      "children": [],
      "title": null
    },
    "Receives": {
      "children": [],
      "title": null
    },
    "Returns": {
      "children": [
        {
          "data": {
            "children": [
              {
                "desc": [
                  {
                    "data": {
                      "children": [
                        {
                          "data": {
                            "value": "The calculated datasum"
                          },
                          "type": "Words"
                        }
                      ]
                    },
                    "type": "Paragraph"
                  }
                ],
                "param": "checksum",
                "type_": "int"
              }
            ]
          },
          "type": "Parameters"
        }
      ],
      "title": null
    },
    "Summary": {
      "children": [
        {
          "data": {
            "children": [
              {
                "data": {
                  "value": "Add the "
                },
                "type": "Words"
              },
              {
                "data": {
                  "value": [
                    "DATASUM"
                  ]
                },
                "type": "Verbatim"
              },
              {
                "data": {
                  "value": " card to this HDU with the value set to the checksum calculated for the data."
                },
                "type": "Words"
              }
            ]
          },
          "type": "Paragraph"
        }
      ],
      "title": null
    },
    "Warnings": {
      "children": [],
      "title": null
    },
    "Warns": {
      "children": [],
      "title": null
    },
    "Yields": {
      "children": [],
      "title": null
    }
  },
  "aliases": [
    "astropy.io.fits.convenience._ValidHDU.add_datasum"
  ],
  "arbitrary": [],
  "example_section_data": {
    "children": [],
    "title": null
  },
  "item_file": "/astropy/io/fits/hdu/base.py",
  "item_line": 1207,
  "item_type": "<class 'function'>",
  "ordered_sections": [
    "Summary",
    "Parameters",
    "Returns",
    "Notes"
  ],
  "references": null,
  "refs": [],
  "see_also": [],
  "signature": {
    "value": "add_datasum(self, when=None, datasum_keyword='DATASUM')"
  }
}