{
  "_content": {
    "Attributes": {
      "children": [],
      "title": null
    },
    "Extended Summary": {
      "children": [
        {
          "data": {
            "inline": [
              {
                "data": {
                  "value": "This directory is typically "
                },
                "type": "Words"
              },
              {
                "data": {
                  "value": [
                    "$HOME/.astropy/config"
                  ]
                },
                "type": "Verbatim"
              },
              {
                "data": {
                  "value": ", but if the XDG_CONFIG_HOME environment variable is set and the "
                },
                "type": "Words"
              },
              {
                "data": {
                  "value": [
                    "$XDG_CONFIG_HOME/astropy"
                  ]
                },
                "type": "Verbatim"
              },
              {
                "data": {
                  "value": " directory exists, it will be that directory. If neither exists, the former will be created and symlinked to the latter."
                },
                "type": "Words"
              }
            ],
            "inner": []
          },
          "type": "Paragraph"
        }
      ],
      "title": null
    },
    "Methods": {
      "children": [],
      "title": null
    },
    "Notes": {
      "children": [],
      "title": null
    },
    "Other Parameters": {
      "children": [],
      "title": null
    },
    "Parameters": {
      "children": [
        {
          "data": {
            "desc": [
              {
                "data": {
                  "inline": [
                    {
                      "data": {
                        "value": "Name of the root configuration directory. For example, if "
                      },
                      "type": "Words"
                    },
                    {
                      "data": {
                        "value": [
                          "rootname =\n'pkgname'"
                        ]
                      },
                      "type": "Verbatim"
                    },
                    {
                      "data": {
                        "value": ", the configuration directory would be "
                      },
                      "type": "Words"
                    },
                    {
                      "data": {
                        "value": [
                          "<home>/.pkgname/"
                        ]
                      },
                      "type": "Verbatim"
                    },
                    {
                      "data": {
                        "value": " rather than "
                      },
                      "type": "Words"
                    },
                    {
                      "data": {
                        "value": [
                          "<home>/.astropy"
                        ]
                      },
                      "type": "Verbatim"
                    },
                    {
                      "data": {
                        "value": " (depending on platform)."
                      },
                      "type": "Words"
                    }
                  ],
                  "inner": []
                },
                "type": "Paragraph"
              }
            ],
            "param": "rootname",
            "type_": "str"
          },
          "type": "Param"
        }
      ],
      "title": null
    },
    "Raises": {
      "children": [],
      "title": null
    },
    "Receives": {
      "children": [],
      "title": null
    },
    "Returns": {
      "children": [
        {
          "data": {
            "desc": [
              {
                "data": {
                  "inline": [
                    {
                      "data": {
                        "value": "The absolute path to the configuration directory."
                      },
                      "type": "Words"
                    }
                  ],
                  "inner": []
                },
                "type": "Paragraph"
              }
            ],
            "param": "configdir",
            "type_": "str"
          },
          "type": "Param"
        }
      ],
      "title": null
    },
    "Summary": {
      "children": [
        {
          "data": {
            "inline": [
              {
                "data": {
                  "value": "Determines the package configuration directory name and creates the directory if it doesn't exist."
                },
                "type": "Words"
              }
            ],
            "inner": []
          },
          "type": "Paragraph"
        }
      ],
      "title": null
    },
    "Warnings": {
      "children": [],
      "title": null
    },
    "Warns": {
      "children": [],
      "title": null
    },
    "Yields": {
      "children": [],
      "title": null
    }
  },
  "aliases": [
    "astropy.config.get_config_dir"
  ],
  "arbitrary": [],
  "example_section_data": {
    "children": [],
    "title": null
  },
  "item_file": "/astropy/config/paths.py",
  "item_line": 76,
  "item_type": "<class 'function'>",
  "ordered_sections": [
    "Summary",
    "Extended Summary",
    "Parameters",
    "Returns"
  ],
  "references": null,
  "refs": [],
  "see_also": [],
  "signature": "get_config_dir(rootname='astropy')"
}