{
  "_content": {
    "Attributes": {
      "children": [],
      "title": null
    },
    "Extended Summary": {
      "children": [
        {
          "data": {
            "children": [
              {
                "data": {
                  "value": "This directory is typically "
                },
                "type": "Words"
              },
              {
                "data": {
                  "value": [
                    "$HOME/.astropy/cache"
                  ]
                },
                "type": "Verbatim"
              },
              {
                "data": {
                  "value": ", but if the XDG_CACHE_HOME environment variable is set and the "
                },
                "type": "Words"
              },
              {
                "data": {
                  "value": [
                    "$XDG_CACHE_HOME/astropy"
                  ]
                },
                "type": "Verbatim"
              },
              {
                "data": {
                  "value": " directory exists, it will be that directory. If neither exists, the former will be created and symlinked to the latter."
                },
                "type": "Words"
              }
            ]
          },
          "type": "Paragraph"
        }
      ],
      "title": null
    },
    "Methods": {
      "children": [],
      "title": null
    },
    "Notes": {
      "children": [],
      "title": null
    },
    "Other Parameters": {
      "children": [],
      "title": null
    },
    "Parameters": {
      "children": [
        {
          "data": {
            "children": [
              {
                "desc": [
                  {
                    "data": {
                      "children": [
                        {
                          "data": {
                            "value": "Name of the root cache directory. For example, if "
                          },
                          "type": "Words"
                        },
                        {
                          "data": {
                            "value": [
                              "rootname = 'pkgname'"
                            ]
                          },
                          "type": "Verbatim"
                        },
                        {
                          "data": {
                            "value": ", the cache directory will be "
                          },
                          "type": "Words"
                        },
                        {
                          "data": {
                            "value": [
                              "<cache>/.pkgname/"
                            ]
                          },
                          "type": "Verbatim"
                        },
                        {
                          "data": {
                            "value": "."
                          },
                          "type": "Words"
                        }
                      ]
                    },
                    "type": "Paragraph"
                  }
                ],
                "param": "rootname",
                "type_": "str"
              }
            ]
          },
          "type": "Parameters"
        }
      ],
      "title": null
    },
    "Raises": {
      "children": [],
      "title": null
    },
    "Receives": {
      "children": [],
      "title": null
    },
    "Returns": {
      "children": [
        {
          "data": {
            "children": [
              {
                "desc": [
                  {
                    "data": {
                      "children": [
                        {
                          "data": {
                            "value": "The absolute path to the cache directory."
                          },
                          "type": "Words"
                        }
                      ]
                    },
                    "type": "Paragraph"
                  }
                ],
                "param": "cachedir",
                "type_": "str"
              }
            ]
          },
          "type": "Parameters"
        }
      ],
      "title": null
    },
    "Summary": {
      "children": [
        {
          "data": {
            "children": [
              {
                "data": {
                  "value": "Determines the Astropy cache directory name and creates the directory if it doesn't exist."
                },
                "type": "Words"
              }
            ]
          },
          "type": "Paragraph"
        }
      ],
      "title": null
    },
    "Warnings": {
      "children": [],
      "title": null
    },
    "Warns": {
      "children": [],
      "title": null
    },
    "Yields": {
      "children": [],
      "title": null
    }
  },
  "aliases": [
    "astropy.config.get_cache_dir"
  ],
  "arbitrary": [],
  "example_section_data": {
    "children": [],
    "title": null
  },
  "item_file": "/astropy/config/paths.py",
  "item_line": 124,
  "item_type": "<class 'function'>",
  "ordered_sections": [
    "Summary",
    "Extended Summary",
    "Parameters",
    "Returns"
  ],
  "references": null,
  "refs": [],
  "see_also": [],
  "signature": {
    "value": "get_cache_dir(rootname='astropy')"
  }
}