{
  "_content": {
    "Attributes": {
      "children": [],
      "title": null
    },
    "Extended Summary": {
      "children": [],
      "title": null
    },
    "Methods": {
      "children": [],
      "title": null
    },
    "Notes": {
      "children": [],
      "title": null
    },
    "Other Parameters": {
      "children": [],
      "title": null
    },
    "Parameters": {
      "children": [
        {
          "data": {
            "children": [
              {
                "desc": [
                  {
                    "data": {
                      "children": [
                        {
                          "data": {
                            "value": "Configuration item name"
                          },
                          "type": "Words"
                        }
                      ]
                    },
                    "type": "Paragraph"
                  }
                ],
                "param": "attr",
                "type_": "str"
              },
              {
                "desc": [
                  {
                    "data": {
                      "children": [
                        {
                          "data": {
                            "value": "The value to set temporarily."
                          },
                          "type": "Words"
                        }
                      ]
                    },
                    "type": "Paragraph"
                  }
                ],
                "param": "value",
                "type_": "object"
              }
            ]
          },
          "type": "Parameters"
        }
      ],
      "title": null
    },
    "Raises": {
      "children": [],
      "title": null
    },
    "Receives": {
      "children": [],
      "title": null
    },
    "Returns": {
      "children": [],
      "title": null
    },
    "Summary": {
      "children": [
        {
          "data": {
            "children": [
              {
                "data": {
                  "value": "Temporarily set a configuration value."
                },
                "type": "Words"
              }
            ]
          },
          "type": "Paragraph"
        }
      ],
      "title": null
    },
    "Warnings": {
      "children": [],
      "title": null
    },
    "Warns": {
      "children": [],
      "title": null
    },
    "Yields": {
      "children": [],
      "title": null
    }
  },
  "aliases": [
    "astropy.config.ConfigNamespace.set_temp"
  ],
  "arbitrary": [],
  "example_section_data": {
    "children": [
      {
        "data": {
          "ce_status": "compiled",
          "entries": [
            {
              "link": {
                "data": "import",
                "type": "str"
              },
              "type": "kn"
            },
            {
              "link": {
                "data": " ",
                "type": "str"
              },
              "type": ""
            },
            {
              "link": {
                "data": {
                  "exists": true,
                  "kind": "module",
                  "reference": {
                    "kind": "module",
                    "module": "astropy",
                    "path": "astropy",
                    "version": "5.0"
                  },
                  "value": "astropy"
                },
                "type": "Link"
              },
              "type": "nn"
            },
            {
              "link": {
                "data": "\n",
                "type": "str"
              },
              "type": ""
            },
            {
              "link": {
                "data": "with",
                "type": "str"
              },
              "type": "k"
            },
            {
              "link": {
                "data": " ",
                "type": "str"
              },
              "type": ""
            },
            {
              "link": {
                "data": {
                  "exists": true,
                  "kind": "module",
                  "reference": {
                    "kind": "module",
                    "module": "astropy",
                    "path": "astropy",
                    "version": "5.0"
                  },
                  "value": "astropy"
                },
                "type": "Link"
              },
              "type": ""
            },
            {
              "link": {
                "data": ".",
                "type": "str"
              },
              "type": "o"
            },
            {
              "link": {
                "data": {
                  "exists": true,
                  "kind": "module",
                  "reference": {
                    "kind": "module",
                    "module": "astropy",
                    "path": "astropy.Conf",
                    "version": "*"
                  },
                  "value": "conf"
                },
                "type": "Link"
              },
              "type": ""
            },
            {
              "link": {
                "data": ".",
                "type": "str"
              },
              "type": "o"
            },
            {
              "link": {
                "data": {
                  "exists": true,
                  "kind": "module",
                  "reference": {
                    "kind": "module",
                    "module": "astropy",
                    "path": "astropy.config.configuration.ConfigNamespace.set_temp",
                    "version": "5.0"
                  },
                  "value": "set_temp"
                },
                "type": "Link"
              },
              "type": ""
            },
            {
              "link": {
                "data": "(",
                "type": "str"
              },
              "type": ""
            },
            {
              "link": {
                "data": "'",
                "type": "str"
              },
              "type": "s1"
            },
            {
              "link": {
                "data": "use_color",
                "type": "str"
              },
              "type": "s1"
            },
            {
              "link": {
                "data": "'",
                "type": "str"
              },
              "type": "s1"
            },
            {
              "link": {
                "data": ",",
                "type": "str"
              },
              "type": ""
            },
            {
              "link": {
                "data": " ",
                "type": "str"
              },
              "type": ""
            },
            {
              "link": {
                "data": "False",
                "type": "str"
              },
              "type": "kc"
            },
            {
              "link": {
                "data": ")",
                "type": "str"
              },
              "type": ""
            },
            {
              "link": {
                "data": ":",
                "type": "str"
              },
              "type": ""
            },
            {
              "link": {
                "data": "\n",
                "type": "str"
              },
              "type": ""
            },
            {
              "link": {
                "data": "    ",
                "type": "str"
              },
              "type": ""
            },
            {
              "link": {
                "data": "pass",
                "type": "str"
              },
              "type": "k"
            },
            {
              "link": {
                "data": "\n",
                "type": "str"
              },
              "type": ""
            },
            {
              "link": {
                "data": "    ",
                "type": "str"
              },
              "type": ""
            },
            {
              "link": {
                "data": "# console output will not contain color",
                "type": "str"
              },
              "type": "c1"
            },
            {
              "link": {
                "data": "\n",
                "type": "str"
              },
              "type": ""
            },
            {
              "link": {
                "data": "# console output contains color again...",
                "type": "str"
              },
              "type": "c1"
            }
          ],
          "out": ""
        },
        "type": "Code2"
      }
    ],
    "title": null
  },
  "item_file": "/astropy/config/configuration.py",
  "item_line": 122,
  "item_type": "<class 'function'>",
  "ordered_sections": [
    "Summary",
    "Parameters",
    "Examples"
  ],
  "references": null,
  "see_also": [],
  "signature": {
    "value": "set_temp(self, attr, value)"
  }
}