{
  "_content": {
    "Attributes": {
      "children": [],
      "title": null
    },
    "Extended Summary": {
      "children": [],
      "title": null
    },
    "Methods": {
      "children": [],
      "title": null
    },
    "Notes": {
      "children": [],
      "title": null
    },
    "Other Parameters": {
      "children": [],
      "title": null
    },
    "Parameters": {
      "children": [
        {
          "data": {
            "desc": [
              {
                "data": {
                  "children": [
                    {
                      "data": {
                        "value": "The key identifying the HDU.  If "
                      },
                      "type": "Words"
                    },
                    {
                      "data": {
                        "value": [
                          "key"
                        ]
                      },
                      "type": "Verbatim"
                    },
                    {
                      "data": {
                        "value": " is a tuple, it is of the form "
                      },
                      "type": "Words"
                    },
                    {
                      "data": {
                        "value": [
                          "(name, ver)"
                        ]
                      },
                      "type": "Verbatim"
                    },
                    {
                      "data": {
                        "value": " where "
                      },
                      "type": "Words"
                    },
                    {
                      "data": {
                        "value": [
                          "ver"
                        ]
                      },
                      "type": "Verbatim"
                    },
                    {
                      "data": {
                        "value": " is an "
                      },
                      "type": "Words"
                    },
                    {
                      "data": {
                        "value": [
                          "EXTVER"
                        ]
                      },
                      "type": "Verbatim"
                    },
                    {
                      "data": {
                        "value": " value that must match the HDU being searched for."
                      },
                      "type": "Words"
                    }
                  ]
                },
                "type": "Paragraph"
              },
              {
                "data": {
                  "children": [
                    {
                      "data": {
                        "value": "If the key is ambiguous (e.g. there are multiple 'SCI' extensions) the first match is returned.  For a more precise match use the "
                      },
                      "type": "Words"
                    },
                    {
                      "data": {
                        "value": [
                          "(name, ver)"
                        ]
                      },
                      "type": "Verbatim"
                    },
                    {
                      "data": {
                        "value": " pair."
                      },
                      "type": "Words"
                    }
                  ]
                },
                "type": "Paragraph"
              },
              {
                "data": {
                  "children": [
                    {
                      "data": {
                        "value": "If even the "
                      },
                      "type": "Words"
                    },
                    {
                      "data": {
                        "value": [
                          "(name, ver)"
                        ]
                      },
                      "type": "Verbatim"
                    },
                    {
                      "data": {
                        "value": " pair is ambiguous (it shouldn't be but it's not impossible) the numeric index must be used to index the duplicate HDU."
                      },
                      "type": "Words"
                    }
                  ]
                },
                "type": "Paragraph"
              },
              {
                "data": {
                  "children": [
                    {
                      "data": {
                        "value": "When "
                      },
                      "type": "Words"
                    },
                    {
                      "data": {
                        "value": [
                          "key"
                        ]
                      },
                      "type": "Verbatim"
                    },
                    {
                      "data": {
                        "value": " is an HDU object, this function returns the index of that HDU object in the "
                      },
                      "type": "Words"
                    },
                    {
                      "data": {
                        "value": [
                          "HDUList"
                        ]
                      },
                      "type": "Verbatim"
                    },
                    {
                      "data": {
                        "value": "."
                      },
                      "type": "Words"
                    }
                  ]
                },
                "type": "Paragraph"
              }
            ],
            "param": "key",
            "type_": "int, str, tuple of (string, int) or BaseHDU"
          },
          "type": "Param"
        }
      ],
      "title": null
    },
    "Raises": {
      "children": [
        {
          "data": {
            "desc": [
              {
                "data": {
                  "children": [
                    {
                      "data": {
                        "value": "If "
                      },
                      "type": "Words"
                    },
                    {
                      "data": {
                        "value": [
                          "key"
                        ]
                      },
                      "type": "Verbatim"
                    },
                    {
                      "data": {
                        "value": " is an HDU object and it is not found in the "
                      },
                      "type": "Words"
                    },
                    {
                      "data": {
                        "value": [
                          "HDUList"
                        ]
                      },
                      "type": "Verbatim"
                    },
                    {
                      "data": {
                        "value": "."
                      },
                      "type": "Words"
                    }
                  ]
                },
                "type": "Paragraph"
              }
            ],
            "param": "",
            "type_": "ValueError"
          },
          "type": "Param"
        },
        {
          "data": {
            "desc": [
              {
                "data": {
                  "children": [
                    {
                      "data": {
                        "value": "If an HDU specified by the "
                      },
                      "type": "Words"
                    },
                    {
                      "data": {
                        "value": [
                          "key"
                        ]
                      },
                      "type": "Verbatim"
                    },
                    {
                      "data": {
                        "value": " that is an extension number, extension name, or a tuple of extension name and version is not found in the "
                      },
                      "type": "Words"
                    },
                    {
                      "data": {
                        "value": [
                          "HDUList"
                        ]
                      },
                      "type": "Verbatim"
                    },
                    {
                      "data": {
                        "value": "."
                      },
                      "type": "Words"
                    }
                  ]
                },
                "type": "Paragraph"
              }
            ],
            "param": "",
            "type_": "KeyError"
          },
          "type": "Param"
        }
      ],
      "title": null
    },
    "Receives": {
      "children": [],
      "title": null
    },
    "Returns": {
      "children": [
        {
          "data": {
            "desc": [
              {
                "data": {
                  "children": [
                    {
                      "data": {
                        "value": "The index of the HDU in the "
                      },
                      "type": "Words"
                    },
                    {
                      "data": {
                        "exists": true,
                        "kind": "module",
                        "reference": {
                          "kind": "module",
                          "module": "astropy",
                          "path": "astropy.io.fits.hdu.hdulist.HDUList",
                          "version": "5.0"
                        },
                        "value": "HDUList"
                      },
                      "type": "Link"
                    },
                    {
                      "data": {
                        "value": "."
                      },
                      "type": "Words"
                    }
                  ]
                },
                "type": "Paragraph"
              }
            ],
            "param": "index",
            "type_": "int"
          },
          "type": "Param"
        }
      ],
      "title": null
    },
    "Summary": {
      "children": [
        {
          "data": {
            "children": [
              {
                "data": {
                  "value": "Get the index of an HDU from the "
                },
                "type": "Words"
              },
              {
                "data": {
                  "exists": true,
                  "kind": "module",
                  "reference": {
                    "kind": "module",
                    "module": "astropy",
                    "path": "astropy.io.fits.hdu.hdulist.HDUList",
                    "version": "5.0"
                  },
                  "value": "HDUList"
                },
                "type": "Link"
              },
              {
                "data": {
                  "value": "."
                },
                "type": "Words"
              }
            ]
          },
          "type": "Paragraph"
        }
      ],
      "title": null
    },
    "Warnings": {
      "children": [],
      "title": null
    },
    "Warns": {
      "children": [],
      "title": null
    },
    "Yields": {
      "children": [],
      "title": null
    }
  },
  "aliases": [
    "astropy.io.fits.HDUList.index_of"
  ],
  "arbitrary": [],
  "example_section_data": {
    "children": [],
    "title": null
  },
  "item_file": "/astropy/io/fits/hdu/hdulist.py",
  "item_line": 692,
  "item_type": "<class 'function'>",
  "ordered_sections": [
    "Summary",
    "Parameters",
    "Returns",
    "Raises"
  ],
  "references": null,
  "refs": [],
  "see_also": [],
  "signature": {
    "value": "index_of(self, key)"
  }
}