{
  "_content": {
    "Attributes": {
      "children": [],
      "title": null
    },
    "Extended Summary": {
      "children": [
        {
          "data": {
            "inline": [
              {
                "data": {
                  "exists": true,
                  "kind": "module",
                  "reference": {
                    "kind": "module",
                    "module": "astropy",
                    "path": "astropy.io.fits.diff.ImageDataDiff",
                    "version": "5.0"
                  },
                  "value": "ImageDataDiff"
                },
                "type": "Link"
              },
              {
                "data": {
                  "value": " objects have the following diff attributes:"
                },
                "type": "Words"
              }
            ],
            "inner": []
          },
          "type": "Paragraph"
        },
        {
          "data": {
            "children": [
              {
                "value": [
                  {
                    "data": {
                      "inline": [
                        {
                          "data": {
                            "value": [
                              "diff_dimensions"
                            ]
                          },
                          "type": "Verbatim"
                        },
                        {
                          "data": {
                            "value": ": Same as the "
                          },
                          "type": "Words"
                        },
                        {
                          "data": {
                            "value": [
                              "diff_dimensions"
                            ]
                          },
                          "type": "Verbatim"
                        },
                        {
                          "data": {
                            "value": " attribute of   "
                          },
                          "type": "Words"
                        },
                        {
                          "data": {
                            "exists": true,
                            "kind": "module",
                            "reference": {
                              "kind": "module",
                              "module": "astropy",
                              "path": "astropy.io.fits.diff.ImageDataDiff",
                              "version": "5.0"
                            },
                            "value": "ImageDataDiff"
                          },
                          "type": "Link"
                        },
                        {
                          "data": {
                            "value": " objects. Though the \"dimension\" of each array is just an   integer representing the number of bytes in the data."
                          },
                          "type": "Words"
                        }
                      ],
                      "inner": []
                    },
                    "type": "Paragraph"
                  }
                ]
              }
            ]
          },
          "type": "BulletList"
        },
        {
          "data": {
            "children": [
              {
                "value": [
                  {
                    "data": {
                      "inline": [
                        {
                          "data": {
                            "value": [
                              "diff_bytes"
                            ]
                          },
                          "type": "Verbatim"
                        },
                        {
                          "data": {
                            "value": ": Like the "
                          },
                          "type": "Words"
                        },
                        {
                          "data": {
                            "value": [
                              "diff_pixels"
                            ]
                          },
                          "type": "Verbatim"
                        },
                        {
                          "data": {
                            "value": " attribute of "
                          },
                          "type": "Words"
                        },
                        {
                          "data": {
                            "exists": true,
                            "kind": "module",
                            "reference": {
                              "kind": "module",
                              "module": "astropy",
                              "path": "astropy.io.fits.diff.ImageDataDiff",
                              "version": "5.0"
                            },
                            "value": "ImageDataDiff"
                          },
                          "type": "Link"
                        },
                        {
                          "data": {
                            "value": "   objects, but renamed to reflect the minor semantic difference that these   are raw bytes and not pixel values.  Also the indices are integers   instead of tuples."
                          },
                          "type": "Words"
                        }
                      ],
                      "inner": []
                    },
                    "type": "Paragraph"
                  }
                ]
              }
            ]
          },
          "type": "BulletList"
        },
        {
          "data": {
            "children": [
              {
                "value": [
                  {
                    "data": {
                      "inline": [
                        {
                          "data": {
                            "value": [
                              "diff_total"
                            ]
                          },
                          "type": "Verbatim"
                        },
                        {
                          "data": {
                            "value": " and "
                          },
                          "type": "Words"
                        },
                        {
                          "data": {
                            "value": [
                              "diff_ratio"
                            ]
                          },
                          "type": "Verbatim"
                        },
                        {
                          "data": {
                            "value": ": Same as "
                          },
                          "type": "Words"
                        },
                        {
                          "data": {
                            "exists": true,
                            "kind": "module",
                            "reference": {
                              "kind": "module",
                              "module": "astropy",
                              "path": "astropy.io.fits.diff.ImageDataDiff",
                              "version": "5.0"
                            },
                            "value": "ImageDataDiff"
                          },
                          "type": "Link"
                        },
                        {
                          "data": {
                            "value": "."
                          },
                          "type": "Words"
                        }
                      ],
                      "inner": []
                    },
                    "type": "Paragraph"
                  }
                ]
              }
            ]
          },
          "type": "BulletList"
        }
      ],
      "title": null
    },
    "Methods": {
      "children": [],
      "title": null
    },
    "Notes": {
      "children": [],
      "title": null
    },
    "Other Parameters": {
      "children": [],
      "title": null
    },
    "Parameters": {
      "children": [],
      "title": null
    },
    "Raises": {
      "children": [],
      "title": null
    },
    "Receives": {
      "children": [],
      "title": null
    },
    "Returns": {
      "children": [],
      "title": null
    },
    "Summary": {
      "children": [
        {
          "data": {
            "inline": [
              {
                "data": {
                  "exists": true,
                  "kind": "module",
                  "reference": {
                    "kind": "module",
                    "module": "astropy",
                    "path": "astropy.io.fits.diff.RawDataDiff",
                    "version": "5.0"
                  },
                  "value": "RawDataDiff"
                },
                "type": "Link"
              },
              {
                "data": {
                  "value": " is just a special case of "
                },
                "type": "Words"
              },
              {
                "data": {
                  "exists": true,
                  "kind": "module",
                  "reference": {
                    "kind": "module",
                    "module": "astropy",
                    "path": "astropy.io.fits.diff.ImageDataDiff",
                    "version": "5.0"
                  },
                  "value": "ImageDataDiff"
                },
                "type": "Link"
              },
              {
                "data": {
                  "value": " where the images are one-dimensional, and the data is treated as a 1-dimensional array of bytes instead of pixel values.  This is used to compare the data of two non-standard extension HDUs that were not recognized as containing image or table data."
                },
                "type": "Words"
              }
            ],
            "inner": []
          },
          "type": "Paragraph"
        }
      ],
      "title": null
    },
    "Warnings": {
      "children": [],
      "title": null
    },
    "Warns": {
      "children": [],
      "title": null
    },
    "Yields": {
      "children": [],
      "title": null
    }
  },
  "aliases": [
    "astropy.io.fits.RawDataDiff"
  ],
  "arbitrary": [],
  "example_section_data": {
    "children": [],
    "title": null
  },
  "item_file": "/astropy/io/fits/diff.py",
  "item_line": 1071,
  "item_type": "<class 'type'>",
  "ordered_sections": [
    "Summary",
    "Extended Summary"
  ],
  "references": null,
  "refs": [],
  "see_also": [],
  "signature": {
    "value": null
  }
}