{
  "_content": {
    "Summary": {
      "children": [
        {
          "type": "Paragraph",
          "data": {
            "inline": [
              {
                "type": "Words",
                "data": {
                  "value": "Create a Weighted object"
                }
              }
            ],
            "inner": []
          }
        }
      ],
      "title": null
    },
    "Extended Summary": {
      "children": [],
      "title": null
    },
    "Parameters": {
      "children": [
        {
          "type": "Param",
          "data": {
            "param": "obj",
            "type_": "DataArray or Dataset",
            "desc": [
              {
                "type": "Paragraph",
                "data": {
                  "inline": [
                    {
                      "type": "Words",
                      "data": {
                        "value": "Object over which the weighted reduction operation is applied."
                      }
                    }
                  ],
                  "inner": []
                }
              }
            ]
          }
        },
        {
          "type": "Param",
          "data": {
            "param": "weights",
            "type_": "DataArray",
            "desc": [
              {
                "type": "Paragraph",
                "data": {
                  "inline": [
                    {
                      "type": "Words",
                      "data": {
                        "value": "An array of weights associated with the values in the obj. Each value in the obj contributes to the reduction operation according to its associated weight."
                      }
                    }
                  ],
                  "inner": []
                }
              }
            ]
          }
        }
      ],
      "title": null
    },
    "Returns": {
      "children": [],
      "title": null
    },
    "Yields": {
      "children": [],
      "title": null
    },
    "Receives": {
      "children": [],
      "title": null
    },
    "Raises": {
      "children": [],
      "title": null
    },
    "Warns": {
      "children": [],
      "title": null
    },
    "Other Parameters": {
      "children": [],
      "title": null
    },
    "Attributes": {
      "children": [],
      "title": null
    },
    "Methods": {
      "children": [],
      "title": null
    },
    "Notes": {
      "children": [
        {
          "type": "Paragraph",
          "data": {
            "inline": [
              {
                "type": "Verbatim",
                "data": {
                  "value": [
                    "weights"
                  ]
                }
              },
              {
                "type": "Words",
                "data": {
                  "value": " must be a "
                }
              },
              {
                "type": "Verbatim",
                "data": {
                  "value": [
                    "DataArray"
                  ]
                }
              },
              {
                "type": "Words",
                "data": {
                  "value": " and cannot contain missing values. Missing values can be replaced by "
                }
              },
              {
                "type": "Verbatim",
                "data": {
                  "value": [
                    "weights.fillna(0)"
                  ]
                }
              },
              {
                "type": "Words",
                "data": {
                  "value": "."
                }
              }
            ],
            "inner": []
          }
        }
      ],
      "title": null
    },
    "Warnings": {
      "children": [],
      "title": null
    }
  },
  "refs": [],
  "ordered_sections": [
    "Summary",
    "Parameters",
    "Notes"
  ],
  "item_file": "/Users/bussonniermatthias/miniconda3/lib/python3.8/site-packages/xarray/core/weighted.py",
  "item_line": 76,
  "item_type": "<class 'function'>",
  "aliases": [
    "xarray.core.weighted.Weighted.__init__"
  ],
  "example_section_data": {
    "children": [],
    "title": null
  },
  "see_also": [],
  "signature": "__init__(self, obj: ~T_DataWithCoords, weights: 'DataArray')",
  "references": null,
  "arbitrary": []
}