{
  "_content": {
    "Summary": {
      "children": [
        {
          "type": "Paragraph",
          "data": {
            "inline": [
              {
                "type": "Words",
                "data": {
                  "value": "Backward fill new values at up-sampled frequency."
                }
              }
            ],
            "inner": []
          }
        }
      ],
      "title": null
    },
    "Extended Summary": {
      "children": [],
      "title": null
    },
    "Parameters": {
      "children": [
        {
          "type": "Param",
          "data": {
            "param": "tolerance",
            "type_": "optional",
            "desc": [
              {
                "type": "Paragraph",
                "data": {
                  "inline": [
                    {
                      "type": "Words",
                      "data": {
                        "value": "Maximum distance between original and new labels to limit the up-sampling method. Up-sampled data with indices that satisfy the equation "
                      }
                    },
                    {
                      "type": "Verbatim",
                      "data": {
                        "value": [
                          "abs(index[indexer]",
                          " ",
                          "-",
                          " ",
                          "target)",
                          " ",
                          "<=",
                          " ",
                          "tolerance"
                        ]
                      }
                    },
                    {
                      "type": "Words",
                      "data": {
                        "value": " are filled by new values. Data with indices that are outside the given tolerance are filled with "
                      }
                    },
                    {
                      "type": "Verbatim",
                      "data": {
                        "value": [
                          "NaN"
                        ]
                      }
                    },
                    {
                      "type": "Words",
                      "data": {
                        "value": " s"
                      }
                    }
                  ],
                  "inner": []
                }
              }
            ]
          }
        }
      ],
      "title": null
    },
    "Returns": {
      "children": [],
      "title": null
    },
    "Yields": {
      "children": [],
      "title": null
    },
    "Receives": {
      "children": [],
      "title": null
    },
    "Raises": {
      "children": [],
      "title": null
    },
    "Warns": {
      "children": [],
      "title": null
    },
    "Other Parameters": {
      "children": [],
      "title": null
    },
    "Attributes": {
      "children": [],
      "title": null
    },
    "Methods": {
      "children": [],
      "title": null
    },
    "Notes": {
      "children": [],
      "title": null
    },
    "Warnings": {
      "children": [],
      "title": null
    }
  },
  "refs": [],
  "ordered_sections": [
    "Summary",
    "Parameters"
  ],
  "item_file": "/Users/bussonniermatthias/miniconda3/lib/python3.8/site-packages/xarray/core/resample.py",
  "item_line": 94,
  "item_type": "<class 'function'>",
  "aliases": [
    "xarray.core.resample.Resample.backfill"
  ],
  "example_section_data": {
    "children": [],
    "title": null
  },
  "see_also": [],
  "signature": "backfill(self, tolerance=None)",
  "references": null,
  "arbitrary": []
}