{
  "_content": {
    "Summary": {
      "children": [
        {
          "type": "Paragraph",
          "data": {
            "inline": [
              {
                "type": "Words",
                "data": {
                  "value": "Decompose vectorized indexer to the successive two indexers, where the first indexer will be used to index backend arrays, while the second one is used to index loaded on-memory np.ndarray."
                }
              }
            ],
            "inner": []
          }
        }
      ],
      "title": null
    },
    "Extended Summary": {
      "children": [],
      "title": null
    },
    "Parameters": {
      "children": [
        {
          "type": "Param",
          "data": {
            "param": "indexer",
            "type_": "VectorizedIndexer",
            "desc": []
          }
        },
        {
          "type": "Param",
          "data": {
            "param": "indexing_support",
            "type_": "one of IndexerSupport entries",
            "desc": []
          }
        }
      ],
      "title": null
    },
    "Returns": {
      "children": [
        {
          "type": "Param",
          "data": {
            "param": "",
            "type_": "backend_indexer: OuterIndexer or BasicIndexer",
            "desc": []
          }
        },
        {
          "type": "Param",
          "data": {
            "param": "",
            "type_": "np_indexers: an ExplicitIndexer (VectorizedIndexer / BasicIndexer)",
            "desc": []
          }
        }
      ],
      "title": null
    },
    "Yields": {
      "children": [],
      "title": null
    },
    "Receives": {
      "children": [],
      "title": null
    },
    "Raises": {
      "children": [],
      "title": null
    },
    "Warns": {
      "children": [],
      "title": null
    },
    "Other Parameters": {
      "children": [],
      "title": null
    },
    "Attributes": {
      "children": [],
      "title": null
    },
    "Methods": {
      "children": [],
      "title": null
    },
    "Notes": {
      "children": [
        {
          "type": "Paragraph",
          "data": {
            "inline": [
              {
                "type": "Words",
                "data": {
                  "value": "This function is used to realize the vectorized indexing for the backend arrays that only support basic or outer indexing."
                }
              }
            ],
            "inner": []
          }
        },
        {
          "type": "Paragraph",
          "data": {
            "inline": [
              {
                "type": "Words",
                "data": {
                  "value": "As an example, let us consider to index a few elements from a backend array with a vectorized indexer ([0, 3, 1], [2, 3, 2]). Even if the backend array only supports outer indexing, it is more efficient to load a subslice of the array than loading the entire array,"
                }
              }
            ],
            "inner": []
          }
        },
        {
          "type": "Example",
          "data": {
            "lines": {
              "_lines": [
                {
                  "_line": ">>> array = np.arange(36).reshape(6, 6)",
                  "_number": 8,
                  "_offset": 0
                },
                {
                  "_line": ">>> backend_indexer = OuterIndexer((np.array([0, 1, 3]), np.array([2, 3])))",
                  "_number": 9,
                  "_offset": 0
                },
                {
                  "_line": ">>> # load subslice of the array",
                  "_number": 10,
                  "_offset": 0
                },
                {
                  "_line": "... array = NumpyIndexingAdapter(array)[backend_indexer]",
                  "_number": 11,
                  "_offset": 0
                },
                {
                  "_line": ">>> np_indexer = VectorizedIndexer((np.array([0, 2, 1]), np.array([0, 1, 0])))",
                  "_number": 12,
                  "_offset": 0
                },
                {
                  "_line": ">>> # vectorized indexing for on-memory np.ndarray.",
                  "_number": 13,
                  "_offset": 0
                },
                {
                  "_line": "... NumpyIndexingAdapter(array)[np_indexer]",
                  "_number": 14,
                  "_offset": 0
                },
                {
                  "_line": "array([ 2, 21,  8])",
                  "_number": 15,
                  "_offset": 0
                }
              ]
            },
            "wh": {
              "_lines": []
            },
            "ind": {
              "_lines": []
            }
          }
        }
      ],
      "title": null
    },
    "Warnings": {
      "children": [],
      "title": null
    }
  },
  "refs": [],
  "ordered_sections": [
    "Summary",
    "Parameters",
    "Returns",
    "Notes"
  ],
  "item_file": "/Users/bussonniermatthias/miniconda3/lib/python3.8/site-packages/xarray/core/indexing.py",
  "item_line": 886,
  "item_type": "<class 'function'>",
  "aliases": [
    "xarray.conventions.indexing._decompose_vectorized_indexer"
  ],
  "example_section_data": {
    "children": [],
    "title": null
  },
  "see_also": [],
  "signature": "_decompose_vectorized_indexer(indexer: xarray.core.indexing.VectorizedIndexer, shape: Tuple[int, ...], indexing_support: xarray.core.indexing.IndexingSupport) -> Tuple[xarray.core.indexing.ExplicitIndexer, xarray.core.indexing.ExplicitIndexer]",
  "references": null,
  "arbitrary": []
}