{
  "_content": {
    "Summary": {
      "children": [
        {
          "type": "Paragraph",
          "data": {
            "inline": [
              {
                "type": "Words",
                "data": {
                  "value": "Computes the Kolmogorov CDF:  Pr(D_n <= d) using the MTW approach to the Durbin matrix algorithm."
                }
              }
            ],
            "inner": []
          }
        }
      ],
      "title": null
    },
    "Extended Summary": {
      "children": [
        {
          "type": "Paragraph",
          "data": {
            "inline": [
              {
                "type": "Words",
                "data": {
                  "value": "Durbin (1968); Marsaglia, Tsang, Wang (2003). [1], [3]."
                }
              }
            ],
            "inner": []
          }
        }
      ],
      "title": null
    },
    "Parameters": {
      "children": [],
      "title": null
    },
    "Returns": {
      "children": [],
      "title": null
    },
    "Yields": {
      "children": [],
      "title": null
    },
    "Receives": {
      "children": [],
      "title": null
    },
    "Raises": {
      "children": [],
      "title": null
    },
    "Warns": {
      "children": [],
      "title": null
    },
    "Other Parameters": {
      "children": [],
      "title": null
    },
    "Attributes": {
      "children": [],
      "title": null
    },
    "Methods": {
      "children": [],
      "title": null
    },
    "Notes": {
      "children": [],
      "title": null
    },
    "Warnings": {
      "children": [],
      "title": null
    }
  },
  "refs": [],
  "ordered_sections": [
    "Summary",
    "Extended Summary"
  ],
  "item_file": "/Users/bussonniermatthias/miniconda3/lib/python3.8/site-packages/scipy/stats/_ksstats.py",
  "item_line": 113,
  "item_type": "<class 'function'>",
  "aliases": [
    "scipy.stats._ksstats._kolmogn_DMTW"
  ],
  "example_section_data": {
    "children": [],
    "title": null
  },
  "see_also": [],
  "signature": "_kolmogn_DMTW(n, d, cdf=True)",
  "references": null,
  "arbitrary": []
}