{
  "_content": {
    "Attributes": {
      "children": [],
      "title": null
    },
    "Extended Summary": {
      "children": [
        {
          "data": {
            "children": [
              {
                "body": [
                  {
                    "data": {
                      "children": [
                        {
                          "data": {
                            "value": "Relative precision."
                          },
                          "type": "Words"
                        }
                      ]
                    },
                    "type": "Paragraph"
                  }
                ],
                "name": [
                  {
                    "data": {
                      "value": "parameps"
                    },
                    "type": "Words"
                  }
                ]
              },
              {
                "body": [
                  {
                    "data": {
                      "children": [
                        {
                          "data": {
                            "value": "float"
                          },
                          "type": "Words"
                        }
                      ]
                    },
                    "type": "Paragraph"
                  }
                ],
                "name": [
                  {
                    "data": {
                      "value": "typeeps"
                    },
                    "type": "Words"
                  }
                ]
              },
              {
                "body": [
                  {
                    "data": {
                      "children": [
                        {
                          "data": {
                            "value": "Matrix."
                          },
                          "type": "Words"
                        }
                      ]
                    },
                    "type": "Paragraph"
                  }
                ],
                "name": [
                  {
                    "data": {
                      "value": "paramA"
                    },
                    "type": "Words"
                  }
                ]
              },
              {
                "body": [
                  {
                    "data": {
                      "children": [
                        {
                          "data": {
                            "value": [
                              "numpy.ndarray"
                            ]
                          },
                          "type": "Verbatim"
                        }
                      ]
                    },
                    "type": "Paragraph"
                  }
                ],
                "name": [
                  {
                    "data": {
                      "value": "typeA"
                    },
                    "type": "Words"
                  }
                ]
              },
              {
                "body": [
                  {
                    "data": {
                      "children": [
                        {
                          "data": {
                            "value": "Rank of ID."
                          },
                          "type": "Words"
                        }
                      ]
                    },
                    "type": "Paragraph"
                  }
                ],
                "name": [
                  {
                    "data": {
                      "value": "return"
                    },
                    "type": "Words"
                  }
                ]
              },
              {
                "body": [
                  {
                    "data": {
                      "children": [
                        {
                          "data": {
                            "value": "int"
                          },
                          "type": "Words"
                        }
                      ]
                    },
                    "type": "Paragraph"
                  }
                ],
                "name": [
                  {
                    "data": {
                      "value": "rtype"
                    },
                    "type": "Words"
                  }
                ]
              },
              {
                "body": [
                  {
                    "data": {
                      "children": [
                        {
                          "data": {
                            "value": "Column index array."
                          },
                          "type": "Words"
                        }
                      ]
                    },
                    "type": "Paragraph"
                  }
                ],
                "name": [
                  {
                    "data": {
                      "value": "return"
                    },
                    "type": "Words"
                  }
                ]
              },
              {
                "body": [
                  {
                    "data": {
                      "children": [
                        {
                          "data": {
                            "value": [
                              "numpy.ndarray"
                            ]
                          },
                          "type": "Verbatim"
                        }
                      ]
                    },
                    "type": "Paragraph"
                  }
                ],
                "name": [
                  {
                    "data": {
                      "value": "rtype"
                    },
                    "type": "Words"
                  }
                ]
              },
              {
                "body": [
                  {
                    "data": {
                      "children": [
                        {
                          "data": {
                            "value": "Interpolation coefficients."
                          },
                          "type": "Words"
                        }
                      ]
                    },
                    "type": "Paragraph"
                  }
                ],
                "name": [
                  {
                    "data": {
                      "value": "return"
                    },
                    "type": "Words"
                  }
                ]
              },
              {
                "body": [
                  {
                    "data": {
                      "children": [
                        {
                          "data": {
                            "value": [
                              "numpy.ndarray"
                            ]
                          },
                          "type": "Verbatim"
                        }
                      ]
                    },
                    "type": "Paragraph"
                  }
                ],
                "name": [
                  {
                    "data": {
                      "value": "rtype"
                    },
                    "type": "Words"
                  }
                ]
              }
            ]
          },
          "type": "FieldList"
        }
      ],
      "title": null
    },
    "Methods": {
      "children": [],
      "title": null
    },
    "Notes": {
      "children": [],
      "title": null
    },
    "Other Parameters": {
      "children": [],
      "title": null
    },
    "Parameters": {
      "children": [],
      "title": null
    },
    "Raises": {
      "children": [],
      "title": null
    },
    "Receives": {
      "children": [],
      "title": null
    },
    "Returns": {
      "children": [],
      "title": null
    },
    "Summary": {
      "children": [
        {
          "data": {
            "children": [
              {
                "data": {
                  "value": "Compute ID of a real matrix to a specified relative precision using random sampling."
                },
                "type": "Words"
              }
            ]
          },
          "type": "Paragraph"
        }
      ],
      "title": null
    },
    "Warnings": {
      "children": [],
      "title": null
    },
    "Warns": {
      "children": [],
      "title": null
    },
    "Yields": {
      "children": [],
      "title": null
    }
  },
  "aliases": [
    "scipy.signal._lti_conversion.linalg._interpolative_backend.iddp_aid"
  ],
  "arbitrary": [],
  "example_section_data": {
    "children": [],
    "title": null
  },
  "item_file": "/scipy/linalg/_interpolative_backend.py",
  "item_line": 496,
  "item_type": "<class 'function'>",
  "ordered_sections": [
    "Summary",
    "Extended Summary"
  ],
  "references": null,
  "see_also": [],
  "signature": {
    "value": "iddp_aid(eps, A)"
  }
}