{
  "_content": {
    "Attributes": {
      "children": [],
      "title": null
    },
    "Extended Summary": {
      "children": [
        {
          "data": {
            "children": [
              {
                "data": {
                  "value": "Implicit zero elements are also taken into account. If there are several maximum values, the index of the first occurrence is returned."
                },
                "type": "Words"
              }
            ]
          },
          "type": "Paragraph"
        }
      ],
      "title": null
    },
    "Methods": {
      "children": [],
      "title": null
    },
    "Notes": {
      "children": [],
      "title": null
    },
    "Other Parameters": {
      "children": [],
      "title": null
    },
    "Parameters": {
      "children": [
        {
          "data": {
            "desc": [
              {
                "data": {
                  "children": [
                    {
                      "data": {
                        "value": "Axis along which the argmax is computed. If None (default), index of the maximum element in the flatten data is returned."
                      },
                      "type": "Words"
                    }
                  ]
                },
                "type": "Paragraph"
              }
            ],
            "param": "axis",
            "type_": "{-2, -1, 0, 1, None}, optional"
          },
          "type": "Param"
        },
        {
          "data": {
            "desc": [
              {
                "data": {
                  "children": [
                    {
                      "data": {
                        "value": "This argument is in the signature "
                      },
                      "type": "Words"
                    },
                    {
                      "data": {
                        "value": {
                          "value": "solely"
                        }
                      },
                      "type": "Emph"
                    },
                    {
                      "data": {
                        "value": " for NumPy compatibility reasons. Do not pass in anything except for the default value, as this argument is not used."
                      },
                      "type": "Words"
                    }
                  ]
                },
                "type": "Paragraph"
              }
            ],
            "param": "out",
            "type_": "None, optional"
          },
          "type": "Param"
        }
      ],
      "title": null
    },
    "Raises": {
      "children": [],
      "title": null
    },
    "Receives": {
      "children": [],
      "title": null
    },
    "Returns": {
      "children": [
        {
          "data": {
            "desc": [
              {
                "data": {
                  "children": [
                    {
                      "data": {
                        "value": "Indices of maximum elements. If matrix, its size along "
                      },
                      "type": "Words"
                    },
                    {
                      "data": {
                        "exists": true,
                        "kind": "local",
                        "reference": {
                          "kind": "local",
                          "module": null,
                          "path": "axis",
                          "version": null
                        },
                        "value": "axis"
                      },
                      "type": "Link"
                    },
                    {
                      "data": {
                        "value": " is 1."
                      },
                      "type": "Words"
                    }
                  ]
                },
                "type": "Paragraph"
              }
            ],
            "param": "ind",
            "type_": "numpy.matrix or int"
          },
          "type": "Param"
        }
      ],
      "title": null
    },
    "Summary": {
      "children": [
        {
          "data": {
            "children": [
              {
                "data": {
                  "value": "Return indices of maximum elements along an axis."
                },
                "type": "Words"
              }
            ]
          },
          "type": "Paragraph"
        }
      ],
      "title": null
    },
    "Warnings": {
      "children": [],
      "title": null
    },
    "Warns": {
      "children": [],
      "title": null
    },
    "Yields": {
      "children": [],
      "title": null
    }
  },
  "aliases": [
    "scipy.signal._filter_design.optimize._differentiable_functions.sps._bsr._minmax_mixin.argmax"
  ],
  "arbitrary": [],
  "example_section_data": {
    "children": [],
    "title": null
  },
  "item_file": "/scipy/sparse/_data.py",
  "item_line": 358,
  "item_type": "<class 'function'>",
  "ordered_sections": [
    "Summary",
    "Extended Summary",
    "Parameters",
    "Returns"
  ],
  "references": null,
  "refs": [],
  "see_also": [],
  "signature": {
    "value": "argmax(self, axis=None, out=None)"
  }
}