{
  "_content": {
    "Attributes": {
      "children": [],
      "title": null
    },
    "Extended Summary": {
      "children": [
        {
          "data": {
            "inline": [
              {
                "data": {
                  "value": "Returns the Hermitian adjoint of self, aka the Hermitian conjugate or Hermitian transpose. For a complex matrix, the Hermitian adjoint is equal to the conjugate transpose."
                },
                "type": "Words"
              }
            ],
            "inner": []
          },
          "type": "Paragraph"
        },
        {
          "data": {
            "inline": [
              {
                "data": {
                  "value": "Can be abbreviated self.H instead of self.adjoint()."
                },
                "type": "Words"
              }
            ],
            "inner": []
          },
          "type": "Paragraph"
        }
      ],
      "title": null
    },
    "Methods": {
      "children": [],
      "title": null
    },
    "Notes": {
      "children": [],
      "title": null
    },
    "Other Parameters": {
      "children": [],
      "title": null
    },
    "Parameters": {
      "children": [],
      "title": null
    },
    "Raises": {
      "children": [],
      "title": null
    },
    "Receives": {
      "children": [],
      "title": null
    },
    "Returns": {
      "children": [
        {
          "data": {
            "desc": [
              {
                "data": {
                  "inline": [
                    {
                      "data": {
                        "value": "Hermitian adjoint of self."
                      },
                      "type": "Words"
                    }
                  ],
                  "inner": []
                },
                "type": "Paragraph"
              }
            ],
            "param": "A_H",
            "type_": "LinearOperator"
          },
          "type": "Param"
        }
      ],
      "title": null
    },
    "Summary": {
      "children": [
        {
          "data": {
            "inline": [
              {
                "data": {
                  "value": "Hermitian adjoint."
                },
                "type": "Words"
              }
            ],
            "inner": []
          },
          "type": "Paragraph"
        }
      ],
      "title": null
    },
    "Warnings": {
      "children": [],
      "title": null
    },
    "Warns": {
      "children": [],
      "title": null
    },
    "Yields": {
      "children": [],
      "title": null
    }
  },
  "aliases": [
    "scipy.signal._filter_design.optimize._differentiable_functions.LinearOperator.adjoint"
  ],
  "arbitrary": [],
  "example_section_data": {
    "children": [],
    "title": null
  },
  "item_file": "/scipy/sparse/linalg/_interface.py",
  "item_line": 470,
  "item_type": "<class 'function'>",
  "ordered_sections": [
    "Summary",
    "Extended Summary",
    "Returns"
  ],
  "references": null,
  "refs": [],
  "see_also": [],
  "signature": {
    "value": "adjoint(self)"
  }
}