{
  "_content": {
    "Attributes": {
      "children": [],
      "title": null
    },
    "Extended Summary": {
      "children": [
        {
          "data": {
            "inline": [
              {
                "data": {
                  "value": "Return the order of the lowest order digital or analog Chebyshev Type I filter that loses no more than "
                },
                "type": "Words"
              },
              {
                "data": {
                  "exists": true,
                  "kind": "local",
                  "reference": {
                    "kind": "local",
                    "module": null,
                    "path": "gpass",
                    "version": null
                  },
                  "value": "gpass"
                },
                "type": "Link"
              },
              {
                "data": {
                  "value": " dB in the passband and has at least "
                },
                "type": "Words"
              },
              {
                "data": {
                  "exists": true,
                  "kind": "local",
                  "reference": {
                    "kind": "local",
                    "module": null,
                    "path": "gstop",
                    "version": null
                  },
                  "value": "gstop"
                },
                "type": "Link"
              },
              {
                "data": {
                  "value": " dB attenuation in the stopband."
                },
                "type": "Words"
              }
            ],
            "inner": []
          },
          "type": "Paragraph"
        }
      ],
      "title": null
    },
    "Methods": {
      "children": [],
      "title": null
    },
    "Notes": {
      "children": [],
      "title": null
    },
    "Other Parameters": {
      "children": [],
      "title": null
    },
    "Parameters": {
      "children": [
        {
          "data": {
            "desc": [
              {
                "data": {
                  "inline": [
                    {
                      "data": {
                        "value": "Passband and stopband edge frequencies."
                      },
                      "type": "Words"
                    }
                  ],
                  "inner": []
                },
                "type": "Paragraph"
              },
              {
                "data": {
                  "inline": [
                    {
                      "data": {
                        "value": "For digital filters, these are in the same units as "
                      },
                      "type": "Words"
                    },
                    {
                      "data": {
                        "exists": true,
                        "kind": "local",
                        "reference": {
                          "kind": "local",
                          "module": null,
                          "path": "fs",
                          "version": null
                        },
                        "value": "fs"
                      },
                      "type": "Link"
                    },
                    {
                      "data": {
                        "value": ". By default, "
                      },
                      "type": "Words"
                    },
                    {
                      "data": {
                        "exists": true,
                        "kind": "local",
                        "reference": {
                          "kind": "local",
                          "module": null,
                          "path": "fs",
                          "version": null
                        },
                        "value": "fs"
                      },
                      "type": "Link"
                    },
                    {
                      "data": {
                        "value": " is 2 half-cycles/sample, so these are normalized from 0 to 1, where 1 is the Nyquist frequency. ("
                      },
                      "type": "Words"
                    },
                    {
                      "data": {
                        "exists": true,
                        "kind": "local",
                        "reference": {
                          "kind": "local",
                          "module": null,
                          "path": "wp",
                          "version": null
                        },
                        "value": "wp"
                      },
                      "type": "Link"
                    },
                    {
                      "data": {
                        "value": " and "
                      },
                      "type": "Words"
                    },
                    {
                      "data": {
                        "exists": true,
                        "kind": "local",
                        "reference": {
                          "kind": "local",
                          "module": null,
                          "path": "ws",
                          "version": null
                        },
                        "value": "ws"
                      },
                      "type": "Link"
                    },
                    {
                      "data": {
                        "value": " are thus in half-cycles / sample.)  For example:"
                      },
                      "type": "Words"
                    }
                  ],
                  "inner": []
                },
                "type": "Paragraph"
              },
              {
                "data": {
                  "value": [
                    "- Lowpass:   wp = 0.2,          ws = 0.3",
                    "- Highpass:  wp = 0.3,          ws = 0.2",
                    "- Bandpass:  wp = [0.2, 0.5],   ws = [0.1, 0.6]",
                    "- Bandstop:  wp = [0.1, 0.6],   ws = [0.2, 0.5]"
                  ]
                },
                "type": "BlockQuote"
              },
              {
                "data": {
                  "inline": [
                    {
                      "data": {
                        "value": "For analog filters, "
                      },
                      "type": "Words"
                    },
                    {
                      "data": {
                        "exists": true,
                        "kind": "local",
                        "reference": {
                          "kind": "local",
                          "module": null,
                          "path": "wp",
                          "version": null
                        },
                        "value": "wp"
                      },
                      "type": "Link"
                    },
                    {
                      "data": {
                        "value": " and "
                      },
                      "type": "Words"
                    },
                    {
                      "data": {
                        "exists": true,
                        "kind": "local",
                        "reference": {
                          "kind": "local",
                          "module": null,
                          "path": "ws",
                          "version": null
                        },
                        "value": "ws"
                      },
                      "type": "Link"
                    },
                    {
                      "data": {
                        "value": " are angular frequencies (e.g., rad/s)."
                      },
                      "type": "Words"
                    }
                  ],
                  "inner": []
                },
                "type": "Paragraph"
              }
            ],
            "param": "wp, ws",
            "type_": "float"
          },
          "type": "Param"
        },
        {
          "data": {
            "desc": [
              {
                "data": {
                  "inline": [
                    {
                      "data": {
                        "value": "The maximum loss in the passband (dB)."
                      },
                      "type": "Words"
                    }
                  ],
                  "inner": []
                },
                "type": "Paragraph"
              }
            ],
            "param": "gpass",
            "type_": "float"
          },
          "type": "Param"
        },
        {
          "data": {
            "desc": [
              {
                "data": {
                  "inline": [
                    {
                      "data": {
                        "value": "The minimum attenuation in the stopband (dB)."
                      },
                      "type": "Words"
                    }
                  ],
                  "inner": []
                },
                "type": "Paragraph"
              }
            ],
            "param": "gstop",
            "type_": "float"
          },
          "type": "Param"
        },
        {
          "data": {
            "desc": [
              {
                "data": {
                  "inline": [
                    {
                      "data": {
                        "value": "When True, return an analog filter, otherwise a digital filter is returned."
                      },
                      "type": "Words"
                    }
                  ],
                  "inner": []
                },
                "type": "Paragraph"
              }
            ],
            "param": "analog",
            "type_": "bool, optional"
          },
          "type": "Param"
        },
        {
          "data": {
            "desc": [
              {
                "data": {
                  "inline": [
                    {
                      "data": {
                        "value": "The sampling frequency of the digital system."
                      },
                      "type": "Words"
                    }
                  ],
                  "inner": []
                },
                "type": "Paragraph"
              },
              {
                "data": {
                  "children": [
                    {
                      "inline": [
                        {
                          "data": {
                            "value": "1.2.0 "
                          },
                          "type": "Words"
                        }
                      ],
                      "inner": []
                    }
                  ],
                  "kind": "versionadded",
                  "title": "TODO"
                },
                "type": "Admonition"
              }
            ],
            "param": "fs",
            "type_": "float, optional"
          },
          "type": "Param"
        }
      ],
      "title": null
    },
    "Raises": {
      "children": [],
      "title": null
    },
    "Receives": {
      "children": [],
      "title": null
    },
    "Returns": {
      "children": [
        {
          "data": {
            "desc": [
              {
                "data": {
                  "inline": [
                    {
                      "data": {
                        "value": "The lowest order for a Chebyshev type I filter that meets specs."
                      },
                      "type": "Words"
                    }
                  ],
                  "inner": []
                },
                "type": "Paragraph"
              }
            ],
            "param": "ord",
            "type_": "int"
          },
          "type": "Param"
        },
        {
          "data": {
            "desc": [
              {
                "data": {
                  "inline": [
                    {
                      "data": {
                        "value": "The Chebyshev natural frequency (the \"3dB frequency\") for use with "
                      },
                      "type": "Words"
                    },
                    {
                      "data": {
                        "exists": true,
                        "kind": "module",
                        "reference": {
                          "kind": "module",
                          "module": "scipy",
                          "path": "scipy.signal._filter_design.cheby1",
                          "version": "1.8.0"
                        },
                        "value": "cheby1"
                      },
                      "type": "Link"
                    },
                    {
                      "data": {
                        "value": " to give filter results. If "
                      },
                      "type": "Words"
                    },
                    {
                      "data": {
                        "exists": true,
                        "kind": "local",
                        "reference": {
                          "kind": "local",
                          "module": null,
                          "path": "fs",
                          "version": null
                        },
                        "value": "fs"
                      },
                      "type": "Link"
                    },
                    {
                      "data": {
                        "value": " is specified, this is in the same units, and "
                      },
                      "type": "Words"
                    },
                    {
                      "data": {
                        "exists": true,
                        "kind": "local",
                        "reference": {
                          "kind": "local",
                          "module": null,
                          "path": "fs",
                          "version": null
                        },
                        "value": "fs"
                      },
                      "type": "Link"
                    },
                    {
                      "data": {
                        "value": " must also be passed to "
                      },
                      "type": "Words"
                    },
                    {
                      "data": {
                        "exists": true,
                        "kind": "module",
                        "reference": {
                          "kind": "module",
                          "module": "scipy",
                          "path": "scipy.signal._filter_design.cheby1",
                          "version": "1.8.0"
                        },
                        "value": "cheby1"
                      },
                      "type": "Link"
                    },
                    {
                      "data": {
                        "value": "."
                      },
                      "type": "Words"
                    }
                  ],
                  "inner": []
                },
                "type": "Paragraph"
              }
            ],
            "param": "wn",
            "type_": "ndarray or float"
          },
          "type": "Param"
        }
      ],
      "title": null
    },
    "Summary": {
      "children": [
        {
          "data": {
            "inline": [
              {
                "data": {
                  "value": "Chebyshev type I filter order selection."
                },
                "type": "Words"
              }
            ],
            "inner": []
          },
          "type": "Paragraph"
        }
      ],
      "title": null
    },
    "Warnings": {
      "children": [],
      "title": null
    },
    "Warns": {
      "children": [],
      "title": null
    },
    "Yields": {
      "children": [],
      "title": null
    }
  },
  "aliases": [
    "scipy.signal.cheb1ord"
  ],
  "arbitrary": [],
  "example_section_data": {
    "children": [
      {
        "data": {
          "inline": [
            {
              "data": {
                "value": "Design a digital lowpass filter such that the passband is within 3 dB up to 0.2*(fs/2), while rejecting at least -40 dB above 0.3*(fs/2). Plot its frequency response, showing the passband and stopband constraints in gray."
              },
              "type": "Words"
            }
          ],
          "inner": []
        },
        "type": "Paragraph"
      },
      {
        "data": {
          "ce_status": "execed",
          "entries": [
            [
              "from",
              null,
              "kn"
            ],
            [
              " ",
              "",
              ""
            ],
            [
              "scipy",
              "scipy",
              "nn"
            ],
            [
              " ",
              "",
              ""
            ],
            [
              "import",
              null,
              "kn"
            ],
            [
              " ",
              "",
              ""
            ],
            [
              "signal",
              "scipy.signal",
              ""
            ],
            [
              "\n",
              "",
              ""
            ],
            [
              "import",
              null,
              "kn"
            ],
            [
              " ",
              "",
              ""
            ],
            [
              "matplotlib",
              "matplotlib",
              "nn"
            ],
            [
              ".",
              "",
              "nn"
            ],
            [
              "pyplot",
              "matplotlib.pyplot",
              "nn"
            ],
            [
              " ",
              "",
              ""
            ],
            [
              "as",
              null,
              "k"
            ],
            [
              " ",
              "",
              ""
            ],
            [
              "plt",
              "matplotlib.pyplot",
              "nn"
            ]
          ],
          "out": ""
        },
        "type": "Code"
      },
      {
        "data": {
          "ce_status": "execed",
          "entries": [
            [
              "N",
              "builtins.int",
              ""
            ],
            [
              ",",
              "",
              ""
            ],
            [
              " ",
              "",
              ""
            ],
            [
              "Wn",
              "builtins.tuple",
              ""
            ],
            [
              " ",
              "",
              ""
            ],
            [
              "=",
              "",
              "o"
            ],
            [
              " ",
              "",
              ""
            ],
            [
              "signal",
              "scipy.signal",
              ""
            ],
            [
              ".",
              "",
              "o"
            ],
            [
              "cheb1ord",
              "scipy.signal._filter_design.cheb1ord",
              ""
            ],
            [
              "(",
              "",
              ""
            ],
            [
              "0.2",
              "",
              "mf"
            ],
            [
              ",",
              "",
              ""
            ],
            [
              " ",
              "",
              ""
            ],
            [
              "0.3",
              "",
              "mf"
            ],
            [
              ",",
              "",
              ""
            ],
            [
              " ",
              "",
              ""
            ],
            [
              "3",
              "",
              "mi"
            ],
            [
              ",",
              "",
              ""
            ],
            [
              " ",
              "",
              ""
            ],
            [
              "40",
              "",
              "mi"
            ],
            [
              ")",
              "",
              ""
            ],
            [
              "\n",
              "",
              ""
            ],
            [
              "b",
              "numpy.ndarray",
              ""
            ],
            [
              ",",
              "",
              ""
            ],
            [
              " ",
              "",
              ""
            ],
            [
              "a",
              "builtins.float",
              ""
            ],
            [
              " ",
              "",
              ""
            ],
            [
              "=",
              "",
              "o"
            ],
            [
              " ",
              "",
              ""
            ],
            [
              "signal",
              "scipy.signal",
              ""
            ],
            [
              ".",
              "",
              "o"
            ],
            [
              "cheby1",
              "scipy.signal._filter_design.cheby1",
              ""
            ],
            [
              "(",
              "",
              ""
            ],
            [
              "N",
              "builtins.int",
              ""
            ],
            [
              ",",
              "",
              ""
            ],
            [
              " ",
              "",
              ""
            ],
            [
              "3",
              "",
              "mi"
            ],
            [
              ",",
              "",
              ""
            ],
            [
              " ",
              "",
              ""
            ],
            [
              "Wn",
              "builtins.tuple",
              ""
            ],
            [
              ",",
              "",
              ""
            ],
            [
              " ",
              "",
              ""
            ],
            [
              "'",
              "",
              "s1"
            ],
            [
              "low",
              null,
              "s1"
            ],
            [
              "'",
              "",
              "s1"
            ],
            [
              ")",
              "",
              ""
            ],
            [
              "\n",
              "",
              ""
            ],
            [
              "w",
              null,
              ""
            ],
            [
              ",",
              "",
              ""
            ],
            [
              " ",
              "",
              ""
            ],
            [
              "h",
              null,
              ""
            ],
            [
              " ",
              "",
              ""
            ],
            [
              "=",
              "",
              "o"
            ],
            [
              " ",
              "",
              ""
            ],
            [
              "signal",
              "scipy.signal",
              ""
            ],
            [
              ".",
              "",
              "o"
            ],
            [
              "freqz",
              "scipy.signal._filter_design.freqz",
              ""
            ],
            [
              "(",
              "",
              ""
            ],
            [
              "b",
              "numpy.ndarray",
              ""
            ],
            [
              ",",
              "",
              ""
            ],
            [
              " ",
              "",
              ""
            ],
            [
              "a",
              "builtins.float",
              ""
            ],
            [
              ")",
              "",
              ""
            ],
            [
              "\n",
              "",
              ""
            ],
            [
              "plt",
              "matplotlib.pyplot",
              ""
            ],
            [
              ".",
              "",
              "o"
            ],
            [
              "semilogx",
              "matplotlib.pyplot.semilogx",
              ""
            ],
            [
              "(",
              "",
              ""
            ],
            [
              "w",
              "numpy.ndarray",
              ""
            ],
            [
              " ",
              "",
              ""
            ],
            [
              "/",
              "",
              "o"
            ],
            [
              " ",
              "",
              ""
            ],
            [
              "np",
              "numpy",
              ""
            ],
            [
              ".",
              "",
              "o"
            ],
            [
              "pi",
              "builtins.float",
              ""
            ],
            [
              ",",
              "",
              ""
            ],
            [
              " ",
              "",
              ""
            ],
            [
              "20",
              "",
              "mi"
            ],
            [
              " ",
              "",
              ""
            ],
            [
              "*",
              "",
              "o"
            ],
            [
              " ",
              "",
              ""
            ],
            [
              "np",
              "numpy",
              ""
            ],
            [
              ".",
              "",
              "o"
            ],
            [
              "log10",
              "numpy.ufunc",
              ""
            ],
            [
              "(",
              "",
              ""
            ],
            [
              "abs",
              "builtins.abs",
              "nb"
            ],
            [
              "(",
              "",
              ""
            ],
            [
              "h",
              "numpy.ndarray",
              ""
            ],
            [
              ")",
              "",
              ""
            ],
            [
              ")",
              "",
              ""
            ],
            [
              ")",
              "",
              ""
            ],
            [
              "\n",
              "",
              ""
            ],
            [
              "plt",
              "matplotlib.pyplot",
              ""
            ],
            [
              ".",
              "",
              "o"
            ],
            [
              "title",
              "matplotlib.pyplot.title",
              ""
            ],
            [
              "(",
              "",
              ""
            ],
            [
              "'",
              "",
              "s1"
            ],
            [
              "Chebyshev I lowpass filter fit to constraints",
              "",
              "s1"
            ],
            [
              "'",
              "",
              "s1"
            ],
            [
              ")",
              "",
              ""
            ],
            [
              "\n",
              "",
              ""
            ],
            [
              "plt",
              "matplotlib.pyplot",
              ""
            ],
            [
              ".",
              "",
              "o"
            ],
            [
              "xlabel",
              "matplotlib.pyplot.xlabel",
              ""
            ],
            [
              "(",
              "",
              ""
            ],
            [
              "'",
              "",
              "s1"
            ],
            [
              "Normalized frequency",
              "",
              "s1"
            ],
            [
              "'",
              "",
              "s1"
            ],
            [
              ")",
              "",
              ""
            ],
            [
              "\n",
              "",
              ""
            ],
            [
              "plt",
              "matplotlib.pyplot",
              ""
            ],
            [
              ".",
              "",
              "o"
            ],
            [
              "ylabel",
              "matplotlib.pyplot.ylabel",
              ""
            ],
            [
              "(",
              "",
              ""
            ],
            [
              "'",
              "",
              "s1"
            ],
            [
              "Amplitude [dB]",
              "",
              "s1"
            ],
            [
              "'",
              "",
              "s1"
            ],
            [
              ")",
              "",
              ""
            ],
            [
              "\n",
              "",
              ""
            ],
            [
              "plt",
              "matplotlib.pyplot",
              ""
            ],
            [
              ".",
              "",
              "o"
            ],
            [
              "grid",
              "matplotlib.pyplot.grid",
              ""
            ],
            [
              "(",
              "",
              ""
            ],
            [
              "which",
              null,
              ""
            ],
            [
              "=",
              "",
              "o"
            ],
            [
              "'",
              "",
              "s1"
            ],
            [
              "both",
              null,
              "s1"
            ],
            [
              "'",
              "",
              "s1"
            ],
            [
              ",",
              "",
              ""
            ],
            [
              " ",
              "",
              ""
            ],
            [
              "axis",
              null,
              ""
            ],
            [
              "=",
              "",
              "o"
            ],
            [
              "'",
              "",
              "s1"
            ],
            [
              "both",
              null,
              "s1"
            ],
            [
              "'",
              "",
              "s1"
            ],
            [
              ")",
              "",
              ""
            ],
            [
              "\n",
              "",
              ""
            ],
            [
              "plt",
              "matplotlib.pyplot",
              ""
            ],
            [
              ".",
              "",
              "o"
            ],
            [
              "fill",
              "matplotlib.pyplot.fill",
              ""
            ],
            [
              "(",
              "",
              ""
            ],
            [
              "[",
              "",
              ""
            ],
            [
              ".01",
              "",
              "mf"
            ],
            [
              ",",
              "",
              ""
            ],
            [
              " ",
              "",
              ""
            ],
            [
              "0.2",
              "",
              "mf"
            ],
            [
              ",",
              "",
              ""
            ],
            [
              " ",
              "",
              ""
            ],
            [
              "0.2",
              "",
              "mf"
            ],
            [
              ",",
              "",
              ""
            ],
            [
              " ",
              "",
              ""
            ],
            [
              ".01",
              "",
              "mf"
            ],
            [
              "]",
              "",
              ""
            ],
            [
              ",",
              "",
              ""
            ],
            [
              " ",
              "",
              ""
            ],
            [
              "[",
              "",
              ""
            ],
            [
              "-",
              "",
              "o"
            ],
            [
              "3",
              "",
              "mi"
            ],
            [
              ",",
              "",
              ""
            ],
            [
              " ",
              "",
              ""
            ],
            [
              "-",
              "",
              "o"
            ],
            [
              "3",
              "",
              "mi"
            ],
            [
              ",",
              "",
              ""
            ],
            [
              " ",
              "",
              ""
            ],
            [
              "-",
              "",
              "o"
            ],
            [
              "99",
              "",
              "mi"
            ],
            [
              ",",
              "",
              ""
            ],
            [
              " ",
              "",
              ""
            ],
            [
              "-",
              "",
              "o"
            ],
            [
              "99",
              "",
              "mi"
            ],
            [
              "]",
              "",
              ""
            ],
            [
              ",",
              "",
              ""
            ],
            [
              " ",
              "",
              ""
            ],
            [
              "'",
              "",
              "s1"
            ],
            [
              "0.9",
              "",
              "s1"
            ],
            [
              "'",
              "",
              "s1"
            ],
            [
              ",",
              "",
              ""
            ],
            [
              " ",
              "",
              ""
            ],
            [
              "lw",
              null,
              ""
            ],
            [
              "=",
              "",
              "o"
            ],
            [
              "0",
              "",
              "mi"
            ],
            [
              ")",
              "",
              ""
            ],
            [
              " ",
              "",
              ""
            ],
            [
              "# stop",
              "",
              "c1"
            ],
            [
              "\n",
              "",
              ""
            ],
            [
              "plt",
              "matplotlib.pyplot",
              ""
            ],
            [
              ".",
              "",
              "o"
            ],
            [
              "fill",
              "matplotlib.pyplot.fill",
              ""
            ],
            [
              "(",
              "",
              ""
            ],
            [
              "[",
              "",
              ""
            ],
            [
              "0.3",
              "",
              "mf"
            ],
            [
              ",",
              "",
              ""
            ],
            [
              " ",
              "",
              ""
            ],
            [
              "0.3",
              "",
              "mf"
            ],
            [
              ",",
              "",
              ""
            ],
            [
              "   ",
              "",
              ""
            ],
            [
              "2",
              "",
              "mi"
            ],
            [
              ",",
              "",
              ""
            ],
            [
              "   ",
              "",
              ""
            ],
            [
              "2",
              "",
              "mi"
            ],
            [
              "]",
              "",
              ""
            ],
            [
              ",",
              "",
              ""
            ],
            [
              " ",
              "",
              ""
            ],
            [
              "[",
              "",
              ""
            ],
            [
              " ",
              "",
              ""
            ],
            [
              "9",
              "",
              "mi"
            ],
            [
              ",",
              "",
              ""
            ],
            [
              " ",
              "",
              ""
            ],
            [
              "-",
              "",
              "o"
            ],
            [
              "40",
              "",
              "mi"
            ],
            [
              ",",
              "",
              ""
            ],
            [
              " ",
              "",
              ""
            ],
            [
              "-",
              "",
              "o"
            ],
            [
              "40",
              "",
              "mi"
            ],
            [
              ",",
              "",
              ""
            ],
            [
              "  ",
              "",
              ""
            ],
            [
              "9",
              "",
              "mi"
            ],
            [
              "]",
              "",
              ""
            ],
            [
              ",",
              "",
              ""
            ],
            [
              " ",
              "",
              ""
            ],
            [
              "'",
              "",
              "s1"
            ],
            [
              "0.9",
              "",
              "s1"
            ],
            [
              "'",
              "",
              "s1"
            ],
            [
              ",",
              "",
              ""
            ],
            [
              " ",
              "",
              ""
            ],
            [
              "lw",
              null,
              ""
            ],
            [
              "=",
              "",
              "o"
            ],
            [
              "0",
              "",
              "mi"
            ],
            [
              ")",
              "",
              ""
            ],
            [
              " ",
              "",
              ""
            ],
            [
              "# pass",
              "",
              "c1"
            ],
            [
              "\n",
              "",
              ""
            ],
            [
              "plt",
              "matplotlib.pyplot",
              ""
            ],
            [
              ".",
              "",
              "o"
            ],
            [
              "axis",
              "matplotlib.pyplot.axis",
              ""
            ],
            [
              "(",
              "",
              ""
            ],
            [
              "[",
              "",
              ""
            ],
            [
              "0.08",
              "",
              "mf"
            ],
            [
              ",",
              "",
              ""
            ],
            [
              " ",
              "",
              ""
            ],
            [
              "1",
              "",
              "mi"
            ],
            [
              ",",
              "",
              ""
            ],
            [
              " ",
              "",
              ""
            ],
            [
              "-",
              "",
              "o"
            ],
            [
              "60",
              "",
              "mi"
            ],
            [
              ",",
              "",
              ""
            ],
            [
              " ",
              "",
              ""
            ],
            [
              "3",
              "",
              "mi"
            ],
            [
              "]",
              "",
              ""
            ],
            [
              ")",
              "",
              ""
            ],
            [
              "\n",
              "",
              ""
            ],
            [
              "plt",
              "matplotlib.pyplot",
              ""
            ],
            [
              ".",
              "",
              "o"
            ],
            [
              "show",
              "matplotlib.pyplot.show",
              ""
            ],
            [
              "(",
              "",
              ""
            ],
            [
              ")",
              "",
              ""
            ]
          ],
          "out": ""
        },
        "type": "Code"
      },
      {
        "data": {
          "value": "fig-scipy.signal._filter_design.cheb1ord-0.png"
        },
        "type": "Fig"
      }
    ],
    "title": null
  },
  "item_file": "/scipy/signal/_filter_design.py",
  "item_line": 3803,
  "item_type": "<class 'function'>",
  "ordered_sections": [
    "Summary",
    "Extended Summary",
    "Parameters",
    "Returns",
    "See Also",
    "Examples"
  ],
  "references": null,
  "refs": [
    "builtins.abs",
    "builtins.float",
    "builtins.int",
    "builtins.tuple",
    "buttord",
    "cheb2ord",
    "cheby1",
    "ellipord",
    "iirdesign",
    "iirfilter",
    "matplotlib",
    "matplotlib.pyplot",
    "matplotlib.pyplot.axis",
    "matplotlib.pyplot.fill",
    "matplotlib.pyplot.grid",
    "matplotlib.pyplot.semilogx",
    "matplotlib.pyplot.show",
    "matplotlib.pyplot.title",
    "matplotlib.pyplot.xlabel",
    "matplotlib.pyplot.ylabel",
    "numpy",
    "numpy.ndarray",
    "numpy.ufunc",
    "scipy",
    "scipy.signal",
    "scipy.signal._filter_design.cheb1ord",
    "scipy.signal._filter_design.cheby1",
    "scipy.signal._filter_design.freqz"
  ],
  "see_also": [
    {
      "descriptions": [
        {
          "inline": [
            {
              "data": {
                "value": "Filter design using order and critical points"
              },
              "type": "Words"
            }
          ],
          "inner": []
        }
      ],
      "name": {
        "exists": true,
        "name": "cheby1",
        "ref": "scipy.signal._filter_design.cheby1"
      },
      "type": null
    },
    {
      "descriptions": [
        {
          "inline": [
            {
              "data": {
                "value": "Find order and critical points from passband and stopband spec"
              },
              "type": "Words"
            }
          ],
          "inner": []
        }
      ],
      "name": {
        "exists": true,
        "name": "buttord",
        "ref": "scipy.signal._filter_design.buttord"
      },
      "type": null
    },
    {
      "descriptions": [],
      "name": {
        "exists": true,
        "name": "cheb2ord",
        "ref": "scipy.signal._filter_design.cheb2ord"
      },
      "type": null
    },
    {
      "descriptions": [],
      "name": {
        "exists": true,
        "name": "ellipord",
        "ref": "scipy.signal._filter_design.ellipord"
      },
      "type": null
    },
    {
      "descriptions": [
        {
          "inline": [
            {
              "data": {
                "value": "General filter design using order and critical frequencies"
              },
              "type": "Words"
            }
          ],
          "inner": []
        }
      ],
      "name": {
        "exists": true,
        "name": "iirfilter",
        "ref": "scipy.signal._filter_design.iirfilter"
      },
      "type": null
    },
    {
      "descriptions": [
        {
          "inline": [
            {
              "data": {
                "value": "General filter design using passband and stopband spec"
              },
              "type": "Words"
            }
          ],
          "inner": []
        }
      ],
      "name": {
        "exists": true,
        "name": "iirdesign",
        "ref": "scipy.signal._filter_design.iirdesign"
      },
      "type": null
    }
  ],
  "signature": {
    "value": "cheb1ord(wp, ws, gpass, gstop, analog=False, fs=None)"
  }
}