{
  "_content": {
    "Attributes": {
      "children": [],
      "title": null
    },
    "Extended Summary": {
      "children": [
        {
          "data": {
            "inline": [
              {
                "data": {
                  "value": "Defined as ,"
                },
                "type": "Words"
              }
            ],
            "inner": []
          },
          "type": "Paragraph"
        },
        {
          "data": {
            "value": "i_n ( z) = \\sqrt { \\frac { \\pi} { 2z}} I_ { n + 1 / 2} ( z), "
          },
          "type": "BlockMath"
        },
        {
          "data": {
            "inline": [
              {
                "data": {
                  "value": "where "
                },
                "type": "Words"
              },
              {
                "data": {
                  "value": [
                    "I_n"
                  ]
                },
                "type": "Math"
              },
              {
                "data": {
                  "value": " is the modified Bessel function of the first kind."
                },
                "type": "Words"
              }
            ],
            "inner": []
          },
          "type": "Paragraph"
        }
      ],
      "title": null
    },
    "Methods": {
      "children": [],
      "title": null
    },
    "Notes": {
      "children": [
        {
          "data": {
            "inline": [
              {
                "data": {
                  "value": "The function is computed using its definitional relation to the modified cylindrical Bessel function of the first kind."
                },
                "type": "Words"
              }
            ],
            "inner": []
          },
          "type": "Paragraph"
        },
        {
          "data": {
            "inline": [
              {
                "data": {
                  "value": "The derivative is computed using the relations ,"
                },
                "type": "Words"
              }
            ],
            "inner": []
          },
          "type": "Paragraph"
        },
        {
          "data": {
            "value": "i_n ' = i_ { n - 1} - \\frac { n + 1} { z} i_n. i_1 ' = i_0 "
          },
          "type": "BlockMath"
        },
        {
          "data": {
            "children": [
              {
                "inline": [
                  {
                    "data": {
                      "value": "0.18.0 "
                    },
                    "type": "Words"
                  }
                ],
                "inner": []
              }
            ],
            "kind": "versionadded",
            "title": "TODO"
          },
          "type": "Admonition"
        }
      ],
      "title": null
    },
    "Other Parameters": {
      "children": [],
      "title": null
    },
    "Parameters": {
      "children": [
        {
          "data": {
            "desc": [
              {
                "data": {
                  "inline": [
                    {
                      "data": {
                        "value": "Order of the Bessel function (n >= 0)."
                      },
                      "type": "Words"
                    }
                  ],
                  "inner": []
                },
                "type": "Paragraph"
              }
            ],
            "param": "n",
            "type_": "int, array_like"
          },
          "type": "Param"
        },
        {
          "data": {
            "desc": [
              {
                "data": {
                  "inline": [
                    {
                      "data": {
                        "value": "Argument of the Bessel function."
                      },
                      "type": "Words"
                    }
                  ],
                  "inner": []
                },
                "type": "Paragraph"
              }
            ],
            "param": "z",
            "type_": "complex or float, array_like"
          },
          "type": "Param"
        },
        {
          "data": {
            "desc": [
              {
                "data": {
                  "inline": [
                    {
                      "data": {
                        "value": "If True, the value of the derivative (rather than the function itself) is returned."
                      },
                      "type": "Words"
                    }
                  ],
                  "inner": []
                },
                "type": "Paragraph"
              }
            ],
            "param": "derivative",
            "type_": "bool, optional"
          },
          "type": "Param"
        }
      ],
      "title": null
    },
    "Raises": {
      "children": [],
      "title": null
    },
    "Receives": {
      "children": [],
      "title": null
    },
    "Returns": {
      "children": [
        {
          "data": {
            "desc": [],
            "param": "in",
            "type_": "ndarray"
          },
          "type": "Param"
        }
      ],
      "title": null
    },
    "Summary": {
      "children": [
        {
          "data": {
            "inline": [
              {
                "data": {
                  "value": "Modified spherical Bessel function of the first kind or its derivative."
                },
                "type": "Words"
              }
            ],
            "inner": []
          },
          "type": "Paragraph"
        }
      ],
      "title": null
    },
    "Warnings": {
      "children": [],
      "title": null
    },
    "Warns": {
      "children": [],
      "title": null
    },
    "Yields": {
      "children": [],
      "title": null
    }
  },
  "aliases": [
    "scipy.signal._filter_design.special.spherical_in"
  ],
  "arbitrary": [],
  "example_section_data": {
    "children": [
      {
        "data": {
          "inline": [
            {
              "data": {
                "value": "The modified spherical Bessel functions of the first kind "
              },
              "type": "Words"
            },
            {
              "data": {
                "value": [
                  "i_n"
                ]
              },
              "type": "Math"
            },
            {
              "data": {
                "value": " accept both real and complex second argument. They can return a complex type:"
              },
              "type": "Words"
            }
          ],
          "inner": []
        },
        "type": "Paragraph"
      },
      {
        "data": {
          "ce_status": "execed",
          "entries": [
            [
              "from",
              null,
              "kn"
            ],
            [
              " ",
              "",
              ""
            ],
            [
              "scipy",
              "scipy",
              "nn"
            ],
            [
              ".",
              "",
              "nn"
            ],
            [
              "special",
              "scipy.special",
              "nn"
            ],
            [
              " ",
              "",
              ""
            ],
            [
              "import",
              null,
              "kn"
            ],
            [
              " ",
              "",
              ""
            ],
            [
              "spherical_in",
              "scipy.special._spherical_bessel.spherical_in",
              ""
            ],
            [
              "\n",
              "",
              ""
            ],
            [
              "spherical_in",
              "scipy.special._spherical_bessel.spherical_in",
              ""
            ],
            [
              "(",
              "",
              ""
            ],
            [
              "0",
              "",
              "mi"
            ],
            [
              ",",
              "",
              ""
            ],
            [
              " ",
              "",
              ""
            ],
            [
              "3",
              "",
              "mi"
            ],
            [
              "+",
              "",
              "o"
            ],
            [
              "5",
              "",
              "mi"
            ],
            [
              "j",
              "builtins.complex",
              ""
            ],
            [
              ")",
              "",
              ""
            ]
          ],
          "out": "(-1.1689867793369182-1.2697305267234222j)"
        },
        "type": "Code"
      },
      {
        "data": {
          "ce_status": "execed",
          "entries": [
            [
              "type",
              "builtins.type",
              "nb"
            ],
            [
              "(",
              "",
              ""
            ],
            [
              "spherical_in",
              "scipy.special._spherical_bessel.spherical_in",
              ""
            ],
            [
              "(",
              "",
              ""
            ],
            [
              "0",
              "",
              "mi"
            ],
            [
              ",",
              "",
              ""
            ],
            [
              " ",
              "",
              ""
            ],
            [
              "3",
              "",
              "mi"
            ],
            [
              "+",
              "",
              "o"
            ],
            [
              "5",
              "",
              "mi"
            ],
            [
              "j",
              "builtins.complex",
              ""
            ],
            [
              ")",
              "",
              ""
            ],
            [
              ")",
              "",
              ""
            ]
          ],
          "out": "<class 'numpy.complex128'>"
        },
        "type": "Code"
      },
      {
        "data": {
          "inline": [
            {
              "data": {
                "value": "We can verify the relation for the derivative from the Notes for "
              },
              "type": "Words"
            },
            {
              "data": {
                "value": [
                  "n=3"
                ]
              },
              "type": "Math"
            },
            {
              "data": {
                "value": " in the interval "
              },
              "type": "Words"
            },
            {
              "data": {
                "value": [
                  "[1, 2]"
                ]
              },
              "type": "Math"
            },
            {
              "data": {
                "value": ":"
              },
              "type": "Words"
            }
          ],
          "inner": []
        },
        "type": "Paragraph"
      },
      {
        "data": {
          "ce_status": "execed",
          "entries": [
            [
              "from",
              null,
              "kn"
            ],
            [
              " ",
              "",
              ""
            ],
            [
              "scipy",
              "scipy",
              "nn"
            ],
            [
              ".",
              "",
              "nn"
            ],
            [
              "special",
              "scipy.special",
              "nn"
            ],
            [
              " ",
              "",
              ""
            ],
            [
              "import",
              null,
              "kn"
            ],
            [
              " ",
              "",
              ""
            ],
            [
              "spherical_in",
              "scipy.special._spherical_bessel.spherical_in",
              ""
            ],
            [
              "\n",
              "",
              ""
            ],
            [
              "x",
              "numpy.ndarray",
              ""
            ],
            [
              " ",
              "",
              ""
            ],
            [
              "=",
              "",
              "o"
            ],
            [
              " ",
              "",
              ""
            ],
            [
              "np",
              "numpy",
              ""
            ],
            [
              ".",
              "",
              "o"
            ],
            [
              "arange",
              "numpy.arange",
              ""
            ],
            [
              "(",
              "",
              ""
            ],
            [
              "1.0",
              "",
              "mf"
            ],
            [
              ",",
              "",
              ""
            ],
            [
              " ",
              "",
              ""
            ],
            [
              "2.0",
              "",
              "mf"
            ],
            [
              ",",
              "",
              ""
            ],
            [
              " ",
              "",
              ""
            ],
            [
              "0.01",
              "",
              "mf"
            ],
            [
              ")",
              "",
              ""
            ],
            [
              "\n",
              "",
              ""
            ],
            [
              "np",
              "numpy",
              ""
            ],
            [
              ".",
              "",
              "o"
            ],
            [
              "allclose",
              "numpy.allclose",
              ""
            ],
            [
              "(",
              "",
              ""
            ],
            [
              "spherical_in",
              "scipy.special._spherical_bessel.spherical_in",
              ""
            ],
            [
              "(",
              "",
              ""
            ],
            [
              "3",
              "",
              "mi"
            ],
            [
              ",",
              "",
              ""
            ],
            [
              " ",
              "",
              ""
            ],
            [
              "x",
              "numpy.ndarray",
              ""
            ],
            [
              ",",
              "",
              ""
            ],
            [
              " ",
              "",
              ""
            ],
            [
              "True",
              null,
              "kc"
            ],
            [
              ")",
              "",
              ""
            ],
            [
              ",",
              "",
              ""
            ],
            [
              "\n",
              "",
              ""
            ],
            [
              "            ",
              "",
              ""
            ],
            [
              "spherical_in",
              "scipy.special._spherical_bessel.spherical_in",
              ""
            ],
            [
              "(",
              "",
              ""
            ],
            [
              "2",
              "",
              "mi"
            ],
            [
              ",",
              "",
              ""
            ],
            [
              " ",
              "",
              ""
            ],
            [
              "x",
              "numpy.ndarray",
              ""
            ],
            [
              ")",
              "",
              ""
            ],
            [
              " ",
              "",
              ""
            ],
            [
              "-",
              "",
              "o"
            ],
            [
              " ",
              "",
              ""
            ],
            [
              "4",
              "",
              "mi"
            ],
            [
              "/",
              "",
              "o"
            ],
            [
              "x",
              "numpy.ndarray",
              ""
            ],
            [
              " ",
              "",
              ""
            ],
            [
              "*",
              "",
              "o"
            ],
            [
              " ",
              "",
              ""
            ],
            [
              "spherical_in",
              "scipy.special._spherical_bessel.spherical_in",
              ""
            ],
            [
              "(",
              "",
              ""
            ],
            [
              "3",
              "",
              "mi"
            ],
            [
              ",",
              "",
              ""
            ],
            [
              " ",
              "",
              ""
            ],
            [
              "x",
              "numpy.ndarray",
              ""
            ],
            [
              ")",
              "",
              ""
            ],
            [
              ")",
              "",
              ""
            ]
          ],
          "out": "True"
        },
        "type": "Code"
      },
      {
        "data": {
          "inline": [
            {
              "data": {
                "value": "The first few "
              },
              "type": "Words"
            },
            {
              "data": {
                "value": [
                  "i_n"
                ]
              },
              "type": "Math"
            },
            {
              "data": {
                "value": " with real argument:"
              },
              "type": "Words"
            }
          ],
          "inner": []
        },
        "type": "Paragraph"
      },
      {
        "data": {
          "ce_status": "execed",
          "entries": [
            [
              "import",
              null,
              "kn"
            ],
            [
              " ",
              "",
              ""
            ],
            [
              "matplotlib",
              "matplotlib",
              "nn"
            ],
            [
              ".",
              "",
              "nn"
            ],
            [
              "pyplot",
              "matplotlib.pyplot",
              "nn"
            ],
            [
              " ",
              "",
              ""
            ],
            [
              "as",
              null,
              "k"
            ],
            [
              " ",
              "",
              ""
            ],
            [
              "plt",
              "matplotlib.pyplot",
              "nn"
            ],
            [
              "\n",
              "",
              ""
            ],
            [
              "from",
              null,
              "kn"
            ],
            [
              " ",
              "",
              ""
            ],
            [
              "scipy",
              "scipy",
              "nn"
            ],
            [
              ".",
              "",
              "nn"
            ],
            [
              "special",
              "scipy.special",
              "nn"
            ],
            [
              " ",
              "",
              ""
            ],
            [
              "import",
              null,
              "kn"
            ],
            [
              " ",
              "",
              ""
            ],
            [
              "spherical_in",
              "scipy.special._spherical_bessel.spherical_in",
              ""
            ],
            [
              "\n",
              "",
              ""
            ],
            [
              "x",
              "numpy.ndarray",
              ""
            ],
            [
              " ",
              "",
              ""
            ],
            [
              "=",
              "",
              "o"
            ],
            [
              " ",
              "",
              ""
            ],
            [
              "np",
              "numpy",
              ""
            ],
            [
              ".",
              "",
              "o"
            ],
            [
              "arange",
              "numpy.arange",
              ""
            ],
            [
              "(",
              "",
              ""
            ],
            [
              "0.0",
              "",
              "mf"
            ],
            [
              ",",
              "",
              ""
            ],
            [
              " ",
              "",
              ""
            ],
            [
              "6.0",
              "",
              "mf"
            ],
            [
              ",",
              "",
              ""
            ],
            [
              " ",
              "",
              ""
            ],
            [
              "0.01",
              "",
              "mf"
            ],
            [
              ")",
              "",
              ""
            ],
            [
              "\n",
              "",
              ""
            ],
            [
              "fig",
              "builtins.int",
              ""
            ],
            [
              ",",
              "",
              ""
            ],
            [
              " ",
              "",
              ""
            ],
            [
              "ax",
              null,
              ""
            ],
            [
              " ",
              "",
              ""
            ],
            [
              "=",
              "",
              "o"
            ],
            [
              " ",
              "",
              ""
            ],
            [
              "plt",
              "matplotlib.pyplot",
              ""
            ],
            [
              ".",
              "",
              "o"
            ],
            [
              "subplots",
              "matplotlib.pyplot.subplots",
              ""
            ],
            [
              "(",
              "",
              ""
            ],
            [
              ")",
              "",
              ""
            ],
            [
              "\n",
              "",
              ""
            ],
            [
              "ax",
              "matplotlib.axes._subplots.AxesSubplot",
              ""
            ],
            [
              ".",
              "",
              "o"
            ],
            [
              "set_ylim",
              "matplotlib.axes._base._AxesBase.set_ylim",
              ""
            ],
            [
              "(",
              "",
              ""
            ],
            [
              "-",
              "",
              "o"
            ],
            [
              "0.5",
              "",
              "mf"
            ],
            [
              ",",
              "",
              ""
            ],
            [
              " ",
              "",
              ""
            ],
            [
              "5.0",
              "",
              "mf"
            ],
            [
              ")",
              "",
              ""
            ],
            [
              "\n",
              "",
              ""
            ],
            [
              "ax",
              "matplotlib.axes._subplots.AxesSubplot",
              ""
            ],
            [
              ".",
              "",
              "o"
            ],
            [
              "set_title",
              "matplotlib.axes._axes.Axes.set_title",
              ""
            ],
            [
              "(",
              "",
              ""
            ],
            [
              "r",
              "builtins.str",
              "sa"
            ],
            [
              "'",
              "",
              "s1"
            ],
            [
              "Modified spherical Bessel functions $i_n$",
              "",
              "s1"
            ],
            [
              "'",
              "",
              "s1"
            ],
            [
              ")",
              "",
              ""
            ],
            [
              "\n",
              "",
              ""
            ],
            [
              "for",
              null,
              "k"
            ],
            [
              " ",
              "",
              ""
            ],
            [
              "n",
              null,
              ""
            ],
            [
              " ",
              "",
              ""
            ],
            [
              "in",
              null,
              "ow"
            ],
            [
              " ",
              "",
              ""
            ],
            [
              "np",
              "numpy",
              ""
            ],
            [
              ".",
              "",
              "o"
            ],
            [
              "arange",
              "numpy.arange",
              ""
            ],
            [
              "(",
              "",
              ""
            ],
            [
              "0",
              "",
              "mi"
            ],
            [
              ",",
              "",
              ""
            ],
            [
              " ",
              "",
              ""
            ],
            [
              "4",
              "",
              "mi"
            ],
            [
              ")",
              "",
              ""
            ],
            [
              ":",
              "",
              ""
            ],
            [
              "\n",
              "",
              ""
            ],
            [
              "    ",
              "",
              ""
            ],
            [
              "ax",
              "matplotlib.axes._subplots.AxesSubplot",
              ""
            ],
            [
              ".",
              "",
              "o"
            ],
            [
              "plot",
              "matplotlib.axes._axes.Axes.plot",
              ""
            ],
            [
              "(",
              "",
              ""
            ],
            [
              "x",
              "numpy.ndarray",
              ""
            ],
            [
              ",",
              "",
              ""
            ],
            [
              " ",
              "",
              ""
            ],
            [
              "spherical_in",
              "scipy.special._spherical_bessel.spherical_in",
              ""
            ],
            [
              "(",
              "",
              ""
            ],
            [
              "n",
              "numpy.signedinteger",
              ""
            ],
            [
              ",",
              "",
              ""
            ],
            [
              " ",
              "",
              ""
            ],
            [
              "x",
              "numpy.ndarray",
              ""
            ],
            [
              ")",
              "",
              ""
            ],
            [
              ",",
              "",
              ""
            ],
            [
              " ",
              "",
              ""
            ],
            [
              "label",
              null,
              ""
            ],
            [
              "=",
              "",
              "o"
            ],
            [
              "rf",
              null,
              "sa"
            ],
            [
              "'",
              "",
              "s1"
            ],
            [
              "$i_",
              "",
              "s1"
            ],
            [
              "{",
              "",
              "si"
            ],
            [
              "n",
              "numpy.signedinteger",
              ""
            ],
            [
              "}",
              "",
              "si"
            ],
            [
              "$",
              "",
              "s1"
            ],
            [
              "'",
              "",
              "s1"
            ],
            [
              ")",
              "",
              ""
            ],
            [
              "\n",
              "",
              ""
            ],
            [
              "plt",
              "matplotlib.pyplot",
              ""
            ],
            [
              ".",
              "",
              "o"
            ],
            [
              "legend",
              "matplotlib.pyplot.legend",
              ""
            ],
            [
              "(",
              "",
              ""
            ],
            [
              "loc",
              null,
              ""
            ],
            [
              "=",
              "",
              "o"
            ],
            [
              "'",
              "",
              "s1"
            ],
            [
              "best",
              null,
              "s1"
            ],
            [
              "'",
              "",
              "s1"
            ],
            [
              ")",
              "",
              ""
            ],
            [
              "\n",
              "",
              ""
            ],
            [
              "plt",
              "matplotlib.pyplot",
              ""
            ],
            [
              ".",
              "",
              "o"
            ],
            [
              "show",
              "matplotlib.pyplot.show",
              ""
            ],
            [
              "(",
              "",
              ""
            ],
            [
              ")",
              "",
              ""
            ]
          ],
          "out": ""
        },
        "type": "Code"
      },
      {
        "data": {
          "value": "fig-scipy.special._spherical_bessel.spherical_in-0.png"
        },
        "type": "Fig"
      }
    ],
    "title": null
  },
  "item_file": "/scipy/special/_spherical_bessel.py",
  "item_line": 182,
  "item_type": "<class 'function'>",
  "ordered_sections": [
    "Summary",
    "Extended Summary",
    "Parameters",
    "Returns",
    "Notes",
    "References",
    "Examples"
  ],
  "references": null,
  "refs": [
    "builtins.complex",
    "builtins.int",
    "builtins.str",
    "builtins.type",
    "matplotlib",
    "matplotlib.axes._axes.Axes.plot",
    "matplotlib.axes._axes.Axes.set_title",
    "matplotlib.axes._base._AxesBase.set_ylim",
    "matplotlib.axes._subplots.AxesSubplot",
    "matplotlib.pyplot",
    "matplotlib.pyplot.legend",
    "matplotlib.pyplot.show",
    "matplotlib.pyplot.subplots",
    "numpy",
    "numpy.allclose",
    "numpy.arange",
    "numpy.ndarray",
    "numpy.signedinteger",
    "scipy",
    "scipy.special",
    "scipy.special._spherical_bessel.spherical_in"
  ],
  "see_also": [],
  "signature": {
    "value": "spherical_in(n, z, derivative=False)"
  }
}