{
  "_content": {
    "Attributes": {
      "children": [],
      "title": null
    },
    "Extended Summary": {
      "children": [
        {
          "data": {
            "children": [
              {
                "data": {
                  "value": "Note that this method is not thread-safe."
                },
                "type": "Words"
              }
            ]
          },
          "type": "Paragraph"
        },
        {
          "data": {
            "children": [
              {
                "data": {
                  "children": [
                    {
                      "data": {
                        "value": "We caution library authors against using this function in their code. We do "
                      },
                      "type": "Words"
                    },
                    {
                      "data": {
                        "value": {
                          "value": "not"
                        }
                      },
                      "type": "Emph"
                    },
                    {
                      "data": {
                        "value": " support this use-case. This function is meant to be used only by users themselves, or by a reference implementation, if one exists."
                      },
                      "type": "Words"
                    }
                  ]
                },
                "type": "Paragraph"
              }
            ],
            "kind": "warning",
            "title": ""
          },
          "type": "Admonition"
        }
      ],
      "title": null
    },
    "Methods": {
      "children": [],
      "title": null
    },
    "Notes": {
      "children": [],
      "title": null
    },
    "Other Parameters": {
      "children": [],
      "title": null
    },
    "Parameters": {
      "children": [
        {
          "data": {
            "desc": [
              {
                "data": {
                  "children": [
                    {
                      "data": {
                        "value": "The backend to register."
                      },
                      "type": "Words"
                    }
                  ]
                },
                "type": "Paragraph"
              }
            ],
            "param": "backend",
            "type_": ""
          },
          "type": "Param"
        },
        {
          "data": {
            "desc": [
              {
                "data": {
                  "children": [
                    {
                      "data": {
                        "value": "Whether to coerce input types when trying this backend."
                      },
                      "type": "Words"
                    }
                  ]
                },
                "type": "Paragraph"
              }
            ],
            "param": "coerce",
            "type_": "bool"
          },
          "type": "Param"
        },
        {
          "data": {
            "desc": [
              {
                "data": {
                  "children": [
                    {
                      "data": {
                        "value": "If "
                      },
                      "type": "Words"
                    },
                    {
                      "data": {
                        "value": [
                          "True"
                        ]
                      },
                      "type": "Verbatim"
                    },
                    {
                      "data": {
                        "value": ", no more backends will be tried if this fails. Implied by "
                      },
                      "type": "Words"
                    },
                    {
                      "data": {
                        "value": [
                          "coerce=True"
                        ]
                      },
                      "type": "Verbatim"
                    },
                    {
                      "data": {
                        "value": "."
                      },
                      "type": "Words"
                    }
                  ]
                },
                "type": "Paragraph"
              }
            ],
            "param": "only",
            "type_": "bool"
          },
          "type": "Param"
        },
        {
          "data": {
            "desc": [
              {
                "data": {
                  "children": [
                    {
                      "data": {
                        "value": "If "
                      },
                      "type": "Words"
                    },
                    {
                      "data": {
                        "value": [
                          "True"
                        ]
                      },
                      "type": "Verbatim"
                    },
                    {
                      "data": {
                        "value": ", the global backend is tried after registered backends."
                      },
                      "type": "Words"
                    }
                  ]
                },
                "type": "Paragraph"
              }
            ],
            "param": "try_last",
            "type_": "bool"
          },
          "type": "Param"
        }
      ],
      "title": null
    },
    "Raises": {
      "children": [],
      "title": null
    },
    "Receives": {
      "children": [],
      "title": null
    },
    "Returns": {
      "children": [],
      "title": null
    },
    "Summary": {
      "children": [
        {
          "data": {
            "children": [
              {
                "data": {
                  "value": "This utility method replaces the default backend for permanent use. It will be tried in the list of backends automatically, unless the "
                },
                "type": "Words"
              },
              {
                "data": {
                  "value": [
                    "only"
                  ]
                },
                "type": "Verbatim"
              },
              {
                "data": {
                  "value": " flag is set on a backend. This will be the first tried backend outside the "
                },
                "type": "Words"
              },
              {
                "data": {
                  "value": [
                    "set_backend"
                  ]
                },
                "type": "Verbatim"
              },
              {
                "data": {
                  "value": " context manager."
                },
                "type": "Words"
              }
            ]
          },
          "type": "Paragraph"
        }
      ],
      "title": null
    },
    "Warnings": {
      "children": [],
      "title": null
    },
    "Warns": {
      "children": [],
      "title": null
    },
    "Yields": {
      "children": [],
      "title": null
    }
  },
  "aliases": [
    "scipy.signal._filter_design.sp_fft._backend.ua.set_global_backend"
  ],
  "arbitrary": [],
  "example_section_data": {
    "children": [],
    "title": null
  },
  "item_file": "/scipy/_lib/_uarray/_backend.py",
  "item_line": 325,
  "item_type": "<class 'function'>",
  "ordered_sections": [
    "Summary",
    "Extended Summary",
    "Parameters",
    "See Also"
  ],
  "references": null,
  "refs": [
    "set_backend",
    "skip_backend"
  ],
  "see_also": [
    {
      "descriptions": [
        {
          "children": [
            {
              "data": {
                "value": "A context manager that allows setting of backends."
              },
              "type": "Words"
            }
          ]
        }
      ],
      "name": {
        "exists": true,
        "name": "set_backend",
        "ref": "scipy._lib._uarray._backend.set_backend"
      },
      "type": null
    },
    {
      "descriptions": [
        {
          "children": [
            {
              "data": {
                "value": "A context manager that allows skipping of backends."
              },
              "type": "Words"
            }
          ]
        }
      ],
      "name": {
        "exists": true,
        "name": "skip_backend",
        "ref": "scipy._lib._uarray._backend.skip_backend"
      },
      "type": null
    }
  ],
  "signature": {
    "value": "set_global_backend(backend, coerce=False, only=False, *, try_last=False)"
  }
}