{
  "_content": {
    "Attributes": {
      "children": [],
      "title": null
    },
    "Extended Summary": {
      "children": [
        {
          "data": {
            "children": [
              {
                "data": {
                  "value": "A column-wise Kronecker product of two matrices"
                },
                "type": "Words"
              }
            ]
          },
          "type": "Paragraph"
        }
      ],
      "title": null
    },
    "Methods": {
      "children": [],
      "title": null
    },
    "Notes": {
      "children": [
        {
          "data": {
            "children": [
              {
                "data": {
                  "value": "The mathematical definition of the Khatri-Rao product is:"
                },
                "type": "Words"
              }
            ]
          },
          "type": "Paragraph"
        },
        {
          "data": {
            "value": "(A_{ij}  \\bigotimes B_{ij})_{ij}"
          },
          "type": "BlockMath"
        },
        {
          "data": {
            "children": [
              {
                "data": {
                  "value": "which is the Kronecker product of every column of A and B, e.g.::      "
                },
                "type": "Words"
              }
            ]
          },
          "type": "Paragraph"
        },
        {
          "data": {
            "value": "c = np.vstack([np.kron(a[:, k], b[:, k]) for k in range(b.shape[1])]).T"
          },
          "type": "BlockVerbatim"
        }
      ],
      "title": null
    },
    "Other Parameters": {
      "children": [],
      "title": null
    },
    "Parameters": {
      "children": [
        {
          "data": {
            "children": [
              {
                "desc": [
                  {
                    "data": {
                      "children": [
                        {
                          "data": {
                            "value": "Input array"
                          },
                          "type": "Words"
                        }
                      ]
                    },
                    "type": "Paragraph"
                  }
                ],
                "param": "a:  (n, k) array_like",
                "type_": ""
              },
              {
                "desc": [
                  {
                    "data": {
                      "children": [
                        {
                          "data": {
                            "value": "Input array"
                          },
                          "type": "Words"
                        }
                      ]
                    },
                    "type": "Paragraph"
                  }
                ],
                "param": "b:  (m, k) array_like",
                "type_": ""
              }
            ]
          },
          "type": "Parameters"
        }
      ],
      "title": null
    },
    "Raises": {
      "children": [],
      "title": null
    },
    "Receives": {
      "children": [],
      "title": null
    },
    "Returns": {
      "children": [
        {
          "data": {
            "children": [
              {
                "desc": [
                  {
                    "data": {
                      "children": [
                        {
                          "data": {
                            "value": "Khatri-rao product of "
                          },
                          "type": "Words"
                        },
                        {
                          "data": {
                            "exists": true,
                            "kind": "local",
                            "reference": {
                              "kind": "local",
                              "module": null,
                              "path": "a",
                              "version": null
                            },
                            "value": "a"
                          },
                          "type": "Link"
                        },
                        {
                          "data": {
                            "value": " and "
                          },
                          "type": "Words"
                        },
                        {
                          "data": {
                            "exists": true,
                            "kind": "local",
                            "reference": {
                              "kind": "local",
                              "module": null,
                              "path": "b",
                              "version": null
                            },
                            "value": "b"
                          },
                          "type": "Link"
                        },
                        {
                          "data": {
                            "value": "."
                          },
                          "type": "Words"
                        }
                      ]
                    },
                    "type": "Paragraph"
                  }
                ],
                "param": "",
                "type_": "c:  (n*m, k) ndarray"
              }
            ]
          },
          "type": "Parameters"
        }
      ],
      "title": null
    },
    "Summary": {
      "children": [
        {
          "data": {
            "children": [
              {
                "data": {
                  "value": "Khatri-rao product"
                },
                "type": "Words"
              }
            ]
          },
          "type": "Paragraph"
        }
      ],
      "title": null
    },
    "Warnings": {
      "children": [],
      "title": null
    },
    "Warns": {
      "children": [],
      "title": null
    },
    "Yields": {
      "children": [],
      "title": null
    }
  },
  "aliases": [
    "scipy.signal._lti_conversion.linalg.khatri_rao"
  ],
  "arbitrary": [],
  "example_section_data": {
    "children": [
      {
        "data": {
          "ce_status": "execed",
          "entries": [
            {
              "link": {
                "data": "from",
                "type": "str"
              },
              "type": "kn"
            },
            {
              "link": {
                "data": " ",
                "type": "str"
              },
              "type": ""
            },
            {
              "link": {
                "data": {
                  "exists": true,
                  "kind": "module",
                  "reference": {
                    "kind": "module",
                    "module": "scipy",
                    "path": "scipy",
                    "version": "1.8.0"
                  },
                  "value": "scipy"
                },
                "type": "Link"
              },
              "type": "nn"
            },
            {
              "link": {
                "data": " ",
                "type": "str"
              },
              "type": ""
            },
            {
              "link": {
                "data": "import",
                "type": "str"
              },
              "type": "kn"
            },
            {
              "link": {
                "data": " ",
                "type": "str"
              },
              "type": ""
            },
            {
              "link": {
                "data": {
                  "exists": true,
                  "kind": "module",
                  "reference": {
                    "kind": "module",
                    "module": "scipy",
                    "path": "scipy.linalg",
                    "version": "1.8.0"
                  },
                  "value": "linalg"
                },
                "type": "Link"
              },
              "type": ""
            },
            {
              "link": {
                "data": "\n",
                "type": "str"
              },
              "type": ""
            },
            {
              "link": {
                "data": {
                  "exists": true,
                  "kind": "module",
                  "reference": {
                    "kind": "module",
                    "module": "numpy",
                    "path": "numpy.ndarray",
                    "version": "*"
                  },
                  "value": "a"
                },
                "type": "Link"
              },
              "type": ""
            },
            {
              "link": {
                "data": " ",
                "type": "str"
              },
              "type": ""
            },
            {
              "link": {
                "data": "=",
                "type": "str"
              },
              "type": "o"
            },
            {
              "link": {
                "data": " ",
                "type": "str"
              },
              "type": ""
            },
            {
              "link": {
                "data": {
                  "exists": true,
                  "kind": "module",
                  "reference": {
                    "kind": "module",
                    "module": "numpy",
                    "path": "numpy",
                    "version": "*"
                  },
                  "value": "np"
                },
                "type": "Link"
              },
              "type": ""
            },
            {
              "link": {
                "data": ".",
                "type": "str"
              },
              "type": "o"
            },
            {
              "link": {
                "data": {
                  "exists": true,
                  "kind": "module",
                  "reference": {
                    "kind": "module",
                    "module": "numpy",
                    "path": "numpy.array",
                    "version": "*"
                  },
                  "value": "array"
                },
                "type": "Link"
              },
              "type": ""
            },
            {
              "link": {
                "data": "(",
                "type": "str"
              },
              "type": ""
            },
            {
              "link": {
                "data": "[",
                "type": "str"
              },
              "type": ""
            },
            {
              "link": {
                "data": "[",
                "type": "str"
              },
              "type": ""
            },
            {
              "link": {
                "data": "1",
                "type": "str"
              },
              "type": "mi"
            },
            {
              "link": {
                "data": ",",
                "type": "str"
              },
              "type": ""
            },
            {
              "link": {
                "data": " ",
                "type": "str"
              },
              "type": ""
            },
            {
              "link": {
                "data": "2",
                "type": "str"
              },
              "type": "mi"
            },
            {
              "link": {
                "data": ",",
                "type": "str"
              },
              "type": ""
            },
            {
              "link": {
                "data": " ",
                "type": "str"
              },
              "type": ""
            },
            {
              "link": {
                "data": "3",
                "type": "str"
              },
              "type": "mi"
            },
            {
              "link": {
                "data": "]",
                "type": "str"
              },
              "type": ""
            },
            {
              "link": {
                "data": ",",
                "type": "str"
              },
              "type": ""
            },
            {
              "link": {
                "data": " ",
                "type": "str"
              },
              "type": ""
            },
            {
              "link": {
                "data": "[",
                "type": "str"
              },
              "type": ""
            },
            {
              "link": {
                "data": "4",
                "type": "str"
              },
              "type": "mi"
            },
            {
              "link": {
                "data": ",",
                "type": "str"
              },
              "type": ""
            },
            {
              "link": {
                "data": " ",
                "type": "str"
              },
              "type": ""
            },
            {
              "link": {
                "data": "5",
                "type": "str"
              },
              "type": "mi"
            },
            {
              "link": {
                "data": ",",
                "type": "str"
              },
              "type": ""
            },
            {
              "link": {
                "data": " ",
                "type": "str"
              },
              "type": ""
            },
            {
              "link": {
                "data": "6",
                "type": "str"
              },
              "type": "mi"
            },
            {
              "link": {
                "data": "]",
                "type": "str"
              },
              "type": ""
            },
            {
              "link": {
                "data": "]",
                "type": "str"
              },
              "type": ""
            },
            {
              "link": {
                "data": ")",
                "type": "str"
              },
              "type": ""
            },
            {
              "link": {
                "data": "\n",
                "type": "str"
              },
              "type": ""
            },
            {
              "link": {
                "data": {
                  "exists": true,
                  "kind": "module",
                  "reference": {
                    "kind": "module",
                    "module": "numpy",
                    "path": "numpy.ndarray",
                    "version": "*"
                  },
                  "value": "b"
                },
                "type": "Link"
              },
              "type": ""
            },
            {
              "link": {
                "data": " ",
                "type": "str"
              },
              "type": ""
            },
            {
              "link": {
                "data": "=",
                "type": "str"
              },
              "type": "o"
            },
            {
              "link": {
                "data": " ",
                "type": "str"
              },
              "type": ""
            },
            {
              "link": {
                "data": {
                  "exists": true,
                  "kind": "module",
                  "reference": {
                    "kind": "module",
                    "module": "numpy",
                    "path": "numpy",
                    "version": "*"
                  },
                  "value": "np"
                },
                "type": "Link"
              },
              "type": ""
            },
            {
              "link": {
                "data": ".",
                "type": "str"
              },
              "type": "o"
            },
            {
              "link": {
                "data": {
                  "exists": true,
                  "kind": "module",
                  "reference": {
                    "kind": "module",
                    "module": "numpy",
                    "path": "numpy.array",
                    "version": "*"
                  },
                  "value": "array"
                },
                "type": "Link"
              },
              "type": ""
            },
            {
              "link": {
                "data": "(",
                "type": "str"
              },
              "type": ""
            },
            {
              "link": {
                "data": "[",
                "type": "str"
              },
              "type": ""
            },
            {
              "link": {
                "data": "[",
                "type": "str"
              },
              "type": ""
            },
            {
              "link": {
                "data": "3",
                "type": "str"
              },
              "type": "mi"
            },
            {
              "link": {
                "data": ",",
                "type": "str"
              },
              "type": ""
            },
            {
              "link": {
                "data": " ",
                "type": "str"
              },
              "type": ""
            },
            {
              "link": {
                "data": "4",
                "type": "str"
              },
              "type": "mi"
            },
            {
              "link": {
                "data": ",",
                "type": "str"
              },
              "type": ""
            },
            {
              "link": {
                "data": " ",
                "type": "str"
              },
              "type": ""
            },
            {
              "link": {
                "data": "5",
                "type": "str"
              },
              "type": "mi"
            },
            {
              "link": {
                "data": "]",
                "type": "str"
              },
              "type": ""
            },
            {
              "link": {
                "data": ",",
                "type": "str"
              },
              "type": ""
            },
            {
              "link": {
                "data": " ",
                "type": "str"
              },
              "type": ""
            },
            {
              "link": {
                "data": "[",
                "type": "str"
              },
              "type": ""
            },
            {
              "link": {
                "data": "6",
                "type": "str"
              },
              "type": "mi"
            },
            {
              "link": {
                "data": ",",
                "type": "str"
              },
              "type": ""
            },
            {
              "link": {
                "data": " ",
                "type": "str"
              },
              "type": ""
            },
            {
              "link": {
                "data": "7",
                "type": "str"
              },
              "type": "mi"
            },
            {
              "link": {
                "data": ",",
                "type": "str"
              },
              "type": ""
            },
            {
              "link": {
                "data": " ",
                "type": "str"
              },
              "type": ""
            },
            {
              "link": {
                "data": "8",
                "type": "str"
              },
              "type": "mi"
            },
            {
              "link": {
                "data": "]",
                "type": "str"
              },
              "type": ""
            },
            {
              "link": {
                "data": ",",
                "type": "str"
              },
              "type": ""
            },
            {
              "link": {
                "data": " ",
                "type": "str"
              },
              "type": ""
            },
            {
              "link": {
                "data": "[",
                "type": "str"
              },
              "type": ""
            },
            {
              "link": {
                "data": "2",
                "type": "str"
              },
              "type": "mi"
            },
            {
              "link": {
                "data": ",",
                "type": "str"
              },
              "type": ""
            },
            {
              "link": {
                "data": " ",
                "type": "str"
              },
              "type": ""
            },
            {
              "link": {
                "data": "3",
                "type": "str"
              },
              "type": "mi"
            },
            {
              "link": {
                "data": ",",
                "type": "str"
              },
              "type": ""
            },
            {
              "link": {
                "data": " ",
                "type": "str"
              },
              "type": ""
            },
            {
              "link": {
                "data": "9",
                "type": "str"
              },
              "type": "mi"
            },
            {
              "link": {
                "data": "]",
                "type": "str"
              },
              "type": ""
            },
            {
              "link": {
                "data": "]",
                "type": "str"
              },
              "type": ""
            },
            {
              "link": {
                "data": ")",
                "type": "str"
              },
              "type": ""
            },
            {
              "link": {
                "data": "\n",
                "type": "str"
              },
              "type": ""
            },
            {
              "link": {
                "data": {
                  "exists": true,
                  "kind": "module",
                  "reference": {
                    "kind": "module",
                    "module": "scipy",
                    "path": "scipy.linalg",
                    "version": "1.8.0"
                  },
                  "value": "linalg"
                },
                "type": "Link"
              },
              "type": ""
            },
            {
              "link": {
                "data": ".",
                "type": "str"
              },
              "type": "o"
            },
            {
              "link": {
                "data": {
                  "exists": true,
                  "kind": "module",
                  "reference": {
                    "kind": "module",
                    "module": "scipy",
                    "path": "scipy.linalg._matfuncs.khatri_rao",
                    "version": "1.8.0"
                  },
                  "value": "khatri_rao"
                },
                "type": "Link"
              },
              "type": ""
            },
            {
              "link": {
                "data": "(",
                "type": "str"
              },
              "type": ""
            },
            {
              "link": {
                "data": {
                  "exists": true,
                  "kind": "module",
                  "reference": {
                    "kind": "module",
                    "module": "numpy",
                    "path": "numpy.ndarray",
                    "version": "*"
                  },
                  "value": "a"
                },
                "type": "Link"
              },
              "type": ""
            },
            {
              "link": {
                "data": ",",
                "type": "str"
              },
              "type": ""
            },
            {
              "link": {
                "data": " ",
                "type": "str"
              },
              "type": ""
            },
            {
              "link": {
                "data": {
                  "exists": true,
                  "kind": "module",
                  "reference": {
                    "kind": "module",
                    "module": "numpy",
                    "path": "numpy.ndarray",
                    "version": "*"
                  },
                  "value": "b"
                },
                "type": "Link"
              },
              "type": ""
            },
            {
              "link": {
                "data": ")",
                "type": "str"
              },
              "type": ""
            }
          ],
          "out": "array([[ 3,  8, 15],\n       [ 6, 14, 24],\n       [ 2,  6, 27],\n       [12, 20, 30],\n       [24, 35, 48],\n       [ 8, 15, 54]])"
        },
        "type": "Code2"
      }
    ],
    "title": null
  },
  "item_file": "/scipy/linalg/_matfuncs.py",
  "item_line": 672,
  "item_type": "<class 'function'>",
  "ordered_sections": [
    "Summary",
    "Extended Summary",
    "Parameters",
    "Returns",
    "Notes",
    "See Also",
    "Examples"
  ],
  "references": null,
  "see_also": [
    {
      "descriptions": [
        {
          "children": [
            {
              "data": {
                "value": "Kronecker product"
              },
              "type": "Words"
            }
          ]
        }
      ],
      "name": {
        "exists": true,
        "kind": "module",
        "reference": {
          "kind": "to-resolve",
          "module": "current-module",
          "path": "kron",
          "version": "current-version"
        },
        "value": "kron"
      },
      "type": null
    }
  ],
  "signature": {
    "value": "khatri_rao(a, b)"
  }
}