{
  "_content": {
    "Attributes": {
      "children": [],
      "title": null
    },
    "Extended Summary": {
      "children": [
        {
          "data": {
            "children": [
              {
                "data": {
                  "value": "Minimize::      "
                },
                "type": "Words"
              }
            ]
          },
          "type": "Paragraph"
        },
        {
          "data": {
            "value": "c @ x"
          },
          "type": "BlockVerbatim"
        },
        {
          "data": {
            "children": [
              {
                "data": {
                  "value": "Subject to::      "
                },
                "type": "Words"
              }
            ]
          },
          "type": "Paragraph"
        },
        {
          "data": {
            "value": "A_ub @ x <= b_ub\nA_eq @ x == b_eq\n lb <= x <= ub"
          },
          "type": "BlockVerbatim"
        },
        {
          "data": {
            "children": [
              {
                "data": {
                  "value": "where "
                },
                "type": "Words"
              },
              {
                "data": {
                  "value": [
                    "lb = 0"
                  ]
                },
                "type": "Verbatim"
              },
              {
                "data": {
                  "value": " and "
                },
                "type": "Words"
              },
              {
                "data": {
                  "value": [
                    "ub = None"
                  ]
                },
                "type": "Verbatim"
              },
              {
                "data": {
                  "value": " unless set in "
                },
                "type": "Words"
              },
              {
                "data": {
                  "value": [
                    "bounds"
                  ]
                },
                "type": "Verbatim"
              },
              {
                "data": {
                  "value": "."
                },
                "type": "Words"
              }
            ]
          },
          "type": "Paragraph"
        },
        {
          "data": {
            "children": [
              {
                "data": {
                  "value": "Return the problem in standard form:"
                },
                "type": "Words"
              }
            ]
          },
          "type": "Paragraph"
        },
        {
          "data": {
            "children": [
              {
                "data": {
                  "value": "Minimize::      "
                },
                "type": "Words"
              }
            ]
          },
          "type": "Paragraph"
        },
        {
          "data": {
            "value": "c @ x"
          },
          "type": "BlockVerbatim"
        },
        {
          "data": {
            "children": [
              {
                "data": {
                  "value": "Subject to::      "
                },
                "type": "Words"
              }
            ]
          },
          "type": "Paragraph"
        },
        {
          "data": {
            "value": "A @ x == b\n    x >= 0"
          },
          "type": "BlockVerbatim"
        },
        {
          "data": {
            "children": [
              {
                "data": {
                  "value": "by adding slack variables and making variable substitutions as necessary."
                },
                "type": "Words"
              }
            ]
          },
          "type": "Paragraph"
        }
      ],
      "title": null
    },
    "Methods": {
      "children": [],
      "title": null
    },
    "Notes": {
      "children": [],
      "title": null
    },
    "Other Parameters": {
      "children": [],
      "title": null
    },
    "Parameters": {
      "children": [
        {
          "data": {
            "children": [
              {
                "desc": [
                  {
                    "data": {
                      "children": [
                        {
                          "dd": [
                            {
                              "data": {
                                "children": [
                                  {
                                    "data": {
                                      "value": "c"
                                    },
                                    "type": "Words"
                                  }
                                ]
                              },
                              "type": "Paragraph"
                            }
                          ],
                          "dt": {
                            "children": [
                              {
                                "data": {
                                  "value": "c"
                                },
                                "type": "Words"
                              }
                            ]
                          }
                        },
                        {
                          "dd": [
                            {
                              "data": {
                                "children": [
                                  {
                                    "data": {
                                      "value": "A_ub"
                                    },
                                    "type": "Words"
                                  }
                                ]
                              },
                              "type": "Paragraph"
                            }
                          ],
                          "dt": {
                            "children": [
                              {
                                "data": {
                                  "value": "A_ub"
                                },
                                "type": "Words"
                              }
                            ]
                          }
                        },
                        {
                          "dd": [
                            {
                              "data": {
                                "children": [
                                  {
                                    "data": {
                                      "value": "b_ub"
                                    },
                                    "type": "Words"
                                  }
                                ]
                              },
                              "type": "Paragraph"
                            }
                          ],
                          "dt": {
                            "children": [
                              {
                                "data": {
                                  "value": "b_ub"
                                },
                                "type": "Words"
                              }
                            ]
                          }
                        },
                        {
                          "dd": [
                            {
                              "data": {
                                "children": [
                                  {
                                    "data": {
                                      "value": "A_eq"
                                    },
                                    "type": "Words"
                                  }
                                ]
                              },
                              "type": "Paragraph"
                            }
                          ],
                          "dt": {
                            "children": [
                              {
                                "data": {
                                  "value": "A_eq"
                                },
                                "type": "Words"
                              }
                            ]
                          }
                        },
                        {
                          "dd": [
                            {
                              "data": {
                                "children": [
                                  {
                                    "data": {
                                      "value": "b_eq"
                                    },
                                    "type": "Words"
                                  }
                                ]
                              },
                              "type": "Paragraph"
                            }
                          ],
                          "dt": {
                            "children": [
                              {
                                "data": {
                                  "value": "b_eq"
                                },
                                "type": "Words"
                              }
                            ]
                          }
                        },
                        {
                          "dd": [
                            {
                              "data": {
                                "children": [
                                  {
                                    "data": {
                                      "value": "bounds"
                                    },
                                    "type": "Words"
                                  }
                                ]
                              },
                              "type": "Paragraph"
                            }
                          ],
                          "dt": {
                            "children": [
                              {
                                "data": {
                                  "value": "bounds"
                                },
                                "type": "Words"
                              }
                            ]
                          }
                        },
                        {
                          "dd": [
                            {
                              "data": {
                                "children": [
                                  {
                                    "data": {
                                      "value": "x0"
                                    },
                                    "type": "Words"
                                  }
                                ]
                              },
                              "type": "Paragraph"
                            }
                          ],
                          "dt": {
                            "children": [
                              {
                                "data": {
                                  "value": "x0"
                                },
                                "type": "Words"
                              }
                            ]
                          }
                        }
                      ]
                    },
                    "type": "DefList"
                  }
                ],
                "param": "lp",
                "type_": "A `scipy.optimize._linprog_util._LPProblem` consisting of the following fields:"
              },
              {
                "desc": [
                  {
                    "data": {
                      "children": [
                        {
                          "data": {
                            "value": "Constant term in objective function due to fixed (and eliminated) variables."
                          },
                          "type": "Words"
                        }
                      ]
                    },
                    "type": "Paragraph"
                  }
                ],
                "param": "c0",
                "type_": "float"
              }
            ]
          },
          "type": "Parameters"
        }
      ],
      "title": null
    },
    "Raises": {
      "children": [],
      "title": null
    },
    "Receives": {
      "children": [],
      "title": null
    },
    "Returns": {
      "children": [
        {
          "data": {
            "children": [
              {
                "desc": [
                  {
                    "data": {
                      "children": [
                        {
                          "data": {
                            "value": "2-D array such that "
                          },
                          "type": "Words"
                        },
                        {
                          "data": {
                            "value": [
                              "A"
                            ]
                          },
                          "type": "Verbatim"
                        },
                        {
                          "data": {
                            "value": " @ "
                          },
                          "type": "Words"
                        },
                        {
                          "data": {
                            "value": [
                              "x"
                            ]
                          },
                          "type": "Verbatim"
                        },
                        {
                          "data": {
                            "value": ", gives the values of the equality constraints at "
                          },
                          "type": "Words"
                        },
                        {
                          "data": {
                            "value": [
                              "x"
                            ]
                          },
                          "type": "Verbatim"
                        },
                        {
                          "data": {
                            "value": "."
                          },
                          "type": "Words"
                        }
                      ]
                    },
                    "type": "Paragraph"
                  }
                ],
                "param": "A",
                "type_": "2-D array"
              },
              {
                "desc": [
                  {
                    "data": {
                      "children": [
                        {
                          "data": {
                            "value": "1-D array of values representing the RHS of each equality constraint (row) in A (for standard form problem)."
                          },
                          "type": "Words"
                        }
                      ]
                    },
                    "type": "Paragraph"
                  }
                ],
                "param": "b",
                "type_": "1-D array"
              },
              {
                "desc": [
                  {
                    "data": {
                      "children": [
                        {
                          "data": {
                            "value": "Coefficients of the linear objective function to be minimized (for standard form problem)."
                          },
                          "type": "Words"
                        }
                      ]
                    },
                    "type": "Paragraph"
                  }
                ],
                "param": "c",
                "type_": "1-D array"
              },
              {
                "desc": [
                  {
                    "data": {
                      "children": [
                        {
                          "data": {
                            "value": "Constant term in objective function due to fixed (and eliminated) variables."
                          },
                          "type": "Words"
                        }
                      ]
                    },
                    "type": "Paragraph"
                  }
                ],
                "param": "c0",
                "type_": "float"
              },
              {
                "desc": [
                  {
                    "data": {
                      "children": [
                        {
                          "data": {
                            "value": "Starting values of the independent variables, which will be refined by the optimization algorithm"
                          },
                          "type": "Words"
                        }
                      ]
                    },
                    "type": "Paragraph"
                  }
                ],
                "param": "x0",
                "type_": "1-D array"
              }
            ]
          },
          "type": "Parameters"
        }
      ],
      "title": null
    },
    "Summary": {
      "children": [
        {
          "data": {
            "children": [
              {
                "data": {
                  "value": "Given a linear programming problem of the form:"
                },
                "type": "Words"
              }
            ]
          },
          "type": "Paragraph"
        }
      ],
      "title": null
    },
    "Warnings": {
      "children": [],
      "title": null
    },
    "Warns": {
      "children": [],
      "title": null
    },
    "Yields": {
      "children": [],
      "title": null
    }
  },
  "aliases": [
    "scipy.signal._filter_design.optimize._linprog._get_Abc"
  ],
  "arbitrary": [],
  "example_section_data": {
    "children": [],
    "title": null
  },
  "item_file": "/scipy/optimize/_linprog_util.py",
  "item_line": 1007,
  "item_type": "<class 'function'>",
  "ordered_sections": [
    "Summary",
    "Extended Summary",
    "Parameters",
    "Returns",
    "References"
  ],
  "references": null,
  "refs": [],
  "see_also": [],
  "signature": {
    "value": "_get_Abc(lp, c0)"
  }
}