{
  "_content": {
    "Attributes": {
      "children": [],
      "title": null
    },
    "Extended Summary": {
      "children": [],
      "title": null
    },
    "Methods": {
      "children": [],
      "title": null
    },
    "Notes": {
      "children": [
        {
          "data": {
            "children": [
              {
                "data": {
                  "value": "If you have many points whose neighbors you want to find, you may save substantial amounts of time by putting them in a KDTree and using query_ball_tree."
                },
                "type": "Words"
              }
            ]
          },
          "type": "Paragraph"
        }
      ],
      "title": null
    },
    "Other Parameters": {
      "children": [],
      "title": null
    },
    "Parameters": {
      "children": [
        {
          "data": {
            "desc": [
              {
                "data": {
                  "children": [
                    {
                      "data": {
                        "value": "The point or points to search for neighbors of."
                      },
                      "type": "Words"
                    }
                  ]
                },
                "type": "Paragraph"
              }
            ],
            "param": "x",
            "type_": "array_like, shape tuple + (self.m,)"
          },
          "type": "Param"
        },
        {
          "data": {
            "desc": [
              {
                "data": {
                  "children": [
                    {
                      "data": {
                        "value": "The radius of points to return, must broadcast to the length of x."
                      },
                      "type": "Words"
                    }
                  ]
                },
                "type": "Paragraph"
              }
            ],
            "param": "r",
            "type_": "array_like, float"
          },
          "type": "Param"
        },
        {
          "data": {
            "desc": [
              {
                "data": {
                  "children": [
                    {
                      "data": {
                        "value": "Which Minkowski p-norm to use.  Should be in the range [1, inf]. A finite large p may cause a ValueError if overflow can occur."
                      },
                      "type": "Words"
                    }
                  ]
                },
                "type": "Paragraph"
              }
            ],
            "param": "p",
            "type_": "float, optional"
          },
          "type": "Param"
        },
        {
          "data": {
            "desc": [
              {
                "data": {
                  "children": [
                    {
                      "data": {
                        "value": "Approximate search. Branches of the tree are not explored if their nearest points are further than "
                      },
                      "type": "Words"
                    },
                    {
                      "data": {
                        "value": [
                          "r / (1 + eps)"
                        ]
                      },
                      "type": "Verbatim"
                    },
                    {
                      "data": {
                        "value": ", and branches are added in bulk if their furthest points are nearer than "
                      },
                      "type": "Words"
                    },
                    {
                      "data": {
                        "value": [
                          "r * (1 + eps)"
                        ]
                      },
                      "type": "Verbatim"
                    },
                    {
                      "data": {
                        "value": "."
                      },
                      "type": "Words"
                    }
                  ]
                },
                "type": "Paragraph"
              }
            ],
            "param": "eps",
            "type_": "nonnegative float, optional"
          },
          "type": "Param"
        },
        {
          "data": {
            "desc": [
              {
                "data": {
                  "children": [
                    {
                      "data": {
                        "value": "Number of jobs to schedule for parallel processing. If -1 is given all processors are used. Default: 1."
                      },
                      "type": "Words"
                    }
                  ]
                },
                "type": "Paragraph"
              },
              {
                "data": {
                  "children": [],
                  "kind": "versionadded",
                  "title": "1.6.0"
                },
                "type": "Admonition"
              }
            ],
            "param": "workers",
            "type_": "int, optional"
          },
          "type": "Param"
        },
        {
          "data": {
            "desc": [
              {
                "data": {
                  "children": [
                    {
                      "data": {
                        "value": "Sorts returned indicies if True and does not sort them if False. If None, does not sort single point queries, but does sort multi-point queries which was the behavior before this option was added."
                      },
                      "type": "Words"
                    }
                  ]
                },
                "type": "Paragraph"
              },
              {
                "data": {
                  "children": [],
                  "kind": "versionadded",
                  "title": "1.6.0"
                },
                "type": "Admonition"
              }
            ],
            "param": "return_sorted",
            "type_": "bool, optional"
          },
          "type": "Param"
        },
        {
          "data": {
            "desc": [
              {
                "data": {
                  "children": [
                    {
                      "data": {
                        "value": "Return the number of points inside the radius instead of a list of the indices."
                      },
                      "type": "Words"
                    }
                  ]
                },
                "type": "Paragraph"
              },
              {
                "data": {
                  "children": [],
                  "kind": "versionadded",
                  "title": "1.6.0"
                },
                "type": "Admonition"
              }
            ],
            "param": "return_length: bool, optional",
            "type_": ""
          },
          "type": "Param"
        }
      ],
      "title": null
    },
    "Raises": {
      "children": [],
      "title": null
    },
    "Receives": {
      "children": [],
      "title": null
    },
    "Returns": {
      "children": [
        {
          "data": {
            "desc": [
              {
                "data": {
                  "children": [
                    {
                      "data": {
                        "value": "If "
                      },
                      "type": "Words"
                    },
                    {
                      "data": {
                        "exists": true,
                        "kind": "local",
                        "reference": {
                          "kind": "local",
                          "module": null,
                          "path": "x",
                          "version": null
                        },
                        "value": "x"
                      },
                      "type": "Link"
                    },
                    {
                      "data": {
                        "value": " is a single point, returns a list of the indices of the neighbors of "
                      },
                      "type": "Words"
                    },
                    {
                      "data": {
                        "exists": true,
                        "kind": "local",
                        "reference": {
                          "kind": "local",
                          "module": null,
                          "path": "x",
                          "version": null
                        },
                        "value": "x"
                      },
                      "type": "Link"
                    },
                    {
                      "data": {
                        "value": ". If "
                      },
                      "type": "Words"
                    },
                    {
                      "data": {
                        "exists": true,
                        "kind": "local",
                        "reference": {
                          "kind": "local",
                          "module": null,
                          "path": "x",
                          "version": null
                        },
                        "value": "x"
                      },
                      "type": "Link"
                    },
                    {
                      "data": {
                        "value": " is an array of points, returns an object array of shape tuple containing lists of neighbors."
                      },
                      "type": "Words"
                    }
                  ]
                },
                "type": "Paragraph"
              }
            ],
            "param": "results",
            "type_": "list or array of lists"
          },
          "type": "Param"
        }
      ],
      "title": null
    },
    "Summary": {
      "children": [
        {
          "data": {
            "children": [
              {
                "data": {
                  "value": "Find all points within distance r of point(s) x."
                },
                "type": "Words"
              }
            ]
          },
          "type": "Paragraph"
        }
      ],
      "title": null
    },
    "Warnings": {
      "children": [],
      "title": null
    },
    "Warns": {
      "children": [],
      "title": null
    },
    "Yields": {
      "children": [],
      "title": null
    }
  },
  "aliases": [
    "scipy.signal._ltisys.interpolate._rbfinterp.KDTree.query_ball_point"
  ],
  "arbitrary": [],
  "example_section_data": {
    "children": [
      {
        "data": {
          "ce_status": "execed",
          "entries": [
            [
              "from",
              null,
              "kn"
            ],
            [
              " ",
              "",
              ""
            ],
            [
              "scipy",
              "scipy",
              "nn"
            ],
            [
              " ",
              "",
              ""
            ],
            [
              "import",
              null,
              "kn"
            ],
            [
              " ",
              "",
              ""
            ],
            [
              "spatial",
              "scipy.spatial",
              ""
            ],
            [
              "\n",
              "",
              ""
            ],
            [
              "x",
              "numpy.ndarray",
              ""
            ],
            [
              ",",
              "",
              ""
            ],
            [
              " ",
              "",
              ""
            ],
            [
              "y",
              "builtins.int",
              ""
            ],
            [
              " ",
              "",
              ""
            ],
            [
              "=",
              "",
              "o"
            ],
            [
              " ",
              "",
              ""
            ],
            [
              "np",
              "numpy",
              ""
            ],
            [
              ".",
              "",
              "o"
            ],
            [
              "mgrid",
              "numpy.lib.index_tricks.MGridClass",
              ""
            ],
            [
              "[",
              "",
              ""
            ],
            [
              "0",
              "",
              "mi"
            ],
            [
              ":",
              "",
              ""
            ],
            [
              "5",
              "",
              "mi"
            ],
            [
              ",",
              "",
              ""
            ],
            [
              " ",
              "",
              ""
            ],
            [
              "0",
              "",
              "mi"
            ],
            [
              ":",
              "",
              ""
            ],
            [
              "5",
              "",
              "mi"
            ],
            [
              "]",
              "",
              ""
            ],
            [
              "\n",
              "",
              ""
            ],
            [
              "points",
              "builtins.ndarray.T",
              ""
            ],
            [
              " ",
              "",
              ""
            ],
            [
              "=",
              "",
              "o"
            ],
            [
              " ",
              "",
              ""
            ],
            [
              "np",
              "numpy",
              ""
            ],
            [
              ".",
              "",
              "o"
            ],
            [
              "c_",
              "numpy.lib.index_tricks.CClass",
              ""
            ],
            [
              "[",
              "",
              ""
            ],
            [
              "x",
              "numpy.ndarray",
              ""
            ],
            [
              ".",
              "",
              "o"
            ],
            [
              "ravel",
              "numpy.ndarray.ravel",
              ""
            ],
            [
              "(",
              "",
              ""
            ],
            [
              ")",
              "",
              ""
            ],
            [
              ",",
              "",
              ""
            ],
            [
              " ",
              "",
              ""
            ],
            [
              "y",
              "builtins.int",
              ""
            ],
            [
              ".",
              "",
              "o"
            ],
            [
              "ravel",
              "numpy.ndarray.ravel",
              ""
            ],
            [
              "(",
              "",
              ""
            ],
            [
              ")",
              "",
              ""
            ],
            [
              "]",
              "",
              ""
            ],
            [
              "\n",
              "",
              ""
            ],
            [
              "tree",
              "scipy.spatial._kdtree.KDTree",
              ""
            ],
            [
              " ",
              "",
              ""
            ],
            [
              "=",
              "",
              "o"
            ],
            [
              " ",
              "",
              ""
            ],
            [
              "spatial",
              "scipy.spatial",
              ""
            ],
            [
              ".",
              "",
              "o"
            ],
            [
              "KDTree",
              "scipy.spatial._kdtree.KDTree",
              ""
            ],
            [
              "(",
              "",
              ""
            ],
            [
              "points",
              "builtins.ndarray.T",
              ""
            ],
            [
              ")",
              "",
              ""
            ],
            [
              "\n",
              "",
              ""
            ],
            [
              "sorted",
              "builtins.sorted",
              "nb"
            ],
            [
              "(",
              "",
              ""
            ],
            [
              "tree",
              "scipy.spatial._kdtree.KDTree",
              ""
            ],
            [
              ".",
              "",
              "o"
            ],
            [
              "query_ball_point",
              "scipy.spatial._kdtree.KDTree.query_ball_point",
              ""
            ],
            [
              "(",
              "",
              ""
            ],
            [
              "[",
              "",
              ""
            ],
            [
              "2",
              "",
              "mi"
            ],
            [
              ",",
              "",
              ""
            ],
            [
              " ",
              "",
              ""
            ],
            [
              "0",
              "",
              "mi"
            ],
            [
              "]",
              "",
              ""
            ],
            [
              ",",
              "",
              ""
            ],
            [
              " ",
              "",
              ""
            ],
            [
              "1",
              "",
              "mi"
            ],
            [
              ")",
              "",
              ""
            ],
            [
              ")",
              "",
              ""
            ]
          ],
          "out": "[5, 10, 11, 15]"
        },
        "type": "Code"
      },
      {
        "data": {
          "children": [
            {
              "data": {
                "value": "Query multiple points and plot the results:"
              },
              "type": "Words"
            }
          ]
        },
        "type": "Paragraph"
      },
      {
        "data": {
          "ce_status": "execed",
          "entries": [
            [
              "import",
              null,
              "kn"
            ],
            [
              " ",
              "",
              ""
            ],
            [
              "matplotlib",
              "matplotlib",
              "nn"
            ],
            [
              ".",
              "",
              "nn"
            ],
            [
              "pyplot",
              "matplotlib.pyplot",
              "nn"
            ],
            [
              " ",
              "",
              ""
            ],
            [
              "as",
              null,
              "k"
            ],
            [
              " ",
              "",
              ""
            ],
            [
              "plt",
              "matplotlib.pyplot",
              "nn"
            ],
            [
              "\n",
              "",
              ""
            ],
            [
              "points",
              null,
              ""
            ],
            [
              " ",
              "",
              ""
            ],
            [
              "=",
              "",
              "o"
            ],
            [
              " ",
              "",
              ""
            ],
            [
              "np",
              "numpy",
              ""
            ],
            [
              ".",
              "",
              "o"
            ],
            [
              "asarray",
              "numpy.asarray",
              ""
            ],
            [
              "(",
              "",
              ""
            ],
            [
              "points",
              "builtins.ndarray.T",
              ""
            ],
            [
              ")",
              "",
              ""
            ],
            [
              "\n",
              "",
              ""
            ],
            [
              "plt",
              "matplotlib.pyplot",
              ""
            ],
            [
              ".",
              "",
              "o"
            ],
            [
              "plot",
              "matplotlib.pyplot.plot",
              ""
            ],
            [
              "(",
              "",
              ""
            ],
            [
              "points",
              "numpy.ndarray",
              ""
            ],
            [
              "[",
              "",
              ""
            ],
            [
              ":",
              "",
              ""
            ],
            [
              ",",
              "",
              ""
            ],
            [
              "0",
              "",
              "mi"
            ],
            [
              "]",
              "",
              ""
            ],
            [
              ",",
              "",
              ""
            ],
            [
              " ",
              "",
              ""
            ],
            [
              "points",
              "numpy.ndarray",
              ""
            ],
            [
              "[",
              "",
              ""
            ],
            [
              ":",
              "",
              ""
            ],
            [
              ",",
              "",
              ""
            ],
            [
              "1",
              "",
              "mi"
            ],
            [
              "]",
              "",
              ""
            ],
            [
              ",",
              "",
              ""
            ],
            [
              " ",
              "",
              ""
            ],
            [
              "'",
              "",
              "s1"
            ],
            [
              ".",
              "",
              "s1"
            ],
            [
              "'",
              "",
              "s1"
            ],
            [
              ")",
              "",
              ""
            ],
            [
              "\n",
              "",
              ""
            ],
            [
              "for",
              null,
              "k"
            ],
            [
              " ",
              "",
              ""
            ],
            [
              "results",
              null,
              ""
            ],
            [
              " ",
              "",
              ""
            ],
            [
              "in",
              null,
              "ow"
            ],
            [
              " ",
              "",
              ""
            ],
            [
              "tree",
              "scipy.spatial._kdtree.KDTree",
              ""
            ],
            [
              ".",
              "",
              "o"
            ],
            [
              "query_ball_point",
              "scipy.spatial._kdtree.KDTree.query_ball_point",
              ""
            ],
            [
              "(",
              "",
              ""
            ],
            [
              "(",
              "",
              ""
            ],
            [
              "[",
              "",
              ""
            ],
            [
              "2",
              "",
              "mi"
            ],
            [
              ",",
              "",
              ""
            ],
            [
              " ",
              "",
              ""
            ],
            [
              "0",
              "",
              "mi"
            ],
            [
              "]",
              "",
              ""
            ],
            [
              ",",
              "",
              ""
            ],
            [
              " ",
              "",
              ""
            ],
            [
              "[",
              "",
              ""
            ],
            [
              "3",
              "",
              "mi"
            ],
            [
              ",",
              "",
              ""
            ],
            [
              " ",
              "",
              ""
            ],
            [
              "3",
              "",
              "mi"
            ],
            [
              "]",
              "",
              ""
            ],
            [
              ")",
              "",
              ""
            ],
            [
              ",",
              "",
              ""
            ],
            [
              " ",
              "",
              ""
            ],
            [
              "1",
              "",
              "mi"
            ],
            [
              ")",
              "",
              ""
            ],
            [
              ":",
              "",
              ""
            ],
            [
              "\n",
              "",
              ""
            ],
            [
              "    ",
              "",
              ""
            ],
            [
              "nearby_points",
              null,
              ""
            ],
            [
              " ",
              "",
              ""
            ],
            [
              "=",
              "",
              "o"
            ],
            [
              " ",
              "",
              ""
            ],
            [
              "points",
              "numpy.ndarray",
              ""
            ],
            [
              "[",
              "",
              ""
            ],
            [
              "results",
              "builtins.list",
              ""
            ],
            [
              "]",
              "",
              ""
            ],
            [
              "\n",
              "",
              ""
            ],
            [
              "    ",
              "",
              ""
            ],
            [
              "plt",
              "matplotlib.pyplot",
              ""
            ],
            [
              ".",
              "",
              "o"
            ],
            [
              "plot",
              "matplotlib.pyplot.plot",
              ""
            ],
            [
              "(",
              "",
              ""
            ],
            [
              "nearby_points",
              "numpy.ndarray",
              ""
            ],
            [
              "[",
              "",
              ""
            ],
            [
              ":",
              "",
              ""
            ],
            [
              ",",
              "",
              ""
            ],
            [
              "0",
              "",
              "mi"
            ],
            [
              "]",
              "",
              ""
            ],
            [
              ",",
              "",
              ""
            ],
            [
              " ",
              "",
              ""
            ],
            [
              "nearby_points",
              "numpy.ndarray",
              ""
            ],
            [
              "[",
              "",
              ""
            ],
            [
              ":",
              "",
              ""
            ],
            [
              ",",
              "",
              ""
            ],
            [
              "1",
              "",
              "mi"
            ],
            [
              "]",
              "",
              ""
            ],
            [
              ",",
              "",
              ""
            ],
            [
              " ",
              "",
              ""
            ],
            [
              "'",
              "",
              "s1"
            ],
            [
              "o",
              null,
              "s1"
            ],
            [
              "'",
              "",
              "s1"
            ],
            [
              ")",
              "",
              ""
            ],
            [
              "\n",
              "",
              ""
            ],
            [
              "plt",
              "matplotlib.pyplot",
              ""
            ],
            [
              ".",
              "",
              "o"
            ],
            [
              "margins",
              "matplotlib.pyplot.margins",
              ""
            ],
            [
              "(",
              "",
              ""
            ],
            [
              "0.1",
              "",
              "mf"
            ],
            [
              ",",
              "",
              ""
            ],
            [
              " ",
              "",
              ""
            ],
            [
              "0.1",
              "",
              "mf"
            ],
            [
              ")",
              "",
              ""
            ],
            [
              "\n",
              "",
              ""
            ],
            [
              "plt",
              "matplotlib.pyplot",
              ""
            ],
            [
              ".",
              "",
              "o"
            ],
            [
              "show",
              "matplotlib.pyplot.show",
              ""
            ],
            [
              "(",
              "",
              ""
            ],
            [
              ")",
              "",
              ""
            ]
          ],
          "out": ""
        },
        "type": "Code"
      },
      {
        "data": {
          "value": {
            "kind": "assets",
            "module": "scipy",
            "path": "fig-scipy.spatial._kdtree.KDTree.query_ball_point-0-f98eff5e.png",
            "version": "1.8.0"
          }
        },
        "type": "Fig"
      }
    ],
    "title": null
  },
  "item_file": "/scipy/spatial/_kdtree.py",
  "item_line": 488,
  "item_type": "<class 'function'>",
  "ordered_sections": [
    "Summary",
    "Parameters",
    "Returns",
    "Notes",
    "Examples"
  ],
  "references": null,
  "refs": [
    "builtins.int",
    "builtins.list",
    "builtins.ndarray.T",
    "builtins.sorted",
    "matplotlib",
    "matplotlib.pyplot",
    "matplotlib.pyplot.margins",
    "matplotlib.pyplot.plot",
    "matplotlib.pyplot.show",
    "numpy",
    "numpy.asarray",
    "numpy.lib.index_tricks.CClass",
    "numpy.lib.index_tricks.MGridClass",
    "numpy.ndarray",
    "numpy.ndarray.ravel",
    "scipy",
    "scipy.spatial",
    "scipy.spatial._kdtree.KDTree",
    "scipy.spatial._kdtree.KDTree.query_ball_point"
  ],
  "see_also": [],
  "signature": {
    "value": "query_ball_point(self, x, r, p=2.0, eps=0, workers=1, return_sorted=None, return_length=False)"
  }
}