{
  "_content": {
    "Attributes": {
      "children": [],
      "title": null
    },
    "Extended Summary": {
      "children": [],
      "title": null
    },
    "Methods": {
      "children": [],
      "title": null
    },
    "Notes": {
      "children": [],
      "title": null
    },
    "Other Parameters": {
      "children": [],
      "title": null
    },
    "Parameters": {
      "children": [],
      "title": null
    },
    "Raises": {
      "children": [],
      "title": null
    },
    "Receives": {
      "children": [],
      "title": null
    },
    "Returns": {
      "children": [],
      "title": null
    },
    "Summary": {
      "children": [
        {
          "data": {
            "inline": [
              {
                "data": {
                  "value": "To remove in the future \u2013\u2013 scipy"
                },
                "type": "Words"
              }
            ],
            "inner": []
          },
          "type": "Paragraph"
        }
      ],
      "title": null
    },
    "Warnings": {
      "children": [],
      "title": null
    },
    "Warns": {
      "children": [],
      "title": null
    },
    "Yields": {
      "children": [],
      "title": null
    }
  },
  "aliases": [
    "scipy"
  ],
  "arbitrary": [
    {
      "children": [
        {
          "data": {
            "inline": [
              {
                "data": {
                  "value": "Documentation is available in the docstrings and online at https://docs.scipy.org."
                },
                "type": "Words"
              }
            ],
            "inner": []
          },
          "type": "Paragraph"
        }
      ],
      "title": "SciPy: A scientific computing package for Python"
    },
    {
      "children": [
        {
          "data": {
            "inline": [
              {
                "data": {
                  "value": "SciPy imports all the functions from the NumPy namespace, and in addition provides:"
                },
                "type": "Words"
              }
            ],
            "inner": []
          },
          "type": "Paragraph"
        }
      ],
      "title": "Contents"
    },
    {
      "children": [
        {
          "data": {
            "inline": [
              {
                "data": {
                  "value": "Using any of these subpackages requires an explicit import. For example, "
                },
                "type": "Words"
              },
              {
                "data": {
                  "value": [
                    "import scipy.cluster"
                  ]
                },
                "type": "Verbatim"
              },
              {
                "data": {
                  "value": "."
                },
                "type": "Words"
              }
            ],
            "inner": []
          },
          "type": "Paragraph"
        },
        {
          "data": {
            "value": "cluster                      --- Vector Quantization / Kmeans\nfft                          --- Discrete Fourier transforms\nfftpack                      --- Legacy discrete Fourier transforms\nintegrate                    --- Integration routines\ninterpolate                  --- Interpolation Tools\nio                           --- Data input and output\nlinalg                       --- Linear algebra routines\nlinalg.blas                  --- Wrappers to BLAS library\nlinalg.lapack                --- Wrappers to LAPACK library\nmisc                         --- Various utilities that don't have\n                                 another home.\nndimage                      --- N-D image package\nodr                          --- Orthogonal Distance Regression\noptimize                     --- Optimization Tools\nsignal                       --- Signal Processing Tools\nsignal.windows               --- Window functions\nsparse                       --- Sparse Matrices\nsparse.linalg                --- Sparse Linear Algebra\nsparse.linalg.dsolve         --- Linear Solvers\nsparse.linalg.dsolve.umfpack --- :Interface to the UMFPACK library:\n                                 Conjugate Gradient Method (LOBPCG)\nsparse.linalg.eigen          --- Sparse Eigenvalue Solvers\nsparse.linalg.eigen.lobpcg   --- Locally Optimal Block Preconditioned\n                                 Conjugate Gradient Method (LOBPCG)\nspatial                      --- Spatial data structures and algorithms\nspecial                      --- Special functions\nstats                        --- Statistical Functions"
          },
          "type": "BlockVerbatim"
        }
      ],
      "title": "Subpackages"
    },
    {
      "children": [
        {
          "data": {
            "value": "test              --- Run scipy unittests\nshow_config       --- Show scipy build configuration\nshow_numpy_config --- Show numpy build configuration\n__version__       --- SciPy version string\n__numpy_version__ --- Numpy version string"
          },
          "type": "BlockVerbatim"
        }
      ],
      "title": "Utility tools"
    }
  ],
  "example_section_data": {
    "children": [],
    "title": null
  },
  "item_file": "/scipy/__init__.py",
  "item_line": 0,
  "item_type": "<class 'module'>",
  "ordered_sections": [
    "Summary",
    "Extended Summary"
  ],
  "references": null,
  "refs": [],
  "see_also": [],
  "signature": {
    "value": null
  }
}