{
  "_content": {
    "Attributes": {
      "children": [],
      "title": null
    },
    "Extended Summary": {
      "children": [],
      "title": null
    },
    "Methods": {
      "children": [],
      "title": null
    },
    "Notes": {
      "children": [
        {
          "data": {
            "inline": [
              {
                "data": {
                  "value": "The length of "
                },
                "type": "Words"
              },
              {
                "data": {
                  "exists": true,
                  "kind": "local",
                  "reference": {
                    "kind": "local",
                    "module": null,
                    "path": "x",
                    "version": null
                  },
                  "value": "x"
                },
                "type": "Link"
              },
              {
                "data": {
                  "value": ", "
                },
                "type": "Words"
              },
              {
                "data": {
                  "exists": true,
                  "kind": "local",
                  "reference": {
                    "kind": "local",
                    "module": null,
                    "path": "y",
                    "version": null
                  },
                  "value": "y"
                },
                "type": "Link"
              },
              {
                "data": {
                  "value": " and "
                },
                "type": "Words"
              },
              {
                "data": {
                  "exists": true,
                  "kind": "local",
                  "reference": {
                    "kind": "local",
                    "module": null,
                    "path": "z",
                    "version": null
                  },
                  "value": "z"
                },
                "type": "Link"
              },
              {
                "data": {
                  "value": " should be at least "
                },
                "type": "Words"
              },
              {
                "data": {
                  "value": [
                    "(kx+1) * (ky+1)"
                  ]
                },
                "type": "Verbatim"
              },
              {
                "data": {
                  "value": "."
                },
                "type": "Words"
              }
            ],
            "inner": []
          },
          "type": "Paragraph"
        }
      ],
      "title": null
    },
    "Other Parameters": {
      "children": [],
      "title": null
    },
    "Parameters": {
      "children": [
        {
          "data": {
            "desc": [
              {
                "data": {
                  "inline": [
                    {
                      "data": {
                        "value": "1-D sequences of data points (order is not important)."
                      },
                      "type": "Words"
                    }
                  ],
                  "inner": []
                },
                "type": "Paragraph"
              }
            ],
            "param": "x, y, z",
            "type_": "array_like"
          },
          "type": "Param"
        },
        {
          "data": {
            "desc": [
              {
                "data": {
                  "inline": [
                    {
                      "data": {
                        "value": "Positive 1-D sequence of weights, of same length as "
                      },
                      "type": "Words"
                    },
                    {
                      "data": {
                        "exists": true,
                        "kind": "local",
                        "reference": {
                          "kind": "local",
                          "module": null,
                          "path": "x",
                          "version": null
                        },
                        "value": "x"
                      },
                      "type": "Link"
                    },
                    {
                      "data": {
                        "value": ", "
                      },
                      "type": "Words"
                    },
                    {
                      "data": {
                        "exists": true,
                        "kind": "local",
                        "reference": {
                          "kind": "local",
                          "module": null,
                          "path": "y",
                          "version": null
                        },
                        "value": "y"
                      },
                      "type": "Link"
                    },
                    {
                      "data": {
                        "value": " and "
                      },
                      "type": "Words"
                    },
                    {
                      "data": {
                        "exists": true,
                        "kind": "local",
                        "reference": {
                          "kind": "local",
                          "module": null,
                          "path": "z",
                          "version": null
                        },
                        "value": "z"
                      },
                      "type": "Link"
                    },
                    {
                      "data": {
                        "value": "."
                      },
                      "type": "Words"
                    }
                  ],
                  "inner": []
                },
                "type": "Paragraph"
              }
            ],
            "param": "w",
            "type_": "array_like, optional"
          },
          "type": "Param"
        },
        {
          "data": {
            "desc": [
              {
                "data": {
                  "inline": [
                    {
                      "data": {
                        "value": "Sequence of length 4 specifying the boundary of the rectangular approximation domain.  By default, "
                      },
                      "type": "Words"
                    },
                    {
                      "data": {
                        "value": [
                          "bbox=[min(x), max(x), min(y), max(y)]"
                        ]
                      },
                      "type": "Verbatim"
                    },
                    {
                      "data": {
                        "value": "."
                      },
                      "type": "Words"
                    }
                  ],
                  "inner": []
                },
                "type": "Paragraph"
              }
            ],
            "param": "bbox",
            "type_": "array_like, optional"
          },
          "type": "Param"
        },
        {
          "data": {
            "desc": [
              {
                "data": {
                  "inline": [
                    {
                      "data": {
                        "value": "Degrees of the bivariate spline. Default is 3."
                      },
                      "type": "Words"
                    }
                  ],
                  "inner": []
                },
                "type": "Paragraph"
              }
            ],
            "param": "kx, ky",
            "type_": "ints, optional"
          },
          "type": "Param"
        },
        {
          "data": {
            "desc": [
              {
                "data": {
                  "inline": [
                    {
                      "data": {
                        "value": "Positive smoothing factor defined for estimation condition: "
                      },
                      "type": "Words"
                    },
                    {
                      "data": {
                        "value": [
                          "sum((w[i]*(z[i]-s(x[i], y[i])))**2, axis=0) <= s"
                        ]
                      },
                      "type": "Verbatim"
                    },
                    {
                      "data": {
                        "value": " Default "
                      },
                      "type": "Words"
                    },
                    {
                      "data": {
                        "value": [
                          "s=len(w)"
                        ]
                      },
                      "type": "Verbatim"
                    },
                    {
                      "data": {
                        "value": " which should be a good value if "
                      },
                      "type": "Words"
                    },
                    {
                      "data": {
                        "value": [
                          "1/w[i]"
                        ]
                      },
                      "type": "Verbatim"
                    },
                    {
                      "data": {
                        "value": " is an estimate of the standard deviation of "
                      },
                      "type": "Words"
                    },
                    {
                      "data": {
                        "value": [
                          "z[i]"
                        ]
                      },
                      "type": "Verbatim"
                    },
                    {
                      "data": {
                        "value": "."
                      },
                      "type": "Words"
                    }
                  ],
                  "inner": []
                },
                "type": "Paragraph"
              }
            ],
            "param": "s",
            "type_": "float, optional"
          },
          "type": "Param"
        },
        {
          "data": {
            "desc": [
              {
                "data": {
                  "inline": [
                    {
                      "data": {
                        "value": "A threshold for determining the effective rank of an over-determined linear system of equations. "
                      },
                      "type": "Words"
                    },
                    {
                      "data": {
                        "exists": true,
                        "kind": "local",
                        "reference": {
                          "kind": "local",
                          "module": null,
                          "path": "eps",
                          "version": null
                        },
                        "value": "eps"
                      },
                      "type": "Link"
                    },
                    {
                      "data": {
                        "value": " should have a value within the open interval "
                      },
                      "type": "Words"
                    },
                    {
                      "data": {
                        "value": [
                          "(0, 1)"
                        ]
                      },
                      "type": "Verbatim"
                    },
                    {
                      "data": {
                        "value": ", the default is 1e-16."
                      },
                      "type": "Words"
                    }
                  ],
                  "inner": []
                },
                "type": "Paragraph"
              }
            ],
            "param": "eps",
            "type_": "float, optional"
          },
          "type": "Param"
        }
      ],
      "title": null
    },
    "Raises": {
      "children": [],
      "title": null
    },
    "Receives": {
      "children": [],
      "title": null
    },
    "Returns": {
      "children": [],
      "title": null
    },
    "Summary": {
      "children": [
        {
          "data": {
            "inline": [
              {
                "data": {
                  "value": "Smooth bivariate spline approximation."
                },
                "type": "Words"
              }
            ],
            "inner": []
          },
          "type": "Paragraph"
        }
      ],
      "title": null
    },
    "Warnings": {
      "children": [],
      "title": null
    },
    "Warns": {
      "children": [],
      "title": null
    },
    "Yields": {
      "children": [],
      "title": null
    }
  },
  "aliases": [
    "scipy.signal._ltisys.interpolate.SmoothBivariateSpline"
  ],
  "arbitrary": [],
  "example_section_data": {
    "children": [],
    "title": null
  },
  "item_file": "/scipy/interpolate/_fitpack2.py",
  "item_line": 1095,
  "item_type": "<class 'type'>",
  "ordered_sections": [
    "Summary",
    "Parameters",
    "See Also",
    "Notes"
  ],
  "references": null,
  "refs": [
    "BivariateSpline",
    "LSQBivariateSpline",
    "LSQSphereBivariateSpline",
    "RectBivariateSpline",
    "RectSphereBivariateSpline",
    "SmoothSphereBivariateSpline",
    "UnivariateSpline",
    "bisplev",
    "bisplrep"
  ],
  "see_also": [
    {
      "descriptions": [
        {
          "inline": [
            {
              "data": {
                "value": "a base class for bivariate splines."
              },
              "type": "Words"
            }
          ],
          "inner": []
        }
      ],
      "name": {
        "exists": true,
        "name": "BivariateSpline",
        "ref": "scipy.interpolate._fitpack2.BivariateSpline"
      },
      "type": null
    },
    {
      "descriptions": [
        {
          "inline": [
            {
              "data": {
                "value": "a smooth univariate spline to fit a given set of data points."
              },
              "type": "Words"
            }
          ],
          "inner": []
        }
      ],
      "name": {
        "exists": true,
        "name": "UnivariateSpline",
        "ref": "scipy.interpolate._fitpack2.UnivariateSpline"
      },
      "type": null
    },
    {
      "descriptions": [
        {
          "inline": [
            {
              "data": {
                "value": "a bivariate spline using weighted least-squares fitting"
              },
              "type": "Words"
            }
          ],
          "inner": []
        }
      ],
      "name": {
        "exists": true,
        "name": "LSQBivariateSpline",
        "ref": "scipy.interpolate._fitpack2.LSQBivariateSpline"
      },
      "type": null
    },
    {
      "descriptions": [
        {
          "inline": [
            {
              "data": {
                "value": "a bivariate spline over a rectangular mesh on a sphere"
              },
              "type": "Words"
            }
          ],
          "inner": []
        }
      ],
      "name": {
        "exists": true,
        "name": "RectSphereBivariateSpline",
        "ref": "scipy.interpolate._fitpack2.RectSphereBivariateSpline"
      },
      "type": null
    },
    {
      "descriptions": [
        {
          "inline": [
            {
              "data": {
                "value": "a smoothing bivariate spline in spherical coordinates"
              },
              "type": "Words"
            }
          ],
          "inner": []
        }
      ],
      "name": {
        "exists": true,
        "name": "SmoothSphereBivariateSpline",
        "ref": "scipy.interpolate._fitpack2.SmoothSphereBivariateSpline"
      },
      "type": null
    },
    {
      "descriptions": [
        {
          "inline": [
            {
              "data": {
                "value": "a bivariate spline in spherical coordinates using weighted least-squares fitting"
              },
              "type": "Words"
            }
          ],
          "inner": []
        }
      ],
      "name": {
        "exists": true,
        "name": "LSQSphereBivariateSpline",
        "ref": "scipy.interpolate._fitpack2.LSQSphereBivariateSpline"
      },
      "type": null
    },
    {
      "descriptions": [
        {
          "inline": [
            {
              "data": {
                "value": "a bivariate spline over a rectangular mesh"
              },
              "type": "Words"
            }
          ],
          "inner": []
        }
      ],
      "name": {
        "exists": true,
        "name": "RectBivariateSpline",
        "ref": "scipy.interpolate._fitpack2.RectBivariateSpline"
      },
      "type": null
    },
    {
      "descriptions": [
        {
          "inline": [
            {
              "data": {
                "value": "a function to find a bivariate B-spline representation of a surface"
              },
              "type": "Words"
            }
          ],
          "inner": []
        }
      ],
      "name": {
        "exists": true,
        "name": "bisplrep",
        "ref": "scipy.interpolate._fitpack_impl.bisplrep"
      },
      "type": null
    },
    {
      "descriptions": [
        {
          "inline": [
            {
              "data": {
                "value": "a function to evaluate a bivariate B-spline and its derivatives"
              },
              "type": "Words"
            }
          ],
          "inner": []
        }
      ],
      "name": {
        "exists": true,
        "name": "bisplev",
        "ref": "scipy.interpolate._fitpack_impl.bisplev"
      },
      "type": null
    }
  ],
  "signature": {
    "value": null
  }
}