{
  "_content": {
    "Attributes": {
      "children": [],
      "title": null
    },
    "Extended Summary": {
      "children": [],
      "title": null
    },
    "Methods": {
      "children": [],
      "title": null
    },
    "Notes": {
      "children": [],
      "title": null
    },
    "Other Parameters": {
      "children": [],
      "title": null
    },
    "Parameters": {
      "children": [],
      "title": null
    },
    "Raises": {
      "children": [],
      "title": null
    },
    "Receives": {
      "children": [],
      "title": null
    },
    "Returns": {
      "children": [],
      "title": null
    },
    "Summary": {
      "children": [
        {
          "data": {
            "children": [
              {
                "data": {
                  "value": "No Docstrings"
                },
                "type": "Words"
              }
            ]
          },
          "type": "Paragraph"
        }
      ],
      "title": null
    },
    "Warnings": {
      "children": [],
      "title": null
    },
    "Warns": {
      "children": [],
      "title": null
    },
    "Yields": {
      "children": [],
      "title": null
    }
  },
  "aliases": [
    "scipy.signal._filter_design.optimize._shgo.spatial.distance.CDistMetricWrapper.__repr__",
    "scipy.signal._filter_design.optimize._shgo.spatial.distance.CDistWeightedMetricWrapper.__repr__",
    "scipy.signal._filter_design.optimize._shgo.spatial.distance.MetricInfo.__repr__",
    "scipy.signal._filter_design.optimize._shgo.spatial.distance.PDistMetricWrapper.__repr__",
    "scipy.signal._filter_design.optimize._shgo.spatial.distance.PDistWeightedMetricWrapper.__repr__"
  ],
  "arbitrary": [],
  "example_section_data": {
    "children": [],
    "title": null
  },
  "item_file": "/private/var/folders/7x/x6hsdv257b3_ml15w4czp2rc0000gn/T/tmp0_b9sd4u/<string>",
  "item_line": null,
  "item_type": "<class 'function'>",
  "ordered_sections": [
    "Summary",
    "Extended Summary"
  ],
  "references": null,
  "see_also": [],
  "signature": {
    "value": "__repr__(self)"
  }
}