{
  "_content": {
    "Attributes": {
      "children": [],
      "title": null
    },
    "Extended Summary": {
      "children": [],
      "title": null
    },
    "Methods": {
      "children": [],
      "title": null
    },
    "Notes": {
      "children": [
        {
          "data": {
            "inline": [
              {
                "data": {
                  "value": "This uses an algorithm adapted from Qhull's "
                },
                "type": "Words"
              },
              {
                "data": {
                  "value": [
                    "qh_findbestfacet"
                  ]
                },
                "type": "Verbatim"
              },
              {
                "data": {
                  "value": ", which makes use of the connection between a convex hull and a Delaunay triangulation. After finding the simplex closest to the point in N+1 dimensions, the algorithm falls back to directed search in N dimensions."
                },
                "type": "Words"
              }
            ],
            "inner": []
          },
          "type": "Paragraph"
        }
      ],
      "title": null
    },
    "Other Parameters": {
      "children": [],
      "title": null
    },
    "Parameters": {
      "children": [
        {
          "data": {
            "desc": [
              {
                "data": {
                  "inline": [
                    {
                      "data": {
                        "value": "Delaunay triangulation"
                      },
                      "type": "Words"
                    }
                  ],
                  "inner": []
                },
                "type": "Paragraph"
              }
            ],
            "param": "tri",
            "type_": "DelaunayInfo"
          },
          "type": "Param"
        },
        {
          "data": {
            "desc": [
              {
                "data": {
                  "inline": [
                    {
                      "data": {
                        "value": "Points to locate"
                      },
                      "type": "Words"
                    }
                  ],
                  "inner": []
                },
                "type": "Paragraph"
              }
            ],
            "param": "xi",
            "type_": "ndarray of double, shape (..., ndim)"
          },
          "type": "Param"
        },
        {
          "data": {
            "desc": [
              {
                "data": {
                  "inline": [
                    {
                      "data": {
                        "value": "Whether to only perform a brute-force search"
                      },
                      "type": "Words"
                    }
                  ],
                  "inner": []
                },
                "type": "Paragraph"
              }
            ],
            "param": "bruteforce",
            "type_": "bool, optional"
          },
          "type": "Param"
        },
        {
          "data": {
            "desc": [
              {
                "data": {
                  "inline": [
                    {
                      "data": {
                        "value": "Tolerance allowed in the inside-triangle check. Default is "
                      },
                      "type": "Words"
                    },
                    {
                      "data": {
                        "value": [
                          "100*eps"
                        ]
                      },
                      "type": "Verbatim"
                    },
                    {
                      "data": {
                        "value": "."
                      },
                      "type": "Words"
                    }
                  ],
                  "inner": []
                },
                "type": "Paragraph"
              }
            ],
            "param": "tol",
            "type_": "float, optional"
          },
          "type": "Param"
        }
      ],
      "title": null
    },
    "Raises": {
      "children": [],
      "title": null
    },
    "Receives": {
      "children": [],
      "title": null
    },
    "Returns": {
      "children": [
        {
          "data": {
            "desc": [
              {
                "data": {
                  "inline": [
                    {
                      "data": {
                        "value": "Indices of simplices containing each point. Points outside the triangulation get the value -1."
                      },
                      "type": "Words"
                    }
                  ],
                  "inner": []
                },
                "type": "Paragraph"
              }
            ],
            "param": "i",
            "type_": "ndarray of int, same shape as `xi`"
          },
          "type": "Param"
        }
      ],
      "title": null
    },
    "Summary": {
      "children": [
        {
          "data": {
            "inline": [
              {
                "data": {
                  "value": "Find the simplices containing the given points."
                },
                "type": "Words"
              }
            ],
            "inner": []
          },
          "type": "Paragraph"
        }
      ],
      "title": null
    },
    "Warnings": {
      "children": [],
      "title": null
    },
    "Warns": {
      "children": [],
      "title": null
    },
    "Yields": {
      "children": [],
      "title": null
    }
  },
  "aliases": [
    "scipy.signal._filter_design.optimize._shgo.spatial.Delaunay.find_simplex"
  ],
  "arbitrary": [],
  "example_section_data": {
    "children": [],
    "title": null
  },
  "item_file": null,
  "item_line": null,
  "item_type": "<class 'cython_function_or_method'>",
  "ordered_sections": [
    "Signature",
    "Summary",
    "Parameters",
    "Returns",
    "Notes"
  ],
  "references": null,
  "refs": [],
  "see_also": [],
  "signature": {
    "value": "find_simplex(self, xi, bruteforce=False, tol=None)"
  }
}