{
  "_content": {
    "Attributes": {
      "children": [
        {
          "data": {
            "desc": [
              {
                "data": {
                  "inline": [
                    {
                      "data": {
                        "value": "Coordinates of input points."
                      },
                      "type": "Words"
                    }
                  ],
                  "inner": []
                },
                "type": "Paragraph"
              }
            ],
            "param": "points",
            "type_": "ndarray of double, shape (npoints, ndim)"
          },
          "type": "Param"
        },
        {
          "data": {
            "desc": [
              {
                "data": {
                  "inline": [
                    {
                      "data": {
                        "value": "Coordinates of the Voronoi vertices."
                      },
                      "type": "Words"
                    }
                  ],
                  "inner": []
                },
                "type": "Paragraph"
              }
            ],
            "param": "vertices",
            "type_": "ndarray of double, shape (nvertices, ndim)"
          },
          "type": "Param"
        },
        {
          "data": {
            "desc": [
              {
                "data": {
                  "inline": [
                    {
                      "data": {
                        "value": "Indices of the points between which each Voronoi ridge lies."
                      },
                      "type": "Words"
                    }
                  ],
                  "inner": []
                },
                "type": "Paragraph"
              }
            ],
            "param": "ridge_points",
            "type_": "ndarray of ints, shape ``(nridges, 2)``"
          },
          "type": "Param"
        },
        {
          "data": {
            "desc": [
              {
                "data": {
                  "inline": [
                    {
                      "data": {
                        "value": "Indices of the Voronoi vertices forming each Voronoi ridge."
                      },
                      "type": "Words"
                    }
                  ],
                  "inner": []
                },
                "type": "Paragraph"
              }
            ],
            "param": "ridge_vertices",
            "type_": "list of list of ints, shape ``(nridges, *)``"
          },
          "type": "Param"
        },
        {
          "data": {
            "desc": [
              {
                "data": {
                  "inline": [
                    {
                      "data": {
                        "value": "Indices of the Voronoi vertices forming each Voronoi region. -1 indicates vertex outside the Voronoi diagram."
                      },
                      "type": "Words"
                    }
                  ],
                  "inner": []
                },
                "type": "Paragraph"
              }
            ],
            "param": "regions",
            "type_": "list of list of ints, shape ``(nregions, *)``"
          },
          "type": "Param"
        },
        {
          "data": {
            "desc": [
              {
                "data": {
                  "inline": [
                    {
                      "data": {
                        "value": "Index of the Voronoi region for each input point. If qhull option \"Qc\" was not specified, the list will contain -1 for points that are not associated with a Voronoi region."
                      },
                      "type": "Words"
                    }
                  ],
                  "inner": []
                },
                "type": "Paragraph"
              }
            ],
            "param": "point_region",
            "type_": "list of ints, shape (npoints)"
          },
          "type": "Param"
        },
        {
          "data": {
            "desc": [
              {
                "data": {
                  "inline": [
                    {
                      "data": {
                        "value": "True if this was a furthest site triangulation and False if not."
                      },
                      "type": "Words"
                    }
                  ],
                  "inner": []
                },
                "type": "Paragraph"
              },
              {
                "data": {
                  "children": [
                    {
                      "inline": [
                        {
                          "data": {
                            "value": "1.4.0 "
                          },
                          "type": "Words"
                        }
                      ],
                      "inner": []
                    }
                  ],
                  "kind": "versionadded",
                  "title": "TODO"
                },
                "type": "Admonition"
              }
            ],
            "param": "furthest_site",
            "type_": ""
          },
          "type": "Param"
        }
      ],
      "title": null
    },
    "Extended Summary": {
      "children": [
        {
          "data": {
            "children": [
              {
                "inline": [
                  {
                    "data": {
                      "value": "0.12.0 "
                    },
                    "type": "Words"
                  }
                ],
                "inner": []
              }
            ],
            "kind": "versionadded",
            "title": "TODO"
          },
          "type": "Admonition"
        }
      ],
      "title": null
    },
    "Methods": {
      "children": [],
      "title": null
    },
    "Notes": {
      "children": [
        {
          "data": {
            "inline": [
              {
                "data": {
                  "value": "The Voronoi diagram is computed using the "
                },
                "type": "Words"
              },
              {
                "data": {
                  "target": "http://www.qhull.org/",
                  "value": "Qhull library"
                },
                "type": "ExternalLink"
              },
              {
                "data": {
                  "value": "."
                },
                "type": "Words"
              }
            ],
            "inner": []
          },
          "type": "Paragraph"
        }
      ],
      "title": null
    },
    "Other Parameters": {
      "children": [],
      "title": null
    },
    "Parameters": {
      "children": [
        {
          "data": {
            "desc": [
              {
                "data": {
                  "inline": [
                    {
                      "data": {
                        "value": "Coordinates of points to construct a Voronoi diagram from"
                      },
                      "type": "Words"
                    }
                  ],
                  "inner": []
                },
                "type": "Paragraph"
              }
            ],
            "param": "points",
            "type_": "ndarray of floats, shape (npoints, ndim)"
          },
          "type": "Param"
        },
        {
          "data": {
            "desc": [
              {
                "data": {
                  "inline": [
                    {
                      "data": {
                        "value": "Whether to compute a furthest-site Voronoi diagram. Default: False"
                      },
                      "type": "Words"
                    }
                  ],
                  "inner": []
                },
                "type": "Paragraph"
              }
            ],
            "param": "furthest_site",
            "type_": "bool, optional"
          },
          "type": "Param"
        },
        {
          "data": {
            "desc": [
              {
                "data": {
                  "inline": [
                    {
                      "data": {
                        "value": "Allow adding new points incrementally. This takes up some additional resources."
                      },
                      "type": "Words"
                    }
                  ],
                  "inner": []
                },
                "type": "Paragraph"
              }
            ],
            "param": "incremental",
            "type_": "bool, optional"
          },
          "type": "Param"
        },
        {
          "data": {
            "desc": [
              {
                "data": {
                  "inline": [
                    {
                      "data": {
                        "value": "Additional options to pass to Qhull. See Qhull manual for details. (Default: \"Qbb Qc Qz Qx\" for ndim > 4 and \"Qbb Qc Qz\" otherwise. Incremental mode omits \"Qz\".)"
                      },
                      "type": "Words"
                    }
                  ],
                  "inner": []
                },
                "type": "Paragraph"
              }
            ],
            "param": "qhull_options",
            "type_": "str, optional"
          },
          "type": "Param"
        }
      ],
      "title": null
    },
    "Raises": {
      "children": [
        {
          "data": {
            "desc": [
              {
                "data": {
                  "inline": [
                    {
                      "data": {
                        "value": "Raised when Qhull encounters an error condition, such as geometrical degeneracy when options to resolve are not enabled."
                      },
                      "type": "Words"
                    }
                  ],
                  "inner": []
                },
                "type": "Paragraph"
              }
            ],
            "param": "",
            "type_": "QhullError"
          },
          "type": "Param"
        },
        {
          "data": {
            "desc": [
              {
                "data": {
                  "inline": [
                    {
                      "data": {
                        "value": "Raised if an incompatible array is given as input."
                      },
                      "type": "Words"
                    }
                  ],
                  "inner": []
                },
                "type": "Paragraph"
              }
            ],
            "param": "",
            "type_": "ValueError"
          },
          "type": "Param"
        }
      ],
      "title": null
    },
    "Receives": {
      "children": [],
      "title": null
    },
    "Returns": {
      "children": [],
      "title": null
    },
    "Summary": {
      "children": [
        {
          "data": {
            "inline": [
              {
                "data": {
                  "value": "Voronoi diagrams in N dimensions."
                },
                "type": "Words"
              }
            ],
            "inner": []
          },
          "type": "Paragraph"
        }
      ],
      "title": null
    },
    "Warnings": {
      "children": [],
      "title": null
    },
    "Warns": {
      "children": [],
      "title": null
    },
    "Yields": {
      "children": [],
      "title": null
    }
  },
  "aliases": [
    "scipy.signal._filter_design.optimize._shgo.spatial.Voronoi"
  ],
  "arbitrary": [],
  "example_section_data": {
    "children": [
      {
        "data": {
          "inline": [
            {
              "data": {
                "value": "Voronoi diagram for a set of point:"
              },
              "type": "Words"
            }
          ],
          "inner": []
        },
        "type": "Paragraph"
      },
      {
        "data": {
          "ce_status": "execed",
          "entries": [
            [
              "points",
              "numpy.ndarray",
              ""
            ],
            [
              " ",
              "",
              ""
            ],
            [
              "=",
              "",
              "o"
            ],
            [
              " ",
              "",
              ""
            ],
            [
              "np",
              "numpy",
              ""
            ],
            [
              ".",
              "",
              "o"
            ],
            [
              "array",
              "numpy.array",
              ""
            ],
            [
              "(",
              "",
              ""
            ],
            [
              "[",
              "",
              ""
            ],
            [
              "[",
              "",
              ""
            ],
            [
              "0",
              "",
              "mi"
            ],
            [
              ",",
              "",
              ""
            ],
            [
              " ",
              "",
              ""
            ],
            [
              "0",
              "",
              "mi"
            ],
            [
              "]",
              "",
              ""
            ],
            [
              ",",
              "",
              ""
            ],
            [
              " ",
              "",
              ""
            ],
            [
              "[",
              "",
              ""
            ],
            [
              "0",
              "",
              "mi"
            ],
            [
              ",",
              "",
              ""
            ],
            [
              " ",
              "",
              ""
            ],
            [
              "1",
              "",
              "mi"
            ],
            [
              "]",
              "",
              ""
            ],
            [
              ",",
              "",
              ""
            ],
            [
              " ",
              "",
              ""
            ],
            [
              "[",
              "",
              ""
            ],
            [
              "0",
              "",
              "mi"
            ],
            [
              ",",
              "",
              ""
            ],
            [
              " ",
              "",
              ""
            ],
            [
              "2",
              "",
              "mi"
            ],
            [
              "]",
              "",
              ""
            ],
            [
              ",",
              "",
              ""
            ],
            [
              " ",
              "",
              ""
            ],
            [
              "[",
              "",
              ""
            ],
            [
              "1",
              "",
              "mi"
            ],
            [
              ",",
              "",
              ""
            ],
            [
              " ",
              "",
              ""
            ],
            [
              "0",
              "",
              "mi"
            ],
            [
              "]",
              "",
              ""
            ],
            [
              ",",
              "",
              ""
            ],
            [
              " ",
              "",
              ""
            ],
            [
              "[",
              "",
              ""
            ],
            [
              "1",
              "",
              "mi"
            ],
            [
              ",",
              "",
              ""
            ],
            [
              " ",
              "",
              ""
            ],
            [
              "1",
              "",
              "mi"
            ],
            [
              "]",
              "",
              ""
            ],
            [
              ",",
              "",
              ""
            ],
            [
              " ",
              "",
              ""
            ],
            [
              "[",
              "",
              ""
            ],
            [
              "1",
              "",
              "mi"
            ],
            [
              ",",
              "",
              ""
            ],
            [
              " ",
              "",
              ""
            ],
            [
              "2",
              "",
              "mi"
            ],
            [
              "]",
              "",
              ""
            ],
            [
              ",",
              "",
              ""
            ],
            [
              "\n",
              "",
              ""
            ],
            [
              "                   ",
              "",
              ""
            ],
            [
              "[",
              "",
              ""
            ],
            [
              "2",
              "",
              "mi"
            ],
            [
              ",",
              "",
              ""
            ],
            [
              " ",
              "",
              ""
            ],
            [
              "0",
              "",
              "mi"
            ],
            [
              "]",
              "",
              ""
            ],
            [
              ",",
              "",
              ""
            ],
            [
              " ",
              "",
              ""
            ],
            [
              "[",
              "",
              ""
            ],
            [
              "2",
              "",
              "mi"
            ],
            [
              ",",
              "",
              ""
            ],
            [
              " ",
              "",
              ""
            ],
            [
              "1",
              "",
              "mi"
            ],
            [
              "]",
              "",
              ""
            ],
            [
              ",",
              "",
              ""
            ],
            [
              " ",
              "",
              ""
            ],
            [
              "[",
              "",
              ""
            ],
            [
              "2",
              "",
              "mi"
            ],
            [
              ",",
              "",
              ""
            ],
            [
              " ",
              "",
              ""
            ],
            [
              "2",
              "",
              "mi"
            ],
            [
              "]",
              "",
              ""
            ],
            [
              "]",
              "",
              ""
            ],
            [
              ")",
              "",
              ""
            ],
            [
              "\n",
              "",
              ""
            ],
            [
              "from",
              null,
              "kn"
            ],
            [
              " ",
              "",
              ""
            ],
            [
              "scipy",
              "scipy",
              "nn"
            ],
            [
              ".",
              "",
              "nn"
            ],
            [
              "spatial",
              "scipy.spatial",
              "nn"
            ],
            [
              " ",
              "",
              ""
            ],
            [
              "import",
              null,
              "kn"
            ],
            [
              " ",
              "",
              ""
            ],
            [
              "Voronoi",
              "scipy.spatial._qhull.Voronoi",
              ""
            ],
            [
              ",",
              "",
              ""
            ],
            [
              " ",
              "",
              ""
            ],
            [
              "voronoi_plot_2d",
              "scipy.spatial._plotutils.voronoi_plot_2d",
              ""
            ],
            [
              "\n",
              "",
              ""
            ],
            [
              "vor",
              "scipy.spatial._qhull.Voronoi",
              ""
            ],
            [
              " ",
              "",
              ""
            ],
            [
              "=",
              "",
              "o"
            ],
            [
              " ",
              "",
              ""
            ],
            [
              "Voronoi",
              "scipy.spatial._qhull.Voronoi",
              ""
            ],
            [
              "(",
              "",
              ""
            ],
            [
              "points",
              "numpy.ndarray",
              ""
            ],
            [
              ")",
              "",
              ""
            ]
          ],
          "out": ""
        },
        "type": "Code"
      },
      {
        "data": {
          "inline": [
            {
              "data": {
                "value": "Plot it:"
              },
              "type": "Words"
            }
          ],
          "inner": []
        },
        "type": "Paragraph"
      },
      {
        "data": {
          "ce_status": "execed",
          "entries": [
            [
              "import",
              null,
              "kn"
            ],
            [
              " ",
              "",
              ""
            ],
            [
              "matplotlib",
              "matplotlib",
              "nn"
            ],
            [
              ".",
              "",
              "nn"
            ],
            [
              "pyplot",
              "matplotlib.pyplot",
              "nn"
            ],
            [
              " ",
              "",
              ""
            ],
            [
              "as",
              null,
              "k"
            ],
            [
              " ",
              "",
              ""
            ],
            [
              "plt",
              "matplotlib.pyplot",
              "nn"
            ],
            [
              "\n",
              "",
              ""
            ],
            [
              "fig",
              null,
              ""
            ],
            [
              " ",
              "",
              ""
            ],
            [
              "=",
              "",
              "o"
            ],
            [
              " ",
              "",
              ""
            ],
            [
              "voronoi_plot_2d",
              "scipy.spatial._plotutils.voronoi_plot_2d",
              ""
            ],
            [
              "(",
              "",
              ""
            ],
            [
              "vor",
              "scipy.spatial._qhull.Voronoi",
              ""
            ],
            [
              ")",
              "",
              ""
            ],
            [
              "\n",
              "",
              ""
            ],
            [
              "plt",
              "matplotlib.pyplot",
              ""
            ],
            [
              ".",
              "",
              "o"
            ],
            [
              "show",
              "matplotlib.pyplot.show",
              ""
            ],
            [
              "(",
              "",
              ""
            ],
            [
              ")",
              "",
              ""
            ]
          ],
          "out": ""
        },
        "type": "Code"
      },
      {
        "data": {
          "value": "fig-scipy.spatial._qhull.Voronoi-0.png"
        },
        "type": "Fig"
      },
      {
        "data": {
          "inline": [
            {
              "data": {
                "value": "The Voronoi vertices:"
              },
              "type": "Words"
            }
          ],
          "inner": []
        },
        "type": "Paragraph"
      },
      {
        "data": {
          "ce_status": "execed",
          "entries": [
            [
              "vor",
              "scipy.spatial._qhull.Voronoi",
              ""
            ],
            [
              ".",
              "",
              "o"
            ],
            [
              "vertices",
              "numpy.ndarray",
              ""
            ]
          ],
          "out": "array([[0.5, 0.5],\n       [0.5, 1.5],\n       [1.5, 0.5],\n       [1.5, 1.5]])"
        },
        "type": "Code"
      },
      {
        "data": {
          "inline": [
            {
              "data": {
                "value": "There is a single finite Voronoi region, and four finite Voronoi ridges:"
              },
              "type": "Words"
            }
          ],
          "inner": []
        },
        "type": "Paragraph"
      },
      {
        "data": {
          "ce_status": "execed",
          "entries": [
            [
              "vor",
              "scipy.spatial._qhull.Voronoi",
              ""
            ],
            [
              ".",
              "",
              "o"
            ],
            [
              "regions",
              "builtins.list",
              ""
            ]
          ],
          "out": "[[], [-1, 0], [-1, 1], [1, -1, 0], [3, -1, 2], [-1, 3], [-1, 2], [0, 1, 3, 2], [2, -1, 0], [3, -1, 1]]"
        },
        "type": "Code"
      },
      {
        "data": {
          "ce_status": "execed",
          "entries": [
            [
              "vor",
              "scipy.spatial._qhull.Voronoi",
              ""
            ],
            [
              ".",
              "",
              "o"
            ],
            [
              "ridge_vertices",
              "builtins.list",
              ""
            ]
          ],
          "out": "[[-1, 0], [-1, 0], [-1, 1], [-1, 1], [0, 1], [-1, 3], [-1, 2], [2, 3], [-1, 3], [-1, 2], [1, 3], [0, 2]]"
        },
        "type": "Code"
      },
      {
        "data": {
          "inline": [
            {
              "data": {
                "value": "The ridges are perpendicular between lines drawn between the following input points:"
              },
              "type": "Words"
            }
          ],
          "inner": []
        },
        "type": "Paragraph"
      },
      {
        "data": {
          "ce_status": "execed",
          "entries": [
            [
              "vor",
              "scipy.spatial._qhull.Voronoi",
              ""
            ],
            [
              ".",
              "",
              "o"
            ],
            [
              "ridge_points",
              "numpy.ndarray",
              ""
            ]
          ],
          "out": "array([[0, 3],\n       [0, 1],\n       [2, 5],\n       [2, 1],\n       [1, 4],\n       [7, 8],\n       [7, 6],\n       [7, 4],\n       [8, 5],\n       [6, 3],\n       [4, 5],\n       [4, 3]], dtype=int32)"
        },
        "type": "Code"
      }
    ],
    "title": null
  },
  "item_file": "/scipy/spatial/_qhull.cpython-39-darwin.so",
  "item_line": null,
  "item_type": "<class 'type'>",
  "ordered_sections": [
    "Signature",
    "Summary",
    "Extended Summary",
    "Parameters",
    "Attributes",
    "Raises",
    "Notes",
    "Examples"
  ],
  "references": null,
  "refs": [
    "builtins.list",
    "matplotlib",
    "matplotlib.pyplot",
    "matplotlib.pyplot.show",
    "numpy",
    "numpy.array",
    "numpy.ndarray",
    "scipy",
    "scipy.spatial",
    "scipy.spatial._plotutils.voronoi_plot_2d",
    "scipy.spatial._qhull.Voronoi"
  ],
  "see_also": [],
  "signature": {
    "value": "Voronoi(points, furthest_site=False, incremental=False, qhull_options=None)"
  }
}