{
  "_content": {
    "Attributes": {
      "children": [],
      "title": null
    },
    "Extended Summary": {
      "children": [
        {
          "data": {
            "inline": [
              {
                "data": {
                  "value": "See Notes for common calling conventions."
                },
                "type": "Words"
              }
            ],
            "inner": []
          },
          "type": "Paragraph"
        }
      ],
      "title": null
    },
    "Methods": {
      "children": [],
      "title": null
    },
    "Notes": {
      "children": [
        {
          "data": {
            "inline": [
              {
                "data": {
                  "value": "See "
                },
                "type": "Words"
              },
              {
                "data": {
                  "value": [
                    "squareform"
                  ]
                },
                "type": "Verbatim"
              },
              {
                "data": {
                  "value": " for information on how to calculate the index of this entry or to convert the condensed distance matrix to a redundant square matrix."
                },
                "type": "Words"
              }
            ],
            "inner": []
          },
          "type": "Paragraph"
        },
        {
          "data": {
            "inline": [
              {
                "data": {
                  "value": "The following are common calling conventions."
                },
                "type": "Words"
              }
            ],
            "inner": []
          },
          "type": "Paragraph"
        },
        {
          "data": {
            "children": [
              {
                "value": [
                  {
                    "data": {
                      "inline": [
                        {
                          "data": {
                            "value": [
                              "Y = pdist(X, 'euclidean')"
                            ]
                          },
                          "type": "Verbatim"
                        }
                      ],
                      "inner": []
                    },
                    "type": "Paragraph"
                  },
                  {
                    "data": {
                      "inline": [
                        {
                          "data": {
                            "value": "Computes the distance between m points using Euclidean distance    (2-norm) as the distance metric between the points. The points    are arranged as m n-dimensional row vectors in the matrix X."
                          },
                          "type": "Words"
                        }
                      ],
                      "inner": []
                    },
                    "type": "Paragraph"
                  }
                ]
              },
              {
                "value": [
                  {
                    "data": {
                      "inline": [
                        {
                          "data": {
                            "value": [
                              "Y = pdist(X, 'minkowski', p=2.)"
                            ]
                          },
                          "type": "Verbatim"
                        }
                      ],
                      "inner": []
                    },
                    "type": "Paragraph"
                  },
                  {
                    "data": {
                      "inline": [
                        {
                          "data": {
                            "value": "Computes the distances using the Minkowski distance    "
                          },
                          "type": "Words"
                        },
                        {
                          "data": {
                            "value": [
                              "\\|u-v\\|_p"
                            ]
                          },
                          "type": "Math"
                        },
                        {
                          "data": {
                            "value": " ("
                          },
                          "type": "Words"
                        },
                        {
                          "data": {
                            "value": [
                              "p"
                            ]
                          },
                          "type": "Math"
                        },
                        {
                          "data": {
                            "value": "-norm) where "
                          },
                          "type": "Words"
                        },
                        {
                          "data": {
                            "value": [
                              "p > 0"
                            ]
                          },
                          "type": "Math"
                        },
                        {
                          "data": {
                            "value": " (note    that this is only a quasi-metric if "
                          },
                          "type": "Words"
                        },
                        {
                          "data": {
                            "value": [
                              "0 < p < 1"
                            ]
                          },
                          "type": "Math"
                        },
                        {
                          "data": {
                            "value": ")."
                          },
                          "type": "Words"
                        }
                      ],
                      "inner": []
                    },
                    "type": "Paragraph"
                  }
                ]
              },
              {
                "value": [
                  {
                    "data": {
                      "inline": [
                        {
                          "data": {
                            "value": [
                              "Y = pdist(X, 'cityblock')"
                            ]
                          },
                          "type": "Verbatim"
                        }
                      ],
                      "inner": []
                    },
                    "type": "Paragraph"
                  },
                  {
                    "data": {
                      "inline": [
                        {
                          "data": {
                            "value": "Computes the city block or Manhattan distance between the    points."
                          },
                          "type": "Words"
                        }
                      ],
                      "inner": []
                    },
                    "type": "Paragraph"
                  }
                ]
              },
              {
                "value": [
                  {
                    "data": {
                      "inline": [
                        {
                          "data": {
                            "value": [
                              "Y = pdist(X, 'seuclidean', V=None)"
                            ]
                          },
                          "type": "Verbatim"
                        }
                      ],
                      "inner": []
                    },
                    "type": "Paragraph"
                  },
                  {
                    "data": {
                      "inline": [
                        {
                          "data": {
                            "value": "Computes the standardized Euclidean distance. The standardized    Euclidean distance between two n-vectors "
                          },
                          "type": "Words"
                        },
                        {
                          "data": {
                            "value": [
                              "u"
                            ]
                          },
                          "type": "Verbatim"
                        },
                        {
                          "data": {
                            "value": " and "
                          },
                          "type": "Words"
                        },
                        {
                          "data": {
                            "value": [
                              "v"
                            ]
                          },
                          "type": "Verbatim"
                        },
                        {
                          "data": {
                            "value": " is"
                          },
                          "type": "Words"
                        }
                      ],
                      "inner": []
                    },
                    "type": "Paragraph"
                  },
                  {
                    "data": {
                      "value": "\\sqrt { \\sum { ( u_i - v_i)^2 / V [ x_i]}} "
                    },
                    "type": "BlockMath"
                  },
                  {
                    "data": {
                      "inline": [
                        {
                          "data": {
                            "value": "V is the variance vector; V[i] is the variance computed over all    the i'th components of the points.  If not passed, it is    automatically computed."
                          },
                          "type": "Words"
                        }
                      ],
                      "inner": []
                    },
                    "type": "Paragraph"
                  }
                ]
              },
              {
                "value": [
                  {
                    "data": {
                      "inline": [
                        {
                          "data": {
                            "value": [
                              "Y = pdist(X, 'sqeuclidean')"
                            ]
                          },
                          "type": "Verbatim"
                        }
                      ],
                      "inner": []
                    },
                    "type": "Paragraph"
                  },
                  {
                    "data": {
                      "inline": [
                        {
                          "data": {
                            "value": "Computes the squared Euclidean distance "
                          },
                          "type": "Words"
                        },
                        {
                          "data": {
                            "value": [
                              "\\|u-v\\|_2^2"
                            ]
                          },
                          "type": "Math"
                        },
                        {
                          "data": {
                            "value": " between    the vectors."
                          },
                          "type": "Words"
                        }
                      ],
                      "inner": []
                    },
                    "type": "Paragraph"
                  }
                ]
              },
              {
                "value": [
                  {
                    "data": {
                      "inline": [
                        {
                          "data": {
                            "value": [
                              "Y = pdist(X, 'cosine')"
                            ]
                          },
                          "type": "Verbatim"
                        }
                      ],
                      "inner": []
                    },
                    "type": "Paragraph"
                  },
                  {
                    "data": {
                      "inline": [
                        {
                          "data": {
                            "value": "Computes the cosine distance between vectors u and v,"
                          },
                          "type": "Words"
                        }
                      ],
                      "inner": []
                    },
                    "type": "Paragraph"
                  },
                  {
                    "data": {
                      "value": "1 - \\frac { u \\cdot v} { { \\|u\\|}_2 { \\|v\\|}_2} "
                    },
                    "type": "BlockMath"
                  },
                  {
                    "data": {
                      "inline": [
                        {
                          "data": {
                            "value": "where "
                          },
                          "type": "Words"
                        },
                        {
                          "data": {
                            "value": [
                              "\\|*\\|_2"
                            ]
                          },
                          "type": "Math"
                        },
                        {
                          "data": {
                            "value": " is the 2-norm of its argument "
                          },
                          "type": "Words"
                        },
                        {
                          "data": {
                            "value": [
                              "*"
                            ]
                          },
                          "type": "Verbatim"
                        },
                        {
                          "data": {
                            "value": ", and    "
                          },
                          "type": "Words"
                        },
                        {
                          "data": {
                            "value": [
                              "u \\cdot v"
                            ]
                          },
                          "type": "Math"
                        },
                        {
                          "data": {
                            "value": " is the dot product of "
                          },
                          "type": "Words"
                        },
                        {
                          "data": {
                            "value": [
                              "u"
                            ]
                          },
                          "type": "Verbatim"
                        },
                        {
                          "data": {
                            "value": " and "
                          },
                          "type": "Words"
                        },
                        {
                          "data": {
                            "value": [
                              "v"
                            ]
                          },
                          "type": "Verbatim"
                        },
                        {
                          "data": {
                            "value": "."
                          },
                          "type": "Words"
                        }
                      ],
                      "inner": []
                    },
                    "type": "Paragraph"
                  }
                ]
              },
              {
                "value": [
                  {
                    "data": {
                      "inline": [
                        {
                          "data": {
                            "value": [
                              "Y = pdist(X, 'correlation')"
                            ]
                          },
                          "type": "Verbatim"
                        }
                      ],
                      "inner": []
                    },
                    "type": "Paragraph"
                  },
                  {
                    "data": {
                      "inline": [
                        {
                          "data": {
                            "value": "Computes the correlation distance between vectors u and v. This is"
                          },
                          "type": "Words"
                        }
                      ],
                      "inner": []
                    },
                    "type": "Paragraph"
                  },
                  {
                    "data": {
                      "value": "1 - \\frac { ( u - \\bar { u}) \\cdot ( v - \\bar { v})} { { \\| ( u - \\bar { u})\\|}_2 { \\| ( v - \\bar { v})\\|}_2} "
                    },
                    "type": "BlockMath"
                  },
                  {
                    "data": {
                      "inline": [
                        {
                          "data": {
                            "value": "where "
                          },
                          "type": "Words"
                        },
                        {
                          "data": {
                            "value": [
                              "\\bar{v}"
                            ]
                          },
                          "type": "Math"
                        },
                        {
                          "data": {
                            "value": " is the mean of the elements of vector v,    and "
                          },
                          "type": "Words"
                        },
                        {
                          "data": {
                            "value": [
                              "x \\cdot y"
                            ]
                          },
                          "type": "Math"
                        },
                        {
                          "data": {
                            "value": " is the dot product of "
                          },
                          "type": "Words"
                        },
                        {
                          "data": {
                            "value": [
                              "x"
                            ]
                          },
                          "type": "Math"
                        },
                        {
                          "data": {
                            "value": " and "
                          },
                          "type": "Words"
                        },
                        {
                          "data": {
                            "value": [
                              "y"
                            ]
                          },
                          "type": "Math"
                        },
                        {
                          "data": {
                            "value": "."
                          },
                          "type": "Words"
                        }
                      ],
                      "inner": []
                    },
                    "type": "Paragraph"
                  }
                ]
              },
              {
                "value": [
                  {
                    "data": {
                      "inline": [
                        {
                          "data": {
                            "value": [
                              "Y = pdist(X, 'hamming')"
                            ]
                          },
                          "type": "Verbatim"
                        }
                      ],
                      "inner": []
                    },
                    "type": "Paragraph"
                  },
                  {
                    "data": {
                      "inline": [
                        {
                          "data": {
                            "value": "Computes the normalized Hamming distance, or the proportion of    those vector elements between two n-vectors "
                          },
                          "type": "Words"
                        },
                        {
                          "data": {
                            "value": [
                              "u"
                            ]
                          },
                          "type": "Verbatim"
                        },
                        {
                          "data": {
                            "value": " and "
                          },
                          "type": "Words"
                        },
                        {
                          "data": {
                            "value": [
                              "v"
                            ]
                          },
                          "type": "Verbatim"
                        },
                        {
                          "data": {
                            "value": "    which disagree. To save memory, the matrix "
                          },
                          "type": "Words"
                        },
                        {
                          "data": {
                            "value": [
                              "X"
                            ]
                          },
                          "type": "Verbatim"
                        },
                        {
                          "data": {
                            "value": " can be of type    boolean."
                          },
                          "type": "Words"
                        }
                      ],
                      "inner": []
                    },
                    "type": "Paragraph"
                  }
                ]
              },
              {
                "value": [
                  {
                    "data": {
                      "inline": [
                        {
                          "data": {
                            "value": [
                              "Y = pdist(X, 'jaccard')"
                            ]
                          },
                          "type": "Verbatim"
                        }
                      ],
                      "inner": []
                    },
                    "type": "Paragraph"
                  },
                  {
                    "data": {
                      "inline": [
                        {
                          "data": {
                            "value": "Computes the Jaccard distance between the points. Given two    vectors, "
                          },
                          "type": "Words"
                        },
                        {
                          "data": {
                            "value": [
                              "u"
                            ]
                          },
                          "type": "Verbatim"
                        },
                        {
                          "data": {
                            "value": " and "
                          },
                          "type": "Words"
                        },
                        {
                          "data": {
                            "value": [
                              "v"
                            ]
                          },
                          "type": "Verbatim"
                        },
                        {
                          "data": {
                            "value": ", the Jaccard distance is the    proportion of those elements "
                          },
                          "type": "Words"
                        },
                        {
                          "data": {
                            "value": [
                              "u[i]"
                            ]
                          },
                          "type": "Verbatim"
                        },
                        {
                          "data": {
                            "value": " and "
                          },
                          "type": "Words"
                        },
                        {
                          "data": {
                            "value": [
                              "v[i]"
                            ]
                          },
                          "type": "Verbatim"
                        },
                        {
                          "data": {
                            "value": " that    disagree."
                          },
                          "type": "Words"
                        }
                      ],
                      "inner": []
                    },
                    "type": "Paragraph"
                  }
                ]
              },
              {
                "value": [
                  {
                    "data": {
                      "inline": [
                        {
                          "data": {
                            "value": [
                              "Y = pdist(X, 'jensenshannon')"
                            ]
                          },
                          "type": "Verbatim"
                        }
                      ],
                      "inner": []
                    },
                    "type": "Paragraph"
                  },
                  {
                    "data": {
                      "inline": [
                        {
                          "data": {
                            "value": "Computes the Jensen-Shannon distance between two probability arrays.     Given two probability vectors, "
                          },
                          "type": "Words"
                        },
                        {
                          "data": {
                            "value": [
                              "p"
                            ]
                          },
                          "type": "Math"
                        },
                        {
                          "data": {
                            "value": " and "
                          },
                          "type": "Words"
                        },
                        {
                          "data": {
                            "value": [
                              "q"
                            ]
                          },
                          "type": "Math"
                        },
                        {
                          "data": {
                            "value": ", the     Jensen-Shannon distance is"
                          },
                          "type": "Words"
                        }
                      ],
                      "inner": []
                    },
                    "type": "Paragraph"
                  },
                  {
                    "data": {
                      "value": "\\sqrt { \\frac { D ( p \\parallel m) + D ( q \\parallel m)} { 2}} "
                    },
                    "type": "BlockMath"
                  },
                  {
                    "data": {
                      "inline": [
                        {
                          "data": {
                            "value": "where "
                          },
                          "type": "Words"
                        },
                        {
                          "data": {
                            "value": [
                              "m"
                            ]
                          },
                          "type": "Math"
                        },
                        {
                          "data": {
                            "value": " is the pointwise mean of "
                          },
                          "type": "Words"
                        },
                        {
                          "data": {
                            "value": [
                              "p"
                            ]
                          },
                          "type": "Math"
                        },
                        {
                          "data": {
                            "value": " and "
                          },
                          "type": "Words"
                        },
                        {
                          "data": {
                            "value": [
                              "q"
                            ]
                          },
                          "type": "Math"
                        },
                        {
                          "data": {
                            "value": "     and "
                          },
                          "type": "Words"
                        },
                        {
                          "data": {
                            "value": [
                              "D"
                            ]
                          },
                          "type": "Math"
                        },
                        {
                          "data": {
                            "value": " is the Kullback-Leibler divergence."
                          },
                          "type": "Words"
                        }
                      ],
                      "inner": []
                    },
                    "type": "Paragraph"
                  }
                ]
              },
              {
                "value": [
                  {
                    "data": {
                      "inline": [
                        {
                          "data": {
                            "value": [
                              "Y = pdist(X, 'chebyshev')"
                            ]
                          },
                          "type": "Verbatim"
                        }
                      ],
                      "inner": []
                    },
                    "type": "Paragraph"
                  },
                  {
                    "data": {
                      "inline": [
                        {
                          "data": {
                            "value": "Computes the Chebyshev distance between the points. The     Chebyshev distance between two n-vectors "
                          },
                          "type": "Words"
                        },
                        {
                          "data": {
                            "value": [
                              "u"
                            ]
                          },
                          "type": "Verbatim"
                        },
                        {
                          "data": {
                            "value": " and "
                          },
                          "type": "Words"
                        },
                        {
                          "data": {
                            "value": [
                              "v"
                            ]
                          },
                          "type": "Verbatim"
                        },
                        {
                          "data": {
                            "value": " is the     maximum norm-1 distance between their respective elements. More     precisely, the distance is given by"
                          },
                          "type": "Words"
                        }
                      ],
                      "inner": []
                    },
                    "type": "Paragraph"
                  },
                  {
                    "data": {
                      "value": "d ( u,v) = \\max_i { |u_i - v_i|} "
                    },
                    "type": "BlockMath"
                  }
                ]
              },
              {
                "value": [
                  {
                    "data": {
                      "inline": [
                        {
                          "data": {
                            "value": [
                              "Y = pdist(X, 'canberra')"
                            ]
                          },
                          "type": "Verbatim"
                        }
                      ],
                      "inner": []
                    },
                    "type": "Paragraph"
                  },
                  {
                    "data": {
                      "inline": [
                        {
                          "data": {
                            "value": "Computes the Canberra distance between the points. The     Canberra distance between two points "
                          },
                          "type": "Words"
                        },
                        {
                          "data": {
                            "value": [
                              "u"
                            ]
                          },
                          "type": "Verbatim"
                        },
                        {
                          "data": {
                            "value": " and "
                          },
                          "type": "Words"
                        },
                        {
                          "data": {
                            "value": [
                              "v"
                            ]
                          },
                          "type": "Verbatim"
                        },
                        {
                          "data": {
                            "value": " is"
                          },
                          "type": "Words"
                        }
                      ],
                      "inner": []
                    },
                    "type": "Paragraph"
                  },
                  {
                    "data": {
                      "value": "d ( u,v) = \\sum_i \\frac { |u_i - v_i|} { |u_i|+|v_i|} "
                    },
                    "type": "BlockMath"
                  }
                ]
              },
              {
                "value": [
                  {
                    "data": {
                      "inline": [
                        {
                          "data": {
                            "value": [
                              "Y = pdist(X, 'braycurtis')"
                            ]
                          },
                          "type": "Verbatim"
                        }
                      ],
                      "inner": []
                    },
                    "type": "Paragraph"
                  },
                  {
                    "data": {
                      "inline": [
                        {
                          "data": {
                            "value": "Computes the Bray-Curtis distance between the points. The     Bray-Curtis distance between two points "
                          },
                          "type": "Words"
                        },
                        {
                          "data": {
                            "value": [
                              "u"
                            ]
                          },
                          "type": "Verbatim"
                        },
                        {
                          "data": {
                            "value": " and "
                          },
                          "type": "Words"
                        },
                        {
                          "data": {
                            "value": [
                              "v"
                            ]
                          },
                          "type": "Verbatim"
                        },
                        {
                          "data": {
                            "value": " is"
                          },
                          "type": "Words"
                        }
                      ],
                      "inner": []
                    },
                    "type": "Paragraph"
                  },
                  {
                    "data": {
                      "value": "d ( u,v) = \\frac { \\sum_i { |u_i - v_i|}} { \\sum_i { |u_i+v_i|}} "
                    },
                    "type": "BlockMath"
                  }
                ]
              },
              {
                "value": [
                  {
                    "data": {
                      "inline": [
                        {
                          "data": {
                            "value": [
                              "Y = pdist(X, 'mahalanobis', VI=None)"
                            ]
                          },
                          "type": "Verbatim"
                        }
                      ],
                      "inner": []
                    },
                    "type": "Paragraph"
                  },
                  {
                    "data": {
                      "inline": [
                        {
                          "data": {
                            "value": "Computes the Mahalanobis distance between the points. The     Mahalanobis distance between two points "
                          },
                          "type": "Words"
                        },
                        {
                          "data": {
                            "value": [
                              "u"
                            ]
                          },
                          "type": "Verbatim"
                        },
                        {
                          "data": {
                            "value": " and "
                          },
                          "type": "Words"
                        },
                        {
                          "data": {
                            "value": [
                              "v"
                            ]
                          },
                          "type": "Verbatim"
                        },
                        {
                          "data": {
                            "value": " is     "
                          },
                          "type": "Words"
                        },
                        {
                          "data": {
                            "value": [
                              "\\sqrt{(u-v)(1/V)(u-v)^T}"
                            ]
                          },
                          "type": "Math"
                        },
                        {
                          "data": {
                            "value": " where "
                          },
                          "type": "Words"
                        },
                        {
                          "data": {
                            "value": [
                              "(1/V)"
                            ]
                          },
                          "type": "Math"
                        },
                        {
                          "data": {
                            "value": " (the "
                          },
                          "type": "Words"
                        },
                        {
                          "data": {
                            "value": [
                              "VI"
                            ]
                          },
                          "type": "Verbatim"
                        },
                        {
                          "data": {
                            "value": "     variable) is the inverse covariance. If "
                          },
                          "type": "Words"
                        },
                        {
                          "data": {
                            "value": [
                              "VI"
                            ]
                          },
                          "type": "Verbatim"
                        },
                        {
                          "data": {
                            "value": " is not None,     "
                          },
                          "type": "Words"
                        },
                        {
                          "data": {
                            "value": [
                              "VI"
                            ]
                          },
                          "type": "Verbatim"
                        },
                        {
                          "data": {
                            "value": " will be used as the inverse covariance matrix."
                          },
                          "type": "Words"
                        }
                      ],
                      "inner": []
                    },
                    "type": "Paragraph"
                  }
                ]
              },
              {
                "value": [
                  {
                    "data": {
                      "inline": [
                        {
                          "data": {
                            "value": [
                              "Y = pdist(X, 'yule')"
                            ]
                          },
                          "type": "Verbatim"
                        }
                      ],
                      "inner": []
                    },
                    "type": "Paragraph"
                  },
                  {
                    "data": {
                      "inline": [
                        {
                          "data": {
                            "value": "Computes the Yule distance between each pair of boolean     vectors. (see yule function documentation)"
                          },
                          "type": "Words"
                        }
                      ],
                      "inner": []
                    },
                    "type": "Paragraph"
                  }
                ]
              },
              {
                "value": [
                  {
                    "data": {
                      "inline": [
                        {
                          "data": {
                            "value": [
                              "Y = pdist(X, 'matching')"
                            ]
                          },
                          "type": "Verbatim"
                        }
                      ],
                      "inner": []
                    },
                    "type": "Paragraph"
                  },
                  {
                    "data": {
                      "inline": [
                        {
                          "data": {
                            "value": "Synonym for 'hamming'."
                          },
                          "type": "Words"
                        }
                      ],
                      "inner": []
                    },
                    "type": "Paragraph"
                  }
                ]
              },
              {
                "value": [
                  {
                    "data": {
                      "inline": [
                        {
                          "data": {
                            "value": [
                              "Y = pdist(X, 'dice')"
                            ]
                          },
                          "type": "Verbatim"
                        }
                      ],
                      "inner": []
                    },
                    "type": "Paragraph"
                  },
                  {
                    "data": {
                      "inline": [
                        {
                          "data": {
                            "value": "Computes the Dice distance between each pair of boolean     vectors. (see dice function documentation)"
                          },
                          "type": "Words"
                        }
                      ],
                      "inner": []
                    },
                    "type": "Paragraph"
                  }
                ]
              },
              {
                "value": [
                  {
                    "data": {
                      "inline": [
                        {
                          "data": {
                            "value": [
                              "Y = pdist(X, 'kulsinski')"
                            ]
                          },
                          "type": "Verbatim"
                        }
                      ],
                      "inner": []
                    },
                    "type": "Paragraph"
                  },
                  {
                    "data": {
                      "inline": [
                        {
                          "data": {
                            "value": "Computes the Kulsinski distance between each pair of     boolean vectors. (see kulsinski function documentation)"
                          },
                          "type": "Words"
                        }
                      ],
                      "inner": []
                    },
                    "type": "Paragraph"
                  }
                ]
              },
              {
                "value": [
                  {
                    "data": {
                      "inline": [
                        {
                          "data": {
                            "value": [
                              "Y = pdist(X, 'rogerstanimoto')"
                            ]
                          },
                          "type": "Verbatim"
                        }
                      ],
                      "inner": []
                    },
                    "type": "Paragraph"
                  },
                  {
                    "data": {
                      "inline": [
                        {
                          "data": {
                            "value": "Computes the Rogers-Tanimoto distance between each pair of     boolean vectors. (see rogerstanimoto function documentation)"
                          },
                          "type": "Words"
                        }
                      ],
                      "inner": []
                    },
                    "type": "Paragraph"
                  }
                ]
              },
              {
                "value": [
                  {
                    "data": {
                      "inline": [
                        {
                          "data": {
                            "value": [
                              "Y = pdist(X, 'russellrao')"
                            ]
                          },
                          "type": "Verbatim"
                        }
                      ],
                      "inner": []
                    },
                    "type": "Paragraph"
                  },
                  {
                    "data": {
                      "inline": [
                        {
                          "data": {
                            "value": "Computes the Russell-Rao distance between each pair of     boolean vectors. (see russellrao function documentation)"
                          },
                          "type": "Words"
                        }
                      ],
                      "inner": []
                    },
                    "type": "Paragraph"
                  }
                ]
              },
              {
                "value": [
                  {
                    "data": {
                      "inline": [
                        {
                          "data": {
                            "value": [
                              "Y = pdist(X, 'sokalmichener')"
                            ]
                          },
                          "type": "Verbatim"
                        }
                      ],
                      "inner": []
                    },
                    "type": "Paragraph"
                  },
                  {
                    "data": {
                      "inline": [
                        {
                          "data": {
                            "value": "Computes the Sokal-Michener distance between each pair of     boolean vectors. (see sokalmichener function documentation)"
                          },
                          "type": "Words"
                        }
                      ],
                      "inner": []
                    },
                    "type": "Paragraph"
                  }
                ]
              },
              {
                "value": [
                  {
                    "data": {
                      "inline": [
                        {
                          "data": {
                            "value": [
                              "Y = pdist(X, 'sokalsneath')"
                            ]
                          },
                          "type": "Verbatim"
                        }
                      ],
                      "inner": []
                    },
                    "type": "Paragraph"
                  },
                  {
                    "data": {
                      "inline": [
                        {
                          "data": {
                            "value": "Computes the Sokal-Sneath distance between each pair of     boolean vectors. (see sokalsneath function documentation)"
                          },
                          "type": "Words"
                        }
                      ],
                      "inner": []
                    },
                    "type": "Paragraph"
                  }
                ]
              },
              {
                "value": [
                  {
                    "data": {
                      "inline": [
                        {
                          "data": {
                            "value": [
                              "Y = pdist(X, 'kulczynski1')"
                            ]
                          },
                          "type": "Verbatim"
                        }
                      ],
                      "inner": []
                    },
                    "type": "Paragraph"
                  },
                  {
                    "data": {
                      "inline": [
                        {
                          "data": {
                            "value": "Computes the Kulczynski 1 distance between each pair of     boolean vectors. (see kulczynski1 function documentation)"
                          },
                          "type": "Words"
                        }
                      ],
                      "inner": []
                    },
                    "type": "Paragraph"
                  }
                ]
              },
              {
                "value": [
                  {
                    "data": {
                      "inline": [
                        {
                          "data": {
                            "value": [
                              "Y = pdist(X, f)"
                            ]
                          },
                          "type": "Verbatim"
                        }
                      ],
                      "inner": []
                    },
                    "type": "Paragraph"
                  },
                  {
                    "data": {
                      "inline": [
                        {
                          "data": {
                            "value": "Computes the distance between all pairs of vectors in X     using the user supplied 2-arity function f. For example,     Euclidean distance between the vectors could be computed     as follows::        "
                          },
                          "type": "Words"
                        }
                      ],
                      "inner": []
                    },
                    "type": "Paragraph"
                  },
                  {
                    "data": {
                      "value": "dm = pdist(X, lambda u, v: np.sqrt(((u-v)**2).sum()))"
                    },
                    "type": "BlockVerbatim"
                  },
                  {
                    "data": {
                      "inline": [
                        {
                          "data": {
                            "value": "Note that you should avoid passing a reference to one of     the distance functions defined in this library. For example,::        "
                          },
                          "type": "Words"
                        }
                      ],
                      "inner": []
                    },
                    "type": "Paragraph"
                  },
                  {
                    "data": {
                      "value": "dm = pdist(X, sokalsneath)"
                    },
                    "type": "BlockVerbatim"
                  },
                  {
                    "data": {
                      "inline": [
                        {
                          "data": {
                            "value": "would calculate the pair-wise distances between the vectors in     X using the Python function sokalsneath. This would result in     sokalsneath being called "
                          },
                          "type": "Words"
                        },
                        {
                          "data": {
                            "value": [
                              "{n \\choose 2}"
                            ]
                          },
                          "type": "Math"
                        },
                        {
                          "data": {
                            "value": " times, which     is inefficient. Instead, the optimized C version is more     efficient, and we call it using the following syntax.::        "
                          },
                          "type": "Words"
                        }
                      ],
                      "inner": []
                    },
                    "type": "Paragraph"
                  },
                  {
                    "data": {
                      "value": "dm = pdist(X, 'sokalsneath')"
                    },
                    "type": "BlockVerbatim"
                  }
                ]
              }
            ]
          },
          "type": "EnumeratedList"
        }
      ],
      "title": null
    },
    "Other Parameters": {
      "children": [],
      "title": null
    },
    "Parameters": {
      "children": [
        {
          "data": {
            "desc": [
              {
                "data": {
                  "inline": [
                    {
                      "data": {
                        "value": "An m by n array of m original observations in an n-dimensional space."
                      },
                      "type": "Words"
                    }
                  ],
                  "inner": []
                },
                "type": "Paragraph"
              }
            ],
            "param": "X",
            "type_": "array_like"
          },
          "type": "Param"
        },
        {
          "data": {
            "desc": [
              {
                "data": {
                  "inline": [
                    {
                      "data": {
                        "value": "The distance metric to use. The distance function can be 'braycurtis', 'canberra', 'chebyshev', 'cityblock', 'correlation', 'cosine', 'dice', 'euclidean', 'hamming', 'jaccard', 'jensenshannon', 'kulsinski', 'kulczynski1', 'mahalanobis', 'matching', 'minkowski', 'rogerstanimoto', 'russellrao', 'seuclidean', 'sokalmichener', 'sokalsneath', 'sqeuclidean', 'yule'."
                      },
                      "type": "Words"
                    }
                  ],
                  "inner": []
                },
                "type": "Paragraph"
              }
            ],
            "param": "metric",
            "type_": "str or function, optional"
          },
          "type": "Param"
        },
        {
          "data": {
            "desc": [
              {
                "data": {
                  "inline": [
                    {
                      "data": {
                        "value": "Extra arguments to "
                      },
                      "type": "Words"
                    },
                    {
                      "data": {
                        "exists": true,
                        "kind": "local",
                        "reference": {
                          "kind": "local",
                          "module": null,
                          "path": "metric",
                          "version": null
                        },
                        "value": "metric"
                      },
                      "type": "Link"
                    },
                    {
                      "data": {
                        "value": ": refer to each metric documentation for a list of all possible arguments."
                      },
                      "type": "Words"
                    }
                  ],
                  "inner": []
                },
                "type": "Paragraph"
              },
              {
                "data": {
                  "inline": [
                    {
                      "data": {
                        "value": "Some possible arguments:"
                      },
                      "type": "Words"
                    }
                  ],
                  "inner": []
                },
                "type": "Paragraph"
              }
            ],
            "param": "**kwargs",
            "type_": "dict, optional"
          },
          "type": "Param"
        }
      ],
      "title": null
    },
    "Raises": {
      "children": [],
      "title": null
    },
    "Receives": {
      "children": [],
      "title": null
    },
    "Returns": {
      "children": [
        {
          "data": {
            "desc": [
              {
                "data": {
                  "inline": [
                    {
                      "data": {
                        "value": "Returns a condensed distance matrix Y. For each "
                      },
                      "type": "Words"
                    },
                    {
                      "data": {
                        "value": [
                          "i"
                        ]
                      },
                      "type": "Math"
                    },
                    {
                      "data": {
                        "value": " and "
                      },
                      "type": "Words"
                    },
                    {
                      "data": {
                        "value": [
                          "j"
                        ]
                      },
                      "type": "Math"
                    },
                    {
                      "data": {
                        "value": " (where "
                      },
                      "type": "Words"
                    },
                    {
                      "data": {
                        "value": [
                          "i<j<m"
                        ]
                      },
                      "type": "Math"
                    },
                    {
                      "data": {
                        "value": "),where m is the number of original observations. The metric "
                      },
                      "type": "Words"
                    },
                    {
                      "data": {
                        "value": [
                          "dist(u=X[i], v=X[j])"
                        ]
                      },
                      "type": "Verbatim"
                    },
                    {
                      "data": {
                        "value": " is computed and stored in entry "
                      },
                      "type": "Words"
                    },
                    {
                      "data": {
                        "value": [
                          "m\n* i + j - ((i + 2) * (i + 1)) // 2"
                        ]
                      },
                      "type": "Verbatim"
                    },
                    {
                      "data": {
                        "value": "."
                      },
                      "type": "Words"
                    }
                  ],
                  "inner": []
                },
                "type": "Paragraph"
              }
            ],
            "param": "Y",
            "type_": "ndarray"
          },
          "type": "Param"
        }
      ],
      "title": null
    },
    "Summary": {
      "children": [
        {
          "data": {
            "inline": [
              {
                "data": {
                  "value": "Pairwise distances between observations in n-dimensional space."
                },
                "type": "Words"
              }
            ],
            "inner": []
          },
          "type": "Paragraph"
        }
      ],
      "title": null
    },
    "Warnings": {
      "children": [],
      "title": null
    },
    "Warns": {
      "children": [],
      "title": null
    },
    "Yields": {
      "children": [],
      "title": null
    }
  },
  "aliases": [
    "scipy.signal._ltisys.interpolate._rbf.pdist"
  ],
  "arbitrary": [],
  "example_section_data": {
    "children": [],
    "title": null
  },
  "item_file": "/scipy/spatial/distance.py",
  "item_line": 1961,
  "item_type": "<class 'function'>",
  "ordered_sections": [
    "Summary",
    "Extended Summary",
    "Parameters",
    "Returns",
    "See Also",
    "Notes"
  ],
  "references": null,
  "refs": [
    "squareform"
  ],
  "see_also": [
    {
      "descriptions": [
        {
          "inline": [
            {
              "data": {
                "value": "converts between condensed distance matrices and square distance matrices."
              },
              "type": "Words"
            }
          ],
          "inner": []
        }
      ],
      "name": {
        "exists": true,
        "name": "squareform",
        "ref": "scipy.spatial.distance.squareform"
      },
      "type": null
    }
  ],
  "signature": {
    "value": "pdist(X, metric='euclidean', *, out=None, **kwargs)"
  }
}