{
  "_content": {
    "Attributes": {
      "children": [],
      "title": null
    },
    "Extended Summary": {
      "children": [],
      "title": null
    },
    "Methods": {
      "children": [],
      "title": null
    },
    "Notes": {
      "children": [],
      "title": null
    },
    "Other Parameters": {
      "children": [],
      "title": null
    },
    "Parameters": {
      "children": [],
      "title": null
    },
    "Raises": {
      "children": [],
      "title": null
    },
    "Receives": {
      "children": [],
      "title": null
    },
    "Returns": {
      "children": [],
      "title": null
    },
    "Summary": {
      "children": [
        {
          "data": {
            "inline": [
              {
                "data": {
                  "value": "To remove in the future \u2013\u2013 numpy.polynomial.hermite_e"
                },
                "type": "Words"
              }
            ],
            "inner": []
          },
          "type": "Paragraph"
        }
      ],
      "title": null
    },
    "Warnings": {
      "children": [],
      "title": null
    },
    "Warns": {
      "children": [],
      "title": null
    },
    "Yields": {
      "children": [],
      "title": null
    }
  },
  "aliases": [
    "numpy.polynomial.hermite_e"
  ],
  "arbitrary": [
    {
      "children": [
        {
          "data": {
            "inline": [
              {
                "data": {
                  "value": "This module provides a number of objects (mostly functions) useful for dealing with Hermite_e series, including a "
                },
                "type": "Words"
              },
              {
                "data": {
                  "exists": true,
                  "kind": "module",
                  "reference": {
                    "kind": "module",
                    "module": "numpy",
                    "path": "numpy.polynomial.hermite_e.HermiteE",
                    "version": "1.22.1"
                  },
                  "value": "HermiteE"
                },
                "type": "Link"
              },
              {
                "data": {
                  "value": " class that encapsulates the usual arithmetic operations.  (General information on how this module represents and works with such polynomials is in the docstring for its \"parent\" sub-package, "
                },
                "type": "Words"
              },
              {
                "data": {
                  "exists": true,
                  "kind": "module",
                  "reference": {
                    "kind": "module",
                    "module": "numpy",
                    "path": "numpy.polynomial",
                    "version": "1.22.1"
                  },
                  "value": "numpy.polynomial"
                },
                "type": "Link"
              },
              {
                "data": {
                  "value": ")."
                },
                "type": "Words"
              }
            ],
            "inner": []
          },
          "type": "Paragraph"
        }
      ],
      "title": "HermiteE Series, \"Probabilists\" (:mod:`numpy.polynomial.hermite_e`)"
    },
    {
      "children": [
        {
          "data": {
            "args0": [
              ":toctree: generated/"
            ],
            "directive_name": "autosummary",
            "inner": {
              "inline": [
                {
                  "data": {
                    "value": "HermiteE "
                  },
                  "type": "Words"
                }
              ],
              "inner": []
            }
          },
          "type": "BlockDirective"
        }
      ],
      "title": "Classes"
    },
    {
      "children": [
        {
          "data": {
            "args0": [
              ":toctree: generated/"
            ],
            "directive_name": "autosummary",
            "inner": {
              "inline": [
                {
                  "data": {
                    "value": "hermedomain hermezero hermeone hermex "
                  },
                  "type": "Words"
                }
              ],
              "inner": []
            }
          },
          "type": "BlockDirective"
        }
      ],
      "title": "Constants"
    },
    {
      "children": [
        {
          "data": {
            "args0": [
              ":toctree: generated/"
            ],
            "directive_name": "autosummary",
            "inner": {
              "inline": [
                {
                  "data": {
                    "value": "hermeadd hermesub hermemulx hermemul hermediv hermepow hermeval hermeval2d hermeval3d hermegrid2d hermegrid3d "
                  },
                  "type": "Words"
                }
              ],
              "inner": []
            }
          },
          "type": "BlockDirective"
        }
      ],
      "title": "Arithmetic"
    },
    {
      "children": [
        {
          "data": {
            "args0": [
              ":toctree: generated/"
            ],
            "directive_name": "autosummary",
            "inner": {
              "inline": [
                {
                  "data": {
                    "value": "hermeder hermeint "
                  },
                  "type": "Words"
                }
              ],
              "inner": []
            }
          },
          "type": "BlockDirective"
        }
      ],
      "title": "Calculus"
    },
    {
      "children": [
        {
          "data": {
            "args0": [
              ":toctree: generated/"
            ],
            "directive_name": "autosummary",
            "inner": {
              "inline": [
                {
                  "data": {
                    "value": "hermefromroots hermeroots hermevander hermevander2d hermevander3d hermegauss hermeweight hermecompanion hermefit hermetrim hermeline herme2poly poly2herme "
                  },
                  "type": "Words"
                }
              ],
              "inner": []
            }
          },
          "type": "BlockDirective"
        }
      ],
      "title": "Misc Functions"
    },
    {
      "children": [
        {
          "data": {
            "inline": [
              {
                "data": {
                  "exists": true,
                  "kind": "module",
                  "reference": {
                    "kind": "module",
                    "module": "numpy",
                    "path": "numpy.polynomial",
                    "version": "1.22.1"
                  },
                  "value": "numpy.polynomial"
                },
                "type": "Link"
              }
            ],
            "inner": []
          },
          "type": "Paragraph"
        }
      ],
      "title": "See also"
    }
  ],
  "example_section_data": {
    "children": [],
    "title": null
  },
  "item_file": "/numpy/polynomial/hermite_e.py",
  "item_line": 0,
  "item_type": "<class 'module'>",
  "ordered_sections": [
    "Summary",
    "Extended Summary"
  ],
  "references": null,
  "refs": [],
  "see_also": [],
  "signature": null
}