{
  "_content": {
    "Attributes": {
      "children": [],
      "title": null
    },
    "Extended Summary": {
      "children": [
        {
          "data": {
            "inline": [
              {
                "data": {
                  "value": "Within the context of a "
                },
                "type": "Words"
              },
              {
                "data": {
                  "value": [
                    "with"
                  ]
                },
                "type": "Verbatim"
              },
              {
                "data": {
                  "value": " statement, the given backend will not be called. This covers backends registered both locally and globally. Upon exit, the backend will again be considered."
                },
                "type": "Words"
              }
            ],
            "inner": []
          },
          "type": "Paragraph"
        }
      ],
      "title": null
    },
    "Methods": {
      "children": [],
      "title": null
    },
    "Notes": {
      "children": [],
      "title": null
    },
    "Other Parameters": {
      "children": [],
      "title": null
    },
    "Parameters": {
      "children": [
        {
          "data": {
            "desc": [
              {
                "data": {
                  "inline": [
                    {
                      "data": {
                        "value": "The backend to skip. Can either be a "
                      },
                      "type": "Words"
                    },
                    {
                      "data": {
                        "value": [
                          "str"
                        ]
                      },
                      "type": "Verbatim"
                    },
                    {
                      "data": {
                        "value": " containing the name of a known backend {'scipy'} or an object that implements the uarray protocol."
                      },
                      "type": "Words"
                    }
                  ],
                  "inner": []
                },
                "type": "Paragraph"
              }
            ],
            "param": "backend",
            "type_": "{object, 'scipy'}"
          },
          "type": "Param"
        }
      ],
      "title": null
    },
    "Raises": {
      "children": [],
      "title": null
    },
    "Receives": {
      "children": [],
      "title": null
    },
    "Returns": {
      "children": [],
      "title": null
    },
    "Summary": {
      "children": [
        {
          "data": {
            "inline": [
              {
                "data": {
                  "value": "Context manager to skip a backend within a fixed scope."
                },
                "type": "Words"
              }
            ],
            "inner": []
          },
          "type": "Paragraph"
        }
      ],
      "title": null
    },
    "Warnings": {
      "children": [],
      "title": null
    },
    "Warns": {
      "children": [],
      "title": null
    },
    "Yields": {
      "children": [],
      "title": null
    }
  },
  "aliases": [
    "scipy.signal.filter_design.sp_fft.skip_backend"
  ],
  "arbitrary": [],
  "example_section_data": {
    "children": [
      {
        "data": {
          "ce_status": "execed",
          "entries": [
            [
              "import",
              "",
              "kn"
            ],
            [
              " ",
              "",
              ""
            ],
            [
              "scipy",
              "scipy",
              "nn"
            ],
            [
              ".",
              "",
              "nn"
            ],
            [
              "fft",
              "scipy.fft",
              "nn"
            ],
            [
              " ",
              "",
              ""
            ],
            [
              "as",
              "",
              "k"
            ],
            [
              " ",
              "",
              ""
            ],
            [
              "fft",
              "scipy.fft",
              "nn"
            ],
            [
              "\n",
              "",
              ""
            ],
            [
              "fft",
              "scipy.fft",
              ""
            ],
            [
              ".",
              "",
              "o"
            ],
            [
              "fft",
              "builtins._Function",
              ""
            ],
            [
              "(",
              "",
              ""
            ],
            [
              "[",
              "",
              ""
            ],
            [
              "1",
              "",
              "mi"
            ],
            [
              "]",
              "",
              ""
            ],
            [
              ")",
              "",
              ""
            ],
            [
              "  ",
              "",
              ""
            ],
            [
              "# Calls default SciPy backend",
              "",
              "c1"
            ]
          ],
          "out": "array([1.+0.j])"
        },
        "type": "Code"
      },
      {
        "data": {
          "ce_status": "exception_in_exec",
          "entries": [
            [
              "with",
              "",
              "k"
            ],
            [
              " ",
              "",
              ""
            ],
            [
              "fft",
              "scipy.fft",
              ""
            ],
            [
              ".",
              "",
              "o"
            ],
            [
              "skip_backend",
              "scipy.fft._backend.skip_backend",
              ""
            ],
            [
              "(",
              "",
              ""
            ],
            [
              "'",
              "",
              "s1"
            ],
            [
              "scipy",
              "",
              "s1"
            ],
            [
              "'",
              "",
              "s1"
            ],
            [
              ")",
              "",
              ""
            ],
            [
              ":",
              "",
              ""
            ],
            [
              "  ",
              "",
              ""
            ],
            [
              "# We explicitly skip the SciPy backend",
              "",
              "c1"
            ],
            [
              "\n",
              "",
              ""
            ],
            [
              "    ",
              "",
              ""
            ],
            [
              "fft",
              "scipy.fft",
              ""
            ],
            [
              ".",
              "",
              "o"
            ],
            [
              "fft",
              "builtins._Function",
              ""
            ],
            [
              "(",
              "",
              ""
            ],
            [
              "[",
              "",
              ""
            ],
            [
              "1",
              "",
              "mi"
            ],
            [
              "]",
              "",
              ""
            ],
            [
              ")",
              "",
              ""
            ],
            [
              "                 ",
              "",
              ""
            ],
            [
              "# leaving no implementation available",
              "",
              "c1"
            ]
          ],
          "out": "Traceback (most recent call last):\n    ...\nBackendNotImplementedError: No selected backends had an implementation ..."
        },
        "type": "Code"
      }
    ],
    "title": null
  },
  "item_file": "/scipy/fft/_backend.py",
  "item_line": 151,
  "item_type": "<class 'function'>",
  "ordered_sections": [
    "Summary",
    "Extended Summary",
    "Parameters",
    "Examples"
  ],
  "references": null,
  "refs": [
    "builtins._Function",
    "scipy",
    "scipy.fft",
    "scipy.fft._backend.skip_backend"
  ],
  "see_also": [],
  "signature": "skip_backend(backend)"
}