{
  "_content": {
    "Summary": {
      "children": [
        {
          "type": "Paragraph",
          "data": {
            "inline": [
              {
                "type": "Words",
                "data": {
                  "value": "A sparse matrix in COOrdinate format."
                }
              }
            ],
            "inner": []
          }
        }
      ],
      "title": null
    },
    "Extended Summary": {
      "children": [
        {
          "type": "Paragraph",
          "data": {
            "inline": [
              {
                "type": "Words",
                "data": {
                  "value": "Also known as the 'ijv' or 'triplet' format."
                }
              }
            ],
            "inner": []
          }
        },
        {
          "type": "DefList",
          "data": {
            "children": [
              {
                "lines": {
                  "_lines": []
                },
                "wh": {
                  "_lines": []
                },
                "ind": {
                  "_lines": []
                },
                "dt": {
                  "inline": [
                    {
                      "type": "Words",
                      "data": {
                        "value": "This can be instantiated in several ways:"
                      }
                    }
                  ],
                  "inner": []
                },
                "dd": [
                  {
                    "type": "DefList",
                    "data": {
                      "children": [
                        {
                          "lines": {
                            "_lines": []
                          },
                          "wh": {
                            "_lines": []
                          },
                          "ind": {
                            "_lines": []
                          },
                          "dt": {
                            "inline": [
                              {
                                "type": "Words",
                                "data": {
                                  "value": "coo_matrix(D)"
                                }
                              }
                            ],
                            "inner": []
                          },
                          "dd": [
                            {
                              "type": "Paragraph",
                              "data": {
                                "inline": [
                                  {
                                    "type": "Words",
                                    "data": {
                                      "value": "with a dense matrix D"
                                    }
                                  }
                                ],
                                "inner": []
                              }
                            }
                          ]
                        }
                      ]
                    }
                  },
                  {
                    "type": "DefList",
                    "data": {
                      "children": [
                        {
                          "lines": {
                            "_lines": []
                          },
                          "wh": {
                            "_lines": []
                          },
                          "ind": {
                            "_lines": []
                          },
                          "dt": {
                            "inline": [
                              {
                                "type": "Words",
                                "data": {
                                  "value": "coo_matrix(S)"
                                }
                              }
                            ],
                            "inner": []
                          },
                          "dd": [
                            {
                              "type": "Paragraph",
                              "data": {
                                "inline": [
                                  {
                                    "type": "Words",
                                    "data": {
                                      "value": "with another sparse matrix S (equivalent to S.tocoo())"
                                    }
                                  }
                                ],
                                "inner": []
                              }
                            }
                          ]
                        }
                      ]
                    }
                  },
                  {
                    "type": "DefList",
                    "data": {
                      "children": [
                        {
                          "lines": {
                            "_lines": []
                          },
                          "wh": {
                            "_lines": []
                          },
                          "ind": {
                            "_lines": []
                          },
                          "dt": {
                            "inline": [
                              {
                                "type": "Words",
                                "data": {
                                  "value": "coo_matrix((M, N), [dtype])"
                                }
                              }
                            ],
                            "inner": []
                          },
                          "dd": [
                            {
                              "type": "Paragraph",
                              "data": {
                                "inline": [
                                  {
                                    "type": "Words",
                                    "data": {
                                      "value": "to construct an empty matrix with shape (M, N)         dtype is optional, defaulting to dtype='d'."
                                    }
                                  }
                                ],
                                "inner": []
                              }
                            }
                          ]
                        }
                      ]
                    }
                  },
                  {
                    "type": "DefList",
                    "data": {
                      "children": [
                        {
                          "lines": {
                            "_lines": []
                          },
                          "wh": {
                            "_lines": []
                          },
                          "ind": {
                            "_lines": []
                          },
                          "dt": {
                            "inline": [
                              {
                                "type": "Words",
                                "data": {
                                  "value": "coo_matrix((data, (i, j)), [shape=(M, N)])"
                                }
                              }
                            ],
                            "inner": []
                          },
                          "dd": [
                            {
                              "type": "DefList",
                              "data": {
                                "children": [
                                  {
                                    "lines": {
                                      "_lines": []
                                    },
                                    "wh": {
                                      "_lines": []
                                    },
                                    "ind": {
                                      "_lines": []
                                    },
                                    "dt": {
                                      "inline": [
                                        {
                                          "type": "Words",
                                          "data": {
                                            "value": "to construct from three arrays:"
                                          }
                                        }
                                      ],
                                      "inner": []
                                    },
                                    "dd": [
                                      {
                                        "type": "EnumeratedList",
                                        "data": {
                                          "value": [
                                            {
                                              "type": "Paragraph",
                                              "data": {
                                                "inline": [
                                                  {
                                                    "type": "Words",
                                                    "data": {
                                                      "value": "data[:]   the entries of the matrix, in any order"
                                                    }
                                                  }
                                                ],
                                                "inner": []
                                              }
                                            },
                                            {
                                              "type": "Paragraph",
                                              "data": {
                                                "inline": [
                                                  {
                                                    "type": "Words",
                                                    "data": {
                                                      "value": "i[:]      the row indices of the matrix entries"
                                                    }
                                                  }
                                                ],
                                                "inner": []
                                              }
                                            },
                                            {
                                              "type": "Paragraph",
                                              "data": {
                                                "inline": [
                                                  {
                                                    "type": "Words",
                                                    "data": {
                                                      "value": "j[:]      the column indices of the matrix entries"
                                                    }
                                                  }
                                                ],
                                                "inner": []
                                              }
                                            }
                                          ]
                                        }
                                      }
                                    ]
                                  }
                                ]
                              }
                            },
                            {
                              "type": "Paragraph",
                              "data": {
                                "inline": [
                                  {
                                    "type": "Words",
                                    "data": {
                                      "value": "Where "
                                    }
                                  },
                                  {
                                    "type": "Verbatim",
                                    "data": {
                                      "value": [
                                        "A[i[k], j[k]] = data[k]"
                                      ]
                                    }
                                  },
                                  {
                                    "type": "Words",
                                    "data": {
                                      "value": ".  When shape is not         specified, it is inferred from the index arrays"
                                    }
                                  }
                                ],
                                "inner": []
                              }
                            }
                          ]
                        }
                      ]
                    }
                  }
                ]
              }
            ]
          }
        }
      ],
      "title": null
    },
    "Parameters": {
      "children": [],
      "title": null
    },
    "Returns": {
      "children": [],
      "title": null
    },
    "Yields": {
      "children": [],
      "title": null
    },
    "Receives": {
      "children": [],
      "title": null
    },
    "Raises": {
      "children": [],
      "title": null
    },
    "Warns": {
      "children": [],
      "title": null
    },
    "Other Parameters": {
      "children": [],
      "title": null
    },
    "Attributes": {
      "children": [
        {
          "type": "Param",
          "data": {
            "param": "dtype",
            "type_": "dtype",
            "desc": [
              {
                "type": "Paragraph",
                "data": {
                  "inline": [
                    {
                      "type": "Words",
                      "data": {
                        "value": "Data type of the matrix"
                      }
                    }
                  ],
                  "inner": []
                }
              }
            ]
          }
        },
        {
          "type": "Param",
          "data": {
            "param": "shape",
            "type_": "2-tuple",
            "desc": [
              {
                "type": "Paragraph",
                "data": {
                  "inline": [
                    {
                      "type": "Words",
                      "data": {
                        "value": "Shape of the matrix"
                      }
                    }
                  ],
                  "inner": []
                }
              }
            ]
          }
        },
        {
          "type": "Param",
          "data": {
            "param": "ndim",
            "type_": "int",
            "desc": [
              {
                "type": "Paragraph",
                "data": {
                  "inline": [
                    {
                      "type": "Words",
                      "data": {
                        "value": "Number of dimensions (this is always 2)"
                      }
                    }
                  ],
                  "inner": []
                }
              }
            ]
          }
        },
        {
          "type": "Param",
          "data": {
            "param": "nnz",
            "type_": "",
            "desc": [
              {
                "type": "Paragraph",
                "data": {
                  "inline": [
                    {
                      "type": "Words",
                      "data": {
                        "value": "Number of stored values, including explicit zeros"
                      }
                    }
                  ],
                  "inner": []
                }
              }
            ]
          }
        },
        {
          "type": "Param",
          "data": {
            "param": "data",
            "type_": "",
            "desc": [
              {
                "type": "Paragraph",
                "data": {
                  "inline": [
                    {
                      "type": "Words",
                      "data": {
                        "value": "COO format data array of the matrix"
                      }
                    }
                  ],
                  "inner": []
                }
              }
            ]
          }
        },
        {
          "type": "Param",
          "data": {
            "param": "row",
            "type_": "",
            "desc": [
              {
                "type": "Paragraph",
                "data": {
                  "inline": [
                    {
                      "type": "Words",
                      "data": {
                        "value": "COO format row index array of the matrix"
                      }
                    }
                  ],
                  "inner": []
                }
              }
            ]
          }
        },
        {
          "type": "Param",
          "data": {
            "param": "col",
            "type_": "",
            "desc": [
              {
                "type": "Paragraph",
                "data": {
                  "inline": [
                    {
                      "type": "Words",
                      "data": {
                        "value": "COO format column index array of the matrix"
                      }
                    }
                  ],
                  "inner": []
                }
              }
            ]
          }
        }
      ],
      "title": null
    },
    "Methods": {
      "children": [],
      "title": null
    },
    "Notes": {
      "children": [
        {
          "type": "Paragraph",
          "data": {
            "inline": [
              {
                "type": "Words",
                "data": {
                  "value": "Sparse matrices can be used in arithmetic operations: they support addition, subtraction, multiplication, division, and matrix power."
                }
              }
            ],
            "inner": []
          }
        },
        {
          "type": "DefList",
          "data": {
            "children": [
              {
                "lines": {
                  "_lines": []
                },
                "wh": {
                  "_lines": []
                },
                "ind": {
                  "_lines": []
                },
                "dt": {
                  "inline": [
                    {
                      "type": "Words",
                      "data": {
                        "value": "Advantages of the COO format"
                      }
                    }
                  ],
                  "inner": []
                },
                "dd": [
                  {
                    "type": "BulletList",
                    "data": {
                      "value": [
                        {
                          "type": "Paragraph",
                          "data": {
                            "inline": [
                              {
                                "type": "Words",
                                "data": {
                                  "value": "facilitates fast conversion among sparse formats"
                                }
                              }
                            ],
                            "inner": []
                          }
                        },
                        {
                          "type": "Paragraph",
                          "data": {
                            "inline": [
                              {
                                "type": "Words",
                                "data": {
                                  "value": "permits duplicate entries (see example)"
                                }
                              }
                            ],
                            "inner": []
                          }
                        },
                        {
                          "type": "Paragraph",
                          "data": {
                            "inline": [
                              {
                                "type": "Words",
                                "data": {
                                  "value": "very fast conversion to and from CSR/CSC formats"
                                }
                              }
                            ],
                            "inner": []
                          }
                        }
                      ]
                    }
                  }
                ]
              }
            ]
          }
        },
        {
          "type": "DefList",
          "data": {
            "children": [
              {
                "lines": {
                  "_lines": []
                },
                "wh": {
                  "_lines": []
                },
                "ind": {
                  "_lines": []
                },
                "dt": {
                  "inline": [
                    {
                      "type": "Words",
                      "data": {
                        "value": "Disadvantages of the COO format"
                      }
                    }
                  ],
                  "inner": []
                },
                "dd": [
                  {
                    "type": "BulletList",
                    "data": {
                      "value": [
                        {
                          "type": "DefList",
                          "data": {
                            "children": [
                              {
                                "lines": {
                                  "_lines": []
                                },
                                "wh": {
                                  "_lines": []
                                },
                                "ind": {
                                  "_lines": []
                                },
                                "dt": {
                                  "inline": [
                                    {
                                      "type": "Words",
                                      "data": {
                                        "value": "does not directly support:"
                                      }
                                    }
                                  ],
                                  "inner": []
                                },
                                "dd": [
                                  {
                                    "type": "BulletList",
                                    "data": {
                                      "value": [
                                        {
                                          "type": "Paragraph",
                                          "data": {
                                            "inline": [
                                              {
                                                "type": "Words",
                                                "data": {
                                                  "value": "arithmetic operations"
                                                }
                                              }
                                            ],
                                            "inner": []
                                          }
                                        },
                                        {
                                          "type": "Paragraph",
                                          "data": {
                                            "inline": [
                                              {
                                                "type": "Words",
                                                "data": {
                                                  "value": "slicing"
                                                }
                                              }
                                            ],
                                            "inner": []
                                          }
                                        }
                                      ]
                                    }
                                  }
                                ]
                              }
                            ]
                          }
                        }
                      ]
                    }
                  }
                ]
              }
            ]
          }
        },
        {
          "type": "DefList",
          "data": {
            "children": [
              {
                "lines": {
                  "_lines": []
                },
                "wh": {
                  "_lines": []
                },
                "ind": {
                  "_lines": []
                },
                "dt": {
                  "inline": [
                    {
                      "type": "Words",
                      "data": {
                        "value": "Intended Usage"
                      }
                    }
                  ],
                  "inner": []
                },
                "dd": [
                  {
                    "type": "BulletList",
                    "data": {
                      "value": [
                        {
                          "type": "Paragraph",
                          "data": {
                            "inline": [
                              {
                                "type": "Words",
                                "data": {
                                  "value": "COO is a fast format for constructing sparse matrices"
                                }
                              }
                            ],
                            "inner": []
                          }
                        },
                        {
                          "type": "Paragraph",
                          "data": {
                            "inline": [
                              {
                                "type": "Words",
                                "data": {
                                  "value": "Once a matrix has been constructed, convert to CSR or       CSC format for fast arithmetic and matrix vector operations"
                                }
                              }
                            ],
                            "inner": []
                          }
                        },
                        {
                          "type": "Paragraph",
                          "data": {
                            "inline": [
                              {
                                "type": "Words",
                                "data": {
                                  "value": "By default when converting to CSR or CSC format, duplicate (i,j)       entries will be summed together.  This facilitates efficient       construction of finite element matrices and the like. (see example)"
                                }
                              }
                            ],
                            "inner": []
                          }
                        }
                      ]
                    }
                  }
                ]
              }
            ]
          }
        }
      ],
      "title": null
    },
    "Warnings": {
      "children": [],
      "title": null
    }
  },
  "refs": [
    "builtins.list",
    "numpy",
    "numpy.amax",
    "numpy.array",
    "numpy.ndarray",
    "numpy.signedinteger",
    "scipy",
    "scipy.sparse",
    "scipy.sparse.coo.coo_matrix",
    "scipy.sparse.coo.coo_matrix.toarray"
  ],
  "ordered_sections": [
    "Summary",
    "Extended Summary",
    "Attributes",
    "Notes",
    "Examples"
  ],
  "item_file": "/Users/bussonniermatthias/miniconda3-intel/envs/papyri/lib/python3.9/site-packages/scipy/sparse/coo.py",
  "item_line": 22,
  "item_type": "<class 'type'>",
  "aliases": [
    "scipy.signal.filter_design.optimize._numdiff.coo_matrix"
  ],
  "example_section_data": {
    "children": [
      {
        "type": "Code",
        "data": {
          "entries": [
            [
              "# Constructing an empty matrix",
              "",
              "c1"
            ],
            [
              "\n",
              "",
              ""
            ],
            [
              "from",
              null,
              "kn"
            ],
            [
              " ",
              "",
              ""
            ],
            [
              "scipy",
              "scipy",
              "nn"
            ],
            [
              ".",
              "",
              "nn"
            ],
            [
              "sparse",
              "scipy.sparse",
              "nn"
            ],
            [
              " ",
              "",
              ""
            ],
            [
              "import",
              null,
              "kn"
            ],
            [
              " ",
              "",
              ""
            ],
            [
              "coo_matrix",
              "scipy.sparse.coo.coo_matrix",
              ""
            ],
            [
              "\n",
              "",
              ""
            ],
            [
              "coo_matrix",
              "scipy.sparse.coo.coo_matrix",
              ""
            ],
            [
              "(",
              "",
              ""
            ],
            [
              "(",
              "",
              ""
            ],
            [
              "3",
              "",
              "mi"
            ],
            [
              ",",
              "",
              ""
            ],
            [
              " ",
              "",
              ""
            ],
            [
              "4",
              "",
              "mi"
            ],
            [
              ")",
              "",
              ""
            ],
            [
              ",",
              "",
              ""
            ],
            [
              " ",
              "",
              ""
            ],
            [
              "dtype",
              null,
              ""
            ],
            [
              "=",
              "",
              "o"
            ],
            [
              "np",
              "numpy",
              ""
            ],
            [
              ".",
              "",
              "o"
            ],
            [
              "int8",
              "numpy.signedinteger",
              ""
            ],
            [
              ")",
              "",
              ""
            ],
            [
              ".",
              "",
              "o"
            ],
            [
              "toarray",
              "scipy.sparse.coo.coo_matrix.toarray",
              ""
            ],
            [
              "(",
              "",
              ""
            ],
            [
              ")",
              "",
              ""
            ]
          ],
          "out": "array([[0, 0, 0, 0],\n       [0, 0, 0, 0],\n       [0, 0, 0, 0]], dtype=int8)",
          "ce_status": "execed"
        }
      },
      {
        "type": "Code",
        "data": {
          "entries": [
            [
              "# Constructing a matrix using ijv format",
              "",
              "c1"
            ],
            [
              "\n",
              "",
              ""
            ],
            [
              "row",
              "numpy.ndarray",
              ""
            ],
            [
              "  ",
              "",
              ""
            ],
            [
              "=",
              "",
              "o"
            ],
            [
              " ",
              "",
              ""
            ],
            [
              "np",
              "numpy",
              ""
            ],
            [
              ".",
              "",
              "o"
            ],
            [
              "array",
              "numpy.array",
              ""
            ],
            [
              "(",
              "",
              ""
            ],
            [
              "[",
              "",
              ""
            ],
            [
              "0",
              "",
              "mi"
            ],
            [
              ",",
              "",
              ""
            ],
            [
              " ",
              "",
              ""
            ],
            [
              "3",
              "",
              "mi"
            ],
            [
              ",",
              "",
              ""
            ],
            [
              " ",
              "",
              ""
            ],
            [
              "1",
              "",
              "mi"
            ],
            [
              ",",
              "",
              ""
            ],
            [
              " ",
              "",
              ""
            ],
            [
              "0",
              "",
              "mi"
            ],
            [
              "]",
              "",
              ""
            ],
            [
              ")",
              "",
              ""
            ],
            [
              "\n",
              "",
              ""
            ],
            [
              "col",
              "numpy.ndarray",
              ""
            ],
            [
              "  ",
              "",
              ""
            ],
            [
              "=",
              "",
              "o"
            ],
            [
              " ",
              "",
              ""
            ],
            [
              "np",
              "numpy",
              ""
            ],
            [
              ".",
              "",
              "o"
            ],
            [
              "array",
              "numpy.array",
              ""
            ],
            [
              "(",
              "",
              ""
            ],
            [
              "[",
              "",
              ""
            ],
            [
              "0",
              "",
              "mi"
            ],
            [
              ",",
              "",
              ""
            ],
            [
              " ",
              "",
              ""
            ],
            [
              "3",
              "",
              "mi"
            ],
            [
              ",",
              "",
              ""
            ],
            [
              " ",
              "",
              ""
            ],
            [
              "1",
              "",
              "mi"
            ],
            [
              ",",
              "",
              ""
            ],
            [
              " ",
              "",
              ""
            ],
            [
              "2",
              "",
              "mi"
            ],
            [
              "]",
              "",
              ""
            ],
            [
              ")",
              "",
              ""
            ],
            [
              "\n",
              "",
              ""
            ],
            [
              "data",
              "numpy.ndarray",
              ""
            ],
            [
              " ",
              "",
              ""
            ],
            [
              "=",
              "",
              "o"
            ],
            [
              " ",
              "",
              ""
            ],
            [
              "np",
              "numpy",
              ""
            ],
            [
              ".",
              "",
              "o"
            ],
            [
              "array",
              "numpy.array",
              ""
            ],
            [
              "(",
              "",
              ""
            ],
            [
              "[",
              "",
              ""
            ],
            [
              "4",
              "",
              "mi"
            ],
            [
              ",",
              "",
              ""
            ],
            [
              " ",
              "",
              ""
            ],
            [
              "5",
              "",
              "mi"
            ],
            [
              ",",
              "",
              ""
            ],
            [
              " ",
              "",
              ""
            ],
            [
              "7",
              "",
              "mi"
            ],
            [
              ",",
              "",
              ""
            ],
            [
              " ",
              "",
              ""
            ],
            [
              "9",
              "",
              "mi"
            ],
            [
              "]",
              "",
              ""
            ],
            [
              ")",
              "",
              ""
            ],
            [
              "\n",
              "",
              ""
            ],
            [
              "coo_matrix",
              "scipy.sparse.coo.coo_matrix",
              ""
            ],
            [
              "(",
              "",
              ""
            ],
            [
              "(",
              "",
              ""
            ],
            [
              "data",
              "numpy.ndarray",
              ""
            ],
            [
              ",",
              "",
              ""
            ],
            [
              " ",
              "",
              ""
            ],
            [
              "(",
              "",
              ""
            ],
            [
              "row",
              "numpy.ndarray",
              ""
            ],
            [
              ",",
              "",
              ""
            ],
            [
              " ",
              "",
              ""
            ],
            [
              "col",
              "numpy.ndarray",
              ""
            ],
            [
              ")",
              "",
              ""
            ],
            [
              ")",
              "",
              ""
            ],
            [
              ",",
              "",
              ""
            ],
            [
              " ",
              "",
              ""
            ],
            [
              "shape",
              null,
              ""
            ],
            [
              "=",
              "",
              "o"
            ],
            [
              "(",
              "",
              ""
            ],
            [
              "4",
              "",
              "mi"
            ],
            [
              ",",
              "",
              ""
            ],
            [
              " ",
              "",
              ""
            ],
            [
              "4",
              "",
              "mi"
            ],
            [
              ")",
              "",
              ""
            ],
            [
              ")",
              "",
              ""
            ],
            [
              ".",
              "",
              "o"
            ],
            [
              "toarray",
              "scipy.sparse.coo.coo_matrix.toarray",
              ""
            ],
            [
              "(",
              "",
              ""
            ],
            [
              ")",
              "",
              ""
            ]
          ],
          "out": "array([[4, 0, 9, 0],\n       [0, 7, 0, 0],\n       [0, 0, 0, 0],\n       [0, 0, 0, 5]])",
          "ce_status": "execed"
        }
      },
      {
        "type": "Code",
        "data": {
          "entries": [
            [
              "# Constructing a matrix with duplicate indices",
              "",
              "c1"
            ],
            [
              "\n",
              "",
              ""
            ],
            [
              "row",
              "numpy.ndarray",
              ""
            ],
            [
              "  ",
              "",
              ""
            ],
            [
              "=",
              "",
              "o"
            ],
            [
              " ",
              "",
              ""
            ],
            [
              "np",
              "numpy",
              ""
            ],
            [
              ".",
              "",
              "o"
            ],
            [
              "array",
              "numpy.array",
              ""
            ],
            [
              "(",
              "",
              ""
            ],
            [
              "[",
              "",
              ""
            ],
            [
              "0",
              "",
              "mi"
            ],
            [
              ",",
              "",
              ""
            ],
            [
              " ",
              "",
              ""
            ],
            [
              "0",
              "",
              "mi"
            ],
            [
              ",",
              "",
              ""
            ],
            [
              " ",
              "",
              ""
            ],
            [
              "1",
              "",
              "mi"
            ],
            [
              ",",
              "",
              ""
            ],
            [
              " ",
              "",
              ""
            ],
            [
              "3",
              "",
              "mi"
            ],
            [
              ",",
              "",
              ""
            ],
            [
              " ",
              "",
              ""
            ],
            [
              "1",
              "",
              "mi"
            ],
            [
              ",",
              "",
              ""
            ],
            [
              " ",
              "",
              ""
            ],
            [
              "0",
              "",
              "mi"
            ],
            [
              ",",
              "",
              ""
            ],
            [
              " ",
              "",
              ""
            ],
            [
              "0",
              "",
              "mi"
            ],
            [
              "]",
              "",
              ""
            ],
            [
              ")",
              "",
              ""
            ],
            [
              "\n",
              "",
              ""
            ],
            [
              "col",
              "numpy.ndarray",
              ""
            ],
            [
              "  ",
              "",
              ""
            ],
            [
              "=",
              "",
              "o"
            ],
            [
              " ",
              "",
              ""
            ],
            [
              "np",
              "numpy",
              ""
            ],
            [
              ".",
              "",
              "o"
            ],
            [
              "array",
              "numpy.array",
              ""
            ],
            [
              "(",
              "",
              ""
            ],
            [
              "[",
              "",
              ""
            ],
            [
              "0",
              "",
              "mi"
            ],
            [
              ",",
              "",
              ""
            ],
            [
              " ",
              "",
              ""
            ],
            [
              "2",
              "",
              "mi"
            ],
            [
              ",",
              "",
              ""
            ],
            [
              " ",
              "",
              ""
            ],
            [
              "1",
              "",
              "mi"
            ],
            [
              ",",
              "",
              ""
            ],
            [
              " ",
              "",
              ""
            ],
            [
              "3",
              "",
              "mi"
            ],
            [
              ",",
              "",
              ""
            ],
            [
              " ",
              "",
              ""
            ],
            [
              "1",
              "",
              "mi"
            ],
            [
              ",",
              "",
              ""
            ],
            [
              " ",
              "",
              ""
            ],
            [
              "0",
              "",
              "mi"
            ],
            [
              ",",
              "",
              ""
            ],
            [
              " ",
              "",
              ""
            ],
            [
              "0",
              "",
              "mi"
            ],
            [
              "]",
              "",
              ""
            ],
            [
              ")",
              "",
              ""
            ],
            [
              "\n",
              "",
              ""
            ],
            [
              "data",
              "numpy.ndarray",
              ""
            ],
            [
              " ",
              "",
              ""
            ],
            [
              "=",
              "",
              "o"
            ],
            [
              " ",
              "",
              ""
            ],
            [
              "np",
              "numpy",
              ""
            ],
            [
              ".",
              "",
              "o"
            ],
            [
              "array",
              "numpy.array",
              ""
            ],
            [
              "(",
              "",
              ""
            ],
            [
              "[",
              "",
              ""
            ],
            [
              "1",
              "",
              "mi"
            ],
            [
              ",",
              "",
              ""
            ],
            [
              " ",
              "",
              ""
            ],
            [
              "1",
              "",
              "mi"
            ],
            [
              ",",
              "",
              ""
            ],
            [
              " ",
              "",
              ""
            ],
            [
              "1",
              "",
              "mi"
            ],
            [
              ",",
              "",
              ""
            ],
            [
              " ",
              "",
              ""
            ],
            [
              "1",
              "",
              "mi"
            ],
            [
              ",",
              "",
              ""
            ],
            [
              " ",
              "",
              ""
            ],
            [
              "1",
              "",
              "mi"
            ],
            [
              ",",
              "",
              ""
            ],
            [
              " ",
              "",
              ""
            ],
            [
              "1",
              "",
              "mi"
            ],
            [
              ",",
              "",
              ""
            ],
            [
              " ",
              "",
              ""
            ],
            [
              "1",
              "",
              "mi"
            ],
            [
              "]",
              "",
              ""
            ],
            [
              ")",
              "",
              ""
            ],
            [
              "\n",
              "",
              ""
            ],
            [
              "coo",
              "scipy.sparse.coo.coo_matrix",
              ""
            ],
            [
              " ",
              "",
              ""
            ],
            [
              "=",
              "",
              "o"
            ],
            [
              " ",
              "",
              ""
            ],
            [
              "coo_matrix",
              "scipy.sparse.coo.coo_matrix",
              ""
            ],
            [
              "(",
              "",
              ""
            ],
            [
              "(",
              "",
              ""
            ],
            [
              "data",
              "numpy.ndarray",
              ""
            ],
            [
              ",",
              "",
              ""
            ],
            [
              " ",
              "",
              ""
            ],
            [
              "(",
              "",
              ""
            ],
            [
              "row",
              "numpy.ndarray",
              ""
            ],
            [
              ",",
              "",
              ""
            ],
            [
              " ",
              "",
              ""
            ],
            [
              "col",
              "numpy.ndarray",
              ""
            ],
            [
              ")",
              "",
              ""
            ],
            [
              ")",
              "",
              ""
            ],
            [
              ",",
              "",
              ""
            ],
            [
              " ",
              "",
              ""
            ],
            [
              "shape",
              null,
              ""
            ],
            [
              "=",
              "",
              "o"
            ],
            [
              "(",
              "",
              ""
            ],
            [
              "4",
              "",
              "mi"
            ],
            [
              ",",
              "",
              ""
            ],
            [
              " ",
              "",
              ""
            ],
            [
              "4",
              "",
              "mi"
            ],
            [
              ")",
              "",
              ""
            ],
            [
              ")",
              "",
              ""
            ],
            [
              "\n",
              "",
              ""
            ],
            [
              "# Duplicate indices are maintained until implicitly or explicitly summed",
              "",
              "c1"
            ],
            [
              "\n",
              "",
              ""
            ],
            [
              "np",
              "numpy",
              ""
            ],
            [
              ".",
              "",
              "o"
            ],
            [
              "max",
              "numpy.amax",
              ""
            ],
            [
              "(",
              "",
              ""
            ],
            [
              "coo",
              "scipy.sparse.coo.coo_matrix",
              ""
            ],
            [
              ".",
              "",
              "o"
            ],
            [
              "data",
              "builtins.list",
              ""
            ],
            [
              ")",
              "",
              ""
            ]
          ],
          "out": "1",
          "ce_status": "execed"
        }
      },
      {
        "type": "Code",
        "data": {
          "entries": [
            [
              "coo",
              "scipy.sparse.coo.coo_matrix",
              ""
            ],
            [
              ".",
              "",
              "o"
            ],
            [
              "toarray",
              "scipy.sparse.coo.coo_matrix.toarray",
              ""
            ],
            [
              "(",
              "",
              ""
            ],
            [
              ")",
              "",
              ""
            ]
          ],
          "out": "array([[3, 0, 1, 0],\n       [0, 2, 0, 0],\n       [0, 0, 0, 0],\n       [0, 0, 0, 1]])",
          "ce_status": "execed"
        }
      }
    ],
    "title": null
  },
  "see_also": [],
  "signature": "coo_matrix(arg1, shape=None, dtype=None, copy=False)",
  "references": null,
  "arbitrary": []
}