{
  "_content": {
    "Summary": {
      "children": [
        {
          "type": "Paragraph",
          "data": {
            "inline": [
              {
                "type": "Words",
                "data": {
                  "value": "Convert this matrix to Compressed Sparse Column format"
                }
              }
            ],
            "inner": []
          }
        }
      ],
      "title": null
    },
    "Extended Summary": {
      "children": [
        {
          "type": "Paragraph",
          "data": {
            "inline": [
              {
                "type": "Words",
                "data": {
                  "value": "Duplicate entries will be summed together."
                }
              }
            ],
            "inner": []
          }
        }
      ],
      "title": null
    },
    "Parameters": {
      "children": [],
      "title": null
    },
    "Returns": {
      "children": [],
      "title": null
    },
    "Yields": {
      "children": [],
      "title": null
    },
    "Receives": {
      "children": [],
      "title": null
    },
    "Raises": {
      "children": [],
      "title": null
    },
    "Warns": {
      "children": [],
      "title": null
    },
    "Other Parameters": {
      "children": [],
      "title": null
    },
    "Attributes": {
      "children": [],
      "title": null
    },
    "Methods": {
      "children": [],
      "title": null
    },
    "Notes": {
      "children": [],
      "title": null
    },
    "Warnings": {
      "children": [],
      "title": null
    }
  },
  "refs": [
    "numpy",
    "numpy.array",
    "numpy.ndarray",
    "scipy",
    "scipy.sparse",
    "scipy.sparse.compressed._cs_matrix.toarray",
    "scipy.sparse.coo.coo_matrix",
    "scipy.sparse.coo.coo_matrix.tocsc",
    "scipy.sparse.csc.csc_matrix"
  ],
  "ordered_sections": [
    "Summary",
    "Extended Summary",
    "Examples"
  ],
  "item_file": "/scipy/sparse/coo.py",
  "item_line": 330,
  "item_type": "<class 'function'>",
  "aliases": [
    "scipy.signal.filter_design.optimize._numdiff.coo_matrix.tocsc"
  ],
  "example_section_data": {
    "children": [
      {
        "type": "Code",
        "data": {
          "entries": [
            [
              "from",
              null,
              "kn"
            ],
            [
              " ",
              "",
              ""
            ],
            [
              "numpy",
              "numpy",
              "nn"
            ],
            [
              " ",
              "",
              ""
            ],
            [
              "import",
              null,
              "kn"
            ],
            [
              " ",
              "",
              ""
            ],
            [
              "array",
              "numpy.array",
              ""
            ],
            [
              "\n",
              "",
              ""
            ],
            [
              "from",
              null,
              "kn"
            ],
            [
              " ",
              "",
              ""
            ],
            [
              "scipy",
              "scipy",
              "nn"
            ],
            [
              ".",
              "",
              "nn"
            ],
            [
              "sparse",
              "scipy.sparse",
              "nn"
            ],
            [
              " ",
              "",
              ""
            ],
            [
              "import",
              null,
              "kn"
            ],
            [
              " ",
              "",
              ""
            ],
            [
              "coo_matrix",
              "scipy.sparse.coo.coo_matrix",
              ""
            ],
            [
              "\n",
              "",
              ""
            ],
            [
              "row",
              "numpy.ndarray",
              ""
            ],
            [
              "  ",
              "",
              ""
            ],
            [
              "=",
              "",
              "o"
            ],
            [
              " ",
              "",
              ""
            ],
            [
              "array",
              "numpy.array",
              ""
            ],
            [
              "(",
              "",
              ""
            ],
            [
              "[",
              "",
              ""
            ],
            [
              "0",
              "",
              "mi"
            ],
            [
              ",",
              "",
              ""
            ],
            [
              " ",
              "",
              ""
            ],
            [
              "0",
              "",
              "mi"
            ],
            [
              ",",
              "",
              ""
            ],
            [
              " ",
              "",
              ""
            ],
            [
              "1",
              "",
              "mi"
            ],
            [
              ",",
              "",
              ""
            ],
            [
              " ",
              "",
              ""
            ],
            [
              "3",
              "",
              "mi"
            ],
            [
              ",",
              "",
              ""
            ],
            [
              " ",
              "",
              ""
            ],
            [
              "1",
              "",
              "mi"
            ],
            [
              ",",
              "",
              ""
            ],
            [
              " ",
              "",
              ""
            ],
            [
              "0",
              "",
              "mi"
            ],
            [
              ",",
              "",
              ""
            ],
            [
              " ",
              "",
              ""
            ],
            [
              "0",
              "",
              "mi"
            ],
            [
              "]",
              "",
              ""
            ],
            [
              ")",
              "",
              ""
            ],
            [
              "\n",
              "",
              ""
            ],
            [
              "col",
              "numpy.ndarray",
              ""
            ],
            [
              "  ",
              "",
              ""
            ],
            [
              "=",
              "",
              "o"
            ],
            [
              " ",
              "",
              ""
            ],
            [
              "array",
              "numpy.array",
              ""
            ],
            [
              "(",
              "",
              ""
            ],
            [
              "[",
              "",
              ""
            ],
            [
              "0",
              "",
              "mi"
            ],
            [
              ",",
              "",
              ""
            ],
            [
              " ",
              "",
              ""
            ],
            [
              "2",
              "",
              "mi"
            ],
            [
              ",",
              "",
              ""
            ],
            [
              " ",
              "",
              ""
            ],
            [
              "1",
              "",
              "mi"
            ],
            [
              ",",
              "",
              ""
            ],
            [
              " ",
              "",
              ""
            ],
            [
              "3",
              "",
              "mi"
            ],
            [
              ",",
              "",
              ""
            ],
            [
              " ",
              "",
              ""
            ],
            [
              "1",
              "",
              "mi"
            ],
            [
              ",",
              "",
              ""
            ],
            [
              " ",
              "",
              ""
            ],
            [
              "0",
              "",
              "mi"
            ],
            [
              ",",
              "",
              ""
            ],
            [
              " ",
              "",
              ""
            ],
            [
              "0",
              "",
              "mi"
            ],
            [
              "]",
              "",
              ""
            ],
            [
              ")",
              "",
              ""
            ],
            [
              "\n",
              "",
              ""
            ],
            [
              "data",
              "numpy.ndarray",
              ""
            ],
            [
              " ",
              "",
              ""
            ],
            [
              "=",
              "",
              "o"
            ],
            [
              " ",
              "",
              ""
            ],
            [
              "array",
              "numpy.array",
              ""
            ],
            [
              "(",
              "",
              ""
            ],
            [
              "[",
              "",
              ""
            ],
            [
              "1",
              "",
              "mi"
            ],
            [
              ",",
              "",
              ""
            ],
            [
              " ",
              "",
              ""
            ],
            [
              "1",
              "",
              "mi"
            ],
            [
              ",",
              "",
              ""
            ],
            [
              " ",
              "",
              ""
            ],
            [
              "1",
              "",
              "mi"
            ],
            [
              ",",
              "",
              ""
            ],
            [
              " ",
              "",
              ""
            ],
            [
              "1",
              "",
              "mi"
            ],
            [
              ",",
              "",
              ""
            ],
            [
              " ",
              "",
              ""
            ],
            [
              "1",
              "",
              "mi"
            ],
            [
              ",",
              "",
              ""
            ],
            [
              " ",
              "",
              ""
            ],
            [
              "1",
              "",
              "mi"
            ],
            [
              ",",
              "",
              ""
            ],
            [
              " ",
              "",
              ""
            ],
            [
              "1",
              "",
              "mi"
            ],
            [
              "]",
              "",
              ""
            ],
            [
              ")",
              "",
              ""
            ],
            [
              "\n",
              "",
              ""
            ],
            [
              "A",
              "scipy.sparse.csc.csc_matrix",
              ""
            ],
            [
              " ",
              "",
              ""
            ],
            [
              "=",
              "",
              "o"
            ],
            [
              " ",
              "",
              ""
            ],
            [
              "coo_matrix",
              "scipy.sparse.coo.coo_matrix",
              ""
            ],
            [
              "(",
              "",
              ""
            ],
            [
              "(",
              "",
              ""
            ],
            [
              "data",
              "numpy.ndarray",
              ""
            ],
            [
              ",",
              "",
              ""
            ],
            [
              " ",
              "",
              ""
            ],
            [
              "(",
              "",
              ""
            ],
            [
              "row",
              "numpy.ndarray",
              ""
            ],
            [
              ",",
              "",
              ""
            ],
            [
              " ",
              "",
              ""
            ],
            [
              "col",
              "numpy.ndarray",
              ""
            ],
            [
              ")",
              "",
              ""
            ],
            [
              ")",
              "",
              ""
            ],
            [
              ",",
              "",
              ""
            ],
            [
              " ",
              "",
              ""
            ],
            [
              "shape",
              null,
              ""
            ],
            [
              "=",
              "",
              "o"
            ],
            [
              "(",
              "",
              ""
            ],
            [
              "4",
              "",
              "mi"
            ],
            [
              ",",
              "",
              ""
            ],
            [
              " ",
              "",
              ""
            ],
            [
              "4",
              "",
              "mi"
            ],
            [
              ")",
              "",
              ""
            ],
            [
              ")",
              "",
              ""
            ],
            [
              ".",
              "",
              "o"
            ],
            [
              "tocsc",
              "scipy.sparse.coo.coo_matrix.tocsc",
              ""
            ],
            [
              "(",
              "",
              ""
            ],
            [
              ")",
              "",
              ""
            ],
            [
              "\n",
              "",
              ""
            ],
            [
              "A",
              "scipy.sparse.csc.csc_matrix",
              ""
            ],
            [
              ".",
              "",
              "o"
            ],
            [
              "toarray",
              "scipy.sparse.compressed._cs_matrix.toarray",
              ""
            ],
            [
              "(",
              "",
              ""
            ],
            [
              ")",
              "",
              ""
            ]
          ],
          "out": "array([[3, 0, 1, 0],\n       [0, 2, 0, 0],\n       [0, 0, 0, 0],\n       [0, 0, 0, 1]])",
          "ce_status": "execed"
        }
      }
    ],
    "title": null
  },
  "see_also": [],
  "signature": "tocsc(self, copy=False)",
  "references": null,
  "arbitrary": []
}