{
  "_content": {
    "Attributes": {
      "children": [],
      "title": null
    },
    "Extended Summary": {
      "children": [],
      "title": null
    },
    "Methods": {
      "children": [],
      "title": null
    },
    "Notes": {
      "children": [],
      "title": null
    },
    "Other Parameters": {
      "children": [],
      "title": null
    },
    "Parameters": {
      "children": [
        {
          "data": {
            "desc": [
              {
                "data": {
                  "inline": [
                    {
                      "data": {
                        "value": "Number of points in the output window"
                      },
                      "type": "Words"
                    }
                  ],
                  "inner": []
                },
                "type": "Paragraph"
              }
            ],
            "param": "M",
            "type_": "int"
          },
          "type": "Param"
        },
        {
          "data": {
            "desc": [
              {
                "data": {
                  "inline": [
                    {
                      "data": {
                        "value": "Sequence of weighting coefficients. This uses the convention of being centered on the origin, so these will typically all be positive numbers, not alternating sign."
                      },
                      "type": "Words"
                    }
                  ],
                  "inner": []
                },
                "type": "Paragraph"
              }
            ],
            "param": "a",
            "type_": "array_like"
          },
          "type": "Param"
        },
        {
          "data": {
            "desc": [
              {
                "data": {
                  "inline": [
                    {
                      "data": {
                        "value": "When True (default), generates a symmetric window, for use in filter design. When False, generates a periodic window, for use in spectral analysis."
                      },
                      "type": "Words"
                    }
                  ],
                  "inner": []
                },
                "type": "Paragraph"
              }
            ],
            "param": "sym",
            "type_": "bool, optional"
          },
          "type": "Param"
        }
      ],
      "title": null
    },
    "Raises": {
      "children": [],
      "title": null
    },
    "Receives": {
      "children": [],
      "title": null
    },
    "Returns": {
      "children": [],
      "title": null
    },
    "Summary": {
      "children": [
        {
          "data": {
            "inline": [
              {
                "data": {
                  "value": "Generic weighted sum of cosine terms window"
                },
                "type": "Words"
              }
            ],
            "inner": []
          },
          "type": "Paragraph"
        }
      ],
      "title": null
    },
    "Warnings": {
      "children": [],
      "title": null
    },
    "Warns": {
      "children": [],
      "title": null
    },
    "Yields": {
      "children": [],
      "title": null
    }
  },
  "aliases": [
    "scipy.signal.windows.general_cosine"
  ],
  "arbitrary": [],
  "example_section_data": {
    "children": [
      {
        "data": {
          "inline": [
            {
              "data": {
                "value": "Heinzel describes a flat-top window named \"HFT90D\" with formula:"
              },
              "type": "Words"
            }
          ],
          "inner": []
        },
        "type": "Paragraph"
      },
      {
        "data": {
          "value": "w_j = 1 - 1.942604 \\cos(z) + 1.340318 \\cos(2z) - 0.440811 \\cos ( 3z) + 0.043097 \\cos ( 4z) "
        },
        "type": "BlockMath"
      },
      {
        "data": {
          "inline": [
            {
              "data": {
                "value": "where"
              },
              "type": "Words"
            }
          ],
          "inner": []
        },
        "type": "Paragraph"
      },
      {
        "data": {
          "value": "z = \\frac { 2 \\pi j} { N}, j = 0...N - 1 "
        },
        "type": "BlockMath"
      },
      {
        "data": {
          "inline": [
            {
              "data": {
                "value": "Since this uses the convention of starting at the origin, to reproduce the window, we need to convert every other coefficient to a positive number:"
              },
              "type": "Words"
            }
          ],
          "inner": []
        },
        "type": "Paragraph"
      },
      {
        "data": {
          "ce_status": "execed",
          "entries": [
            [
              "HFT90D",
              "builtins.list",
              ""
            ],
            [
              " ",
              "",
              ""
            ],
            [
              "=",
              "",
              "o"
            ],
            [
              " ",
              "",
              ""
            ],
            [
              "[",
              "",
              ""
            ],
            [
              "1",
              "",
              "mi"
            ],
            [
              ",",
              "",
              ""
            ],
            [
              " ",
              "",
              ""
            ],
            [
              "1.942604",
              "",
              "mf"
            ],
            [
              ",",
              "",
              ""
            ],
            [
              " ",
              "",
              ""
            ],
            [
              "1.340318",
              "",
              "mf"
            ],
            [
              ",",
              "",
              ""
            ],
            [
              " ",
              "",
              ""
            ],
            [
              "0.440811",
              "",
              "mf"
            ],
            [
              ",",
              "",
              ""
            ],
            [
              " ",
              "",
              ""
            ],
            [
              "0.043097",
              "",
              "mf"
            ],
            [
              "]",
              "",
              ""
            ]
          ],
          "out": ""
        },
        "type": "Code"
      },
      {
        "data": {
          "inline": [
            {
              "data": {
                "value": "The paper states that the highest sidelobe is at -90.2 dB.  Reproduce Figure 42 by plotting the window and its frequency response, and confirm the sidelobe level in red:"
              },
              "type": "Words"
            }
          ],
          "inner": []
        },
        "type": "Paragraph"
      },
      {
        "data": {
          "ce_status": "execed",
          "entries": [
            [
              "from",
              "",
              "kn"
            ],
            [
              " ",
              "",
              ""
            ],
            [
              "scipy",
              "scipy",
              "nn"
            ],
            [
              ".",
              "",
              "nn"
            ],
            [
              "signal",
              "scipy.signal",
              "nn"
            ],
            [
              ".",
              "",
              "nn"
            ],
            [
              "windows",
              "scipy.signal.windows",
              "nn"
            ],
            [
              " ",
              "",
              ""
            ],
            [
              "import",
              "",
              "kn"
            ],
            [
              " ",
              "",
              ""
            ],
            [
              "general_cosine",
              "scipy.signal.windows.windows.general_cosine",
              ""
            ],
            [
              "\n",
              "",
              ""
            ],
            [
              "from",
              "",
              "kn"
            ],
            [
              " ",
              "",
              ""
            ],
            [
              "scipy",
              "scipy",
              "nn"
            ],
            [
              ".",
              "",
              "nn"
            ],
            [
              "fft",
              "scipy.fft",
              "nn"
            ],
            [
              " ",
              "",
              ""
            ],
            [
              "import",
              "",
              "kn"
            ],
            [
              " ",
              "",
              ""
            ],
            [
              "fft",
              "builtins._Function",
              ""
            ],
            [
              ",",
              "",
              ""
            ],
            [
              " ",
              "",
              ""
            ],
            [
              "fftshift",
              "numpy.fft.helper.fftshift",
              ""
            ],
            [
              "\n",
              "",
              ""
            ],
            [
              "import",
              "",
              "kn"
            ],
            [
              " ",
              "",
              ""
            ],
            [
              "matplotlib",
              "matplotlib",
              "nn"
            ],
            [
              ".",
              "",
              "nn"
            ],
            [
              "pyplot",
              "matplotlib.pyplot",
              "nn"
            ],
            [
              " ",
              "",
              ""
            ],
            [
              "as",
              "",
              "k"
            ],
            [
              " ",
              "",
              ""
            ],
            [
              "plt",
              "matplotlib.pyplot",
              "nn"
            ]
          ],
          "out": ""
        },
        "type": "Code"
      },
      {
        "data": {
          "ce_status": "execed",
          "entries": [
            [
              "window",
              "builtins.int",
              ""
            ],
            [
              " ",
              "",
              ""
            ],
            [
              "=",
              "",
              "o"
            ],
            [
              " ",
              "",
              ""
            ],
            [
              "general_cosine",
              "scipy.signal.windows.windows.general_cosine",
              ""
            ],
            [
              "(",
              "",
              ""
            ],
            [
              "1000",
              "",
              "mi"
            ],
            [
              ",",
              "",
              ""
            ],
            [
              " ",
              "",
              ""
            ],
            [
              "HFT90D",
              "builtins.list",
              ""
            ],
            [
              ",",
              "",
              ""
            ],
            [
              " ",
              "",
              ""
            ],
            [
              "sym",
              "",
              ""
            ],
            [
              "=",
              "",
              "o"
            ],
            [
              "False",
              "",
              "kc"
            ],
            [
              ")",
              "",
              ""
            ],
            [
              "\n",
              "",
              ""
            ],
            [
              "plt",
              "matplotlib.pyplot",
              ""
            ],
            [
              ".",
              "",
              "o"
            ],
            [
              "plot",
              "matplotlib.pyplot.plot",
              ""
            ],
            [
              "(",
              "",
              ""
            ],
            [
              "window",
              "builtins.int",
              ""
            ],
            [
              ")",
              "",
              ""
            ],
            [
              "\n",
              "",
              ""
            ],
            [
              "plt",
              "matplotlib.pyplot",
              ""
            ],
            [
              ".",
              "",
              "o"
            ],
            [
              "title",
              "matplotlib.pyplot.title",
              ""
            ],
            [
              "(",
              "",
              ""
            ],
            [
              "\"",
              "",
              "s2"
            ],
            [
              "HFT90D window",
              "",
              "s2"
            ],
            [
              "\"",
              "",
              "s2"
            ],
            [
              ")",
              "",
              ""
            ],
            [
              "\n",
              "",
              ""
            ],
            [
              "plt",
              "matplotlib.pyplot",
              ""
            ],
            [
              ".",
              "",
              "o"
            ],
            [
              "ylabel",
              "matplotlib.pyplot.ylabel",
              ""
            ],
            [
              "(",
              "",
              ""
            ],
            [
              "\"",
              "",
              "s2"
            ],
            [
              "Amplitude",
              "",
              "s2"
            ],
            [
              "\"",
              "",
              "s2"
            ],
            [
              ")",
              "",
              ""
            ],
            [
              "\n",
              "",
              ""
            ],
            [
              "plt",
              "matplotlib.pyplot",
              ""
            ],
            [
              ".",
              "",
              "o"
            ],
            [
              "xlabel",
              "matplotlib.pyplot.xlabel",
              ""
            ],
            [
              "(",
              "",
              ""
            ],
            [
              "\"",
              "",
              "s2"
            ],
            [
              "Sample",
              "",
              "s2"
            ],
            [
              "\"",
              "",
              "s2"
            ],
            [
              ")",
              "",
              ""
            ]
          ],
          "out": ""
        },
        "type": "Code"
      },
      {
        "data": {
          "ce_status": "execed",
          "entries": [
            [
              "plt",
              "matplotlib.pyplot",
              ""
            ],
            [
              ".",
              "",
              "o"
            ],
            [
              "figure",
              "matplotlib.pyplot.figure",
              ""
            ],
            [
              "(",
              "",
              ""
            ],
            [
              ")",
              "",
              ""
            ],
            [
              "\n",
              "",
              ""
            ],
            [
              "A",
              "builtins.float",
              ""
            ],
            [
              " ",
              "",
              ""
            ],
            [
              "=",
              "",
              "o"
            ],
            [
              " ",
              "",
              ""
            ],
            [
              "fft",
              "builtins._Function",
              ""
            ],
            [
              "(",
              "",
              ""
            ],
            [
              "window",
              "builtins.int",
              ""
            ],
            [
              ",",
              "",
              ""
            ],
            [
              " ",
              "",
              ""
            ],
            [
              "10000",
              "",
              "mi"
            ],
            [
              ")",
              "",
              ""
            ],
            [
              " ",
              "",
              ""
            ],
            [
              "/",
              "",
              "o"
            ],
            [
              " ",
              "",
              ""
            ],
            [
              "(",
              "",
              ""
            ],
            [
              "len",
              "builtins.len",
              "nb"
            ],
            [
              "(",
              "",
              ""
            ],
            [
              "window",
              "builtins.int",
              ""
            ],
            [
              ")",
              "",
              ""
            ],
            [
              "/",
              "",
              "o"
            ],
            [
              "2.0",
              "",
              "mf"
            ],
            [
              ")",
              "",
              ""
            ],
            [
              "\n",
              "",
              ""
            ],
            [
              "freq",
              "builtins.tuple",
              ""
            ],
            [
              " ",
              "",
              ""
            ],
            [
              "=",
              "",
              "o"
            ],
            [
              " ",
              "",
              ""
            ],
            [
              "np",
              "numpy",
              ""
            ],
            [
              ".",
              "",
              "o"
            ],
            [
              "linspace",
              "numpy.linspace",
              ""
            ],
            [
              "(",
              "",
              ""
            ],
            [
              "-",
              "",
              "o"
            ],
            [
              "0.5",
              "",
              "mf"
            ],
            [
              ",",
              "",
              ""
            ],
            [
              " ",
              "",
              ""
            ],
            [
              "0.5",
              "",
              "mf"
            ],
            [
              ",",
              "",
              ""
            ],
            [
              " ",
              "",
              ""
            ],
            [
              "len",
              "builtins.len",
              "nb"
            ],
            [
              "(",
              "",
              ""
            ],
            [
              "A",
              "builtins.float",
              ""
            ],
            [
              ")",
              "",
              ""
            ],
            [
              ")",
              "",
              ""
            ],
            [
              "\n",
              "",
              ""
            ],
            [
              "response",
              "",
              ""
            ],
            [
              " ",
              "",
              ""
            ],
            [
              "=",
              "",
              "o"
            ],
            [
              " ",
              "",
              ""
            ],
            [
              "np",
              "numpy",
              ""
            ],
            [
              ".",
              "",
              "o"
            ],
            [
              "abs",
              "numpy.ufunc",
              ""
            ],
            [
              "(",
              "",
              ""
            ],
            [
              "fftshift",
              "numpy.fft.helper.fftshift",
              ""
            ],
            [
              "(",
              "",
              ""
            ],
            [
              "A",
              "builtins.float",
              ""
            ],
            [
              " ",
              "",
              ""
            ],
            [
              "/",
              "",
              "o"
            ],
            [
              " ",
              "",
              ""
            ],
            [
              "abs",
              "builtins.abs",
              "nb"
            ],
            [
              "(",
              "",
              ""
            ],
            [
              "A",
              "builtins.float",
              ""
            ],
            [
              ")",
              "",
              ""
            ],
            [
              ".",
              "",
              "o"
            ],
            [
              "max",
              "",
              ""
            ],
            [
              "(",
              "",
              ""
            ],
            [
              ")",
              "",
              ""
            ],
            [
              ")",
              "",
              ""
            ],
            [
              ")",
              "",
              ""
            ],
            [
              "\n",
              "",
              ""
            ],
            [
              "response",
              "builtins.int",
              ""
            ],
            [
              " ",
              "",
              ""
            ],
            [
              "=",
              "",
              "o"
            ],
            [
              " ",
              "",
              ""
            ],
            [
              "20",
              "",
              "mi"
            ],
            [
              " ",
              "",
              ""
            ],
            [
              "*",
              "",
              "o"
            ],
            [
              " ",
              "",
              ""
            ],
            [
              "np",
              "numpy",
              ""
            ],
            [
              ".",
              "",
              "o"
            ],
            [
              "log10",
              "numpy.ufunc",
              ""
            ],
            [
              "(",
              "",
              ""
            ],
            [
              "np",
              "numpy",
              ""
            ],
            [
              ".",
              "",
              "o"
            ],
            [
              "maximum",
              "numpy.ufunc",
              ""
            ],
            [
              "(",
              "",
              ""
            ],
            [
              "response",
              "",
              ""
            ],
            [
              ",",
              "",
              ""
            ],
            [
              " ",
              "",
              ""
            ],
            [
              "1e-10",
              "",
              "mf"
            ],
            [
              ")",
              "",
              ""
            ],
            [
              ")",
              "",
              ""
            ],
            [
              "\n",
              "",
              ""
            ],
            [
              "plt",
              "matplotlib.pyplot",
              ""
            ],
            [
              ".",
              "",
              "o"
            ],
            [
              "plot",
              "matplotlib.pyplot.plot",
              ""
            ],
            [
              "(",
              "",
              ""
            ],
            [
              "freq",
              "builtins.tuple",
              ""
            ],
            [
              ",",
              "",
              ""
            ],
            [
              " ",
              "",
              ""
            ],
            [
              "response",
              "builtins.int",
              ""
            ],
            [
              ")",
              "",
              ""
            ],
            [
              "\n",
              "",
              ""
            ],
            [
              "plt",
              "matplotlib.pyplot",
              ""
            ],
            [
              ".",
              "",
              "o"
            ],
            [
              "axis",
              "matplotlib.pyplot.axis",
              ""
            ],
            [
              "(",
              "",
              ""
            ],
            [
              "[",
              "",
              ""
            ],
            [
              "-",
              "",
              "o"
            ],
            [
              "50",
              "",
              "mi"
            ],
            [
              "/",
              "",
              "o"
            ],
            [
              "1000",
              "",
              "mi"
            ],
            [
              ",",
              "",
              ""
            ],
            [
              " ",
              "",
              ""
            ],
            [
              "50",
              "",
              "mi"
            ],
            [
              "/",
              "",
              "o"
            ],
            [
              "1000",
              "",
              "mi"
            ],
            [
              ",",
              "",
              ""
            ],
            [
              " ",
              "",
              ""
            ],
            [
              "-",
              "",
              "o"
            ],
            [
              "140",
              "",
              "mi"
            ],
            [
              ",",
              "",
              ""
            ],
            [
              " ",
              "",
              ""
            ],
            [
              "0",
              "",
              "mi"
            ],
            [
              "]",
              "",
              ""
            ],
            [
              ")",
              "",
              ""
            ],
            [
              "\n",
              "",
              ""
            ],
            [
              "plt",
              "matplotlib.pyplot",
              ""
            ],
            [
              ".",
              "",
              "o"
            ],
            [
              "title",
              "matplotlib.pyplot.title",
              ""
            ],
            [
              "(",
              "",
              ""
            ],
            [
              "\"",
              "",
              "s2"
            ],
            [
              "Frequency response of the HFT90D window",
              "",
              "s2"
            ],
            [
              "\"",
              "",
              "s2"
            ],
            [
              ")",
              "",
              ""
            ],
            [
              "\n",
              "",
              ""
            ],
            [
              "plt",
              "matplotlib.pyplot",
              ""
            ],
            [
              ".",
              "",
              "o"
            ],
            [
              "ylabel",
              "matplotlib.pyplot.ylabel",
              ""
            ],
            [
              "(",
              "",
              ""
            ],
            [
              "\"",
              "",
              "s2"
            ],
            [
              "Normalized magnitude [dB]",
              "",
              "s2"
            ],
            [
              "\"",
              "",
              "s2"
            ],
            [
              ")",
              "",
              ""
            ],
            [
              "\n",
              "",
              ""
            ],
            [
              "plt",
              "matplotlib.pyplot",
              ""
            ],
            [
              ".",
              "",
              "o"
            ],
            [
              "xlabel",
              "matplotlib.pyplot.xlabel",
              ""
            ],
            [
              "(",
              "",
              ""
            ],
            [
              "\"",
              "",
              "s2"
            ],
            [
              "Normalized frequency [cycles per sample]",
              "",
              "s2"
            ],
            [
              "\"",
              "",
              "s2"
            ],
            [
              ")",
              "",
              ""
            ],
            [
              "\n",
              "",
              ""
            ],
            [
              "plt",
              "matplotlib.pyplot",
              ""
            ],
            [
              ".",
              "",
              "o"
            ],
            [
              "axhline",
              "matplotlib.pyplot.axhline",
              ""
            ],
            [
              "(",
              "",
              ""
            ],
            [
              "-",
              "",
              "o"
            ],
            [
              "90.2",
              "",
              "mf"
            ],
            [
              ",",
              "",
              ""
            ],
            [
              " ",
              "",
              ""
            ],
            [
              "color",
              "",
              ""
            ],
            [
              "=",
              "",
              "o"
            ],
            [
              "'",
              "",
              "s1"
            ],
            [
              "red",
              "",
              "s1"
            ],
            [
              "'",
              "",
              "s1"
            ],
            [
              ")",
              "",
              ""
            ],
            [
              "\n",
              "",
              ""
            ],
            [
              "plt",
              "matplotlib.pyplot",
              ""
            ],
            [
              ".",
              "",
              "o"
            ],
            [
              "show",
              "matplotlib.pyplot.show",
              ""
            ],
            [
              "(",
              "",
              ""
            ],
            [
              ")",
              "",
              ""
            ]
          ],
          "out": ""
        },
        "type": "Code"
      },
      {
        "data": {
          "value": "fig-scipy.signal.windows.windows.general_cosine-1.png"
        },
        "type": "Fig"
      }
    ],
    "title": null
  },
  "item_file": "/scipy/signal/windows/windows.py",
  "item_line": 39,
  "item_type": "<class 'function'>",
  "ordered_sections": [
    "Summary",
    "Parameters",
    "References",
    "Examples"
  ],
  "references": null,
  "refs": [
    "builtins._Function",
    "builtins.abs",
    "builtins.float",
    "builtins.int",
    "builtins.len",
    "builtins.list",
    "builtins.tuple",
    "matplotlib",
    "matplotlib.pyplot",
    "matplotlib.pyplot.axhline",
    "matplotlib.pyplot.axis",
    "matplotlib.pyplot.figure",
    "matplotlib.pyplot.plot",
    "matplotlib.pyplot.show",
    "matplotlib.pyplot.title",
    "matplotlib.pyplot.xlabel",
    "matplotlib.pyplot.ylabel",
    "numpy",
    "numpy.fft.fftshift",
    "numpy.linspace",
    "numpy.ufunc",
    "scipy",
    "scipy.fft",
    "scipy.signal",
    "scipy.signal.windows",
    "scipy.signal.windows.windows.general_cosine"
  ],
  "see_also": [],
  "signature": "general_cosine(M, a, sym=True)"
}