{
  "_content": {
    "Attributes": {
      "children": [],
      "title": null
    },
    "Extended Summary": {
      "children": [
        {
          "data": {
            "inline": [
              {
                "data": {
                  "value": "Returns the interpolated value at "
                },
                "type": "Words"
              },
              {
                "data": {
                  "value": [
                    "(theta[i], phi[i]),\ni=0,...,len(theta)-1"
                  ]
                },
                "type": "Verbatim"
              },
              {
                "data": {
                  "value": "."
                },
                "type": "Words"
              }
            ],
            "inner": []
          },
          "type": "Paragraph"
        }
      ],
      "title": null
    },
    "Methods": {
      "children": [],
      "title": null
    },
    "Notes": {
      "children": [],
      "title": null
    },
    "Other Parameters": {
      "children": [],
      "title": null
    },
    "Parameters": {
      "children": [
        {
          "data": {
            "desc": [
              {
                "data": {
                  "inline": [
                    {
                      "data": {
                        "value": "Input coordinates. Standard Numpy broadcasting is obeyed."
                      },
                      "type": "Words"
                    }
                  ],
                  "inner": []
                },
                "type": "Paragraph"
              }
            ],
            "param": "theta, phi",
            "type_": "array_like"
          },
          "type": "Param"
        },
        {
          "data": {
            "desc": [
              {
                "data": {
                  "inline": [
                    {
                      "data": {
                        "value": "Order of theta-derivative"
                      },
                      "type": "Words"
                    }
                  ],
                  "inner": []
                },
                "type": "Paragraph"
              },
              {
                "data": {
                  "args0": [],
                  "directive_name": "versionadded",
                  "inner": {
                    "inline": [
                      {
                        "data": {
                          "value": "0.14.0 "
                        },
                        "type": "Words"
                      }
                    ],
                    "inner": []
                  }
                },
                "type": "BlockDirective"
              }
            ],
            "param": "dtheta",
            "type_": "int, optional"
          },
          "type": "Param"
        },
        {
          "data": {
            "desc": [
              {
                "data": {
                  "inline": [
                    {
                      "data": {
                        "value": "Order of phi-derivative"
                      },
                      "type": "Words"
                    }
                  ],
                  "inner": []
                },
                "type": "Paragraph"
              },
              {
                "data": {
                  "args0": [],
                  "directive_name": "versionadded",
                  "inner": {
                    "inline": [
                      {
                        "data": {
                          "value": "0.14.0 "
                        },
                        "type": "Words"
                      }
                    ],
                    "inner": []
                  }
                },
                "type": "BlockDirective"
              }
            ],
            "param": "dphi",
            "type_": "int, optional"
          },
          "type": "Param"
        }
      ],
      "title": null
    },
    "Raises": {
      "children": [],
      "title": null
    },
    "Receives": {
      "children": [],
      "title": null
    },
    "Returns": {
      "children": [],
      "title": null
    },
    "Summary": {
      "children": [
        {
          "data": {
            "inline": [
              {
                "data": {
                  "value": "Evaluate the spline at points"
                },
                "type": "Words"
              }
            ],
            "inner": []
          },
          "type": "Paragraph"
        }
      ],
      "title": null
    },
    "Warnings": {
      "children": [],
      "title": null
    },
    "Warns": {
      "children": [],
      "title": null
    },
    "Yields": {
      "children": [],
      "title": null
    }
  },
  "aliases": [
    "scipy.signal.ltisys.interpolate.fitpack2.SphereBivariateSpline.ev"
  ],
  "arbitrary": [],
  "example_section_data": {
    "children": [],
    "title": null
  },
  "item_file": "/scipy/interpolate/fitpack2.py",
  "item_line": 1442,
  "item_type": "<class 'function'>",
  "ordered_sections": [
    "Summary",
    "Extended Summary",
    "Parameters"
  ],
  "references": null,
  "refs": [],
  "see_also": [],
  "signature": "ev(self, theta, phi, dtheta=0, dphi=0)"
}