{
  "_content": {
    "Attributes": {
      "children": [],
      "title": null
    },
    "Extended Summary": {
      "children": [],
      "title": null
    },
    "Methods": {
      "children": [],
      "title": null
    },
    "Notes": {
      "children": [],
      "title": null
    },
    "Other Parameters": {
      "children": [],
      "title": null
    },
    "Parameters": {
      "children": [],
      "title": null
    },
    "Raises": {
      "children": [],
      "title": null
    },
    "Receives": {
      "children": [],
      "title": null
    },
    "Returns": {
      "children": [],
      "title": null
    },
    "Summary": {
      "children": [
        {
          "data": {
            "inline": [
              {
                "data": {
                  "value": "This module 'dfitpack' is auto-generated with f2py (version:2). Functions:   ier = fpchec(x,t,k)   y = splev(t,c,k,x,e=0)   y = splder(t,c,k,x,nu=1,e=0)   splint = splint(t,c,k,a,b)   zero,m,ier = sproot(t,c,mest=3*(n-7))   d,ier = spalde(t,c,k,x)   n,c,fp,ier = curfit(iopt,x,y,w,t,wrk,iwrk,xb=x[0],xe=x[m-1],k=3,s=0.0)   n,c,fp,ier = percur(iopt,x,y,w,t,wrk,iwrk,k=3,s=0.0)   n,c,fp,ier = parcur(iopt,ipar,idim,u,x,w,ub,ue,t,wrk,iwrk,k=3.0,s=0.0)   x,y,w,xb,xe,k,s,n,t,c,fp,fpint,nrdata,ier = fpcurf0(x,y,k,w=1.0,xb=x[0],xe=x[m-1],s=m,nest=(s==0.0?m+k+1:MAX(m/2,2*k1)))   x,y,w,xb,xe,k,s,n,t,c,fp,fpint,nrdata,ier = fpcurf1(x,y,w,xb,xe,k,s,n,t,c,fp,fpint,nrdata,ier,overwrite_x=1,overwrite_y=1,overwrite_w=1,overwrite_t=1,overwrite_c=1,overwrite_fpint=1,overwrite_nrdata=1)   x,y,w,xb,xe,k,s,n,t,c,fp,fpint,nrdata,ier = fpcurfm1(x,y,k,t,w=1.0,xb=x[0],xe=x[m-1],overwrite_t=1)   z,ier = bispev(tx,ty,c,kx,ky,x,y)   z,ier = parder(tx,ty,c,kx,ky,nux,nuy,x,y)   z,ier = bispeu(tx,ty,c,kx,ky,x,y)   z,ier = pardeu(tx,ty,c,kx,ky,nux,nuy,x,y)   nx,tx,ny,ty,c,fp,wrk1,ier = surfit_smth(x,y,z,w=1.0,xb=dmin(x,m),xe=dmax(x,m),yb=dmin(y,m),ye=dmax(y,m),kx=3,ky=3,s=m,nxest=imax(kx+1+sqrt(m/2),2*(kx+1)),nyest=imax(ky+1+sqrt(m/2),2*(ky+1)),eps=1e-16,lwrk2=calc_surfit_lwrk2(m,kx,ky,nxest,nyest))   tx,ty,c,fp,ier = surfit_lsq(x,y,z,nx,tx,ny,ty,w=1.0,xb=calc_b(x,m,tx,nx),xe=calc_e(x,m,tx,nx),yb=calc_b(y,m,ty,ny),ye=calc_e(y,m,ty,ny),kx=3,ky=3,eps=1e-16,lwrk2=calc_surfit_lwrk2(m,kx,ky,nxest,nyest),overwrite_tx=1,overwrite_ty=1)   nt,tt,np,tp,c,fp,ier = spherfit_smth(teta,phi,r,w=1.0,s=m,eps=1e-16)   tt,tp,c,fp,ier = spherfit_lsq(teta,phi,r,tt,tp,w=1.0,eps=1e-16,overwrite_tt=1,overwrite_tp=1)   nx,tx,ny,ty,c,fp,ier = regrid_smth(x,y,z,xb=dmin(x,mx),xe=dmax(x,mx),yb=dmin(y,my),ye=dmax(y,my),kx=3,ky=3,s=0.0)   nu,tu,nv,tv,c,fp,ier = regrid_smth_spher(iopt,ider,u,v,r,r0=,r1=,s=0.0)   dblint = dblint(tx,ty,c,kx,ky,xb,xe,yb,ye) COMMON blocks:   /types/ intvar ."
                },
                "type": "Words"
              }
            ],
            "inner": []
          },
          "type": "Paragraph"
        }
      ],
      "title": null
    },
    "Warnings": {
      "children": [],
      "title": null
    },
    "Warns": {
      "children": [],
      "title": null
    },
    "Yields": {
      "children": [],
      "title": null
    }
  },
  "aliases": [
    "scipy.signal.ltisys.interpolate.dfitpack"
  ],
  "arbitrary": [
    {
      "children": [
        {
          "data": {
            "inline": [
              {
                "data": {
                  "value": "This module 'dfitpack' is auto-generated with f2py (version:2). Functions:   ier = fpchec(x,t,k)   y = splev(t,c,k,x,e=0)   y = splder(t,c,k,x,nu=1,e=0)   splint = splint(t,c,k,a,b)   zero,m,ier = sproot(t,c,mest=3*(n-7))   d,ier = spalde(t,c,k,x)   n,c,fp,ier = curfit(iopt,x,y,w,t,wrk,iwrk,xb=x[0],xe=x[m-1],k=3,s=0.0)   n,c,fp,ier = percur(iopt,x,y,w,t,wrk,iwrk,k=3,s=0.0)   n,c,fp,ier = parcur(iopt,ipar,idim,u,x,w,ub,ue,t,wrk,iwrk,k=3.0,s=0.0)   x,y,w,xb,xe,k,s,n,t,c,fp,fpint,nrdata,ier = fpcurf0(x,y,k,w=1.0,xb=x[0],xe=x[m-1],s=m,nest=(s==0.0?m+k+1:MAX(m/2,2*k1)))   x,y,w,xb,xe,k,s,n,t,c,fp,fpint,nrdata,ier = fpcurf1(x,y,w,xb,xe,k,s,n,t,c,fp,fpint,nrdata,ier,overwrite_x=1,overwrite_y=1,overwrite_w=1,overwrite_t=1,overwrite_c=1,overwrite_fpint=1,overwrite_nrdata=1)   x,y,w,xb,xe,k,s,n,t,c,fp,fpint,nrdata,ier = fpcurfm1(x,y,k,t,w=1.0,xb=x[0],xe=x[m-1],overwrite_t=1)   z,ier = bispev(tx,ty,c,kx,ky,x,y)   z,ier = parder(tx,ty,c,kx,ky,nux,nuy,x,y)   z,ier = bispeu(tx,ty,c,kx,ky,x,y)   z,ier = pardeu(tx,ty,c,kx,ky,nux,nuy,x,y)   nx,tx,ny,ty,c,fp,wrk1,ier = surfit_smth(x,y,z,w=1.0,xb=dmin(x,m),xe=dmax(x,m),yb=dmin(y,m),ye=dmax(y,m),kx=3,ky=3,s=m,nxest=imax(kx+1+sqrt(m/2),2*(kx+1)),nyest=imax(ky+1+sqrt(m/2),2*(ky+1)),eps=1e-16,lwrk2=calc_surfit_lwrk2(m,kx,ky,nxest,nyest))   tx,ty,c,fp,ier = surfit_lsq(x,y,z,nx,tx,ny,ty,w=1.0,xb=calc_b(x,m,tx,nx),xe=calc_e(x,m,tx,nx),yb=calc_b(y,m,ty,ny),ye=calc_e(y,m,ty,ny),kx=3,ky=3,eps=1e-16,lwrk2=calc_surfit_lwrk2(m,kx,ky,nxest,nyest),overwrite_tx=1,overwrite_ty=1)   nt,tt,np,tp,c,fp,ier = spherfit_smth(teta,phi,r,w=1.0,s=m,eps=1e-16)   tt,tp,c,fp,ier = spherfit_lsq(teta,phi,r,tt,tp,w=1.0,eps=1e-16,overwrite_tt=1,overwrite_tp=1)   nx,tx,ny,ty,c,fp,ier = regrid_smth(x,y,z,xb=dmin(x,mx),xe=dmax(x,mx),yb=dmin(y,my),ye=dmax(y,my),kx=3,ky=3,s=0.0)   nu,tu,nv,tv,c,fp,ier = regrid_smth_spher(iopt,ider,u,v,r,r0=,r1=,s=0.0)   dblint = dblint(tx,ty,c,kx,ky,xb,xe,yb,ye) COMMON blocks:   /types/ intvar ."
                },
                "type": "Words"
              }
            ],
            "inner": []
          },
          "type": "Paragraph"
        }
      ],
      "title": null
    }
  ],
  "example_section_data": {
    "children": [],
    "title": null
  },
  "item_file": "/scipy/interpolate/dfitpack.cpython-39-darwin.so",
  "item_line": null,
  "item_type": "<class 'module'>",
  "ordered_sections": [
    "Summary",
    "Extended Summary"
  ],
  "references": null,
  "refs": [],
  "see_also": [],
  "signature": null
}