{
  "_content": {
    "Attributes": {
      "children": [],
      "title": null
    },
    "Extended Summary": {
      "children": [
        {
          "data": {
            "children": [
              {
                "dd": [
                  {
                    "data": {
                      "children": [
                        {
                          "dd": [
                            {
                              "data": {
                                "inline": [
                                  {
                                    "data": {
                                      "value": "[ J_ineq, diag(s) ]"
                                    },
                                    "type": "Words"
                                  }
                                ],
                                "inner": []
                              },
                              "type": "Paragraph"
                            }
                          ],
                          "dt": {
                            "inline": [
                              {
                                "data": {
                                  "value": "jacobian = [ J_eq,     0     ]"
                                },
                                "type": "Words"
                              }
                            ],
                            "inner": []
                          },
                          "ind": {
                            "_lines": []
                          },
                          "lines": {
                            "_lines": []
                          },
                          "wh": {
                            "_lines": []
                          }
                        }
                      ]
                    },
                    "type": "DefList"
                  }
                ],
                "dt": {
                  "inline": [
                    {
                      "data": {
                        "value": "Given "
                      },
                      "type": "Words"
                    },
                    {
                      "data": {
                        "value": [
                          "J_eq"
                        ]
                      },
                      "type": "Verbatim"
                    },
                    {
                      "data": {
                        "value": ", "
                      },
                      "type": "Words"
                    },
                    {
                      "data": {
                        "value": [
                          "J_ineq"
                        ]
                      },
                      "type": "Verbatim"
                    },
                    {
                      "data": {
                        "value": " and "
                      },
                      "type": "Words"
                    },
                    {
                      "data": {
                        "value": [
                          "s"
                        ]
                      },
                      "type": "Verbatim"
                    },
                    {
                      "data": {
                        "value": " returns:"
                      },
                      "type": "Words"
                    }
                  ],
                  "inner": []
                },
                "ind": {
                  "_lines": []
                },
                "lines": {
                  "_lines": []
                },
                "wh": {
                  "_lines": []
                }
              }
            ]
          },
          "type": "DefList"
        }
      ],
      "title": null
    },
    "Methods": {
      "children": [],
      "title": null
    },
    "Notes": {
      "children": [],
      "title": null
    },
    "Other Parameters": {
      "children": [],
      "title": null
    },
    "Parameters": {
      "children": [],
      "title": null
    },
    "Raises": {
      "children": [],
      "title": null
    },
    "Receives": {
      "children": [],
      "title": null
    },
    "Returns": {
      "children": [],
      "title": null
    },
    "Summary": {
      "children": [
        {
          "data": {
            "inline": [
              {
                "data": {
                  "value": "Assemble sparse Jacobian given its components."
                },
                "type": "Words"
              }
            ],
            "inner": []
          },
          "type": "Paragraph"
        }
      ],
      "title": null
    },
    "Warnings": {
      "children": [],
      "title": null
    },
    "Warns": {
      "children": [],
      "title": null
    },
    "Yields": {
      "children": [],
      "title": null
    }
  },
  "aliases": [
    "scipy.signal.filter_design.optimize._trustregion_constr.tr_interior_point.BarrierSubproblem._assemble_sparse_jacobian"
  ],
  "arbitrary": [],
  "example_section_data": {
    "children": [],
    "title": null
  },
  "item_file": "/scipy/optimize/_trustregion_constr/tr_interior_point.py",
  "item_line": 165,
  "item_type": "<class 'function'>",
  "ordered_sections": [
    "Summary",
    "Extended Summary"
  ],
  "references": null,
  "refs": [],
  "see_also": [],
  "signature": "_assemble_sparse_jacobian(self, J_eq, J_ineq, s)"
}