{
  "_content": {
    "Summary": {
      "children": [
        {
          "type": "Paragraph",
          "data": {
            "inline": [
              {
                "type": "Words",
                "data": {
                  "value": "Relative condition number of the matrix exponential in the Frobenius norm."
                }
              }
            ],
            "inner": []
          }
        }
      ],
      "title": null
    },
    "Extended Summary": {
      "children": [],
      "title": null
    },
    "Parameters": {
      "children": [
        {
          "type": "Param",
          "data": {
            "param": "A",
            "type_": "2-D array_like",
            "desc": [
              {
                "type": "Paragraph",
                "data": {
                  "inline": [
                    {
                      "type": "Words",
                      "data": {
                        "value": "Square input matrix with shape (N, N)."
                      }
                    }
                  ],
                  "inner": []
                }
              }
            ]
          }
        },
        {
          "type": "Param",
          "data": {
            "param": "check_finite",
            "type_": "bool, optional",
            "desc": [
              {
                "type": "Paragraph",
                "data": {
                  "inline": [
                    {
                      "type": "Words",
                      "data": {
                        "value": "Whether to check that the input matrix contains only finite numbers. Disabling may give a performance gain, but may result in problems (crashes, non-termination) if the inputs do contain infinities or NaNs."
                      }
                    }
                  ],
                  "inner": []
                }
              }
            ]
          }
        }
      ],
      "title": null
    },
    "Returns": {
      "children": [
        {
          "type": "Param",
          "data": {
            "param": "kappa",
            "type_": "float",
            "desc": [
              {
                "type": "Paragraph",
                "data": {
                  "inline": [
                    {
                      "type": "Words",
                      "data": {
                        "value": "The relative condition number of the matrix exponential in the Frobenius norm"
                      }
                    }
                  ],
                  "inner": []
                }
              }
            ]
          }
        }
      ],
      "title": null
    },
    "Yields": {
      "children": [],
      "title": null
    },
    "Receives": {
      "children": [],
      "title": null
    },
    "Raises": {
      "children": [],
      "title": null
    },
    "Warns": {
      "children": [],
      "title": null
    },
    "Other Parameters": {
      "children": [],
      "title": null
    },
    "Attributes": {
      "children": [],
      "title": null
    },
    "Methods": {
      "children": [],
      "title": null
    },
    "Notes": {
      "children": [
        {
          "type": "Paragraph",
          "data": {
            "inline": [
              {
                "type": "Words",
                "data": {
                  "value": "A faster estimate for the condition number in the 1-norm has been published but is not yet implemented in SciPy."
                }
              }
            ],
            "inner": []
          }
        },
        {
          "type": "BlockDirective",
          "data": {
            "lines": {
              "_lines": []
            },
            "wh": {
              "_lines": []
            },
            "ind": {
              "_lines": []
            },
            "directive_name": "versionadded",
            "args0": [],
            "inner": {
              "inline": [
                {
                  "type": "Words",
                  "data": {
                    "value": "0.14.0 "
                  }
                }
              ],
              "inner": []
            }
          }
        }
      ],
      "title": null
    },
    "Warnings": {
      "children": [],
      "title": null
    }
  },
  "refs": [
    "builtins.float",
    "expm",
    "expm_frechet",
    "numpy",
    "numpy.array",
    "numpy.ndarray",
    "scipy",
    "scipy.linalg",
    "scipy.linalg._expm_frechet.expm_cond"
  ],
  "ordered_sections": [
    "Summary",
    "Parameters",
    "Returns",
    "Notes",
    "See Also",
    "Examples"
  ],
  "item_file": "/Users/bussonniermatthias/miniconda3-intel/envs/papyri/lib/python3.9/site-packages/scipy/linalg/_expm_frechet.py",
  "item_line": 353,
  "item_type": "<class 'function'>",
  "aliases": [
    "scipy.signal.lti_conversion.linalg.expm_cond"
  ],
  "example_section_data": {
    "children": [
      {
        "type": "Code",
        "data": {
          "entries": [
            [
              "from",
              null,
              "kn"
            ],
            [
              " ",
              "",
              ""
            ],
            [
              "scipy",
              "scipy",
              "nn"
            ],
            [
              ".",
              "",
              "nn"
            ],
            [
              "linalg",
              "scipy.linalg",
              "nn"
            ],
            [
              " ",
              "",
              ""
            ],
            [
              "import",
              null,
              "kn"
            ],
            [
              " ",
              "",
              ""
            ],
            [
              "expm_cond",
              "scipy.linalg._expm_frechet.expm_cond",
              ""
            ],
            [
              "\n",
              "",
              ""
            ],
            [
              "A",
              "numpy.ndarray",
              ""
            ],
            [
              " ",
              "",
              ""
            ],
            [
              "=",
              "",
              "o"
            ],
            [
              " ",
              "",
              ""
            ],
            [
              "np",
              "numpy",
              ""
            ],
            [
              ".",
              "",
              "o"
            ],
            [
              "array",
              "numpy.array",
              ""
            ],
            [
              "(",
              "",
              ""
            ],
            [
              "[",
              "",
              ""
            ],
            [
              "[",
              "",
              ""
            ],
            [
              "-",
              "",
              "o"
            ],
            [
              "0.3",
              "",
              "mf"
            ],
            [
              ",",
              "",
              ""
            ],
            [
              " ",
              "",
              ""
            ],
            [
              "0.2",
              "",
              "mf"
            ],
            [
              ",",
              "",
              ""
            ],
            [
              " ",
              "",
              ""
            ],
            [
              "0.6",
              "",
              "mf"
            ],
            [
              "]",
              "",
              ""
            ],
            [
              ",",
              "",
              ""
            ],
            [
              " ",
              "",
              ""
            ],
            [
              "[",
              "",
              ""
            ],
            [
              "0.6",
              "",
              "mf"
            ],
            [
              ",",
              "",
              ""
            ],
            [
              " ",
              "",
              ""
            ],
            [
              "0.3",
              "",
              "mf"
            ],
            [
              ",",
              "",
              ""
            ],
            [
              " ",
              "",
              ""
            ],
            [
              "-",
              "",
              "o"
            ],
            [
              "0.1",
              "",
              "mf"
            ],
            [
              "]",
              "",
              ""
            ],
            [
              ",",
              "",
              ""
            ],
            [
              " ",
              "",
              ""
            ],
            [
              "[",
              "",
              ""
            ],
            [
              "-",
              "",
              "o"
            ],
            [
              "0.7",
              "",
              "mf"
            ],
            [
              ",",
              "",
              ""
            ],
            [
              " ",
              "",
              ""
            ],
            [
              "1.2",
              "",
              "mf"
            ],
            [
              ",",
              "",
              ""
            ],
            [
              " ",
              "",
              ""
            ],
            [
              "0.9",
              "",
              "mf"
            ],
            [
              "]",
              "",
              ""
            ],
            [
              "]",
              "",
              ""
            ],
            [
              ")",
              "",
              ""
            ],
            [
              "\n",
              "",
              ""
            ],
            [
              "k",
              "builtins.float",
              ""
            ],
            [
              " ",
              "",
              ""
            ],
            [
              "=",
              "",
              "o"
            ],
            [
              " ",
              "",
              ""
            ],
            [
              "expm_cond",
              "scipy.linalg._expm_frechet.expm_cond",
              ""
            ],
            [
              "(",
              "",
              ""
            ],
            [
              "A",
              "numpy.ndarray",
              ""
            ],
            [
              ")",
              "",
              ""
            ],
            [
              "\n",
              "",
              ""
            ],
            [
              "k",
              "builtins.float",
              ""
            ]
          ],
          "out": "1.7787805864469866",
          "ce_status": "execed"
        }
      }
    ],
    "title": null
  },
  "see_also": [
    {
      "name": {
        "name": "expm",
        "ref": null,
        "exists": null
      },
      "descriptions": [
        {
          "inline": [
            {
              "type": "Words",
              "data": {
                "value": "Compute the exponential of a matrix."
              }
            }
          ],
          "inner": []
        }
      ],
      "type": null
    },
    {
      "name": {
        "name": "expm_frechet",
        "ref": null,
        "exists": null
      },
      "descriptions": [
        {
          "inline": [
            {
              "type": "Words",
              "data": {
                "value": "Compute the Frechet derivative of the matrix exponential."
              }
            }
          ],
          "inner": []
        }
      ],
      "type": null
    }
  ],
  "signature": "expm_cond(A, check_finite=True)",
  "references": null,
  "arbitrary": []
}