{
  "aliases": [
    "matplotlib.pyplot.GridSpec"
  ],
  "arbitrary": [],
  "content": {
    "Attributes": {
      "children": [],
      "title": null
    },
    "Extended Summary": {
      "children": [
        {
          "data": {
            "children": [
              {
                "data": {
                  "value": "The location of the grid cells is determined in a similar way to "
                },
                "type": "Words"
              },
              {
                "data": {
                  "exists": true,
                  "kind": "module",
                  "reference": {
                    "kind": "module",
                    "module": "matplotlib",
                    "path": "matplotlib.figure.SubplotParams",
                    "version": "3.5.1"
                  },
                  "value": "~.figure.SubplotParams"
                },
                "type": "Link"
              },
              {
                "data": {
                  "value": " using "
                },
                "type": "Words"
              },
              {
                "data": {
                  "value": {
                    "value": "left"
                  }
                },
                "type": "Emph"
              },
              {
                "data": {
                  "value": ", "
                },
                "type": "Words"
              },
              {
                "data": {
                  "value": {
                    "value": "right"
                  }
                },
                "type": "Emph"
              },
              {
                "data": {
                  "value": ", "
                },
                "type": "Words"
              },
              {
                "data": {
                  "value": {
                    "value": "top"
                  }
                },
                "type": "Emph"
              },
              {
                "data": {
                  "value": ", "
                },
                "type": "Words"
              },
              {
                "data": {
                  "value": {
                    "value": "bottom"
                  }
                },
                "type": "Emph"
              },
              {
                "data": {
                  "value": ", "
                },
                "type": "Words"
              },
              {
                "data": {
                  "value": {
                    "value": "wspace"
                  }
                },
                "type": "Emph"
              },
              {
                "data": {
                  "value": " and "
                },
                "type": "Words"
              },
              {
                "data": {
                  "value": {
                    "value": "hspace"
                  }
                },
                "type": "Emph"
              },
              {
                "data": {
                  "value": "."
                },
                "type": "Words"
              }
            ]
          },
          "type": "Paragraph"
        }
      ],
      "title": null
    },
    "Methods": {
      "children": [],
      "title": null
    },
    "Notes": {
      "children": [],
      "title": null
    },
    "Other Parameters": {
      "children": [],
      "title": null
    },
    "Parameters": {
      "children": [],
      "title": null
    },
    "Raises": {
      "children": [],
      "title": null
    },
    "Receives": {
      "children": [],
      "title": null
    },
    "Returns": {
      "children": [],
      "title": null
    },
    "Summary": {
      "children": [
        {
          "data": {
            "children": [
              {
                "data": {
                  "value": "A grid layout to place subplots within a figure."
                },
                "type": "Words"
              }
            ]
          },
          "type": "Paragraph"
        }
      ],
      "title": null
    },
    "Warnings": {
      "children": [],
      "title": null
    },
    "Warns": {
      "children": [],
      "title": null
    },
    "Yields": {
      "children": [],
      "title": null
    }
  },
  "example_section_data": {
    "children": [],
    "title": null
  },
  "item_file": "/matplotlib/gridspec.py",
  "item_line": 327,
  "item_type": "<class 'type'>",
  "ordered_sections": [
    "Summary",
    "Extended Summary"
  ],
  "references": null,
  "see_also": [],
  "signature": {
    "value": null
  }
}