{
  "aliases": [
    "matplotlib.pyplot.Axes.arrow"
  ],
  "arbitrary": [],
  "content": {
    "Attributes": {
      "children": [],
      "title": null
    },
    "Extended Summary": {
      "children": [
        {
          "data": {
            "children": [
              {
                "data": {
                  "value": "This draws an arrow from "
                },
                "type": "Words"
              },
              {
                "data": {
                  "value": [
                    "(x, y)"
                  ]
                },
                "type": "Verbatim"
              },
              {
                "data": {
                  "value": " to "
                },
                "type": "Words"
              },
              {
                "data": {
                  "value": [
                    "(x+dx, y+dy)"
                  ]
                },
                "type": "Verbatim"
              },
              {
                "data": {
                  "value": "."
                },
                "type": "Words"
              }
            ]
          },
          "type": "Paragraph"
        }
      ],
      "title": null
    },
    "Methods": {
      "children": [],
      "title": null
    },
    "Notes": {
      "children": [
        {
          "data": {
            "children": [
              {
                "data": {
                  "value": "The resulting arrow is affected by the Axes aspect ratio and limits. This may produce an arrow whose head is not square with its stem. To create an arrow whose head is square with its stem, use "
                },
                "type": "Words"
              },
              {
                "data": {
                  "value": [
                    "annotate"
                  ]
                },
                "type": "Verbatim"
              },
              {
                "data": {
                  "value": " for example:"
                },
                "type": "Words"
              }
            ]
          },
          "type": "Paragraph"
        },
        {
          "data": {
            "value": ">>> ax.annotate(\"\", xy=(0.5, 0.5), xytext=(0, 0),\n...             arrowprops=dict(arrowstyle=\"->\"))"
          },
          "type": "BlockVerbatim"
        }
      ],
      "title": null
    },
    "Other Parameters": {
      "children": [],
      "title": null
    },
    "Parameters": {
      "children": [
        {
          "data": {
            "children": [
              {
                "desc": [
                  {
                    "data": {
                      "children": [
                        {
                          "data": {
                            "value": "The x and y coordinates of the arrow base."
                          },
                          "type": "Words"
                        }
                      ]
                    },
                    "type": "Paragraph"
                  }
                ],
                "param": "x, y",
                "type_": "float"
              },
              {
                "desc": [
                  {
                    "data": {
                      "children": [
                        {
                          "data": {
                            "value": "The length of the arrow along x and y direction."
                          },
                          "type": "Words"
                        }
                      ]
                    },
                    "type": "Paragraph"
                  }
                ],
                "param": "dx, dy",
                "type_": "float"
              },
              {
                "desc": [
                  {
                    "data": {
                      "children": [
                        {
                          "data": {
                            "value": "Width of full arrow tail."
                          },
                          "type": "Words"
                        }
                      ]
                    },
                    "type": "Paragraph"
                  }
                ],
                "param": "width",
                "type_": "float, default: 0.001"
              },
              {
                "desc": [
                  {
                    "data": {
                      "children": [
                        {
                          "data": {
                            "value": "True if head is to be counted in calculating the length."
                          },
                          "type": "Words"
                        }
                      ]
                    },
                    "type": "Paragraph"
                  }
                ],
                "param": "length_includes_head",
                "type_": "bool, default: False"
              },
              {
                "desc": [
                  {
                    "data": {
                      "children": [
                        {
                          "data": {
                            "value": "Total width of the full arrow head."
                          },
                          "type": "Words"
                        }
                      ]
                    },
                    "type": "Paragraph"
                  }
                ],
                "param": "head_width",
                "type_": "float or None, default: 3*width"
              },
              {
                "desc": [
                  {
                    "data": {
                      "children": [
                        {
                          "data": {
                            "value": "Length of arrow head."
                          },
                          "type": "Words"
                        }
                      ]
                    },
                    "type": "Paragraph"
                  }
                ],
                "param": "head_length",
                "type_": "float or None, default: 1.5*head_width"
              },
              {
                "desc": [
                  {
                    "data": {
                      "children": [
                        {
                          "data": {
                            "value": "Draw the left-half, right-half, or full arrow."
                          },
                          "type": "Words"
                        }
                      ]
                    },
                    "type": "Paragraph"
                  }
                ],
                "param": "shape",
                "type_": "{'full', 'left', 'right'}, default: 'full'"
              },
              {
                "desc": [
                  {
                    "data": {
                      "children": [
                        {
                          "data": {
                            "value": "Fraction that the arrow is swept back (0 overhang means triangular shape). Can be negative or greater than one."
                          },
                          "type": "Words"
                        }
                      ]
                    },
                    "type": "Paragraph"
                  }
                ],
                "param": "overhang",
                "type_": "float, default: 0"
              },
              {
                "desc": [
                  {
                    "data": {
                      "children": [
                        {
                          "data": {
                            "value": "If True, the head starts being drawn at coordinate 0 instead of ending at coordinate 0."
                          },
                          "type": "Words"
                        }
                      ]
                    },
                    "type": "Paragraph"
                  }
                ],
                "param": "head_starts_at_zero",
                "type_": "bool, default: False"
              },
              {
                "desc": [
                  {
                    "data": {
                      "children": [
                        {
                          "data": {
                            "exists": true,
                            "kind": "module",
                            "reference": {
                              "kind": "module",
                              "module": "matplotlib",
                              "path": "matplotlib.patches.Patch",
                              "version": "3.5.1"
                            },
                            "value": ".Patch"
                          },
                          "type": "Link"
                        },
                        {
                          "data": {
                            "value": " properties:"
                          },
                          "type": "Words"
                        }
                      ]
                    },
                    "type": "Paragraph"
                  },
                  {
                    "data": {
                      "children": [
                        {
                          "data": {
                            "value": "Properties: agg_filter: a filter function, which takes a (m, n, 3) float array and a dpi value, and returns a (m, n, 3) array alpha: unknown animated: bool antialiased or aa: bool or None capstyle: "
                          },
                          "type": "Words"
                        },
                        {
                          "data": {
                            "exists": true,
                            "kind": "module",
                            "reference": {
                              "kind": "module",
                              "module": "matplotlib",
                              "path": "matplotlib._enums.CapStyle",
                              "version": "3.5.1"
                            },
                            "value": ".CapStyle"
                          },
                          "type": "Link"
                        },
                        {
                          "data": {
                            "value": " or {'butt', 'projecting', 'round'} clip_box: "
                          },
                          "type": "Words"
                        },
                        {
                          "data": {
                            "exists": true,
                            "kind": "module",
                            "reference": {
                              "kind": "module",
                              "module": "matplotlib",
                              "path": "matplotlib.transforms.Bbox",
                              "version": "3.5.1"
                            },
                            "value": ".Bbox"
                          },
                          "type": "Link"
                        },
                        {
                          "data": {
                            "value": " clip_on: bool clip_path: Patch or (Path, Transform) or None color: color edgecolor or ec: color or None facecolor or fc: color or None figure: "
                          },
                          "type": "Words"
                        },
                        {
                          "data": {
                            "exists": true,
                            "kind": "module",
                            "reference": {
                              "kind": "module",
                              "module": "matplotlib",
                              "path": "matplotlib.figure.Figure",
                              "version": "3.5.1"
                            },
                            "value": ".Figure"
                          },
                          "type": "Link"
                        },
                        {
                          "data": {
                            "value": " fill: bool gid: str hatch: {'/', '\\\\', '|', '-', '+', 'x', 'o', 'O', '.', '*'} in_layout: bool joinstyle: "
                          },
                          "type": "Words"
                        },
                        {
                          "data": {
                            "exists": true,
                            "kind": "module",
                            "reference": {
                              "kind": "module",
                              "module": "matplotlib",
                              "path": "matplotlib._enums.JoinStyle",
                              "version": "3.5.1"
                            },
                            "value": ".JoinStyle"
                          },
                          "type": "Link"
                        },
                        {
                          "data": {
                            "value": " or {'miter', 'round', 'bevel'} label: object linestyle or ls: {'-', '--', '-.', ':', '', (offset, on-off-seq), ...} linewidth or lw: float or None path_effects: "
                          },
                          "type": "Words"
                        },
                        {
                          "data": {
                            "exists": true,
                            "kind": "module",
                            "reference": {
                              "kind": "module",
                              "module": "matplotlib",
                              "path": "matplotlib.patheffects.AbstractPathEffect",
                              "version": "3.5.1"
                            },
                            "value": ".AbstractPathEffect"
                          },
                          "type": "Link"
                        },
                        {
                          "data": {
                            "value": " picker: None or bool or float or callable rasterized: bool sketch_params: (scale: float, length: float, randomness: float) snap: bool or None transform: "
                          },
                          "type": "Words"
                        },
                        {
                          "data": {
                            "exists": true,
                            "kind": "module",
                            "reference": {
                              "kind": "module",
                              "module": "matplotlib",
                              "path": "matplotlib.transforms.Transform",
                              "version": "3.5.1"
                            },
                            "value": ".Transform"
                          },
                          "type": "Link"
                        },
                        {
                          "data": {
                            "value": " url: str visible: bool zorder: float"
                          },
                          "type": "Words"
                        }
                      ]
                    },
                    "type": "Paragraph"
                  }
                ],
                "param": "**kwargs",
                "type_": ""
              }
            ]
          },
          "type": "Parameters"
        }
      ],
      "title": null
    },
    "Raises": {
      "children": [],
      "title": null
    },
    "Receives": {
      "children": [],
      "title": null
    },
    "Returns": {
      "children": [
        {
          "data": {
            "children": [
              {
                "desc": [
                  {
                    "data": {
                      "children": [
                        {
                          "data": {
                            "value": "The created "
                          },
                          "type": "Words"
                        },
                        {
                          "data": {
                            "exists": true,
                            "kind": "module",
                            "reference": {
                              "kind": "module",
                              "module": "matplotlib",
                              "path": "matplotlib.patches.FancyArrow",
                              "version": "3.5.1"
                            },
                            "value": ".FancyArrow"
                          },
                          "type": "Link"
                        },
                        {
                          "data": {
                            "value": " object."
                          },
                          "type": "Words"
                        }
                      ]
                    },
                    "type": "Paragraph"
                  }
                ],
                "param": "",
                "type_": "`.FancyArrow`"
              }
            ]
          },
          "type": "Parameters"
        }
      ],
      "title": null
    },
    "Summary": {
      "children": [
        {
          "data": {
            "children": [
              {
                "data": {
                  "value": "Add an arrow to the Axes."
                },
                "type": "Words"
              }
            ]
          },
          "type": "Paragraph"
        }
      ],
      "title": null
    },
    "Warnings": {
      "children": [],
      "title": null
    },
    "Warns": {
      "children": [],
      "title": null
    },
    "Yields": {
      "children": [],
      "title": null
    }
  },
  "example_section_data": {
    "children": [],
    "title": null
  },
  "item_file": "/matplotlib/axes/_axes.py",
  "item_line": 4928,
  "item_type": "<class 'function'>",
  "ordered_sections": [
    "Summary",
    "Extended Summary",
    "Parameters",
    "Returns",
    "Notes"
  ],
  "references": null,
  "see_also": [],
  "signature": {
    "value": "arrow(self, x, y, dx, dy, **kwargs)"
  }
}