{
  "aliases": [
    "matplotlib.patches.RegularPolygon.set"
  ],
  "arbitrary": [],
  "content": {
    "Attributes": {
      "children": [],
      "title": null
    },
    "Extended Summary": {
      "children": [
        {
          "data": {
            "children": [
              {
                "data": {
                  "value": "Supported properties are"
                },
                "type": "Words"
              }
            ]
          },
          "type": "Paragraph"
        },
        {
          "data": {
            "children": [
              {
                "dd": [
                  {
                    "data": {
                      "children": [
                        {
                          "data": {
                            "value": "agg_filter: a filter function, which takes a (m, n, 3) float array and a dpi value, and returns a (m, n, 3) array     alpha: scalar or None     animated: bool     antialiased or aa: bool or None     capstyle: "
                          },
                          "type": "Words"
                        },
                        {
                          "data": {
                            "exists": true,
                            "kind": "module",
                            "reference": {
                              "kind": "module",
                              "module": "matplotlib",
                              "path": "matplotlib._enums.CapStyle",
                              "version": "3.5.1"
                            },
                            "value": ".CapStyle"
                          },
                          "type": "Link"
                        },
                        {
                          "data": {
                            "value": " or {'butt', 'projecting', 'round'}     clip_box: "
                          },
                          "type": "Words"
                        },
                        {
                          "data": {
                            "exists": true,
                            "kind": "module",
                            "reference": {
                              "kind": "module",
                              "module": "matplotlib",
                              "path": "matplotlib.transforms.Bbox",
                              "version": "3.5.1"
                            },
                            "value": ".Bbox"
                          },
                          "type": "Link"
                        },
                        {
                          "data": {
                            "value": "     clip_on: bool     clip_path: Patch or (Path, Transform) or None     color: color     edgecolor or ec: color or None     facecolor or fc: color or None     figure: "
                          },
                          "type": "Words"
                        },
                        {
                          "data": {
                            "exists": true,
                            "kind": "module",
                            "reference": {
                              "kind": "module",
                              "module": "matplotlib",
                              "path": "matplotlib.figure.Figure",
                              "version": "3.5.1"
                            },
                            "value": ".Figure"
                          },
                          "type": "Link"
                        },
                        {
                          "data": {
                            "value": "     fill: bool     gid: str     hatch: {'/', '\\\\', '|', '-', '+', 'x', 'o', 'O', '.', '*'}     in_layout: bool     joinstyle: "
                          },
                          "type": "Words"
                        },
                        {
                          "data": {
                            "exists": true,
                            "kind": "module",
                            "reference": {
                              "kind": "module",
                              "module": "matplotlib",
                              "path": "matplotlib._enums.JoinStyle",
                              "version": "3.5.1"
                            },
                            "value": ".JoinStyle"
                          },
                          "type": "Link"
                        },
                        {
                          "data": {
                            "value": " or {'miter', 'round', 'bevel'}     label: object     linestyle or ls: {'-', '--', '-.', ':', '', (offset, on-off-seq), ...}     linewidth or lw: float or None     path_effects: "
                          },
                          "type": "Words"
                        },
                        {
                          "data": {
                            "exists": true,
                            "kind": "module",
                            "reference": {
                              "kind": "module",
                              "module": "matplotlib",
                              "path": "matplotlib.patheffects.AbstractPathEffect",
                              "version": "3.5.1"
                            },
                            "value": ".AbstractPathEffect"
                          },
                          "type": "Link"
                        },
                        {
                          "data": {
                            "value": "     picker: None or bool or float or callable     rasterized: bool     sketch_params: (scale: float, length: float, randomness: float)     snap: bool or None     transform: "
                          },
                          "type": "Words"
                        },
                        {
                          "data": {
                            "exists": true,
                            "kind": "module",
                            "reference": {
                              "kind": "module",
                              "module": "matplotlib",
                              "path": "matplotlib.transforms.Transform",
                              "version": "3.5.1"
                            },
                            "value": ".Transform"
                          },
                          "type": "Link"
                        },
                        {
                          "data": {
                            "value": "     url: str     visible: bool     zorder: float"
                          },
                          "type": "Words"
                        }
                      ]
                    },
                    "type": "Paragraph"
                  }
                ],
                "dt": {
                  "children": [
                    {
                      "data": {
                        "value": "Properties:"
                      },
                      "type": "Words"
                    }
                  ]
                }
              }
            ]
          },
          "type": "DefList"
        }
      ],
      "title": null
    },
    "Methods": {
      "children": [],
      "title": null
    },
    "Notes": {
      "children": [],
      "title": null
    },
    "Other Parameters": {
      "children": [],
      "title": null
    },
    "Parameters": {
      "children": [],
      "title": null
    },
    "Raises": {
      "children": [],
      "title": null
    },
    "Receives": {
      "children": [],
      "title": null
    },
    "Returns": {
      "children": [],
      "title": null
    },
    "Summary": {
      "children": [
        {
          "data": {
            "children": [
              {
                "data": {
                  "value": "Set multiple properties at once."
                },
                "type": "Words"
              }
            ]
          },
          "type": "Paragraph"
        }
      ],
      "title": null
    },
    "Warnings": {
      "children": [],
      "title": null
    },
    "Warns": {
      "children": [],
      "title": null
    },
    "Yields": {
      "children": [],
      "title": null
    }
  },
  "example_section_data": {
    "children": [],
    "title": null
  },
  "item_file": "/matplotlib/artist.py",
  "item_line": 116,
  "item_type": "<class 'function'>",
  "ordered_sections": [
    "Summary",
    "Extended Summary"
  ],
  "references": null,
  "see_also": [],
  "signature": {
    "value": "set(self, *, agg_filter=<UNSET>, alpha=<UNSET>, animated=<UNSET>, antialiased=<UNSET>, capstyle=<UNSET>, clip_box=<UNSET>, clip_on=<UNSET>, clip_path=<UNSET>, color=<UNSET>, edgecolor=<UNSET>, facecolor=<UNSET>, fill=<UNSET>, gid=<UNSET>, hatch=<UNSET>, in_layout=<UNSET>, joinstyle=<UNSET>, label=<UNSET>, linestyle=<UNSET>, linewidth=<UNSET>, path_effects=<UNSET>, picker=<UNSET>, rasterized=<UNSET>, sketch_params=<UNSET>, snap=<UNSET>, transform=<UNSET>, url=<UNSET>, visible=<UNSET>, zorder=<UNSET>)"
  }
}