{
  "aliases": [
    "matplotlib.transforms.BlendedGenericTransform.__init__"
  ],
  "arbitrary": [],
  "content": {
    "Attributes": {
      "children": [],
      "title": null
    },
    "Extended Summary": {
      "children": [
        {
          "data": {
            "children": [
              {
                "data": {
                  "value": "You will generally not call this constructor directly but use the "
                },
                "type": "Words"
              },
              {
                "data": {
                  "exists": true,
                  "kind": "module",
                  "reference": {
                    "kind": "module",
                    "module": "matplotlib",
                    "path": "matplotlib.transforms.blended_transform_factory",
                    "version": "3.5.1"
                  },
                  "value": "blended_transform_factory"
                },
                "type": "Link"
              },
              {
                "data": {
                  "value": " function instead, which can determine automatically which kind of blended transform to create."
                },
                "type": "Words"
              }
            ]
          },
          "type": "Paragraph"
        }
      ],
      "title": null
    },
    "Methods": {
      "children": [],
      "title": null
    },
    "Notes": {
      "children": [],
      "title": null
    },
    "Other Parameters": {
      "children": [],
      "title": null
    },
    "Parameters": {
      "children": [],
      "title": null
    },
    "Raises": {
      "children": [],
      "title": null
    },
    "Receives": {
      "children": [],
      "title": null
    },
    "Returns": {
      "children": [],
      "title": null
    },
    "Summary": {
      "children": [
        {
          "data": {
            "children": [
              {
                "data": {
                  "value": "Create a new \"blended\" transform using "
                },
                "type": "Words"
              },
              {
                "data": {
                  "value": {
                    "value": "x_transform"
                  }
                },
                "type": "Emph"
              },
              {
                "data": {
                  "value": " to transform the "
                },
                "type": "Words"
              },
              {
                "data": {
                  "value": {
                    "value": "x"
                  }
                },
                "type": "Emph"
              },
              {
                "data": {
                  "value": "-axis and "
                },
                "type": "Words"
              },
              {
                "data": {
                  "value": {
                    "value": "y_transform"
                  }
                },
                "type": "Emph"
              },
              {
                "data": {
                  "value": " to transform the "
                },
                "type": "Words"
              },
              {
                "data": {
                  "value": {
                    "value": "y"
                  }
                },
                "type": "Emph"
              },
              {
                "data": {
                  "value": "-axis."
                },
                "type": "Words"
              }
            ]
          },
          "type": "Paragraph"
        }
      ],
      "title": null
    },
    "Warnings": {
      "children": [],
      "title": null
    },
    "Warns": {
      "children": [],
      "title": null
    },
    "Yields": {
      "children": [],
      "title": null
    }
  },
  "example_section_data": {
    "children": [],
    "title": null
  },
  "item_file": "/matplotlib/transforms.py",
  "item_line": 2194,
  "item_type": "<class 'function'>",
  "ordered_sections": [
    "Summary",
    "Extended Summary"
  ],
  "references": null,
  "see_also": [],
  "signature": {
    "value": "__init__(self, x_transform, y_transform, **kwargs)"
  }
}