{
  "_content": {
    "Attributes": {
      "children": [],
      "title": null
    },
    "Extended Summary": {
      "children": [],
      "title": null
    },
    "Methods": {
      "children": [],
      "title": null
    },
    "Notes": {
      "children": [
        {
          "data": {
            "children": [
              {
                "data": {
                  "children": [
                    {
                      "data": {
                        "value": "\\"
                      },
                      "type": "Words"
                    }
                  ]
                },
                "type": "Paragraph"
              }
            ],
            "kind": "deprecated",
            "title": "3.4"
          },
          "type": "Admonition"
        }
      ],
      "title": null
    },
    "Other Parameters": {
      "children": [],
      "title": null
    },
    "Parameters": {
      "children": [],
      "title": null
    },
    "Raises": {
      "children": [],
      "title": null
    },
    "Receives": {
      "children": [],
      "title": null
    },
    "Returns": {
      "children": [],
      "title": null
    },
    "Summary": {
      "children": [
        {
          "data": {
            "children": [
              {
                "data": {
                  "value": "[*Deprecated*]"
                },
                "type": "Words"
              }
            ]
          },
          "type": "Paragraph"
        }
      ],
      "title": null
    },
    "Warnings": {
      "children": [],
      "title": null
    },
    "Warns": {
      "children": [],
      "title": null
    },
    "Yields": {
      "children": [],
      "title": null
    }
  },
  "aliases": [
    "matplotlib.mathtext.ComputerModernFontConstants"
  ],
  "arbitrary": [],
  "example_section_data": {
    "children": [],
    "title": null
  },
  "item_file": "/matplotlib/mathtext.py",
  "item_line": null,
  "item_type": "<class 'type'>",
  "ordered_sections": [
    "Summary",
    "Notes"
  ],
  "references": null,
  "see_also": [],
  "signature": {
    "value": null
  }
}