{
  "aliases": [
    "matplotlib.tri.triinterpolate._ReducedHCT_Element.get_function_derivatives"
  ],
  "arbitrary": [],
  "content": {
    "Attributes": {
      "children": [],
      "title": null
    },
    "Extended Summary": {
      "children": [],
      "title": null
    },
    "Methods": {
      "children": [],
      "title": null
    },
    "Notes": {
      "children": [],
      "title": null
    },
    "Other Parameters": {
      "children": [],
      "title": null
    },
    "Parameters": {
      "children": [
        {
          "data": {
            "children": [
              {
                "desc": [],
                "param": "*alpha* is a (N x 3 x 1) array (array of column-matrices of",
                "type_": ""
              },
              {
                "desc": [],
                "param": "barycentric coordinates)",
                "type_": ""
              },
              {
                "desc": [],
                "param": "*J* is a (N x 2 x 2) array of jacobian matrices (jacobian matrix at",
                "type_": ""
              },
              {
                "desc": [],
                "param": "triangle first apex)",
                "type_": ""
              },
              {
                "desc": [],
                "param": "*ecc* is a (N x 3 x 1) array (array of column-matrices of triangle",
                "type_": ""
              },
              {
                "desc": [],
                "param": "eccentricities)",
                "type_": ""
              },
              {
                "desc": [],
                "param": "*dofs* is a (N x 1 x 9) arrays (arrays of row-matrices) of computed",
                "type_": ""
              },
              {
                "desc": [],
                "param": "degrees of freedom.",
                "type_": ""
              }
            ]
          },
          "type": "Parameters"
        }
      ],
      "title": null
    },
    "Raises": {
      "children": [],
      "title": null
    },
    "Receives": {
      "children": [],
      "title": null
    },
    "Returns": {
      "children": [
        {
          "data": {
            "children": [
              {
                "desc": [],
                "param": "",
                "type_": "Returns the values of interpolated function derivatives [dz/dx, dz/dy]"
              },
              {
                "desc": [],
                "param": "",
                "type_": "in global coordinates at locations alpha, as a column-matrices of"
              },
              {
                "desc": [],
                "param": "",
                "type_": "shape (N x 2 x 1)."
              }
            ]
          },
          "type": "Parameters"
        }
      ],
      "title": null
    },
    "Summary": {
      "children": [],
      "title": null
    },
    "Warnings": {
      "children": [],
      "title": null
    },
    "Warns": {
      "children": [],
      "title": null
    },
    "Yields": {
      "children": [],
      "title": null
    }
  },
  "example_section_data": {
    "children": [],
    "title": null
  },
  "item_file": "/matplotlib/tri/triinterpolate.py",
  "item_line": 711,
  "item_type": "<class 'function'>",
  "ordered_sections": [
    "Parameters",
    "Returns"
  ],
  "references": null,
  "see_also": [],
  "signature": {
    "value": "get_function_derivatives(self, alpha, J, ecc, dofs)"
  }
}