{
  "aliases": [
    "matplotlib.axis.Tick.set"
  ],
  "arbitrary": [],
  "content": {
    "Attributes": {
      "children": [],
      "level": 0,
      "title": null
    },
    "Extended Summary": {
      "children": [
        {
          "data": {
            "children": [
              {
                "data": {
                  "value": "Supported properties are"
                },
                "type": "Words"
              }
            ]
          },
          "type": "Paragraph"
        },
        {
          "data": {
            "children": [
              {
                "dd": [
                  {
                    "data": {
                      "children": [
                        {
                          "data": {
                            "value": "agg_filter: a filter function, which takes a (m, n, 3) float array and a dpi value, and returns a (m, n, 3) array     alpha: scalar or None     animated: bool     clip_box: "
                          },
                          "type": "Words"
                        },
                        {
                          "data": {
                            "exists": true,
                            "kind": "module",
                            "reference": {
                              "kind": "module",
                              "module": "matplotlib",
                              "path": "matplotlib.transforms.Bbox",
                              "version": "3.5.1"
                            },
                            "value": ".Bbox"
                          },
                          "type": "Link"
                        },
                        {
                          "data": {
                            "value": "     clip_on: bool     clip_path: unknown     figure: "
                          },
                          "type": "Words"
                        },
                        {
                          "data": {
                            "exists": true,
                            "kind": "module",
                            "reference": {
                              "kind": "module",
                              "module": "matplotlib",
                              "path": "matplotlib.figure.Figure",
                              "version": "3.5.1"
                            },
                            "value": ".Figure"
                          },
                          "type": "Link"
                        },
                        {
                          "data": {
                            "value": "     gid: str     in_layout: bool     label: str     label1: str     label2: str     pad: float     path_effects: "
                          },
                          "type": "Words"
                        },
                        {
                          "data": {
                            "exists": true,
                            "kind": "module",
                            "reference": {
                              "kind": "module",
                              "module": "matplotlib",
                              "path": "matplotlib.patheffects.AbstractPathEffect",
                              "version": "3.5.1"
                            },
                            "value": ".AbstractPathEffect"
                          },
                          "type": "Link"
                        },
                        {
                          "data": {
                            "value": "     picker: None or bool or float or callable     rasterized: bool     sketch_params: (scale: float, length: float, randomness: float)     snap: bool or None     transform: "
                          },
                          "type": "Words"
                        },
                        {
                          "data": {
                            "exists": true,
                            "kind": "module",
                            "reference": {
                              "kind": "module",
                              "module": "matplotlib",
                              "path": "matplotlib.transforms.Transform",
                              "version": "3.5.1"
                            },
                            "value": ".Transform"
                          },
                          "type": "Link"
                        },
                        {
                          "data": {
                            "value": "     url: str     visible: bool     zorder: float"
                          },
                          "type": "Words"
                        }
                      ]
                    },
                    "type": "Paragraph"
                  }
                ],
                "dt": {
                  "children": [
                    {
                      "data": {
                        "value": "Properties:"
                      },
                      "type": "Words"
                    }
                  ]
                }
              }
            ]
          },
          "type": "DefList"
        }
      ],
      "level": 0,
      "title": null
    },
    "Methods": {
      "children": [],
      "level": 0,
      "title": null
    },
    "Notes": {
      "children": [],
      "level": 0,
      "title": null
    },
    "Other Parameters": {
      "children": [],
      "level": 0,
      "title": null
    },
    "Parameters": {
      "children": [],
      "level": 0,
      "title": null
    },
    "Raises": {
      "children": [],
      "level": 0,
      "title": null
    },
    "Receives": {
      "children": [],
      "level": 0,
      "title": null
    },
    "Returns": {
      "children": [],
      "level": 0,
      "title": null
    },
    "Summary": {
      "children": [
        {
          "data": {
            "children": [
              {
                "data": {
                  "value": "Set multiple properties at once."
                },
                "type": "Words"
              }
            ]
          },
          "type": "Paragraph"
        }
      ],
      "level": 0,
      "title": null
    },
    "Warnings": {
      "children": [],
      "level": 0,
      "title": null
    },
    "Warns": {
      "children": [],
      "level": 0,
      "title": null
    },
    "Yields": {
      "children": [],
      "level": 0,
      "title": null
    }
  },
  "example_section_data": {
    "children": [],
    "level": 0,
    "title": null
  },
  "item_file": "/matplotlib/artist.py",
  "item_line": 116,
  "item_type": "<class 'function'>",
  "ordered_sections": [
    "Summary",
    "Extended Summary"
  ],
  "references": null,
  "see_also": [],
  "signature": {
    "value": "set(self, *, agg_filter=<UNSET>, alpha=<UNSET>, animated=<UNSET>, clip_box=<UNSET>, clip_on=<UNSET>, clip_path=<UNSET>, gid=<UNSET>, in_layout=<UNSET>, label=<UNSET>, label1=<UNSET>, label2=<UNSET>, pad=<UNSET>, path_effects=<UNSET>, picker=<UNSET>, rasterized=<UNSET>, sketch_params=<UNSET>, snap=<UNSET>, transform=<UNSET>, url=<UNSET>, visible=<UNSET>, zorder=<UNSET>)"
  }
}