{
  "_content": {
    "Attributes": {
      "children": [],
      "title": null
    },
    "Extended Summary": {
      "children": [],
      "title": null
    },
    "Methods": {
      "children": [],
      "title": null
    },
    "Notes": {
      "children": [],
      "title": null
    },
    "Other Parameters": {
      "children": [],
      "title": null
    },
    "Parameters": {
      "children": [
        {
          "data": {
            "desc": [],
            "param": "alpha",
            "type_": "is a (N x 3 x 1) array (array of column-matrices) of"
          },
          "type": "Param"
        },
        {
          "data": {
            "desc": [],
            "param": "barycentric coordinates,",
            "type_": ""
          },
          "type": "Param"
        },
        {
          "data": {
            "desc": [],
            "param": "ecc",
            "type_": "is a (N x 3 x 1) array (array of column-matrices) of triangle"
          },
          "type": "Param"
        },
        {
          "data": {
            "desc": [],
            "param": "eccentricities,",
            "type_": ""
          },
          "type": "Param"
        },
        {
          "data": {
            "desc": [],
            "param": "dofs",
            "type_": "is a (N x 1 x 9) arrays (arrays of row-matrices) of computed"
          },
          "type": "Param"
        },
        {
          "data": {
            "desc": [],
            "param": "degrees of freedom.",
            "type_": ""
          },
          "type": "Param"
        }
      ],
      "title": null
    },
    "Raises": {
      "children": [],
      "title": null
    },
    "Receives": {
      "children": [],
      "title": null
    },
    "Returns": {
      "children": [
        {
          "data": {
            "desc": [],
            "param": "",
            "type_": "Returns the N-array of interpolated function values."
          },
          "type": "Param"
        }
      ],
      "title": null
    },
    "Summary": {
      "children": [],
      "title": null
    },
    "Warnings": {
      "children": [],
      "title": null
    },
    "Warns": {
      "children": [],
      "title": null
    },
    "Yields": {
      "children": [],
      "title": null
    }
  },
  "aliases": [
    "matplotlib.tri.triinterpolate._ReducedHCT_Element.get_function_values"
  ],
  "arbitrary": [],
  "example_section_data": {
    "children": [],
    "title": null
  },
  "item_file": "/matplotlib/tri/triinterpolate.py",
  "item_line": 677,
  "item_type": "<class 'function'>",
  "ordered_sections": [
    "Parameters",
    "Returns"
  ],
  "references": null,
  "refs": [],
  "see_also": [],
  "signature": {
    "value": "get_function_values(self, alpha, ecc, dofs)"
  }
}