{
  "_content": {
    "Attributes": {
      "children": [],
      "title": null
    },
    "Extended Summary": {
      "children": [],
      "title": null
    },
    "Methods": {
      "children": [],
      "title": null
    },
    "Notes": {
      "children": [],
      "title": null
    },
    "Other Parameters": {
      "children": [],
      "title": null
    },
    "Parameters": {
      "children": [
        {
          "data": {
            "children": [
              {
                "desc": [
                  {
                    "data": {
                      "children": [
                        {
                          "data": {
                            "value": "Array or sequence containing the data."
                          },
                          "type": "Words"
                        }
                      ]
                    },
                    "type": "Paragraph"
                  }
                ],
                "param": "x",
                "type_": "array or sequence"
              },
              {
                "desc": [
                  {
                    "data": {
                      "children": [
                        {
                          "data": {
                            "value": "The detrending algorithm to use. 'default', 'mean', and 'constant' are the same as "
                          },
                          "type": "Words"
                        },
                        {
                          "data": {
                            "exists": true,
                            "kind": "module",
                            "reference": {
                              "kind": "module",
                              "module": "matplotlib",
                              "path": "matplotlib.mlab.detrend_mean",
                              "version": "3.5.1"
                            },
                            "value": "detrend_mean"
                          },
                          "type": "Link"
                        },
                        {
                          "data": {
                            "value": ". 'linear' is the same as "
                          },
                          "type": "Words"
                        },
                        {
                          "data": {
                            "exists": true,
                            "kind": "module",
                            "reference": {
                              "kind": "module",
                              "module": "matplotlib",
                              "path": "matplotlib.mlab.detrend_linear",
                              "version": "3.5.1"
                            },
                            "value": "detrend_linear"
                          },
                          "type": "Link"
                        },
                        {
                          "data": {
                            "value": ". 'none' is the same as "
                          },
                          "type": "Words"
                        },
                        {
                          "data": {
                            "exists": true,
                            "kind": "module",
                            "reference": {
                              "kind": "module",
                              "module": "matplotlib",
                              "path": "matplotlib.mlab.detrend_none",
                              "version": "3.5.1"
                            },
                            "value": "detrend_none"
                          },
                          "type": "Link"
                        },
                        {
                          "data": {
                            "value": ". The default is 'mean'. See the corresponding functions for more details regarding the algorithms. Can also be a function that carries out the detrend operation."
                          },
                          "type": "Words"
                        }
                      ]
                    },
                    "type": "Paragraph"
                  }
                ],
                "param": "key",
                "type_": "{'default', 'constant', 'mean', 'linear', 'none'} or function"
              },
              {
                "desc": [
                  {
                    "data": {
                      "children": [
                        {
                          "data": {
                            "value": "The axis along which to do the detrending."
                          },
                          "type": "Words"
                        }
                      ]
                    },
                    "type": "Paragraph"
                  }
                ],
                "param": "axis",
                "type_": "int"
              }
            ]
          },
          "type": "Parameters"
        }
      ],
      "title": null
    },
    "Raises": {
      "children": [],
      "title": null
    },
    "Receives": {
      "children": [],
      "title": null
    },
    "Returns": {
      "children": [],
      "title": null
    },
    "Summary": {
      "children": [
        {
          "data": {
            "children": [
              {
                "data": {
                  "value": "Return x with its trend removed."
                },
                "type": "Words"
              }
            ]
          },
          "type": "Paragraph"
        }
      ],
      "title": null
    },
    "Warnings": {
      "children": [],
      "title": null
    },
    "Warns": {
      "children": [],
      "title": null
    },
    "Yields": {
      "children": [],
      "title": null
    }
  },
  "aliases": [
    "matplotlib.mlab.detrend"
  ],
  "arbitrary": [],
  "example_section_data": {
    "children": [],
    "title": null
  },
  "item_file": "/matplotlib/mlab.py",
  "item_line": 85,
  "item_type": "<class 'function'>",
  "ordered_sections": [
    "Summary",
    "Parameters",
    "See Also"
  ],
  "references": null,
  "see_also": [
    {
      "descriptions": [
        {
          "children": [
            {
              "data": {
                "value": "Implementation of the 'mean' algorithm."
              },
              "type": "Words"
            }
          ]
        }
      ],
      "name": {
        "exists": true,
        "kind": "module",
        "reference": {
          "kind": "module",
          "module": "matplotlib",
          "path": "matplotlib.mlab.detrend_mean",
          "version": "3.5.1"
        },
        "value": "detrend_mean"
      },
      "type": null
    },
    {
      "descriptions": [
        {
          "children": [
            {
              "data": {
                "value": "Implementation of the 'linear' algorithm."
              },
              "type": "Words"
            }
          ]
        }
      ],
      "name": {
        "exists": true,
        "kind": "module",
        "reference": {
          "kind": "module",
          "module": "matplotlib",
          "path": "matplotlib.mlab.detrend_linear",
          "version": "3.5.1"
        },
        "value": "detrend_linear"
      },
      "type": null
    },
    {
      "descriptions": [
        {
          "children": [
            {
              "data": {
                "value": "Implementation of the 'none' algorithm."
              },
              "type": "Words"
            }
          ]
        }
      ],
      "name": {
        "exists": true,
        "kind": "module",
        "reference": {
          "kind": "module",
          "module": "matplotlib",
          "path": "matplotlib.mlab.detrend_none",
          "version": "3.5.1"
        },
        "value": "detrend_none"
      },
      "type": null
    }
  ],
  "signature": {
    "value": "detrend(x, key=None, axis=None)"
  }
}