{
  "_content": {
    "Attributes": {
      "children": [],
      "title": null
    },
    "Extended Summary": {
      "children": [],
      "title": null
    },
    "Methods": {
      "children": [],
      "title": null
    },
    "Notes": {
      "children": [
        {
          "data": {
            "children": [
              {
                "inline": [
                  {
                    "data": {
                      "value": "3.4 "
                    },
                    "type": "Words"
                  }
                ],
                "inner": []
              }
            ],
            "kind": "deprecated",
            "title": "TODO"
          },
          "type": "Admonition"
        }
      ],
      "title": null
    },
    "Other Parameters": {
      "children": [],
      "title": null
    },
    "Parameters": {
      "children": [
        {
          "data": {
            "desc": [],
            "param": "dpi_cor",
            "type_": "float"
          },
          "type": "Param"
        }
      ],
      "title": null
    },
    "Raises": {
      "children": [],
      "title": null
    },
    "Receives": {
      "children": [],
      "title": null
    },
    "Returns": {
      "children": [],
      "title": null
    },
    "Summary": {
      "children": [
        {
          "data": {
            "inline": [
              {
                "data": {
                  "value": "[*Deprecated*] dpi_cor is currently used for linewidth-related things and shrink factor. Mutation scale is affected by this."
                },
                "type": "Words"
              }
            ],
            "inner": []
          },
          "type": "Paragraph"
        }
      ],
      "title": null
    },
    "Warnings": {
      "children": [],
      "title": null
    },
    "Warns": {
      "children": [],
      "title": null
    },
    "Yields": {
      "children": [],
      "title": null
    }
  },
  "aliases": [
    "matplotlib.offsetbox.FancyArrowPatch.set_dpi_cor"
  ],
  "arbitrary": [],
  "example_section_data": {
    "children": [],
    "title": null
  },
  "item_file": "/matplotlib/patches.py",
  "item_line": 4269,
  "item_type": "<class 'function'>",
  "ordered_sections": [
    "Summary",
    "Parameters",
    "Notes"
  ],
  "references": null,
  "refs": [],
  "see_also": [],
  "signature": {
    "value": "set_dpi_cor(self, dpi_cor)"
  }
}