{
  "aliases": [
    "matplotlib._path.convert_to_string"
  ],
  "arbitrary": [],
  "content": {
    "Attributes": {
      "children": [],
      "level": 0,
      "title": null
    },
    "Extended Summary": {
      "children": [
        {
          "data": {
            "children": [
              {
                "data": {
                  "value": "The first five parameters (up to "
                },
                "type": "Words"
              },
              {
                "data": {
                  "value": {
                    "value": "sketch"
                  }
                },
                "type": "Emph"
              },
              {
                "data": {
                  "value": ") are interpreted as in "
                },
                "type": "Words"
              },
              {
                "data": {
                  "exists": true,
                  "kind": "module",
                  "reference": {
                    "kind": "module",
                    "module": "matplotlib",
                    "path": "matplotlib._path.cleanup_path",
                    "version": "3.5.1"
                  },
                  "value": ".cleanup_path"
                },
                "type": "Link"
              },
              {
                "data": {
                  "value": ".  The following ones are detailed below."
                },
                "type": "Words"
              }
            ]
          },
          "type": "Paragraph"
        }
      ],
      "level": 0,
      "title": null
    },
    "Methods": {
      "children": [],
      "level": 0,
      "title": null
    },
    "Notes": {
      "children": [],
      "level": 0,
      "title": null
    },
    "Other Parameters": {
      "children": [],
      "level": 0,
      "title": null
    },
    "Parameters": {
      "children": [
        {
          "data": {
            "children": [
              {
                "desc": [],
                "param": "path",
                "type_": "Path"
              },
              {
                "desc": [],
                "param": "trans",
                "type_": "Transform or None"
              },
              {
                "desc": [],
                "param": "clip_rect",
                "type_": "sequence of 4 floats, or None"
              },
              {
                "desc": [],
                "param": "simplify",
                "type_": "bool"
              },
              {
                "desc": [],
                "param": "sketch",
                "type_": "tuple of 3 floats, or None"
              },
              {
                "desc": [
                  {
                    "data": {
                      "children": [
                        {
                          "data": {
                            "value": "The precision used to \"%.*f\"-format the values.  Trailing zeros and decimal points are always removed.  (precision=-1 is a special case used to implement ttconv-back-compatible conversion.)"
                          },
                          "type": "Words"
                        }
                      ]
                    },
                    "type": "Paragraph"
                  }
                ],
                "param": "precision",
                "type_": "int"
              },
              {
                "desc": [
                  {
                    "data": {
                      "children": [
                        {
                          "data": {
                            "value": "The bytes representation of each opcode (MOVETO, LINETO, CURVE3, CURVE4, CLOSEPOLY), in that order.  If the bytes for CURVE3 is empty, quad segments are automatically converted to cubic ones (this is used by backends such as pdf and ps, which do not support quads)."
                          },
                          "type": "Words"
                        }
                      ]
                    },
                    "type": "Paragraph"
                  }
                ],
                "param": "codes",
                "type_": "sequence of 5 bytestrings"
              },
              {
                "desc": [
                  {
                    "data": {
                      "children": [
                        {
                          "data": {
                            "value": "Whether the opcode comes after the values (True) or before (False)."
                          },
                          "type": "Words"
                        }
                      ]
                    },
                    "type": "Paragraph"
                  }
                ],
                "param": "postfix",
                "type_": "bool"
              }
            ]
          },
          "type": "Parameters"
        }
      ],
      "level": 0,
      "title": null
    },
    "Raises": {
      "children": [],
      "level": 0,
      "title": null
    },
    "Receives": {
      "children": [],
      "level": 0,
      "title": null
    },
    "Returns": {
      "children": [],
      "level": 0,
      "title": null
    },
    "Summary": {
      "children": [
        {
          "data": {
            "children": [
              {
                "data": {
                  "value": "Convert "
                },
                "type": "Words"
              },
              {
                "data": {
                  "value": {
                    "value": "path"
                  }
                },
                "type": "Emph"
              },
              {
                "data": {
                  "value": " to a bytestring."
                },
                "type": "Words"
              }
            ]
          },
          "type": "Paragraph"
        }
      ],
      "level": 0,
      "title": null
    },
    "Warnings": {
      "children": [],
      "level": 0,
      "title": null
    },
    "Warns": {
      "children": [],
      "level": 0,
      "title": null
    },
    "Yields": {
      "children": [],
      "level": 0,
      "title": null
    }
  },
  "example_section_data": {
    "children": [],
    "level": 0,
    "title": null
  },
  "item_file": null,
  "item_line": null,
  "item_type": "<class 'builtin_function_or_method'>",
  "ordered_sections": [
    "Summary",
    "Extended Summary",
    "Parameters"
  ],
  "references": null,
  "see_also": [],
  "signature": {
    "value": "convert_to_string(path, trans, clip_rect, simplify, sketch, precision, codes, postfix)"
  }
}