{
  "aliases": [
    "matplotlib.table.Table._do_cell_alignment"
  ],
  "arbitrary": [],
  "content": {
    "Attributes": {
      "children": [],
      "title": null
    },
    "Extended Summary": {
      "children": [],
      "title": null
    },
    "Methods": {
      "children": [],
      "title": null
    },
    "Notes": {
      "children": [],
      "title": null
    },
    "Other Parameters": {
      "children": [],
      "title": null
    },
    "Parameters": {
      "children": [],
      "title": null
    },
    "Raises": {
      "children": [],
      "title": null
    },
    "Receives": {
      "children": [],
      "title": null
    },
    "Returns": {
      "children": [],
      "title": null
    },
    "Summary": {
      "children": [
        {
          "data": {
            "children": [
              {
                "data": {
                  "value": "Calculate row heights and column widths; position cells accordingly."
                },
                "type": "Words"
              }
            ]
          },
          "type": "Paragraph"
        }
      ],
      "title": null
    },
    "Warnings": {
      "children": [],
      "title": null
    },
    "Warns": {
      "children": [],
      "title": null
    },
    "Yields": {
      "children": [],
      "title": null
    }
  },
  "example_section_data": {
    "children": [],
    "title": null
  },
  "item_file": "/matplotlib/table.py",
  "item_line": 456,
  "item_type": "<class 'function'>",
  "ordered_sections": [
    "Summary",
    "Extended Summary"
  ],
  "references": null,
  "see_also": [],
  "signature": {
    "value": "_do_cell_alignment(self)"
  }
}