{
  "aliases": [
    "matplotlib.pyplot.Line2D.set"
  ],
  "arbitrary": [],
  "content": {
    "Attributes": {
      "children": [],
      "title": null
    },
    "Extended Summary": {
      "children": [
        {
          "data": {
            "children": [
              {
                "data": {
                  "value": "Supported properties are"
                },
                "type": "Words"
              }
            ]
          },
          "type": "Paragraph"
        },
        {
          "data": {
            "children": [
              {
                "dd": [
                  {
                    "data": {
                      "children": [
                        {
                          "data": {
                            "value": "agg_filter: a filter function, which takes a (m, n, 3) float array and a dpi value, and returns a (m, n, 3) array     alpha: scalar or None     animated: bool     antialiased: bool     clip_box: "
                          },
                          "type": "Words"
                        },
                        {
                          "data": {
                            "exists": true,
                            "kind": "module",
                            "reference": {
                              "kind": "module",
                              "module": "matplotlib",
                              "path": "matplotlib.transforms.Bbox",
                              "version": "3.5.1"
                            },
                            "value": ".Bbox"
                          },
                          "type": "Link"
                        },
                        {
                          "data": {
                            "value": "     clip_on: bool     clip_path: Patch or (Path, Transform) or None     color: color     dash_capstyle: "
                          },
                          "type": "Words"
                        },
                        {
                          "data": {
                            "exists": true,
                            "kind": "module",
                            "reference": {
                              "kind": "module",
                              "module": "matplotlib",
                              "path": "matplotlib._enums.CapStyle",
                              "version": "3.5.1"
                            },
                            "value": ".CapStyle"
                          },
                          "type": "Link"
                        },
                        {
                          "data": {
                            "value": " or {'butt', 'projecting', 'round'}     dash_joinstyle: "
                          },
                          "type": "Words"
                        },
                        {
                          "data": {
                            "exists": true,
                            "kind": "module",
                            "reference": {
                              "kind": "module",
                              "module": "matplotlib",
                              "path": "matplotlib._enums.JoinStyle",
                              "version": "3.5.1"
                            },
                            "value": ".JoinStyle"
                          },
                          "type": "Link"
                        },
                        {
                          "data": {
                            "value": " or {'miter', 'round', 'bevel'}     dashes: sequence of floats (on/off ink in points) or (None, None)     data: (2, N) array or two 1D arrays     drawstyle: {'default', 'steps', 'steps-pre', 'steps-mid', 'steps-post'}, default: 'default'     figure: "
                          },
                          "type": "Words"
                        },
                        {
                          "data": {
                            "exists": true,
                            "kind": "module",
                            "reference": {
                              "kind": "module",
                              "module": "matplotlib",
                              "path": "matplotlib.figure.Figure",
                              "version": "3.5.1"
                            },
                            "value": ".Figure"
                          },
                          "type": "Link"
                        },
                        {
                          "data": {
                            "value": "     fillstyle: {'full', 'left', 'right', 'bottom', 'top', 'none'}     gid: str     in_layout: bool     label: object     linestyle: {'-', '--', '-.', ':', '', (offset, on-off-seq), ...}     linewidth: float     marker: marker style string, "
                          },
                          "type": "Words"
                        },
                        {
                          "data": {
                            "exists": true,
                            "kind": "module",
                            "reference": {
                              "kind": "module",
                              "module": "matplotlib",
                              "path": "matplotlib.path.Path",
                              "version": "3.5.1"
                            },
                            "value": "~.path.Path"
                          },
                          "type": "Link"
                        },
                        {
                          "data": {
                            "value": " or "
                          },
                          "type": "Words"
                        },
                        {
                          "data": {
                            "exists": true,
                            "kind": "module",
                            "reference": {
                              "kind": "module",
                              "module": "matplotlib",
                              "path": "matplotlib.markers.MarkerStyle",
                              "version": "3.5.1"
                            },
                            "value": "~.markers.MarkerStyle"
                          },
                          "type": "Link"
                        },
                        {
                          "data": {
                            "value": "     markeredgecolor: color     markeredgewidth: float     markerfacecolor: color     markerfacecoloralt: color     markersize: float     markevery: None or int or (int, int) or slice or list[int] or float or (float, float) or list[bool]     path_effects: "
                          },
                          "type": "Words"
                        },
                        {
                          "data": {
                            "exists": true,
                            "kind": "module",
                            "reference": {
                              "kind": "module",
                              "module": "matplotlib",
                              "path": "matplotlib.patheffects.AbstractPathEffect",
                              "version": "3.5.1"
                            },
                            "value": ".AbstractPathEffect"
                          },
                          "type": "Link"
                        },
                        {
                          "data": {
                            "value": "     picker: float or callable[[Artist, Event], tuple[bool, dict]]     pickradius: float     rasterized: bool     sketch_params: (scale: float, length: float, randomness: float)     snap: bool or None     solid_capstyle: "
                          },
                          "type": "Words"
                        },
                        {
                          "data": {
                            "exists": true,
                            "kind": "module",
                            "reference": {
                              "kind": "module",
                              "module": "matplotlib",
                              "path": "matplotlib._enums.CapStyle",
                              "version": "3.5.1"
                            },
                            "value": ".CapStyle"
                          },
                          "type": "Link"
                        },
                        {
                          "data": {
                            "value": " or {'butt', 'projecting', 'round'}     solid_joinstyle: "
                          },
                          "type": "Words"
                        },
                        {
                          "data": {
                            "exists": true,
                            "kind": "module",
                            "reference": {
                              "kind": "module",
                              "module": "matplotlib",
                              "path": "matplotlib._enums.JoinStyle",
                              "version": "3.5.1"
                            },
                            "value": ".JoinStyle"
                          },
                          "type": "Link"
                        },
                        {
                          "data": {
                            "value": " or {'miter', 'round', 'bevel'}     transform: unknown     url: str     visible: bool     xdata: 1D array     ydata: 1D array     zorder: float"
                          },
                          "type": "Words"
                        }
                      ]
                    },
                    "type": "Paragraph"
                  }
                ],
                "dt": {
                  "children": [
                    {
                      "data": {
                        "value": "Properties:"
                      },
                      "type": "Words"
                    }
                  ]
                }
              }
            ]
          },
          "type": "DefList"
        }
      ],
      "title": null
    },
    "Methods": {
      "children": [],
      "title": null
    },
    "Notes": {
      "children": [],
      "title": null
    },
    "Other Parameters": {
      "children": [],
      "title": null
    },
    "Parameters": {
      "children": [],
      "title": null
    },
    "Raises": {
      "children": [],
      "title": null
    },
    "Receives": {
      "children": [],
      "title": null
    },
    "Returns": {
      "children": [],
      "title": null
    },
    "Summary": {
      "children": [
        {
          "data": {
            "children": [
              {
                "data": {
                  "value": "Set multiple properties at once."
                },
                "type": "Words"
              }
            ]
          },
          "type": "Paragraph"
        }
      ],
      "title": null
    },
    "Warnings": {
      "children": [],
      "title": null
    },
    "Warns": {
      "children": [],
      "title": null
    },
    "Yields": {
      "children": [],
      "title": null
    }
  },
  "example_section_data": {
    "children": [],
    "title": null
  },
  "item_file": "/matplotlib/artist.py",
  "item_line": 116,
  "item_type": "<class 'function'>",
  "ordered_sections": [
    "Summary",
    "Extended Summary"
  ],
  "references": null,
  "see_also": [],
  "signature": {
    "value": "set(self, *, agg_filter=<UNSET>, alpha=<UNSET>, animated=<UNSET>, antialiased=<UNSET>, clip_box=<UNSET>, clip_on=<UNSET>, clip_path=<UNSET>, color=<UNSET>, dash_capstyle=<UNSET>, dash_joinstyle=<UNSET>, dashes=<UNSET>, data=<UNSET>, drawstyle=<UNSET>, fillstyle=<UNSET>, gid=<UNSET>, in_layout=<UNSET>, label=<UNSET>, linestyle=<UNSET>, linewidth=<UNSET>, marker=<UNSET>, markeredgecolor=<UNSET>, markeredgewidth=<UNSET>, markerfacecolor=<UNSET>, markerfacecoloralt=<UNSET>, markersize=<UNSET>, markevery=<UNSET>, path_effects=<UNSET>, picker=<UNSET>, pickradius=<UNSET>, rasterized=<UNSET>, sketch_params=<UNSET>, snap=<UNSET>, solid_capstyle=<UNSET>, solid_joinstyle=<UNSET>, transform=<UNSET>, url=<UNSET>, visible=<UNSET>, xdata=<UNSET>, ydata=<UNSET>, zorder=<UNSET>)"
  }
}