{
  "_content": {
    "Summary": {
      "children": [],
      "title": null
    },
    "Extended Summary": {
      "children": [],
      "title": null
    },
    "Parameters": {
      "children": [],
      "title": null
    },
    "Returns": {
      "children": [],
      "title": null
    },
    "Yields": {
      "children": [],
      "title": null
    },
    "Receives": {
      "children": [],
      "title": null
    },
    "Raises": {
      "children": [],
      "title": null
    },
    "Warns": {
      "children": [],
      "title": null
    },
    "Other Parameters": {
      "children": [],
      "title": null
    },
    "Attributes": {
      "children": [],
      "title": null
    },
    "Methods": {
      "children": [],
      "title": null
    },
    "Notes": {
      "children": [],
      "title": null
    },
    "Warnings": {
      "children": [],
      "title": null
    }
  },
  "refs": [
    "builtins.float",
    "builtins.tuple",
    "matplotlib",
    "matplotlib.pyplot",
    "matplotlib.pyplot.plot",
    "matplotlib.pyplot.show",
    "numpy",
    "numpy.linspace",
    "numpy.random",
    "numpy.random.mtrand.RandomState.randn",
    "numpy.ufunc",
    "scipy",
    "scipy.interpolate",
    "scipy.interpolate.fitpack2.UnivariateSpline",
    "scipy.interpolate.fitpack2.UnivariateSpline.set_smoothing_factor"
  ],
  "ordered_sections": [
    "Examples"
  ],
  "item_file": "/Users/bussonniermatthias/dev/papyri/papyri/examples.py",
  "item_line": 61,
  "item_type": "<class 'function'>",
  "aliases": [
    "papyri.examples.example2"
  ],
  "example_section_data": {
    "children": [
      {
        "type": "Code",
        "data": {
          "entries": [
            [
              "import",
              null,
              "kn"
            ],
            [
              " ",
              "",
              ""
            ],
            [
              "numpy",
              "numpy",
              "nn"
            ],
            [
              " ",
              "",
              ""
            ],
            [
              "as",
              null,
              "k"
            ],
            [
              " ",
              "",
              ""
            ],
            [
              "np",
              "numpy",
              "nn"
            ],
            [
              "\n",
              "",
              ""
            ],
            [
              "import",
              null,
              "kn"
            ],
            [
              " ",
              "",
              ""
            ],
            [
              "matplotlib",
              "matplotlib",
              "nn"
            ],
            [
              ".",
              "",
              "nn"
            ],
            [
              "pyplot",
              "matplotlib.pyplot",
              "nn"
            ],
            [
              " ",
              "",
              ""
            ],
            [
              "as",
              null,
              "k"
            ],
            [
              " ",
              "",
              ""
            ],
            [
              "plt",
              "matplotlib.pyplot",
              "nn"
            ],
            [
              "\n",
              "",
              ""
            ],
            [
              "from",
              null,
              "kn"
            ],
            [
              " ",
              "",
              ""
            ],
            [
              "scipy",
              "scipy",
              "nn"
            ],
            [
              ".",
              "",
              "nn"
            ],
            [
              "interpolate",
              "scipy.interpolate",
              "nn"
            ],
            [
              " ",
              "",
              ""
            ],
            [
              "import",
              null,
              "kn"
            ],
            [
              " ",
              "",
              ""
            ],
            [
              "UnivariateSpline",
              "scipy.interpolate.fitpack2.UnivariateSpline",
              ""
            ]
          ],
          "out": "",
          "ce_status": "compiled"
        }
      },
      {
        "type": "Code",
        "data": {
          "entries": [
            [
              "x",
              "builtins.tuple",
              ""
            ],
            [
              " ",
              "",
              ""
            ],
            [
              "=",
              "",
              "o"
            ],
            [
              " ",
              "",
              ""
            ],
            [
              "np",
              "numpy",
              ""
            ],
            [
              ".",
              "",
              "o"
            ],
            [
              "linspace",
              "numpy.core.function_base.linspace",
              ""
            ],
            [
              "(",
              "",
              ""
            ],
            [
              "-",
              "",
              "o"
            ],
            [
              "3",
              "",
              "mi"
            ],
            [
              ",",
              "",
              ""
            ],
            [
              " ",
              "",
              ""
            ],
            [
              "3",
              "",
              "mi"
            ],
            [
              ",",
              "",
              ""
            ],
            [
              " ",
              "",
              ""
            ],
            [
              "50",
              "",
              "mi"
            ],
            [
              ")",
              "",
              ""
            ],
            [
              "\n",
              "",
              ""
            ],
            [
              "y",
              "builtins.float",
              ""
            ],
            [
              " ",
              "",
              ""
            ],
            [
              "=",
              "",
              "o"
            ],
            [
              " ",
              "",
              ""
            ],
            [
              "np",
              "numpy",
              ""
            ],
            [
              ".",
              "",
              "o"
            ],
            [
              "exp",
              "numpy.ufunc",
              ""
            ],
            [
              "(",
              "",
              ""
            ],
            [
              "-",
              "",
              "o"
            ],
            [
              "(",
              "",
              ""
            ],
            [
              "x",
              "builtins.tuple",
              ""
            ],
            [
              " ",
              "",
              ""
            ],
            [
              "*",
              "",
              "o"
            ],
            [
              "*",
              "",
              "o"
            ],
            [
              " ",
              "",
              ""
            ],
            [
              "2",
              "",
              "mi"
            ],
            [
              ")",
              "",
              ""
            ],
            [
              ")",
              "",
              ""
            ],
            [
              " ",
              "",
              ""
            ],
            [
              "+",
              "",
              "o"
            ],
            [
              " ",
              "",
              ""
            ],
            [
              "0.1",
              "",
              "mf"
            ],
            [
              " ",
              "",
              ""
            ],
            [
              "*",
              "",
              "o"
            ],
            [
              " ",
              "",
              ""
            ],
            [
              "np",
              "numpy",
              ""
            ],
            [
              ".",
              "",
              "o"
            ],
            [
              "random",
              "numpy.random",
              ""
            ],
            [
              ".",
              "",
              "o"
            ],
            [
              "randn",
              "numpy.random.mtrand.RandomState.randn",
              ""
            ],
            [
              "(",
              "",
              ""
            ],
            [
              "50",
              "",
              "mi"
            ],
            [
              ")",
              "",
              ""
            ],
            [
              "\n",
              "",
              ""
            ],
            [
              "plt",
              "matplotlib.pyplot",
              ""
            ],
            [
              ".",
              "",
              "o"
            ],
            [
              "plot",
              "matplotlib.pyplot.plot",
              ""
            ],
            [
              "(",
              "",
              ""
            ],
            [
              "x",
              "builtins.tuple",
              ""
            ],
            [
              ",",
              "",
              ""
            ],
            [
              " ",
              "",
              ""
            ],
            [
              "y",
              "builtins.float",
              ""
            ],
            [
              ",",
              "",
              ""
            ],
            [
              " ",
              "",
              ""
            ],
            [
              "\"",
              "",
              "s2"
            ],
            [
              "ro",
              null,
              "s2"
            ],
            [
              "\"",
              "",
              "s2"
            ],
            [
              ",",
              "",
              ""
            ],
            [
              " ",
              "",
              ""
            ],
            [
              "ms",
              null,
              ""
            ],
            [
              "=",
              "",
              "o"
            ],
            [
              "5",
              "",
              "mi"
            ],
            [
              ")",
              "",
              ""
            ]
          ],
          "out": "",
          "ce_status": "compiled"
        }
      },
      {
        "type": "Paragraph",
        "data": {
          "inline": [
            {
              "type": "Words",
              "data": {
                "value": "Use the default value for the smoothing parameter:"
              }
            }
          ],
          "inner": []
        }
      },
      {
        "type": "Code",
        "data": {
          "entries": [
            [
              "spl",
              "scipy.interpolate.fitpack2.UnivariateSpline",
              ""
            ],
            [
              " ",
              "",
              ""
            ],
            [
              "=",
              "",
              "o"
            ],
            [
              " ",
              "",
              ""
            ],
            [
              "UnivariateSpline",
              "scipy.interpolate.fitpack2.UnivariateSpline",
              ""
            ],
            [
              "(",
              "",
              ""
            ],
            [
              "x",
              "builtins.tuple",
              ""
            ],
            [
              ",",
              "",
              ""
            ],
            [
              " ",
              "",
              ""
            ],
            [
              "y",
              "builtins.float",
              ""
            ],
            [
              ")",
              "",
              ""
            ],
            [
              "\n",
              "",
              ""
            ],
            [
              "xs",
              "builtins.tuple",
              ""
            ],
            [
              " ",
              "",
              ""
            ],
            [
              "=",
              "",
              "o"
            ],
            [
              " ",
              "",
              ""
            ],
            [
              "np",
              "numpy",
              ""
            ],
            [
              ".",
              "",
              "o"
            ],
            [
              "linspace",
              "numpy.core.function_base.linspace",
              ""
            ],
            [
              "(",
              "",
              ""
            ],
            [
              "-",
              "",
              "o"
            ],
            [
              "3",
              "",
              "mi"
            ],
            [
              ",",
              "",
              ""
            ],
            [
              " ",
              "",
              ""
            ],
            [
              "3",
              "",
              "mi"
            ],
            [
              ",",
              "",
              ""
            ],
            [
              " ",
              "",
              ""
            ],
            [
              "1000",
              "",
              "mi"
            ],
            [
              ")",
              "",
              ""
            ],
            [
              "\n",
              "",
              ""
            ],
            [
              "plt",
              "matplotlib.pyplot",
              ""
            ],
            [
              ".",
              "",
              "o"
            ],
            [
              "plot",
              "matplotlib.pyplot.plot",
              ""
            ],
            [
              "(",
              "",
              ""
            ],
            [
              "xs",
              "builtins.tuple",
              ""
            ],
            [
              ",",
              "",
              ""
            ],
            [
              " ",
              "",
              ""
            ],
            [
              "spl",
              "scipy.interpolate.fitpack2.UnivariateSpline",
              ""
            ],
            [
              "(",
              "",
              ""
            ],
            [
              "xs",
              "builtins.tuple",
              ""
            ],
            [
              ")",
              "",
              ""
            ],
            [
              ",",
              "",
              ""
            ],
            [
              " ",
              "",
              ""
            ],
            [
              "\"",
              "",
              "s2"
            ],
            [
              "g",
              null,
              "s2"
            ],
            [
              "\"",
              "",
              "s2"
            ],
            [
              ",",
              "",
              ""
            ],
            [
              " ",
              "",
              ""
            ],
            [
              "lw",
              null,
              ""
            ],
            [
              "=",
              "",
              "o"
            ],
            [
              "3",
              "",
              "mi"
            ],
            [
              ")",
              "",
              ""
            ]
          ],
          "out": "",
          "ce_status": "compiled"
        }
      },
      {
        "type": "Paragraph",
        "data": {
          "inline": [
            {
              "type": "Words",
              "data": {
                "value": "Manually change the amount of smoothing:"
              }
            }
          ],
          "inner": []
        }
      },
      {
        "type": "Code",
        "data": {
          "entries": [
            [
              "spl",
              "scipy.interpolate.fitpack2.UnivariateSpline",
              ""
            ],
            [
              ".",
              "",
              "o"
            ],
            [
              "set_smoothing_factor",
              "scipy.interpolate.fitpack2.UnivariateSpline.set_smoothing_factor",
              ""
            ],
            [
              "(",
              "",
              ""
            ],
            [
              "0.5",
              "",
              "mf"
            ],
            [
              ")",
              "",
              ""
            ],
            [
              "\n",
              "",
              ""
            ],
            [
              "plt",
              "matplotlib.pyplot",
              ""
            ],
            [
              ".",
              "",
              "o"
            ],
            [
              "plot",
              "matplotlib.pyplot.plot",
              ""
            ],
            [
              "(",
              "",
              ""
            ],
            [
              "xs",
              "builtins.tuple",
              ""
            ],
            [
              ",",
              "",
              ""
            ],
            [
              " ",
              "",
              ""
            ],
            [
              "spl",
              "scipy.interpolate.fitpack2.UnivariateSpline",
              ""
            ],
            [
              "(",
              "",
              ""
            ],
            [
              "xs",
              "builtins.tuple",
              ""
            ],
            [
              ")",
              "",
              ""
            ],
            [
              ",",
              "",
              ""
            ],
            [
              " ",
              "",
              ""
            ],
            [
              "\"",
              "",
              "s2"
            ],
            [
              "b",
              null,
              "s2"
            ],
            [
              "\"",
              "",
              "s2"
            ],
            [
              ",",
              "",
              ""
            ],
            [
              " ",
              "",
              ""
            ],
            [
              "lw",
              null,
              ""
            ],
            [
              "=",
              "",
              "o"
            ],
            [
              "3",
              "",
              "mi"
            ],
            [
              ")",
              "",
              ""
            ],
            [
              "\n",
              "",
              ""
            ],
            [
              "plt",
              "matplotlib.pyplot",
              ""
            ],
            [
              ".",
              "",
              "o"
            ],
            [
              "show",
              "matplotlib.pyplot.show",
              ""
            ],
            [
              "(",
              "",
              ""
            ],
            [
              ")",
              "",
              ""
            ]
          ],
          "out": "",
          "ce_status": "compiled"
        }
      }
    ],
    "title": null
  },
  "see_also": [],
  "signature": "example2()",
  "references": null,
  "arbitrary": []
}