{
  "_content": {
    "Attributes": {
      "children": [],
      "title": null
    },
    "Extended Summary": {
      "children": [
        {
          "data": {
            "children": [
              {
                "children": [
                  {
                    "data": {
                      "children": [
                        {
                          "data": {
                            "value": "I'm wondering if those should be descendant of directive not to lose information and be able to reconsruct the"
                          },
                          "type": "Words"
                        }
                      ]
                    },
                    "type": "Paragraph"
                  }
                ]
              }
            ]
          },
          "type": "BulletList"
        },
        {
          "data": {
            "children": [
              {
                "data": {
                  "value": "directive from it. - A Link might get several token for multiline; I'm not sure about that either, and wether the inner text should be   a block or not."
                },
                "type": "Words"
              }
            ]
          },
          "type": "Paragraph"
        }
      ],
      "title": null
    },
    "Methods": {
      "children": [],
      "title": null
    },
    "Notes": {
      "children": [],
      "title": null
    },
    "Other Parameters": {
      "children": [],
      "title": null
    },
    "Parameters": {
      "children": [],
      "title": null
    },
    "Raises": {
      "children": [],
      "title": null
    },
    "Receives": {
      "children": [],
      "title": null
    },
    "Returns": {
      "children": [],
      "title": null
    },
    "Summary": {
      "children": [
        {
          "data": {
            "children": [
              {
                "data": {
                  "value": "Links are usually the end goal of a directive, they are a way to link to another document. They contain a text; which will be what the user will see, as well as a reference to the document pointed to. They should also have an attribute to know whether the link is a  - Local item (same document)  - Internal item (same module)  - External item (another module)  - Web : a url to another page non papyri aware.  - Exist: bool wether the thing they point to exists."
                },
                "type": "Words"
              }
            ]
          },
          "type": "Paragraph"
        }
      ],
      "title": null
    },
    "Warnings": {
      "children": [],
      "title": null
    },
    "Warns": {
      "children": [],
      "title": null
    },
    "Yields": {
      "children": [],
      "title": null
    }
  },
  "aliases": [
    "papyri.take2.Link"
  ],
  "arbitrary": [],
  "example_section_data": {
    "children": [],
    "title": null
  },
  "item_file": "/papyri/take2.py",
  "item_line": 355,
  "item_type": "<class 'type'>",
  "ordered_sections": [
    "Summary",
    "Extended Summary"
  ],
  "references": null,
  "refs": [],
  "see_also": [],
  "signature": {
    "value": null
  }
}