{
  "_content": {
    "Summary": {
      "children": [
        {
          "type": "Paragraph",
          "data": {
            "inline": [
              {
                "type": "Words",
                "data": {
                  "value": "Given a list of lines (str), return wether or not we are (likely) at a header"
                }
              }
            ],
            "inner": []
          }
        }
      ],
      "title": null
    },
    "Extended Summary": {
      "children": [
        {
          "type": "DefList",
          "data": {
            "children": [
              {
                "lines": {
                  "_lines": []
                },
                "wh": {
                  "_lines": []
                },
                "ind": {
                  "_lines": []
                },
                "dt": {
                  "inline": [
                    {
                      "type": "Words",
                      "data": {
                        "value": "A header is (generally) of the form:"
                      }
                    }
                  ],
                  "inner": []
                },
                "dd": [
                  {
                    "type": "BulletList",
                    "data": {
                      "value": [
                        {
                          "type": "Paragraph",
                          "data": {
                            "inline": [
                              {
                                "type": "Words",
                                "data": {
                                  "value": "One line with text"
                                }
                              }
                            ],
                            "inner": []
                          }
                        },
                        {
                          "type": "Paragraph",
                          "data": {
                            "inline": [
                              {
                                "type": "Words",
                                "data": {
                                  "value": "one line some lenght with one of -_=*~ (and space on each side)."
                                }
                              }
                            ],
                            "inner": []
                          }
                        }
                      ]
                    }
                  }
                ]
              }
            ]
          }
        },
        {
          "type": "Paragraph",
          "data": {
            "inline": [
              {
                "type": "Words",
                "data": {
                  "value": "In practice user do not use the same length, and some things may trigger false positive ( tracebacks in docstrings print with a long line of dashes (-)."
                }
              }
            ],
            "inner": []
          }
        },
        {
          "type": "Paragraph",
          "data": {
            "inline": [
              {
                "type": "Words",
                "data": {
                  "value": "We could also peek at the line n-1, and make sure it is a blankline, also some libraries (scipy), use 0 level header with both over and underline (this is not implemented)"
                }
              }
            ],
            "inner": []
          }
        },
        {
          "type": "Paragraph",
          "data": {
            "inline": [
              {
                "type": "Words",
                "data": {
                  "value": "We might also be able to find that headers are actually blocs as well, and blockify a full document, though we have to be careful, some thing so not have spaces after headers. (numpy.__doc__)"
                }
              }
            ],
            "inner": []
          }
        }
      ],
      "title": null
    },
    "Parameters": {
      "children": [],
      "title": null
    },
    "Returns": {
      "children": [],
      "title": null
    },
    "Yields": {
      "children": [],
      "title": null
    },
    "Receives": {
      "children": [],
      "title": null
    },
    "Raises": {
      "children": [],
      "title": null
    },
    "Warns": {
      "children": [],
      "title": null
    },
    "Other Parameters": {
      "children": [],
      "title": null
    },
    "Attributes": {
      "children": [],
      "title": null
    },
    "Methods": {
      "children": [],
      "title": null
    },
    "Notes": {
      "children": [],
      "title": null
    },
    "Warnings": {
      "children": [],
      "title": null
    }
  },
  "refs": [],
  "ordered_sections": [
    "Summary",
    "Extended Summary"
  ],
  "item_file": "/Users/bussonniermatthias/dev/papyri/papyri/take2.py",
  "item_line": 1205,
  "item_type": "<class 'function'>",
  "aliases": [
    "papyri.take2.is_at_header"
  ],
  "example_section_data": {
    "children": [],
    "title": null
  },
  "see_also": [],
  "signature": "is_at_header(lines) -> 'bool'",
  "references": null,
  "arbitrary": []
}