{
  "_content": {
    "Summary": {
      "children": [
        {
          "type": "Paragraph",
          "data": {
            "inline": [
              {
                "type": "Words",
                "data": {
                  "value": "Crawl one modules and stores resulting docbundle in self.store."
                }
              }
            ],
            "inner": []
          }
        }
      ],
      "title": null
    },
    "Extended Summary": {
      "children": [],
      "title": null
    },
    "Parameters": {
      "children": [
        {
          "type": "Param",
          "data": {
            "param": "names",
            "type_": "List[str]",
            "desc": [
              {
                "type": "Paragraph",
                "data": {
                  "inline": [
                    {
                      "type": "Words",
                      "data": {
                        "value": "list of (sub)modules names to generate docbundle for. The first is considered the root module."
                      }
                    }
                  ],
                  "inner": []
                }
              }
            ]
          }
        },
        {
          "type": "Param",
          "data": {
            "param": "infer",
            "type_": "bool",
            "desc": [
              {
                "type": "Paragraph",
                "data": {
                  "inline": [
                    {
                      "type": "Words",
                      "data": {
                        "value": "Whether to run type inference with jedi."
                      }
                    }
                  ],
                  "inner": []
                }
              }
            ]
          }
        },
        {
          "type": "Param",
          "data": {
            "param": "exec_",
            "type_": "bool",
            "desc": [
              {
                "type": "Paragraph",
                "data": {
                  "inline": [
                    {
                      "type": "Words",
                      "data": {
                        "value": "Whether to try to execute the code blocks and embed resulting values like plots."
                      }
                    }
                  ],
                  "inner": []
                }
              }
            ]
          }
        }
      ],
      "title": null
    },
    "Returns": {
      "children": [],
      "title": null
    },
    "Yields": {
      "children": [],
      "title": null
    },
    "Receives": {
      "children": [],
      "title": null
    },
    "Raises": {
      "children": [],
      "title": null
    },
    "Warns": {
      "children": [],
      "title": null
    },
    "Other Parameters": {
      "children": [],
      "title": null
    },
    "Attributes": {
      "children": [],
      "title": null
    },
    "Methods": {
      "children": [],
      "title": null
    },
    "Notes": {
      "children": [],
      "title": null
    },
    "Warnings": {
      "children": [],
      "title": null
    }
  },
  "refs": [
    "do_one_item",
    "do_one_iteration"
  ],
  "ordered_sections": [
    "Summary",
    "Parameters",
    "See Also"
  ],
  "item_file": "/papyri/gen.py",
  "item_line": 1157,
  "item_type": "<class 'function'>",
  "aliases": [
    "papyri.gen.Gen.do_one_mod"
  ],
  "example_section_data": {
    "children": [],
    "title": null
  },
  "see_also": [
    {
      "name": {
        "name": "do_one_item",
        "ref": null,
        "exists": null
      },
      "descriptions": [],
      "type": null
    },
    {
      "name": {
        "name": "do_one_iteration",
        "ref": null,
        "exists": null
      },
      "descriptions": [],
      "type": null
    }
  ],
  "signature": "do_one_mod(self, names: 'List[str]', infer: 'bool', exec_: 'bool', conf: 'dict', relative_dir: 'Path', *, experimental)",
  "references": null,
  "arbitrary": []
}