{
  "_content": {
    "Attributes": {
      "children": [],
      "title": null
    },
    "Extended Summary": {
      "children": [
        {
          "data": {
            "inline": [
              {
                "data": {
                  "value": "Annotations are metadata or soft constraints associated with tasks that dask schedulers may choose to respect: They signal intent without enforcing hard constraints. As such, they are primarily designed for use with the distributed scheduler."
                },
                "type": "Words"
              }
            ],
            "inner": []
          },
          "type": "Paragraph"
        },
        {
          "data": {
            "inline": [
              {
                "data": {
                  "value": "Almost any object can serve as an annotation, but small Python objects are preferred, while large objects such as NumPy arrays are discouraged."
                },
                "type": "Words"
              }
            ],
            "inner": []
          },
          "type": "Paragraph"
        },
        {
          "data": {
            "inline": [
              {
                "data": {
                  "value": "Callables supplied as an annotation should take a single "
                },
                "type": "Words"
              },
              {
                "data": {
                  "value": {
                    "value": "key"
                  }
                },
                "type": "Emph"
              },
              {
                "data": {
                  "value": " argument and produce the appropriate annotation. Individual task keys in the annotated collection are supplied to the callable."
                },
                "type": "Words"
              }
            ],
            "inner": []
          },
          "type": "Paragraph"
        }
      ],
      "title": null
    },
    "Methods": {
      "children": [],
      "title": null
    },
    "Notes": {
      "children": [],
      "title": null
    },
    "Other Parameters": {
      "children": [],
      "title": null
    },
    "Parameters": {
      "children": [
        {
          "data": {
            "desc": [],
            "param": "**annotations",
            "type_": "key-value pairs"
          },
          "type": "Param"
        }
      ],
      "title": null
    },
    "Raises": {
      "children": [],
      "title": null
    },
    "Receives": {
      "children": [],
      "title": null
    },
    "Returns": {
      "children": [],
      "title": null
    },
    "Summary": {
      "children": [
        {
          "data": {
            "inline": [
              {
                "data": {
                  "value": "Context Manager for setting HighLevelGraph Layer annotations."
                },
                "type": "Words"
              }
            ],
            "inner": []
          },
          "type": "Paragraph"
        }
      ],
      "title": null
    },
    "Warnings": {
      "children": [],
      "title": null
    },
    "Warns": {
      "children": [],
      "title": null
    },
    "Yields": {
      "children": [],
      "title": null
    }
  },
  "aliases": [
    "dask.annotate"
  ],
  "arbitrary": [],
  "example_section_data": {
    "children": [
      {
        "data": {
          "inline": [
            {
              "data": {
                "value": "All tasks within array A should have priority 100 and be retried 3 times on failure."
              },
              "type": "Words"
            }
          ],
          "inner": []
        },
        "type": "Paragraph"
      },
      {
        "data": {
          "ce_status": "execed",
          "entries": [
            [
              "import",
              null,
              "kn"
            ],
            [
              " ",
              "",
              ""
            ],
            [
              "dask",
              "dask",
              "nn"
            ],
            [
              "\n",
              "",
              ""
            ],
            [
              "import",
              null,
              "kn"
            ],
            [
              " ",
              "",
              ""
            ],
            [
              "dask",
              "dask",
              "nn"
            ],
            [
              ".",
              "",
              "nn"
            ],
            [
              "array",
              "dask.array",
              "nn"
            ],
            [
              " ",
              "",
              ""
            ],
            [
              "as",
              null,
              "k"
            ],
            [
              " ",
              "",
              ""
            ],
            [
              "da",
              "dask.array",
              "nn"
            ],
            [
              "\n",
              "",
              ""
            ],
            [
              "with",
              null,
              "k"
            ],
            [
              " ",
              "",
              ""
            ],
            [
              "dask",
              "dask",
              ""
            ],
            [
              ".",
              "",
              "o"
            ],
            [
              "annotate",
              "typing.Callable",
              ""
            ],
            [
              "(",
              "",
              ""
            ],
            [
              "priority",
              null,
              ""
            ],
            [
              "=",
              "",
              "o"
            ],
            [
              "100",
              "",
              "mi"
            ],
            [
              ",",
              "",
              ""
            ],
            [
              " ",
              "",
              ""
            ],
            [
              "retries",
              null,
              ""
            ],
            [
              "=",
              "",
              "o"
            ],
            [
              "3",
              "",
              "mi"
            ],
            [
              ")",
              "",
              ""
            ],
            [
              ":",
              "",
              ""
            ],
            [
              "\n",
              "",
              ""
            ],
            [
              "    ",
              "",
              ""
            ],
            [
              "A",
              null,
              ""
            ],
            [
              " ",
              "",
              ""
            ],
            [
              "=",
              "",
              "o"
            ],
            [
              " ",
              "",
              ""
            ],
            [
              "da",
              "dask.array",
              ""
            ],
            [
              ".",
              "",
              "o"
            ],
            [
              "ones",
              "dask.array.core.Array",
              ""
            ],
            [
              "(",
              "",
              ""
            ],
            [
              "(",
              "",
              ""
            ],
            [
              "10000",
              "",
              "mi"
            ],
            [
              ",",
              "",
              ""
            ],
            [
              " ",
              "",
              ""
            ],
            [
              "10000",
              "",
              "mi"
            ],
            [
              ")",
              "",
              ""
            ],
            [
              ")",
              "",
              ""
            ]
          ],
          "out": ""
        },
        "type": "Code"
      },
      {
        "data": {
          "inline": [
            {
              "data": {
                "value": "Prioritise tasks within Array A on flattened block ID."
              },
              "type": "Words"
            }
          ],
          "inner": []
        },
        "type": "Paragraph"
      },
      {
        "data": {
          "ce_status": "execed",
          "entries": [
            [
              "nblocks",
              "builtins.tuple",
              ""
            ],
            [
              " ",
              "",
              ""
            ],
            [
              "=",
              "",
              "o"
            ],
            [
              " ",
              "",
              ""
            ],
            [
              "(",
              "",
              ""
            ],
            [
              "10",
              "",
              "mi"
            ],
            [
              ",",
              "",
              ""
            ],
            [
              " ",
              "",
              ""
            ],
            [
              "10",
              "",
              "mi"
            ],
            [
              ")",
              "",
              ""
            ],
            [
              "\n",
              "",
              ""
            ],
            [
              "with",
              null,
              "k"
            ],
            [
              " ",
              "",
              ""
            ],
            [
              "dask",
              "dask",
              ""
            ],
            [
              ".",
              "",
              "o"
            ],
            [
              "annotate",
              "typing.Callable",
              ""
            ],
            [
              "(",
              "",
              ""
            ],
            [
              "priority",
              null,
              ""
            ],
            [
              "=",
              "",
              "o"
            ],
            [
              "lambda",
              null,
              "k"
            ],
            [
              " ",
              "",
              ""
            ],
            [
              "k",
              null,
              ""
            ],
            [
              ":",
              "",
              ""
            ],
            [
              " ",
              "",
              ""
            ],
            [
              "k",
              null,
              ""
            ],
            [
              "[",
              "",
              ""
            ],
            [
              "1",
              "",
              "mi"
            ],
            [
              "]",
              "",
              ""
            ],
            [
              "*",
              "",
              "o"
            ],
            [
              "nblocks",
              "builtins.tuple",
              ""
            ],
            [
              "[",
              "",
              ""
            ],
            [
              "1",
              "",
              "mi"
            ],
            [
              "]",
              "",
              ""
            ],
            [
              " ",
              "",
              ""
            ],
            [
              "+",
              "",
              "o"
            ],
            [
              " ",
              "",
              ""
            ],
            [
              "k",
              null,
              ""
            ],
            [
              "[",
              "",
              ""
            ],
            [
              "2",
              "",
              "mi"
            ],
            [
              "]",
              "",
              ""
            ],
            [
              ")",
              "",
              ""
            ],
            [
              ":",
              "",
              ""
            ],
            [
              "\n",
              "",
              ""
            ],
            [
              "    ",
              "",
              ""
            ],
            [
              "A",
              null,
              ""
            ],
            [
              " ",
              "",
              ""
            ],
            [
              "=",
              "",
              "o"
            ],
            [
              " ",
              "",
              ""
            ],
            [
              "da",
              "dask.array",
              ""
            ],
            [
              ".",
              "",
              "o"
            ],
            [
              "ones",
              "dask.array.core.Array",
              ""
            ],
            [
              "(",
              "",
              ""
            ],
            [
              "(",
              "",
              ""
            ],
            [
              "1000",
              "",
              "mi"
            ],
            [
              ",",
              "",
              ""
            ],
            [
              " ",
              "",
              ""
            ],
            [
              "1000",
              "",
              "mi"
            ],
            [
              ")",
              "",
              ""
            ],
            [
              ",",
              "",
              ""
            ],
            [
              " ",
              "",
              ""
            ],
            [
              "chunks",
              null,
              ""
            ],
            [
              "=",
              "",
              "o"
            ],
            [
              "(",
              "",
              ""
            ],
            [
              "100",
              "",
              "mi"
            ],
            [
              ",",
              "",
              ""
            ],
            [
              " ",
              "",
              ""
            ],
            [
              "100",
              "",
              "mi"
            ],
            [
              ")",
              "",
              ""
            ],
            [
              ")",
              "",
              ""
            ]
          ],
          "out": ""
        },
        "type": "Code"
      },
      {
        "data": {
          "inline": [
            {
              "data": {
                "value": "Annotations may be nested."
              },
              "type": "Words"
            }
          ],
          "inner": []
        },
        "type": "Paragraph"
      },
      {
        "data": {
          "ce_status": "execed",
          "entries": [
            [
              "with",
              null,
              "k"
            ],
            [
              " ",
              "",
              ""
            ],
            [
              "dask",
              "dask",
              ""
            ],
            [
              ".",
              "",
              "o"
            ],
            [
              "annotate",
              "typing.Callable",
              ""
            ],
            [
              "(",
              "",
              ""
            ],
            [
              "priority",
              null,
              ""
            ],
            [
              "=",
              "",
              "o"
            ],
            [
              "1",
              "",
              "mi"
            ],
            [
              ")",
              "",
              ""
            ],
            [
              ":",
              "",
              ""
            ],
            [
              "\n",
              "",
              ""
            ],
            [
              "    ",
              "",
              ""
            ],
            [
              "with",
              null,
              "k"
            ],
            [
              " ",
              "",
              ""
            ],
            [
              "dask",
              "dask",
              ""
            ],
            [
              ".",
              "",
              "o"
            ],
            [
              "annotate",
              "typing.Callable",
              ""
            ],
            [
              "(",
              "",
              ""
            ],
            [
              "retries",
              null,
              ""
            ],
            [
              "=",
              "",
              "o"
            ],
            [
              "3",
              "",
              "mi"
            ],
            [
              ")",
              "",
              ""
            ],
            [
              ":",
              "",
              ""
            ],
            [
              "\n",
              "",
              ""
            ],
            [
              "        ",
              "",
              ""
            ],
            [
              "A",
              null,
              ""
            ],
            [
              " ",
              "",
              ""
            ],
            [
              "=",
              "",
              "o"
            ],
            [
              " ",
              "",
              ""
            ],
            [
              "da",
              "dask.array",
              ""
            ],
            [
              ".",
              "",
              "o"
            ],
            [
              "ones",
              "dask.array.core.Array",
              ""
            ],
            [
              "(",
              "",
              ""
            ],
            [
              "(",
              "",
              ""
            ],
            [
              "1000",
              "",
              "mi"
            ],
            [
              ",",
              "",
              ""
            ],
            [
              " ",
              "",
              ""
            ],
            [
              "1000",
              "",
              "mi"
            ],
            [
              ")",
              "",
              ""
            ],
            [
              ")",
              "",
              ""
            ],
            [
              "\n",
              "",
              ""
            ],
            [
              "    ",
              "",
              ""
            ],
            [
              "B",
              "dask.array.core.Array",
              ""
            ],
            [
              " ",
              "",
              ""
            ],
            [
              "=",
              "",
              "o"
            ],
            [
              " ",
              "",
              ""
            ],
            [
              "A",
              "dask.array.core.Array",
              ""
            ],
            [
              " ",
              "",
              ""
            ],
            [
              "+",
              "",
              "o"
            ],
            [
              " ",
              "",
              ""
            ],
            [
              "1",
              "",
              "mi"
            ]
          ],
          "out": ""
        },
        "type": "Code"
      }
    ],
    "title": null
  },
  "item_file": "/dask/base.py",
  "item_line": 47,
  "item_type": "<class 'function'>",
  "ordered_sections": [
    "Summary",
    "Extended Summary",
    "Parameters",
    "Examples"
  ],
  "references": null,
  "refs": [
    "builtins.tuple",
    "dask",
    "dask.array",
    "dask.array.core.Array",
    "typing.Callable"
  ],
  "see_also": [],
  "signature": "annotate(**annotations)"
}