{
  "_content": {
    "Attributes": {
      "children": [],
      "title": null
    },
    "Extended Summary": {
      "children": [
        {
          "data": {
            "value": ">>> def f(x, y): pass\n>>> takes_multiple_arguments(f)\nTrue"
          },
          "type": "BlockVerbatim"
        },
        {
          "data": {
            "value": ">>> def f(x): pass\n>>> takes_multiple_arguments(f)\nFalse"
          },
          "type": "BlockVerbatim"
        },
        {
          "data": {
            "value": ">>> def f(x, y=None): pass\n>>> takes_multiple_arguments(f)\nFalse"
          },
          "type": "BlockVerbatim"
        },
        {
          "data": {
            "value": ">>> def f(*args): pass\n>>> takes_multiple_arguments(f)\nTrue"
          },
          "type": "BlockVerbatim"
        },
        {
          "data": {
            "value": ">>> class Thing:\n...     def __init__(self, a): pass\n>>> takes_multiple_arguments(Thing)\nFalse"
          },
          "type": "BlockVerbatim"
        }
      ],
      "title": null
    },
    "Methods": {
      "children": [],
      "title": null
    },
    "Notes": {
      "children": [],
      "title": null
    },
    "Other Parameters": {
      "children": [],
      "title": null
    },
    "Parameters": {
      "children": [],
      "title": null
    },
    "Raises": {
      "children": [],
      "title": null
    },
    "Receives": {
      "children": [],
      "title": null
    },
    "Returns": {
      "children": [],
      "title": null
    },
    "Summary": {
      "children": [
        {
          "data": {
            "inline": [
              {
                "data": {
                  "value": "Does this function take multiple arguments?"
                },
                "type": "Words"
              }
            ],
            "inner": []
          },
          "type": "Paragraph"
        }
      ],
      "title": null
    },
    "Warnings": {
      "children": [],
      "title": null
    },
    "Warns": {
      "children": [],
      "title": null
    },
    "Yields": {
      "children": [],
      "title": null
    }
  },
  "aliases": [
    "dask.utils.takes_multiple_arguments"
  ],
  "arbitrary": [],
  "example_section_data": {
    "children": [],
    "title": null
  },
  "item_file": "/dask/utils.py",
  "item_line": 493,
  "item_type": "<class 'function'>",
  "ordered_sections": [
    "Summary",
    "Extended Summary"
  ],
  "references": null,
  "refs": [],
  "see_also": [],
  "signature": {
    "value": "takes_multiple_arguments(func, varargs=True)"
  }
}