{
  "_content": {
    "Attributes": {
      "children": [],
      "title": null
    },
    "Extended Summary": {
      "children": [],
      "title": null
    },
    "Methods": {
      "children": [],
      "title": null
    },
    "Notes": {
      "children": [
        {
          "data": {
            "children": [
              {
                "data": {
                  "value": "This function modifies the Dask array in-place."
                },
                "type": "Words"
              }
            ]
          },
          "type": "Paragraph"
        }
      ],
      "title": null
    },
    "Other Parameters": {
      "children": [],
      "title": null
    },
    "Parameters": {
      "children": [],
      "title": null
    },
    "Raises": {
      "children": [],
      "title": null
    },
    "Receives": {
      "children": [],
      "title": null
    },
    "Returns": {
      "children": [],
      "title": null
    },
    "Summary": {
      "children": [
        {
          "data": {
            "children": [
              {
                "data": {
                  "value": "Compute the chunk sizes for a Dask array. This is especially useful when the chunk sizes are unknown (e.g., when indexing one Dask array with another)."
                },
                "type": "Words"
              }
            ]
          },
          "type": "Paragraph"
        }
      ],
      "title": null
    },
    "Warnings": {
      "children": [],
      "title": null
    },
    "Warns": {
      "children": [],
      "title": null
    },
    "Yields": {
      "children": [],
      "title": null
    }
  },
  "aliases": [
    "dask.array.Array.compute_chunk_sizes"
  ],
  "arbitrary": [],
  "example_section_data": {
    "children": [
      {
        "data": {
          "ce_status": "compiled",
          "entries": [
            [
              "import",
              null,
              "kn"
            ],
            [
              " ",
              "",
              ""
            ],
            [
              "dask",
              "dask",
              "nn"
            ],
            [
              ".",
              "",
              "nn"
            ],
            [
              "array",
              "dask.array",
              "nn"
            ],
            [
              " ",
              "",
              ""
            ],
            [
              "as",
              null,
              "k"
            ],
            [
              " ",
              "",
              ""
            ],
            [
              "da",
              "dask.array",
              "nn"
            ],
            [
              "\n",
              "",
              ""
            ],
            [
              "import",
              null,
              "kn"
            ],
            [
              " ",
              "",
              ""
            ],
            [
              "numpy",
              "numpy",
              "nn"
            ],
            [
              " ",
              "",
              ""
            ],
            [
              "as",
              null,
              "k"
            ],
            [
              " ",
              "",
              ""
            ],
            [
              "np",
              "numpy",
              "nn"
            ],
            [
              "\n",
              "",
              ""
            ],
            [
              "x",
              "dask.array.core.Array",
              ""
            ],
            [
              " ",
              "",
              ""
            ],
            [
              "=",
              "",
              "o"
            ],
            [
              " ",
              "",
              ""
            ],
            [
              "da",
              "dask.array",
              ""
            ],
            [
              ".",
              "",
              "o"
            ],
            [
              "from_array",
              "dask.array.core.from_array",
              ""
            ],
            [
              "(",
              "",
              ""
            ],
            [
              "[",
              "",
              ""
            ],
            [
              "-",
              "",
              "o"
            ],
            [
              "2",
              "",
              "mi"
            ],
            [
              ",",
              "",
              ""
            ],
            [
              " ",
              "",
              ""
            ],
            [
              "-",
              "",
              "o"
            ],
            [
              "1",
              "",
              "mi"
            ],
            [
              ",",
              "",
              ""
            ],
            [
              " ",
              "",
              ""
            ],
            [
              "0",
              "",
              "mi"
            ],
            [
              ",",
              "",
              ""
            ],
            [
              " ",
              "",
              ""
            ],
            [
              "1",
              "",
              "mi"
            ],
            [
              ",",
              "",
              ""
            ],
            [
              " ",
              "",
              ""
            ],
            [
              "2",
              "",
              "mi"
            ],
            [
              "]",
              "",
              ""
            ],
            [
              ",",
              "",
              ""
            ],
            [
              " ",
              "",
              ""
            ],
            [
              "chunks",
              null,
              ""
            ],
            [
              "=",
              "",
              "o"
            ],
            [
              "2",
              "",
              "mi"
            ],
            [
              ")",
              "",
              ""
            ],
            [
              "\n",
              "",
              ""
            ],
            [
              "x",
              "dask.array.core.Array",
              ""
            ],
            [
              ".",
              "",
              "o"
            ],
            [
              "chunks",
              null,
              ""
            ]
          ],
          "out": "((2, 2, 1),)"
        },
        "type": "Code"
      },
      {
        "data": {
          "ce_status": "compiled",
          "entries": [
            [
              "y",
              "dask.array.core.Array",
              ""
            ],
            [
              " ",
              "",
              ""
            ],
            [
              "=",
              "",
              "o"
            ],
            [
              " ",
              "",
              ""
            ],
            [
              "x",
              "dask.array.core.Array",
              ""
            ],
            [
              "[",
              "",
              ""
            ],
            [
              "x",
              "dask.array.core.Array",
              ""
            ],
            [
              " ",
              "",
              ""
            ],
            [
              "<",
              "",
              "o"
            ],
            [
              "=",
              "",
              "o"
            ],
            [
              " ",
              "",
              ""
            ],
            [
              "0",
              "",
              "mi"
            ],
            [
              "]",
              "",
              ""
            ],
            [
              "\n",
              "",
              ""
            ],
            [
              "y",
              "dask.array.core.Array",
              ""
            ],
            [
              ".",
              "",
              "o"
            ],
            [
              "chunks",
              null,
              ""
            ]
          ],
          "out": "((nan, nan, nan),)"
        },
        "type": "Code"
      },
      {
        "data": {
          "ce_status": "compiled",
          "entries": [
            [
              "y",
              "dask.array.core.Array",
              ""
            ],
            [
              ".",
              "",
              "o"
            ],
            [
              "compute_chunk_sizes",
              "dask.array.core.Array.compute_chunk_sizes",
              ""
            ],
            [
              "(",
              "",
              ""
            ],
            [
              ")",
              "",
              ""
            ],
            [
              "  ",
              "",
              ""
            ],
            [
              "# in-place computation",
              "",
              "c1"
            ]
          ],
          "out": "dask.array<getitem, shape=(3,), dtype=int64, chunksize=(2,), chunktype=numpy.ndarray>"
        },
        "type": "Code"
      },
      {
        "data": {
          "ce_status": "compiled",
          "entries": [
            [
              "y",
              "dask.array.core.Array",
              ""
            ],
            [
              ".",
              "",
              "o"
            ],
            [
              "chunks",
              null,
              ""
            ]
          ],
          "out": "((2, 1, 0),)"
        },
        "type": "Code"
      }
    ],
    "title": null
  },
  "item_file": "/dask/array/core.py",
  "item_line": 1303,
  "item_type": "<class 'function'>",
  "ordered_sections": [
    "Summary",
    "Notes",
    "Examples"
  ],
  "references": null,
  "refs": [
    "dask",
    "dask.array",
    "dask.array.core.Array",
    "dask.array.core.Array.compute_chunk_sizes",
    "dask.array.core.from_array",
    "numpy"
  ],
  "see_also": [],
  "signature": {
    "value": "compute_chunk_sizes(self)"
  }
}