{
  "_content": {
    "Summary": {
      "children": [
        {
          "type": "Paragraph",
          "data": {
            "inline": [
              {
                "type": "Words",
                "data": {
                  "value": "Does Dask form a directed acyclic graph when calculating keys?"
                }
              }
            ],
            "inner": []
          }
        }
      ],
      "title": null
    },
    "Extended Summary": {
      "children": [
        {
          "type": "Paragraph",
          "data": {
            "inline": [
              {
                "type": "Verbatim",
                "data": {
                  "value": [
                    "keys"
                  ]
                }
              },
              {
                "type": "Words",
                "data": {
                  "value": " may be a single key or list of keys."
                }
              }
            ],
            "inner": []
          }
        }
      ],
      "title": null
    },
    "Parameters": {
      "children": [],
      "title": null
    },
    "Returns": {
      "children": [],
      "title": null
    },
    "Yields": {
      "children": [],
      "title": null
    },
    "Receives": {
      "children": [],
      "title": null
    },
    "Raises": {
      "children": [],
      "title": null
    },
    "Warns": {
      "children": [],
      "title": null
    },
    "Other Parameters": {
      "children": [],
      "title": null
    },
    "Attributes": {
      "children": [],
      "title": null
    },
    "Methods": {
      "children": [],
      "title": null
    },
    "Notes": {
      "children": [],
      "title": null
    },
    "Warnings": {
      "children": [],
      "title": null
    }
  },
  "refs": [
    "dask.core.isdag",
    "getcycle"
  ],
  "ordered_sections": [
    "Summary",
    "Extended Summary",
    "Examples",
    "See Also"
  ],
  "item_file": "/Users/bussonniermatthias/miniconda3-intel/envs/papyri/lib/python3.9/site-packages/dask/core.py",
  "item_line": 452,
  "item_type": "<class 'function'>",
  "aliases": [
    "dask.core.isdag"
  ],
  "example_section_data": {
    "children": [
      {
        "type": "Code",
        "data": {
          "entries": [
            [
              "inc",
              null,
              ""
            ],
            [
              " ",
              "",
              ""
            ],
            [
              "=",
              "",
              "o"
            ],
            [
              " ",
              "",
              ""
            ],
            [
              "lambda",
              null,
              "k"
            ],
            [
              " ",
              "",
              ""
            ],
            [
              "x",
              null,
              ""
            ],
            [
              ":",
              "",
              ""
            ],
            [
              " ",
              "",
              ""
            ],
            [
              "x",
              null,
              ""
            ],
            [
              " ",
              "",
              ""
            ],
            [
              "+",
              "",
              "o"
            ],
            [
              " ",
              "",
              ""
            ],
            [
              "1",
              "",
              "mi"
            ],
            [
              "\n",
              "",
              ""
            ],
            [
              "isdag",
              "dask.core.isdag",
              ""
            ],
            [
              "(",
              "",
              ""
            ],
            [
              "{",
              "",
              ""
            ],
            [
              "'",
              "",
              "s1"
            ],
            [
              "x",
              null,
              "s1"
            ],
            [
              "'",
              "",
              "s1"
            ],
            [
              ":",
              "",
              ""
            ],
            [
              " ",
              "",
              ""
            ],
            [
              "0",
              "",
              "mi"
            ],
            [
              ",",
              "",
              ""
            ],
            [
              " ",
              "",
              ""
            ],
            [
              "'",
              "",
              "s1"
            ],
            [
              "y",
              null,
              "s1"
            ],
            [
              "'",
              "",
              "s1"
            ],
            [
              ":",
              "",
              ""
            ],
            [
              " ",
              "",
              ""
            ],
            [
              "(",
              "",
              ""
            ],
            [
              "inc",
              null,
              ""
            ],
            [
              ",",
              "",
              ""
            ],
            [
              " ",
              "",
              ""
            ],
            [
              "'",
              "",
              "s1"
            ],
            [
              "x",
              null,
              "s1"
            ],
            [
              "'",
              "",
              "s1"
            ],
            [
              ")",
              "",
              ""
            ],
            [
              "}",
              "",
              ""
            ],
            [
              ",",
              "",
              ""
            ],
            [
              " ",
              "",
              ""
            ],
            [
              "'",
              "",
              "s1"
            ],
            [
              "y",
              null,
              "s1"
            ],
            [
              "'",
              "",
              "s1"
            ],
            [
              ")",
              "",
              ""
            ]
          ],
          "out": "True",
          "ce_status": "execed"
        }
      },
      {
        "type": "Code",
        "data": {
          "entries": [
            [
              "isdag",
              "dask.core.isdag",
              ""
            ],
            [
              "(",
              "",
              ""
            ],
            [
              "{",
              "",
              ""
            ],
            [
              "'",
              "",
              "s1"
            ],
            [
              "x",
              null,
              "s1"
            ],
            [
              "'",
              "",
              "s1"
            ],
            [
              ":",
              "",
              ""
            ],
            [
              " ",
              "",
              ""
            ],
            [
              "(",
              "",
              ""
            ],
            [
              "inc",
              null,
              ""
            ],
            [
              ",",
              "",
              ""
            ],
            [
              " ",
              "",
              ""
            ],
            [
              "'",
              "",
              "s1"
            ],
            [
              "y",
              null,
              "s1"
            ],
            [
              "'",
              "",
              "s1"
            ],
            [
              ")",
              "",
              ""
            ],
            [
              ",",
              "",
              ""
            ],
            [
              " ",
              "",
              ""
            ],
            [
              "'",
              "",
              "s1"
            ],
            [
              "y",
              null,
              "s1"
            ],
            [
              "'",
              "",
              "s1"
            ],
            [
              ":",
              "",
              ""
            ],
            [
              " ",
              "",
              ""
            ],
            [
              "(",
              "",
              ""
            ],
            [
              "inc",
              null,
              ""
            ],
            [
              ",",
              "",
              ""
            ],
            [
              " ",
              "",
              ""
            ],
            [
              "'",
              "",
              "s1"
            ],
            [
              "x",
              null,
              "s1"
            ],
            [
              "'",
              "",
              "s1"
            ],
            [
              ")",
              "",
              ""
            ],
            [
              "}",
              "",
              ""
            ],
            [
              ",",
              "",
              ""
            ],
            [
              " ",
              "",
              ""
            ],
            [
              "'",
              "",
              "s1"
            ],
            [
              "y",
              null,
              "s1"
            ],
            [
              "'",
              "",
              "s1"
            ],
            [
              ")",
              "",
              ""
            ]
          ],
          "out": "False",
          "ce_status": "execed"
        }
      }
    ],
    "title": null
  },
  "see_also": [
    {
      "name": {
        "name": "getcycle",
        "ref": null,
        "exists": null
      },
      "descriptions": [],
      "type": null
    }
  ],
  "signature": "isdag(d, keys)",
  "references": null,
  "arbitrary": []
}