{
  "aliases": [
    "dask.base.flatten"
  ],
  "arbitrary": [],
  "content": {
    "Attributes": {
      "children": [],
      "title": null
    },
    "Extended Summary": {
      "children": [
        {
          "data": {
            "value": ">>> list(flatten([[1, 2], [1, 2]]))\n[1, 2, 1, 2]"
          },
          "type": "BlockVerbatim"
        },
        {
          "data": {
            "value": ">>> list(flatten([[[1], [2]], [[1], [2]]]))\n[1, 2, 1, 2]"
          },
          "type": "BlockVerbatim"
        },
        {
          "data": {
            "value": ">>> list(flatten(((1, 2), (1, 2)))) # Don't flatten tuples\n[(1, 2), (1, 2)]"
          },
          "type": "BlockVerbatim"
        },
        {
          "data": {
            "value": ">>> list(flatten((1, 2, [3, 4]))) # support heterogeneous\n[1, 2, 3, 4]"
          },
          "type": "BlockVerbatim"
        }
      ],
      "title": null
    },
    "Methods": {
      "children": [],
      "title": null
    },
    "Notes": {
      "children": [],
      "title": null
    },
    "Other Parameters": {
      "children": [],
      "title": null
    },
    "Parameters": {
      "children": [],
      "title": null
    },
    "Raises": {
      "children": [],
      "title": null
    },
    "Receives": {
      "children": [],
      "title": null
    },
    "Returns": {
      "children": [],
      "title": null
    },
    "Summary": {
      "children": [
        {
          "data": {
            "value": ">>> list(flatten([1]))\n[1]"
          },
          "type": "BlockVerbatim"
        }
      ],
      "title": null
    },
    "Warnings": {
      "children": [],
      "title": null
    },
    "Warns": {
      "children": [],
      "title": null
    },
    "Yields": {
      "children": [],
      "title": null
    }
  },
  "example_section_data": {
    "children": [],
    "title": null
  },
  "item_file": "/dask/core.py",
  "item_line": 274,
  "item_type": "<class 'function'>",
  "ordered_sections": [
    "Summary",
    "Extended Summary"
  ],
  "references": null,
  "see_also": [],
  "signature": {
    "value": "flatten(seq, container=<class 'list'>)"
  }
}