{
  "aliases": [
    "dask.array.core.chunks_from_arrays"
  ],
  "arbitrary": [],
  "content": {
    "Attributes": {
      "children": [],
      "level": 0,
      "title": null
    },
    "Extended Summary": {
      "children": [
        {
          "data": {
            "value": ">>> x = np.array([1, 2])\n>>> chunks_from_arrays([x, x])\n((2, 2),)"
          },
          "type": "BlockVerbatim"
        },
        {
          "data": {
            "value": ">>> x = np.array([[1, 2]])\n>>> chunks_from_arrays([[x], [x]])\n((1, 1), (2,))"
          },
          "type": "BlockVerbatim"
        },
        {
          "data": {
            "value": ">>> x = np.array([[1, 2]])\n>>> chunks_from_arrays([[x, x]])\n((1,), (2, 2))"
          },
          "type": "BlockVerbatim"
        },
        {
          "data": {
            "value": ">>> chunks_from_arrays([1, 1])\n((1, 1),)"
          },
          "type": "BlockVerbatim"
        }
      ],
      "level": 0,
      "title": null
    },
    "Methods": {
      "children": [],
      "level": 0,
      "title": null
    },
    "Notes": {
      "children": [],
      "level": 0,
      "title": null
    },
    "Other Parameters": {
      "children": [],
      "level": 0,
      "title": null
    },
    "Parameters": {
      "children": [],
      "level": 0,
      "title": null
    },
    "Raises": {
      "children": [],
      "level": 0,
      "title": null
    },
    "Receives": {
      "children": [],
      "level": 0,
      "title": null
    },
    "Returns": {
      "children": [],
      "level": 0,
      "title": null
    },
    "Summary": {
      "children": [
        {
          "data": {
            "children": [
              {
                "data": {
                  "value": "Chunks tuple from nested list of arrays"
                },
                "type": "Words"
              }
            ]
          },
          "type": "Paragraph"
        }
      ],
      "level": 0,
      "title": null
    },
    "Warnings": {
      "children": [],
      "level": 0,
      "title": null
    },
    "Warns": {
      "children": [],
      "level": 0,
      "title": null
    },
    "Yields": {
      "children": [],
      "level": 0,
      "title": null
    }
  },
  "example_section_data": {
    "children": [],
    "level": 0,
    "title": null
  },
  "item_file": "/dask/array/core.py",
  "item_line": 4665,
  "item_type": "<class 'function'>",
  "ordered_sections": [
    "Summary",
    "Extended Summary"
  ],
  "references": null,
  "see_also": [],
  "signature": {
    "value": "chunks_from_arrays(arrays)"
  }
}