{
  "_content": {
    "Summary": {
      "children": [
        {
          "type": "Paragraph",
          "data": {
            "inline": [
              {
                "type": "Words",
                "data": {
                  "value": "Create a Blockwise symbolic mutable mapping"
                }
              }
            ],
            "inner": []
          }
        }
      ],
      "title": null
    },
    "Extended Summary": {
      "children": [
        {
          "type": "Paragraph",
          "data": {
            "inline": [
              {
                "type": "Words",
                "data": {
                  "value": "This is like the "
                }
              },
              {
                "type": "Verbatim",
                "data": {
                  "value": [
                    "make_blockwise_graph"
                  ]
                }
              },
              {
                "type": "Words",
                "data": {
                  "value": " function, but rather than construct a dict, it returns a symbolic Blockwise object."
                }
              }
            ],
            "inner": []
          }
        }
      ],
      "title": null
    },
    "Parameters": {
      "children": [],
      "title": null
    },
    "Returns": {
      "children": [],
      "title": null
    },
    "Yields": {
      "children": [],
      "title": null
    },
    "Receives": {
      "children": [],
      "title": null
    },
    "Raises": {
      "children": [],
      "title": null
    },
    "Warns": {
      "children": [],
      "title": null
    },
    "Other Parameters": {
      "children": [],
      "title": null
    },
    "Attributes": {
      "children": [],
      "title": null
    },
    "Methods": {
      "children": [],
      "title": null
    },
    "Notes": {
      "children": [],
      "title": null
    },
    "Warnings": {
      "children": [],
      "title": null
    }
  },
  "refs": [
    "Blockwise",
    "make_blockwise_graph"
  ],
  "ordered_sections": [
    "Summary",
    "Extended Summary",
    "See Also"
  ],
  "item_file": "/Users/bussonniermatthias/miniconda3-intel/envs/papyri/lib/python3.9/site-packages/dask/blockwise.py",
  "item_line": 222,
  "item_type": "<class 'function'>",
  "aliases": [
    "dask.blockwise.blockwise"
  ],
  "example_section_data": {
    "children": [],
    "title": null
  },
  "see_also": [
    {
      "name": {
        "name": "make_blockwise_graph",
        "ref": null,
        "exists": null
      },
      "descriptions": [],
      "type": null
    },
    {
      "name": {
        "name": "Blockwise",
        "ref": null,
        "exists": null
      },
      "descriptions": [],
      "type": null
    }
  ],
  "signature": "blockwise(func, output, output_indices, *arrind_pairs, numblocks=None, concatenate=None, new_axes=None, dependencies=(), **kwargs)",
  "references": null,
  "arbitrary": []
}