{
  "aliases": [
    "dask.blockwise.BlockwiseDepDict"
  ],
  "arbitrary": [],
  "content": {
    "Attributes": {
      "children": [],
      "title": null
    },
    "Extended Summary": {
      "children": [
        {
          "data": {
            "children": [
              {
                "data": {
                  "value": "This is a dictionary-backed instance of "
                },
                "type": "Words"
              },
              {
                "data": {
                  "value": [
                    "BlockwiseDep"
                  ]
                },
                "type": "Verbatim"
              },
              {
                "data": {
                  "value": ". The purpose of this class is to simplify the construction of IO-based Blockwise Layers with block/partition-dependent function arguments that are difficult to calculate at graph-materialization time."
                },
                "type": "Words"
              }
            ]
          },
          "type": "Paragraph"
        }
      ],
      "title": null
    },
    "Methods": {
      "children": [],
      "title": null
    },
    "Notes": {
      "children": [],
      "title": null
    },
    "Other Parameters": {
      "children": [],
      "title": null
    },
    "Parameters": {
      "children": [],
      "title": null
    },
    "Raises": {
      "children": [],
      "title": null
    },
    "Receives": {
      "children": [],
      "title": null
    },
    "Returns": {
      "children": [],
      "title": null
    },
    "Summary": {
      "children": [
        {
          "data": {
            "children": [
              {
                "data": {
                  "value": "Dictionary-based Blockwise-IO argument"
                },
                "type": "Words"
              }
            ]
          },
          "type": "Paragraph"
        }
      ],
      "title": null
    },
    "Warnings": {
      "children": [],
      "title": null
    },
    "Warns": {
      "children": [],
      "title": null
    },
    "Yields": {
      "children": [],
      "title": null
    }
  },
  "example_section_data": {
    "children": [
      {
        "data": {
          "children": [
            {
              "data": {
                "value": "Specify an IO-based function for the Blockwise Layer. Note that the function will be passed a single input object when the task is executed (e.g. a single "
              },
              "type": "Words"
            },
            {
              "data": {
                "value": [
                  "tuple"
                ]
              },
              "type": "Verbatim"
            },
            {
              "data": {
                "value": " or "
              },
              "type": "Words"
            },
            {
              "data": {
                "value": [
                  "dict"
                ]
              },
              "type": "Verbatim"
            },
            {
              "data": {
                "value": "):"
              },
              "type": "Words"
            }
          ]
        },
        "type": "Paragraph"
      },
      {
        "data": {
          "ce_status": "compiled",
          "entries": [
            {
              "link": {
                "data": "import",
                "type": "str"
              },
              "type": "kn"
            },
            {
              "link": {
                "data": " ",
                "type": "str"
              },
              "type": ""
            },
            {
              "link": {
                "data": {
                  "exists": true,
                  "kind": "module",
                  "reference": {
                    "kind": "module",
                    "module": "pandas",
                    "path": "pandas",
                    "version": "*"
                  },
                  "value": "pandas"
                },
                "type": "Link"
              },
              "type": "nn"
            },
            {
              "link": {
                "data": " ",
                "type": "str"
              },
              "type": ""
            },
            {
              "link": {
                "data": "as",
                "type": "str"
              },
              "type": "k"
            },
            {
              "link": {
                "data": " ",
                "type": "str"
              },
              "type": ""
            },
            {
              "link": {
                "data": {
                  "exists": true,
                  "kind": "module",
                  "reference": {
                    "kind": "module",
                    "module": "pandas",
                    "path": "pandas",
                    "version": "*"
                  },
                  "value": "pd"
                },
                "type": "Link"
              },
              "type": "nn"
            },
            {
              "link": {
                "data": "\n",
                "type": "str"
              },
              "type": ""
            },
            {
              "link": {
                "data": "func",
                "type": "str"
              },
              "type": ""
            },
            {
              "link": {
                "data": " ",
                "type": "str"
              },
              "type": ""
            },
            {
              "link": {
                "data": "=",
                "type": "str"
              },
              "type": "o"
            },
            {
              "link": {
                "data": " ",
                "type": "str"
              },
              "type": ""
            },
            {
              "link": {
                "data": "lambda",
                "type": "str"
              },
              "type": "k"
            },
            {
              "link": {
                "data": " ",
                "type": "str"
              },
              "type": ""
            },
            {
              "link": {
                "data": "x",
                "type": "str"
              },
              "type": ""
            },
            {
              "link": {
                "data": ":",
                "type": "str"
              },
              "type": ""
            },
            {
              "link": {
                "data": " ",
                "type": "str"
              },
              "type": ""
            },
            {
              "link": {
                "data": {
                  "exists": true,
                  "kind": "module",
                  "reference": {
                    "kind": "module",
                    "module": "pandas",
                    "path": "pandas",
                    "version": "*"
                  },
                  "value": "pd"
                },
                "type": "Link"
              },
              "type": ""
            },
            {
              "link": {
                "data": ".",
                "type": "str"
              },
              "type": "o"
            },
            {
              "link": {
                "data": {
                  "exists": true,
                  "kind": "module",
                  "reference": {
                    "kind": "module",
                    "module": "pandas",
                    "path": "pandas.io.parsers.readers.read_csv",
                    "version": "*"
                  },
                  "value": "read_csv"
                },
                "type": "Link"
              },
              "type": ""
            },
            {
              "link": {
                "data": "(",
                "type": "str"
              },
              "type": ""
            },
            {
              "link": {
                "data": "*",
                "type": "str"
              },
              "type": "o"
            },
            {
              "link": {
                "data": "*",
                "type": "str"
              },
              "type": "o"
            },
            {
              "link": {
                "data": "x",
                "type": "str"
              },
              "type": ""
            },
            {
              "link": {
                "data": ")",
                "type": "str"
              },
              "type": ""
            }
          ],
          "out": ""
        },
        "type": "Code2"
      },
      {
        "data": {
          "children": [
            {
              "data": {
                "value": "Use "
              },
              "type": "Words"
            },
            {
              "data": {
                "value": [
                  "BlockwiseDepDict"
                ]
              },
              "type": "Verbatim"
            },
            {
              "data": {
                "value": " to define the input argument to "
              },
              "type": "Words"
            },
            {
              "data": {
                "value": [
                  "func"
                ]
              },
              "type": "Verbatim"
            },
            {
              "data": {
                "value": " for each block/partition:"
              },
              "type": "Words"
            }
          ]
        },
        "type": "Paragraph"
      },
      {
        "data": {
          "ce_status": "compiled",
          "entries": [
            {
              "link": {
                "data": {
                  "exists": true,
                  "kind": "module",
                  "reference": {
                    "kind": "module",
                    "module": "dask",
                    "path": "dask.blockwise.BlockwiseDepDict",
                    "version": "2021.10.0"
                  },
                  "value": "dep"
                },
                "type": "Link"
              },
              "type": ""
            },
            {
              "link": {
                "data": " ",
                "type": "str"
              },
              "type": ""
            },
            {
              "link": {
                "data": "=",
                "type": "str"
              },
              "type": "o"
            },
            {
              "link": {
                "data": " ",
                "type": "str"
              },
              "type": ""
            },
            {
              "link": {
                "data": {
                  "exists": true,
                  "kind": "module",
                  "reference": {
                    "kind": "module",
                    "module": "dask",
                    "path": "dask.blockwise.BlockwiseDepDict",
                    "version": "2021.10.0"
                  },
                  "value": "BlockwiseDepDict"
                },
                "type": "Link"
              },
              "type": ""
            },
            {
              "link": {
                "data": "(",
                "type": "str"
              },
              "type": ""
            },
            {
              "link": {
                "data": "\n",
                "type": "str"
              },
              "type": ""
            },
            {
              "link": {
                "data": "    ",
                "type": "str"
              },
              "type": ""
            },
            {
              "link": {
                "data": "mapping",
                "type": "str"
              },
              "type": ""
            },
            {
              "link": {
                "data": "=",
                "type": "str"
              },
              "type": "o"
            },
            {
              "link": {
                "data": "{",
                "type": "str"
              },
              "type": ""
            },
            {
              "link": {
                "data": "\n",
                "type": "str"
              },
              "type": ""
            },
            {
              "link": {
                "data": "        ",
                "type": "str"
              },
              "type": ""
            },
            {
              "link": {
                "data": "(",
                "type": "str"
              },
              "type": ""
            },
            {
              "link": {
                "data": "0",
                "type": "str"
              },
              "type": "mi"
            },
            {
              "link": {
                "data": ",",
                "type": "str"
              },
              "type": ""
            },
            {
              "link": {
                "data": ")",
                "type": "str"
              },
              "type": ""
            },
            {
              "link": {
                "data": " ",
                "type": "str"
              },
              "type": ""
            },
            {
              "link": {
                "data": ":",
                "type": "str"
              },
              "type": ""
            },
            {
              "link": {
                "data": " ",
                "type": "str"
              },
              "type": ""
            },
            {
              "link": {
                "data": "{",
                "type": "str"
              },
              "type": ""
            },
            {
              "link": {
                "data": "\n",
                "type": "str"
              },
              "type": ""
            },
            {
              "link": {
                "data": "            ",
                "type": "str"
              },
              "type": ""
            },
            {
              "link": {
                "data": "\"",
                "type": "str"
              },
              "type": "s2"
            },
            {
              "link": {
                "data": "filepath_or_buffer",
                "type": "str"
              },
              "type": "s2"
            },
            {
              "link": {
                "data": "\"",
                "type": "str"
              },
              "type": "s2"
            },
            {
              "link": {
                "data": ":",
                "type": "str"
              },
              "type": ""
            },
            {
              "link": {
                "data": " ",
                "type": "str"
              },
              "type": ""
            },
            {
              "link": {
                "data": "\"",
                "type": "str"
              },
              "type": "s2"
            },
            {
              "link": {
                "data": "data.csv",
                "type": "str"
              },
              "type": "s2"
            },
            {
              "link": {
                "data": "\"",
                "type": "str"
              },
              "type": "s2"
            },
            {
              "link": {
                "data": ",",
                "type": "str"
              },
              "type": ""
            },
            {
              "link": {
                "data": "\n",
                "type": "str"
              },
              "type": ""
            },
            {
              "link": {
                "data": "            ",
                "type": "str"
              },
              "type": ""
            },
            {
              "link": {
                "data": "\"",
                "type": "str"
              },
              "type": "s2"
            },
            {
              "link": {
                "data": "skiprows",
                "type": "str"
              },
              "type": "s2"
            },
            {
              "link": {
                "data": "\"",
                "type": "str"
              },
              "type": "s2"
            },
            {
              "link": {
                "data": ":",
                "type": "str"
              },
              "type": ""
            },
            {
              "link": {
                "data": " ",
                "type": "str"
              },
              "type": ""
            },
            {
              "link": {
                "data": "1",
                "type": "str"
              },
              "type": "mi"
            },
            {
              "link": {
                "data": ",",
                "type": "str"
              },
              "type": ""
            },
            {
              "link": {
                "data": "\n",
                "type": "str"
              },
              "type": ""
            },
            {
              "link": {
                "data": "            ",
                "type": "str"
              },
              "type": ""
            },
            {
              "link": {
                "data": "\"",
                "type": "str"
              },
              "type": "s2"
            },
            {
              "link": {
                "data": "nrows",
                "type": "str"
              },
              "type": "s2"
            },
            {
              "link": {
                "data": "\"",
                "type": "str"
              },
              "type": "s2"
            },
            {
              "link": {
                "data": ":",
                "type": "str"
              },
              "type": ""
            },
            {
              "link": {
                "data": " ",
                "type": "str"
              },
              "type": ""
            },
            {
              "link": {
                "data": "2",
                "type": "str"
              },
              "type": "mi"
            },
            {
              "link": {
                "data": ",",
                "type": "str"
              },
              "type": ""
            },
            {
              "link": {
                "data": "\n",
                "type": "str"
              },
              "type": ""
            },
            {
              "link": {
                "data": "            ",
                "type": "str"
              },
              "type": ""
            },
            {
              "link": {
                "data": "\"",
                "type": "str"
              },
              "type": "s2"
            },
            {
              "link": {
                "data": "names",
                "type": "str"
              },
              "type": "s2"
            },
            {
              "link": {
                "data": "\"",
                "type": "str"
              },
              "type": "s2"
            },
            {
              "link": {
                "data": ":",
                "type": "str"
              },
              "type": ""
            },
            {
              "link": {
                "data": " ",
                "type": "str"
              },
              "type": ""
            },
            {
              "link": {
                "data": "[",
                "type": "str"
              },
              "type": ""
            },
            {
              "link": {
                "data": "\"",
                "type": "str"
              },
              "type": "s2"
            },
            {
              "link": {
                "data": "a",
                "type": "str"
              },
              "type": "s2"
            },
            {
              "link": {
                "data": "\"",
                "type": "str"
              },
              "type": "s2"
            },
            {
              "link": {
                "data": ",",
                "type": "str"
              },
              "type": ""
            },
            {
              "link": {
                "data": " ",
                "type": "str"
              },
              "type": ""
            },
            {
              "link": {
                "data": "\"",
                "type": "str"
              },
              "type": "s2"
            },
            {
              "link": {
                "data": "b",
                "type": "str"
              },
              "type": "s2"
            },
            {
              "link": {
                "data": "\"",
                "type": "str"
              },
              "type": "s2"
            },
            {
              "link": {
                "data": "]",
                "type": "str"
              },
              "type": ""
            },
            {
              "link": {
                "data": ",",
                "type": "str"
              },
              "type": ""
            },
            {
              "link": {
                "data": "\n",
                "type": "str"
              },
              "type": ""
            },
            {
              "link": {
                "data": "        ",
                "type": "str"
              },
              "type": ""
            },
            {
              "link": {
                "data": "}",
                "type": "str"
              },
              "type": ""
            },
            {
              "link": {
                "data": ",",
                "type": "str"
              },
              "type": ""
            },
            {
              "link": {
                "data": "\n",
                "type": "str"
              },
              "type": ""
            },
            {
              "link": {
                "data": "        ",
                "type": "str"
              },
              "type": ""
            },
            {
              "link": {
                "data": "(",
                "type": "str"
              },
              "type": ""
            },
            {
              "link": {
                "data": "1",
                "type": "str"
              },
              "type": "mi"
            },
            {
              "link": {
                "data": ",",
                "type": "str"
              },
              "type": ""
            },
            {
              "link": {
                "data": ")",
                "type": "str"
              },
              "type": ""
            },
            {
              "link": {
                "data": " ",
                "type": "str"
              },
              "type": ""
            },
            {
              "link": {
                "data": ":",
                "type": "str"
              },
              "type": ""
            },
            {
              "link": {
                "data": " ",
                "type": "str"
              },
              "type": ""
            },
            {
              "link": {
                "data": "{",
                "type": "str"
              },
              "type": ""
            },
            {
              "link": {
                "data": "\n",
                "type": "str"
              },
              "type": ""
            },
            {
              "link": {
                "data": "            ",
                "type": "str"
              },
              "type": ""
            },
            {
              "link": {
                "data": "\"",
                "type": "str"
              },
              "type": "s2"
            },
            {
              "link": {
                "data": "filepath_or_buffer",
                "type": "str"
              },
              "type": "s2"
            },
            {
              "link": {
                "data": "\"",
                "type": "str"
              },
              "type": "s2"
            },
            {
              "link": {
                "data": ":",
                "type": "str"
              },
              "type": ""
            },
            {
              "link": {
                "data": " ",
                "type": "str"
              },
              "type": ""
            },
            {
              "link": {
                "data": "\"",
                "type": "str"
              },
              "type": "s2"
            },
            {
              "link": {
                "data": "data.csv",
                "type": "str"
              },
              "type": "s2"
            },
            {
              "link": {
                "data": "\"",
                "type": "str"
              },
              "type": "s2"
            },
            {
              "link": {
                "data": ",",
                "type": "str"
              },
              "type": ""
            },
            {
              "link": {
                "data": "\n",
                "type": "str"
              },
              "type": ""
            },
            {
              "link": {
                "data": "            ",
                "type": "str"
              },
              "type": ""
            },
            {
              "link": {
                "data": "\"",
                "type": "str"
              },
              "type": "s2"
            },
            {
              "link": {
                "data": "skiprows",
                "type": "str"
              },
              "type": "s2"
            },
            {
              "link": {
                "data": "\"",
                "type": "str"
              },
              "type": "s2"
            },
            {
              "link": {
                "data": ":",
                "type": "str"
              },
              "type": ""
            },
            {
              "link": {
                "data": " ",
                "type": "str"
              },
              "type": ""
            },
            {
              "link": {
                "data": "3",
                "type": "str"
              },
              "type": "mi"
            },
            {
              "link": {
                "data": ",",
                "type": "str"
              },
              "type": ""
            },
            {
              "link": {
                "data": "\n",
                "type": "str"
              },
              "type": ""
            },
            {
              "link": {
                "data": "            ",
                "type": "str"
              },
              "type": ""
            },
            {
              "link": {
                "data": "\"",
                "type": "str"
              },
              "type": "s2"
            },
            {
              "link": {
                "data": "nrows",
                "type": "str"
              },
              "type": "s2"
            },
            {
              "link": {
                "data": "\"",
                "type": "str"
              },
              "type": "s2"
            },
            {
              "link": {
                "data": ":",
                "type": "str"
              },
              "type": ""
            },
            {
              "link": {
                "data": " ",
                "type": "str"
              },
              "type": ""
            },
            {
              "link": {
                "data": "2",
                "type": "str"
              },
              "type": "mi"
            },
            {
              "link": {
                "data": ",",
                "type": "str"
              },
              "type": ""
            },
            {
              "link": {
                "data": "\n",
                "type": "str"
              },
              "type": ""
            },
            {
              "link": {
                "data": "            ",
                "type": "str"
              },
              "type": ""
            },
            {
              "link": {
                "data": "\"",
                "type": "str"
              },
              "type": "s2"
            },
            {
              "link": {
                "data": "names",
                "type": "str"
              },
              "type": "s2"
            },
            {
              "link": {
                "data": "\"",
                "type": "str"
              },
              "type": "s2"
            },
            {
              "link": {
                "data": ":",
                "type": "str"
              },
              "type": ""
            },
            {
              "link": {
                "data": " ",
                "type": "str"
              },
              "type": ""
            },
            {
              "link": {
                "data": "[",
                "type": "str"
              },
              "type": ""
            },
            {
              "link": {
                "data": "\"",
                "type": "str"
              },
              "type": "s2"
            },
            {
              "link": {
                "data": "a",
                "type": "str"
              },
              "type": "s2"
            },
            {
              "link": {
                "data": "\"",
                "type": "str"
              },
              "type": "s2"
            },
            {
              "link": {
                "data": ",",
                "type": "str"
              },
              "type": ""
            },
            {
              "link": {
                "data": " ",
                "type": "str"
              },
              "type": ""
            },
            {
              "link": {
                "data": "\"",
                "type": "str"
              },
              "type": "s2"
            },
            {
              "link": {
                "data": "b",
                "type": "str"
              },
              "type": "s2"
            },
            {
              "link": {
                "data": "\"",
                "type": "str"
              },
              "type": "s2"
            },
            {
              "link": {
                "data": "]",
                "type": "str"
              },
              "type": ""
            },
            {
              "link": {
                "data": ",",
                "type": "str"
              },
              "type": ""
            },
            {
              "link": {
                "data": "\n",
                "type": "str"
              },
              "type": ""
            },
            {
              "link": {
                "data": "        ",
                "type": "str"
              },
              "type": ""
            },
            {
              "link": {
                "data": "}",
                "type": "str"
              },
              "type": ""
            },
            {
              "link": {
                "data": ",",
                "type": "str"
              },
              "type": ""
            },
            {
              "link": {
                "data": "\n",
                "type": "str"
              },
              "type": ""
            },
            {
              "link": {
                "data": "    ",
                "type": "str"
              },
              "type": ""
            },
            {
              "link": {
                "data": "}",
                "type": "str"
              },
              "type": ""
            },
            {
              "link": {
                "data": "\n",
                "type": "str"
              },
              "type": ""
            },
            {
              "link": {
                "data": ")",
                "type": "str"
              },
              "type": ""
            }
          ],
          "out": ""
        },
        "type": "Code2"
      },
      {
        "data": {
          "children": [
            {
              "data": {
                "value": "Construct a Blockwise Layer with "
              },
              "type": "Words"
            },
            {
              "data": {
                "value": [
                  "dep"
                ]
              },
              "type": "Verbatim"
            },
            {
              "data": {
                "value": " speficied in the "
              },
              "type": "Words"
            },
            {
              "data": {
                "value": [
                  "indices"
                ]
              },
              "type": "Verbatim"
            },
            {
              "data": {
                "value": " list:"
              },
              "type": "Words"
            }
          ]
        },
        "type": "Paragraph"
      },
      {
        "data": {
          "ce_status": "compiled",
          "entries": [
            {
              "link": {
                "data": "layer",
                "type": "str"
              },
              "type": ""
            },
            {
              "link": {
                "data": " ",
                "type": "str"
              },
              "type": ""
            },
            {
              "link": {
                "data": "=",
                "type": "str"
              },
              "type": "o"
            },
            {
              "link": {
                "data": " ",
                "type": "str"
              },
              "type": ""
            },
            {
              "link": {
                "data": "Blockwise",
                "type": "str"
              },
              "type": ""
            },
            {
              "link": {
                "data": "(",
                "type": "str"
              },
              "type": ""
            },
            {
              "link": {
                "data": "\n",
                "type": "str"
              },
              "type": ""
            },
            {
              "link": {
                "data": "    ",
                "type": "str"
              },
              "type": ""
            },
            {
              "link": {
                "data": "output",
                "type": "str"
              },
              "type": ""
            },
            {
              "link": {
                "data": "=",
                "type": "str"
              },
              "type": "o"
            },
            {
              "link": {
                "data": "\"",
                "type": "str"
              },
              "type": "s2"
            },
            {
              "link": {
                "data": "collection-name",
                "type": "str"
              },
              "type": "s2"
            },
            {
              "link": {
                "data": "\"",
                "type": "str"
              },
              "type": "s2"
            },
            {
              "link": {
                "data": ",",
                "type": "str"
              },
              "type": ""
            },
            {
              "link": {
                "data": "\n",
                "type": "str"
              },
              "type": ""
            },
            {
              "link": {
                "data": "    ",
                "type": "str"
              },
              "type": ""
            },
            {
              "link": {
                "data": "output_indices",
                "type": "str"
              },
              "type": ""
            },
            {
              "link": {
                "data": "=",
                "type": "str"
              },
              "type": "o"
            },
            {
              "link": {
                "data": "\"",
                "type": "str"
              },
              "type": "s2"
            },
            {
              "link": {
                "data": "i",
                "type": "str"
              },
              "type": "s2"
            },
            {
              "link": {
                "data": "\"",
                "type": "str"
              },
              "type": "s2"
            },
            {
              "link": {
                "data": ",",
                "type": "str"
              },
              "type": ""
            },
            {
              "link": {
                "data": "\n",
                "type": "str"
              },
              "type": ""
            },
            {
              "link": {
                "data": "    ",
                "type": "str"
              },
              "type": ""
            },
            {
              "link": {
                "data": "dsk",
                "type": "str"
              },
              "type": ""
            },
            {
              "link": {
                "data": "=",
                "type": "str"
              },
              "type": "o"
            },
            {
              "link": {
                "data": "{",
                "type": "str"
              },
              "type": ""
            },
            {
              "link": {
                "data": "\"",
                "type": "str"
              },
              "type": "s2"
            },
            {
              "link": {
                "data": "collection-name",
                "type": "str"
              },
              "type": "s2"
            },
            {
              "link": {
                "data": "\"",
                "type": "str"
              },
              "type": "s2"
            },
            {
              "link": {
                "data": ":",
                "type": "str"
              },
              "type": ""
            },
            {
              "link": {
                "data": " ",
                "type": "str"
              },
              "type": ""
            },
            {
              "link": {
                "data": "(",
                "type": "str"
              },
              "type": ""
            },
            {
              "link": {
                "data": "func",
                "type": "str"
              },
              "type": ""
            },
            {
              "link": {
                "data": ",",
                "type": "str"
              },
              "type": ""
            },
            {
              "link": {
                "data": " ",
                "type": "str"
              },
              "type": ""
            },
            {
              "link": {
                "data": "'",
                "type": "str"
              },
              "type": "s1"
            },
            {
              "link": {
                "data": "_0",
                "type": "str"
              },
              "type": "s1"
            },
            {
              "link": {
                "data": "'",
                "type": "str"
              },
              "type": "s1"
            },
            {
              "link": {
                "data": ")",
                "type": "str"
              },
              "type": ""
            },
            {
              "link": {
                "data": "}",
                "type": "str"
              },
              "type": ""
            },
            {
              "link": {
                "data": ",",
                "type": "str"
              },
              "type": ""
            },
            {
              "link": {
                "data": "\n",
                "type": "str"
              },
              "type": ""
            },
            {
              "link": {
                "data": "    ",
                "type": "str"
              },
              "type": ""
            },
            {
              "link": {
                "data": "indices",
                "type": "str"
              },
              "type": ""
            },
            {
              "link": {
                "data": "=",
                "type": "str"
              },
              "type": "o"
            },
            {
              "link": {
                "data": "[",
                "type": "str"
              },
              "type": ""
            },
            {
              "link": {
                "data": "(",
                "type": "str"
              },
              "type": ""
            },
            {
              "link": {
                "data": {
                  "exists": true,
                  "kind": "module",
                  "reference": {
                    "kind": "module",
                    "module": "dask",
                    "path": "dask.blockwise.BlockwiseDepDict",
                    "version": "2021.10.0"
                  },
                  "value": "dep"
                },
                "type": "Link"
              },
              "type": ""
            },
            {
              "link": {
                "data": ",",
                "type": "str"
              },
              "type": ""
            },
            {
              "link": {
                "data": " ",
                "type": "str"
              },
              "type": ""
            },
            {
              "link": {
                "data": "\"",
                "type": "str"
              },
              "type": "s2"
            },
            {
              "link": {
                "data": "i",
                "type": "str"
              },
              "type": "s2"
            },
            {
              "link": {
                "data": "\"",
                "type": "str"
              },
              "type": "s2"
            },
            {
              "link": {
                "data": ")",
                "type": "str"
              },
              "type": ""
            },
            {
              "link": {
                "data": "]",
                "type": "str"
              },
              "type": ""
            },
            {
              "link": {
                "data": ",",
                "type": "str"
              },
              "type": ""
            },
            {
              "link": {
                "data": "\n",
                "type": "str"
              },
              "type": ""
            },
            {
              "link": {
                "data": "    ",
                "type": "str"
              },
              "type": ""
            },
            {
              "link": {
                "data": "numblocks",
                "type": "str"
              },
              "type": ""
            },
            {
              "link": {
                "data": "=",
                "type": "str"
              },
              "type": "o"
            },
            {
              "link": {
                "data": "{",
                "type": "str"
              },
              "type": ""
            },
            {
              "link": {
                "data": "}",
                "type": "str"
              },
              "type": ""
            },
            {
              "link": {
                "data": ",",
                "type": "str"
              },
              "type": ""
            },
            {
              "link": {
                "data": "\n",
                "type": "str"
              },
              "type": ""
            },
            {
              "link": {
                "data": ")",
                "type": "str"
              },
              "type": ""
            }
          ],
          "out": ""
        },
        "type": "Code2"
      }
    ],
    "title": null
  },
  "item_file": "/dask/blockwise.py",
  "item_line": 101,
  "item_type": "<class 'type'>",
  "ordered_sections": [
    "Summary",
    "Extended Summary",
    "Examples",
    "See Also"
  ],
  "references": null,
  "see_also": [
    {
      "descriptions": [],
      "name": {
        "exists": true,
        "kind": "module",
        "reference": {
          "kind": "module",
          "module": "dask",
          "path": "dask.blockwise.Blockwise",
          "version": "2021.10.0"
        },
        "value": "dask.blockwise.Blockwise"
      },
      "type": null
    },
    {
      "descriptions": [],
      "name": {
        "exists": true,
        "kind": "module",
        "reference": {
          "kind": "module",
          "module": "dask",
          "path": "dask.blockwise.BlockwiseDep",
          "version": "2021.10.0"
        },
        "value": "dask.blockwise.BlockwiseDep"
      },
      "type": null
    }
  ],
  "signature": {
    "value": null
  }
}