{
  "_content": {
    "Attributes": {
      "children": [],
      "title": null
    },
    "Extended Summary": {
      "children": [
        {
          "data": {
            "children": [
              {
                "data": {
                  "value": "This docstring was copied from numpy.fft.fftfreq."
                },
                "type": "Words"
              }
            ]
          },
          "type": "Paragraph"
        },
        {
          "data": {
            "children": [
              {
                "data": {
                  "value": "Some inconsistencies with the Dask version may exist."
                },
                "type": "Words"
              }
            ]
          },
          "type": "Paragraph"
        },
        {
          "data": {
            "children": [
              {
                "data": {
                  "value": "The returned float array "
                },
                "type": "Words"
              },
              {
                "data": {
                  "exists": true,
                  "kind": "local",
                  "reference": {
                    "kind": "local",
                    "module": null,
                    "path": "f",
                    "version": null
                  },
                  "value": "f"
                },
                "type": "Link"
              },
              {
                "data": {
                  "value": " contains the frequency bin centers in cycles per unit of the sample spacing (with zero at the start).  For instance, if the sample spacing is in seconds, then the frequency unit is cycles/second."
                },
                "type": "Words"
              }
            ]
          },
          "type": "Paragraph"
        },
        {
          "data": {
            "children": [
              {
                "data": {
                  "value": "Given a window length "
                },
                "type": "Words"
              },
              {
                "data": {
                  "exists": true,
                  "kind": "local",
                  "reference": {
                    "kind": "local",
                    "module": null,
                    "path": "n",
                    "version": null
                  },
                  "value": "n"
                },
                "type": "Link"
              },
              {
                "data": {
                  "value": " and a sample spacing "
                },
                "type": "Words"
              },
              {
                "data": {
                  "exists": true,
                  "kind": "local",
                  "reference": {
                    "kind": "local",
                    "module": null,
                    "path": "d",
                    "version": null
                  },
                  "value": "d"
                },
                "type": "Link"
              },
              {
                "data": {
                  "value": "    "
                },
                "type": "Words"
              }
            ]
          },
          "type": "Paragraph"
        },
        {
          "data": {
            "value": "f = [0, 1, ...,   n/2-1,     -n/2, ..., -1] / (d*n)   if n is even\nf = [0, 1, ..., (n-1)/2, -(n-1)/2, ..., -1] / (d*n)   if n is odd"
          },
          "type": "BlockVerbatim"
        }
      ],
      "title": null
    },
    "Methods": {
      "children": [],
      "title": null
    },
    "Notes": {
      "children": [],
      "title": null
    },
    "Other Parameters": {
      "children": [],
      "title": null
    },
    "Parameters": {
      "children": [
        {
          "data": {
            "desc": [
              {
                "data": {
                  "children": [
                    {
                      "data": {
                        "value": "Window length."
                      },
                      "type": "Words"
                    }
                  ]
                },
                "type": "Paragraph"
              }
            ],
            "param": "n",
            "type_": "int"
          },
          "type": "Param"
        },
        {
          "data": {
            "desc": [
              {
                "data": {
                  "children": [
                    {
                      "data": {
                        "value": "Sample spacing (inverse of the sampling rate). Defaults to 1."
                      },
                      "type": "Words"
                    }
                  ]
                },
                "type": "Paragraph"
              }
            ],
            "param": "d",
            "type_": "scalar, optional"
          },
          "type": "Param"
        }
      ],
      "title": null
    },
    "Raises": {
      "children": [],
      "title": null
    },
    "Receives": {
      "children": [],
      "title": null
    },
    "Returns": {
      "children": [
        {
          "data": {
            "desc": [
              {
                "data": {
                  "children": [
                    {
                      "data": {
                        "value": "Array of length "
                      },
                      "type": "Words"
                    },
                    {
                      "data": {
                        "exists": true,
                        "kind": "local",
                        "reference": {
                          "kind": "local",
                          "module": null,
                          "path": "n",
                          "version": null
                        },
                        "value": "n"
                      },
                      "type": "Link"
                    },
                    {
                      "data": {
                        "value": " containing the sample frequencies."
                      },
                      "type": "Words"
                    }
                  ]
                },
                "type": "Paragraph"
              }
            ],
            "param": "f",
            "type_": "ndarray"
          },
          "type": "Param"
        }
      ],
      "title": null
    },
    "Summary": {
      "children": [
        {
          "data": {
            "children": [
              {
                "data": {
                  "value": "Return the Discrete Fourier Transform sample frequencies."
                },
                "type": "Words"
              }
            ]
          },
          "type": "Paragraph"
        }
      ],
      "title": null
    },
    "Warnings": {
      "children": [],
      "title": null
    },
    "Warns": {
      "children": [],
      "title": null
    },
    "Yields": {
      "children": [],
      "title": null
    }
  },
  "aliases": [
    "dask.array.fft.fftfreq"
  ],
  "arbitrary": [],
  "example_section_data": {
    "children": [
      {
        "data": {
          "ce_status": "compiled",
          "entries": [
            [
              "signal",
              "numpy.ndarray",
              ""
            ],
            [
              " ",
              "",
              ""
            ],
            [
              "=",
              "",
              "o"
            ],
            [
              " ",
              "",
              ""
            ],
            [
              "np",
              "numpy",
              ""
            ],
            [
              ".",
              "",
              "o"
            ],
            [
              "array",
              "numpy.array",
              ""
            ],
            [
              "(",
              "",
              ""
            ],
            [
              "[",
              "",
              ""
            ],
            [
              "-",
              "",
              "o"
            ],
            [
              "2",
              "",
              "mi"
            ],
            [
              ",",
              "",
              ""
            ],
            [
              " ",
              "",
              ""
            ],
            [
              "8",
              "",
              "mi"
            ],
            [
              ",",
              "",
              ""
            ],
            [
              " ",
              "",
              ""
            ],
            [
              "6",
              "",
              "mi"
            ],
            [
              ",",
              "",
              ""
            ],
            [
              " ",
              "",
              ""
            ],
            [
              "4",
              "",
              "mi"
            ],
            [
              ",",
              "",
              ""
            ],
            [
              " ",
              "",
              ""
            ],
            [
              "1",
              "",
              "mi"
            ],
            [
              ",",
              "",
              ""
            ],
            [
              " ",
              "",
              ""
            ],
            [
              "0",
              "",
              "mi"
            ],
            [
              ",",
              "",
              ""
            ],
            [
              " ",
              "",
              ""
            ],
            [
              "3",
              "",
              "mi"
            ],
            [
              ",",
              "",
              ""
            ],
            [
              " ",
              "",
              ""
            ],
            [
              "5",
              "",
              "mi"
            ],
            [
              "]",
              "",
              ""
            ],
            [
              ",",
              "",
              ""
            ],
            [
              " ",
              "",
              ""
            ],
            [
              "dtype",
              null,
              ""
            ],
            [
              "=",
              "",
              "o"
            ],
            [
              "float",
              "builtins.float",
              "nb"
            ],
            [
              ")",
              "",
              ""
            ],
            [
              "  ",
              "",
              ""
            ],
            [
              "# doctest: +SKIP",
              "",
              "c1"
            ],
            [
              "\n",
              "",
              ""
            ],
            [
              "fourier",
              "numpy.ndarray",
              ""
            ],
            [
              " ",
              "",
              ""
            ],
            [
              "=",
              "",
              "o"
            ],
            [
              " ",
              "",
              ""
            ],
            [
              "np",
              "numpy",
              ""
            ],
            [
              ".",
              "",
              "o"
            ],
            [
              "fft",
              "numpy.fft",
              ""
            ],
            [
              ".",
              "",
              "o"
            ],
            [
              "fft",
              "numpy.fft.fft",
              ""
            ],
            [
              "(",
              "",
              ""
            ],
            [
              "signal",
              "numpy.ndarray",
              ""
            ],
            [
              ")",
              "",
              ""
            ],
            [
              "  ",
              "",
              ""
            ],
            [
              "# doctest: +SKIP",
              "",
              "c1"
            ],
            [
              "\n",
              "",
              ""
            ],
            [
              "n",
              "numpy.ndarray.size",
              ""
            ],
            [
              " ",
              "",
              ""
            ],
            [
              "=",
              "",
              "o"
            ],
            [
              " ",
              "",
              ""
            ],
            [
              "signal",
              "numpy.ndarray",
              ""
            ],
            [
              ".",
              "",
              "o"
            ],
            [
              "size",
              "numpy.ndarray.size",
              ""
            ],
            [
              "  ",
              "",
              ""
            ],
            [
              "# doctest: +SKIP",
              "",
              "c1"
            ],
            [
              "\n",
              "",
              ""
            ],
            [
              "timestep",
              "builtins.float",
              ""
            ],
            [
              " ",
              "",
              ""
            ],
            [
              "=",
              "",
              "o"
            ],
            [
              " ",
              "",
              ""
            ],
            [
              "0.1",
              "",
              "mf"
            ],
            [
              "  ",
              "",
              ""
            ],
            [
              "# doctest: +SKIP",
              "",
              "c1"
            ],
            [
              "\n",
              "",
              ""
            ],
            [
              "freq",
              "builtins.float",
              ""
            ],
            [
              " ",
              "",
              ""
            ],
            [
              "=",
              "",
              "o"
            ],
            [
              " ",
              "",
              ""
            ],
            [
              "np",
              "numpy",
              ""
            ],
            [
              ".",
              "",
              "o"
            ],
            [
              "fft",
              "numpy.fft",
              ""
            ],
            [
              ".",
              "",
              "o"
            ],
            [
              "fftfreq",
              "numpy.fft.fftfreq",
              ""
            ],
            [
              "(",
              "",
              ""
            ],
            [
              "n",
              "numpy.ndarray.size",
              ""
            ],
            [
              ",",
              "",
              ""
            ],
            [
              " ",
              "",
              ""
            ],
            [
              "d",
              null,
              ""
            ],
            [
              "=",
              "",
              "o"
            ],
            [
              "timestep",
              "builtins.float",
              ""
            ],
            [
              ")",
              "",
              ""
            ],
            [
              "  ",
              "",
              ""
            ],
            [
              "# doctest: +SKIP",
              "",
              "c1"
            ],
            [
              "\n",
              "",
              ""
            ],
            [
              "freq",
              "builtins.float",
              ""
            ],
            [
              "  ",
              "",
              ""
            ],
            [
              "# doctest: +SKIP",
              "",
              "c1"
            ]
          ],
          "out": "array([ 0.  ,  1.25,  2.5 , ..., -3.75, -2.5 , -1.25])"
        },
        "type": "Code"
      }
    ],
    "title": null
  },
  "item_file": "/dask/array/fft.py",
  "item_line": 241,
  "item_type": "<class 'function'>",
  "ordered_sections": [
    "Summary",
    "Extended Summary",
    "Parameters",
    "Returns",
    "Examples"
  ],
  "references": null,
  "refs": [
    "builtins.float",
    "numpy",
    "numpy.array",
    "numpy.fft",
    "numpy.fft.fft",
    "numpy.fft.fftfreq",
    "numpy.ndarray",
    "numpy.ndarray.size"
  ],
  "see_also": [],
  "signature": {
    "value": "fftfreq(n, d=1.0, chunks='auto')"
  }
}