{
  "_content": {
    "Attributes": {
      "children": [],
      "title": null
    },
    "Extended Summary": {
      "children": [],
      "title": null
    },
    "Methods": {
      "children": [],
      "title": null
    },
    "Notes": {
      "children": [],
      "title": null
    },
    "Other Parameters": {
      "children": [],
      "title": null
    },
    "Parameters": {
      "children": [
        {
          "data": {
            "desc": [
              {
                "data": {
                  "children": [
                    {
                      "data": {
                        "value": "Data being reduced along one or more axes"
                      },
                      "type": "Words"
                    }
                  ]
                },
                "type": "Paragraph"
              }
            ],
            "param": "x: Array",
            "type_": ""
          },
          "type": "Param"
        },
        {
          "data": {
            "desc": [
              {
                "data": {
                  "children": [
                    {
                      "data": {
                        "value": "First function to be executed when resolving the dask graph. This function is applied in parallel to all original chunks of x. See below for function parameters."
                      },
                      "type": "Words"
                    }
                  ]
                },
                "type": "Paragraph"
              }
            ],
            "param": "chunk: callable(x_chunk, axis, keepdims)",
            "type_": ""
          },
          "type": "Param"
        },
        {
          "data": {
            "desc": [
              {
                "data": {
                  "children": [
                    {
                      "data": {
                        "value": "Function used for intermediate recursive aggregation (see split_every below). If omitted, it defaults to aggregate. If the reduction can be performed in less than 3 steps, it will not be invoked at all."
                      },
                      "type": "Words"
                    }
                  ]
                },
                "type": "Paragraph"
              }
            ],
            "param": "combine: callable(x_chunk, axis, keepdims), optional",
            "type_": ""
          },
          "type": "Param"
        },
        {
          "data": {
            "desc": [
              {
                "data": {
                  "children": [
                    {
                      "data": {
                        "value": "Last function to be executed when resolving the dask graph, producing the final output. It is always invoked, even when the reduced Array counts a single chunk along the reduced axes."
                      },
                      "type": "Words"
                    }
                  ]
                },
                "type": "Paragraph"
              }
            ],
            "param": "aggregate: callable(x_chunk, axis, keepdims)",
            "type_": ""
          },
          "type": "Param"
        },
        {
          "data": {
            "desc": [
              {
                "data": {
                  "children": [
                    {
                      "data": {
                        "value": "Axis or axes to aggregate upon. If omitted, aggregate along all axes."
                      },
                      "type": "Words"
                    }
                  ]
                },
                "type": "Paragraph"
              }
            ],
            "param": "axis: int or sequence of ints, optional",
            "type_": ""
          },
          "type": "Param"
        },
        {
          "data": {
            "desc": [
              {
                "data": {
                  "children": [
                    {
                      "data": {
                        "value": "Whether the reduction function should preserve the reduced axes, leaving them at size "
                      },
                      "type": "Words"
                    },
                    {
                      "data": {
                        "value": [
                          "output_size"
                        ]
                      },
                      "type": "Verbatim"
                    },
                    {
                      "data": {
                        "value": ", or remove them."
                      },
                      "type": "Words"
                    }
                  ]
                },
                "type": "Paragraph"
              }
            ],
            "param": "keepdims: boolean, optional",
            "type_": ""
          },
          "type": "Param"
        },
        {
          "data": {
            "desc": [
              {
                "data": {
                  "children": [
                    {
                      "data": {
                        "value": "data type of output. This argument was previously optional, but leaving as "
                      },
                      "type": "Words"
                    },
                    {
                      "data": {
                        "value": [
                          "None"
                        ]
                      },
                      "type": "Verbatim"
                    },
                    {
                      "data": {
                        "value": " will now raise an exception."
                      },
                      "type": "Words"
                    }
                  ]
                },
                "type": "Paragraph"
              }
            ],
            "param": "dtype: np.dtype",
            "type_": ""
          },
          "type": "Param"
        },
        {
          "data": {
            "desc": [
              {
                "data": {
                  "children": [
                    {
                      "data": {
                        "value": "Determines the depth of the recursive aggregation. If set to or more than the number of input chunks, the aggregation will be performed in two steps, one "
                      },
                      "type": "Words"
                    },
                    {
                      "data": {
                        "value": [
                          "chunk"
                        ]
                      },
                      "type": "Verbatim"
                    },
                    {
                      "data": {
                        "value": " function per input chunk and a single "
                      },
                      "type": "Words"
                    },
                    {
                      "data": {
                        "value": [
                          "aggregate"
                        ]
                      },
                      "type": "Verbatim"
                    },
                    {
                      "data": {
                        "value": " function at the end. If set to less than that, an intermediate "
                      },
                      "type": "Words"
                    },
                    {
                      "data": {
                        "value": [
                          "combine"
                        ]
                      },
                      "type": "Verbatim"
                    },
                    {
                      "data": {
                        "value": " function will be used, so that any one "
                      },
                      "type": "Words"
                    },
                    {
                      "data": {
                        "value": [
                          "combine"
                        ]
                      },
                      "type": "Verbatim"
                    },
                    {
                      "data": {
                        "value": " or "
                      },
                      "type": "Words"
                    },
                    {
                      "data": {
                        "value": [
                          "aggregate"
                        ]
                      },
                      "type": "Verbatim"
                    },
                    {
                      "data": {
                        "value": " function has no more than "
                      },
                      "type": "Words"
                    },
                    {
                      "data": {
                        "value": [
                          "split_every"
                        ]
                      },
                      "type": "Verbatim"
                    },
                    {
                      "data": {
                        "value": " inputs. The depth of the aggregation graph will be "
                      },
                      "type": "Words"
                    },
                    {
                      "data": {
                        "value": [
                          "log_{split_every}(input chunks along reduced axes)"
                        ]
                      },
                      "type": "Math"
                    },
                    {
                      "data": {
                        "value": ". Setting to a low value can reduce cache size and network transfers, at the cost of more CPU and a larger dask graph."
                      },
                      "type": "Words"
                    }
                  ]
                },
                "type": "Paragraph"
              },
              {
                "data": {
                  "children": [
                    {
                      "data": {
                        "value": "Omit to let dask heuristically decide a good default. A default can also be set globally with the "
                      },
                      "type": "Words"
                    },
                    {
                      "data": {
                        "value": [
                          "split_every"
                        ]
                      },
                      "type": "Verbatim"
                    },
                    {
                      "data": {
                        "value": " key in "
                      },
                      "type": "Words"
                    },
                    {
                      "data": {
                        "value": [
                          "dask.config"
                        ]
                      },
                      "type": "Verbatim"
                    },
                    {
                      "data": {
                        "value": "."
                      },
                      "type": "Words"
                    }
                  ]
                },
                "type": "Paragraph"
              }
            ],
            "param": "split_every: int >= 2 or dict(axis: int), optional",
            "type_": ""
          },
          "type": "Param"
        },
        {
          "data": {
            "desc": [
              {
                "data": {
                  "children": [
                    {
                      "data": {
                        "value": "Prefix of the keys of the intermediate and output nodes. If omitted it defaults to the function names."
                      },
                      "type": "Words"
                    }
                  ]
                },
                "type": "Paragraph"
              }
            ],
            "param": "name: str, optional",
            "type_": ""
          },
          "type": "Param"
        },
        {
          "data": {
            "desc": [
              {
                "data": {
                  "children": [
                    {
                      "data": {
                        "value": "Another dask array whose contents will be replaced. Omit to create a new one. Note that, unlike in numpy, this setting gives no performance benefits whatsoever, but can still be useful  if one needs to preserve the references to a previously existing Array."
                      },
                      "type": "Words"
                    }
                  ]
                },
                "type": "Paragraph"
              }
            ],
            "param": "out: Array, optional",
            "type_": ""
          },
          "type": "Param"
        },
        {
          "data": {
            "desc": [
              {
                "data": {
                  "children": [
                    {
                      "data": {
                        "value": "If True (the default), the outputs of the "
                      },
                      "type": "Words"
                    },
                    {
                      "data": {
                        "value": [
                          "chunk"
                        ]
                      },
                      "type": "Verbatim"
                    },
                    {
                      "data": {
                        "value": "/"
                      },
                      "type": "Words"
                    },
                    {
                      "data": {
                        "value": [
                          "combine"
                        ]
                      },
                      "type": "Verbatim"
                    },
                    {
                      "data": {
                        "value": " functions are concatenated into a single np.array before being passed to the "
                      },
                      "type": "Words"
                    },
                    {
                      "data": {
                        "value": [
                          "combine"
                        ]
                      },
                      "type": "Verbatim"
                    },
                    {
                      "data": {
                        "value": "/"
                      },
                      "type": "Words"
                    },
                    {
                      "data": {
                        "value": [
                          "aggregate"
                        ]
                      },
                      "type": "Verbatim"
                    },
                    {
                      "data": {
                        "value": " functions. If False, the input of "
                      },
                      "type": "Words"
                    },
                    {
                      "data": {
                        "value": [
                          "combine"
                        ]
                      },
                      "type": "Verbatim"
                    },
                    {
                      "data": {
                        "value": " and "
                      },
                      "type": "Words"
                    },
                    {
                      "data": {
                        "value": [
                          "aggregate"
                        ]
                      },
                      "type": "Verbatim"
                    },
                    {
                      "data": {
                        "value": " will be either a list of the raw outputs of the previous step or a single output, and the function will have to concatenate it itself. It can be useful to set this to False if the chunk and/or combine steps do not produce np.arrays."
                      },
                      "type": "Words"
                    }
                  ]
                },
                "type": "Paragraph"
              }
            ],
            "param": "concatenate: bool, optional",
            "type_": ""
          },
          "type": "Param"
        },
        {
          "data": {
            "desc": [
              {
                "data": {
                  "children": [
                    {
                      "data": {
                        "value": "Size of the output of the "
                      },
                      "type": "Words"
                    },
                    {
                      "data": {
                        "value": [
                          "aggregate"
                        ]
                      },
                      "type": "Verbatim"
                    },
                    {
                      "data": {
                        "value": " function along the reduced axes. Ignored if keepdims is False."
                      },
                      "type": "Words"
                    }
                  ]
                },
                "type": "Paragraph"
              }
            ],
            "param": "output_size: int >= 1, optional",
            "type_": ""
          },
          "type": "Param"
        }
      ],
      "title": null
    },
    "Raises": {
      "children": [],
      "title": null
    },
    "Receives": {
      "children": [],
      "title": null
    },
    "Returns": {
      "children": [
        {
          "data": {
            "desc": [],
            "param": "",
            "type_": "dask array"
          },
          "type": "Param"
        },
        {
          "data": {
            "desc": [],
            "param": "",
            "type_": "**Function Parameters**"
          },
          "type": "Param"
        },
        {
          "data": {
            "desc": [
              {
                "data": {
                  "children": [
                    {
                      "data": {
                        "value": "Individual input chunk. For "
                      },
                      "type": "Words"
                    },
                    {
                      "data": {
                        "value": [
                          "chunk"
                        ]
                      },
                      "type": "Verbatim"
                    },
                    {
                      "data": {
                        "value": " functions, it is one of the original chunks of x. For "
                      },
                      "type": "Words"
                    },
                    {
                      "data": {
                        "value": [
                          "combine"
                        ]
                      },
                      "type": "Verbatim"
                    },
                    {
                      "data": {
                        "value": " and "
                      },
                      "type": "Words"
                    },
                    {
                      "data": {
                        "value": [
                          "aggregate"
                        ]
                      },
                      "type": "Verbatim"
                    },
                    {
                      "data": {
                        "value": " functions, it's the concatenation of the outputs produced by the previous "
                      },
                      "type": "Words"
                    },
                    {
                      "data": {
                        "value": [
                          "chunk"
                        ]
                      },
                      "type": "Verbatim"
                    },
                    {
                      "data": {
                        "value": " or "
                      },
                      "type": "Words"
                    },
                    {
                      "data": {
                        "value": [
                          "combine"
                        ]
                      },
                      "type": "Verbatim"
                    },
                    {
                      "data": {
                        "value": " functions. If concatenate=False, it's a list of the raw outputs from the previous functions."
                      },
                      "type": "Words"
                    }
                  ]
                },
                "type": "Paragraph"
              }
            ],
            "param": "",
            "type_": "x_chunk: numpy.ndarray"
          },
          "type": "Param"
        },
        {
          "data": {
            "desc": [
              {
                "data": {
                  "children": [
                    {
                      "data": {
                        "value": "Normalized list of axes to reduce upon, e.g. "
                      },
                      "type": "Words"
                    },
                    {
                      "data": {
                        "value": [
                          "(0, )"
                        ]
                      },
                      "type": "Verbatim"
                    },
                    {
                      "data": {
                        "value": " Scalar, negative, and None axes have been normalized away. Note that some numpy reduction functions cannot reduce along multiple axes at once and strictly require an int in input. Such functions have to be wrapped to cope."
                      },
                      "type": "Words"
                    }
                  ]
                },
                "type": "Paragraph"
              }
            ],
            "param": "",
            "type_": "axis: tuple"
          },
          "type": "Param"
        },
        {
          "data": {
            "desc": [
              {
                "data": {
                  "children": [
                    {
                      "data": {
                        "value": "Whether the reduction function should preserve the reduced axes or remove them."
                      },
                      "type": "Words"
                    }
                  ]
                },
                "type": "Paragraph"
              }
            ],
            "param": "",
            "type_": "keepdims: bool"
          },
          "type": "Param"
        }
      ],
      "title": null
    },
    "Summary": {
      "children": [
        {
          "data": {
            "children": [
              {
                "data": {
                  "value": "General version of reductions"
                },
                "type": "Words"
              }
            ]
          },
          "type": "Paragraph"
        }
      ],
      "title": null
    },
    "Warnings": {
      "children": [],
      "title": null
    },
    "Warns": {
      "children": [],
      "title": null
    },
    "Yields": {
      "children": [],
      "title": null
    }
  },
  "aliases": [
    "dask.array.reduction"
  ],
  "arbitrary": [],
  "example_section_data": {
    "children": [],
    "title": null
  },
  "item_file": "/dask/array/reductions.py",
  "item_line": 41,
  "item_type": "<class 'function'>",
  "ordered_sections": [
    "Summary",
    "Parameters",
    "Returns"
  ],
  "references": null,
  "refs": [],
  "see_also": [],
  "signature": {
    "value": "reduction(x, chunk, aggregate, axis=None, keepdims=False, dtype=None, split_every=None, combine=None, name=None, out=None, concatenate=True, output_size=1, meta=None)"
  }
}