{
  "aliases": [
    "dask.array.core.is_scalar_for_elemwise"
  ],
  "arbitrary": [],
  "content": {
    "Attributes": {
      "children": [],
      "title": null
    },
    "Extended Summary": {
      "children": [],
      "title": null
    },
    "Methods": {
      "children": [],
      "title": null
    },
    "Notes": {
      "children": [],
      "title": null
    },
    "Other Parameters": {
      "children": [],
      "title": null
    },
    "Parameters": {
      "children": [],
      "title": null
    },
    "Raises": {
      "children": [],
      "title": null
    },
    "Receives": {
      "children": [],
      "title": null
    },
    "Returns": {
      "children": [],
      "title": null
    },
    "Summary": {
      "children": [
        {
          "data": {
            "value": ">>> is_scalar_for_elemwise(42)\nTrue\n>>> is_scalar_for_elemwise('foo')\nTrue\n>>> is_scalar_for_elemwise(True)\nTrue\n>>> is_scalar_for_elemwise(np.array(42))\nTrue\n>>> is_scalar_for_elemwise([1, 2, 3])\nTrue\n>>> is_scalar_for_elemwise(np.array([1, 2, 3]))\nFalse\n>>> is_scalar_for_elemwise(from_array(np.array(0), chunks=()))\nFalse\n>>> is_scalar_for_elemwise(np.dtype('i4'))\nTrue"
          },
          "type": "BlockVerbatim"
        }
      ],
      "title": null
    },
    "Warnings": {
      "children": [],
      "title": null
    },
    "Warns": {
      "children": [],
      "title": null
    },
    "Yields": {
      "children": [],
      "title": null
    }
  },
  "example_section_data": {
    "children": [],
    "title": null
  },
  "item_file": "/dask/array/core.py",
  "item_line": 4317,
  "item_type": "<class 'function'>",
  "ordered_sections": [
    "Summary",
    "Extended Summary"
  ],
  "references": null,
  "see_also": [],
  "signature": {
    "value": "is_scalar_for_elemwise(arg)"
  }
}