{
  "_content": {
    "Summary": {
      "children": [
        {
          "type": "DefList",
          "data": {
            "children": [
              {
                "lines": {
                  "_lines": []
                },
                "wh": {
                  "_lines": []
                },
                "ind": {
                  "_lines": []
                },
                "dt": {
                  "inline": [
                    {
                      "type": "Words",
                      "data": {
                        "value": "x: nd-array"
                      }
                    }
                  ],
                  "inner": []
                },
                "dd": [
                  {
                    "type": "Paragraph",
                    "data": {
                      "inline": [
                        {
                          "type": "Words",
                          "data": {
                            "value": "array of one block"
                          }
                        }
                      ],
                      "inner": []
                    }
                  }
                ]
              },
              {
                "lines": {
                  "_lines": []
                },
                "wh": {
                  "_lines": []
                },
                "ind": {
                  "_lines": []
                },
                "dt": {
                  "inline": [
                    {
                      "type": "Words",
                      "data": {
                        "value": "coord: 1d-array or scalar"
                      }
                    }
                  ],
                  "inner": []
                },
                "dd": [
                  {
                    "type": "Paragraph",
                    "data": {
                      "inline": [
                        {
                          "type": "Words",
                          "data": {
                            "value": "coordinate along which the gradient is computed."
                          }
                        }
                      ],
                      "inner": []
                    }
                  }
                ]
              },
              {
                "lines": {
                  "_lines": []
                },
                "wh": {
                  "_lines": []
                },
                "ind": {
                  "_lines": []
                },
                "dt": {
                  "inline": [
                    {
                      "type": "Words",
                      "data": {
                        "value": "axis: int"
                      }
                    }
                  ],
                  "inner": []
                },
                "dd": [
                  {
                    "type": "Paragraph",
                    "data": {
                      "inline": [
                        {
                          "type": "Words",
                          "data": {
                            "value": "axis along which the gradient is computed"
                          }
                        }
                      ],
                      "inner": []
                    }
                  }
                ]
              },
              {
                "lines": {
                  "_lines": []
                },
                "wh": {
                  "_lines": []
                },
                "ind": {
                  "_lines": []
                },
                "dt": {
                  "inline": [
                    {
                      "type": "Words",
                      "data": {
                        "value": "array_locs:"
                      }
                    }
                  ],
                  "inner": []
                },
                "dd": [
                  {
                    "type": "Paragraph",
                    "data": {
                      "inline": [
                        {
                          "type": "Words",
                          "data": {
                            "value": "actual location along axis. None if coordinate is scalar"
                          }
                        }
                      ],
                      "inner": []
                    }
                  }
                ]
              },
              {
                "lines": {
                  "_lines": []
                },
                "wh": {
                  "_lines": []
                },
                "ind": {
                  "_lines": []
                },
                "dt": {
                  "inline": [
                    {
                      "type": "Words",
                      "data": {
                        "value": "grad_kwargs:"
                      }
                    }
                  ],
                  "inner": []
                },
                "dd": [
                  {
                    "type": "Paragraph",
                    "data": {
                      "inline": [
                        {
                          "type": "Words",
                          "data": {
                            "value": "keyword to be passed to np.gradient"
                          }
                        }
                      ],
                      "inner": []
                    }
                  }
                ]
              }
            ]
          }
        }
      ],
      "title": null
    },
    "Extended Summary": {
      "children": [],
      "title": null
    },
    "Parameters": {
      "children": [],
      "title": null
    },
    "Returns": {
      "children": [],
      "title": null
    },
    "Yields": {
      "children": [],
      "title": null
    },
    "Receives": {
      "children": [],
      "title": null
    },
    "Raises": {
      "children": [],
      "title": null
    },
    "Warns": {
      "children": [],
      "title": null
    },
    "Other Parameters": {
      "children": [],
      "title": null
    },
    "Attributes": {
      "children": [],
      "title": null
    },
    "Methods": {
      "children": [],
      "title": null
    },
    "Notes": {
      "children": [],
      "title": null
    },
    "Warnings": {
      "children": [],
      "title": null
    }
  },
  "refs": [],
  "ordered_sections": [
    "Summary",
    "Extended Summary"
  ],
  "item_file": "/dask/array/routines.py",
  "item_line": 592,
  "item_type": "<class 'function'>",
  "aliases": [
    "dask.array.routines._gradient_kernel"
  ],
  "example_section_data": {
    "children": [],
    "title": null
  },
  "see_also": [],
  "signature": "_gradient_kernel(x, block_id, coord, axis, array_locs, grad_kwargs)",
  "references": null,
  "arbitrary": []
}