{
  "_content": {
    "Attributes": {
      "children": [],
      "title": null
    },
    "Extended Summary": {
      "children": [
        {
          "data": {
            "inline": [
              {
                "data": {
                  "value": "Applies a function, "
                },
                "type": "Words"
              },
              {
                "data": {
                  "value": [
                    "func"
                  ]
                },
                "type": "Verbatim"
              },
              {
                "data": {
                  "value": ", across blocks from many different input collections.  We arrange the pattern with which those blocks interact with sets of matching indices.  E.g.::      "
                },
                "type": "Words"
              }
            ],
            "inner": []
          },
          "type": "Paragraph"
        },
        {
          "data": {
            "value": "make_blockwise_graph(func, 'z', 'i', 'x', 'i', 'y', 'i')"
          },
          "type": "BlockVerbatim"
        },
        {
          "data": {
            "inline": [
              {
                "data": {
                  "value": "yield an embarrassingly parallel communication pattern and is read as"
                },
                "type": "Words"
              }
            ],
            "inner": []
          },
          "type": "Paragraph"
        },
        {
          "data": {
            "value": [
              "$$ z_i = func(x_i, y_i) $$"
            ]
          },
          "type": "BlockQuote"
        },
        {
          "data": {
            "inline": [
              {
                "data": {
                  "value": "More complex patterns may emerge, including multiple indices::      "
                },
                "type": "Words"
              }
            ],
            "inner": []
          },
          "type": "Paragraph"
        },
        {
          "data": {
            "value": "make_blockwise_graph(func, 'z', 'ij', 'x', 'ij', 'y', 'ji')\n\n$$ z_{ij} = func(x_{ij}, y_{ji}) $$"
          },
          "type": "BlockVerbatim"
        },
        {
          "data": {
            "inline": [
              {
                "data": {
                  "value": "Indices missing in the output but present in the inputs results in many inputs being sent to one function (see examples)."
                },
                "type": "Words"
              }
            ],
            "inner": []
          },
          "type": "Paragraph"
        }
      ],
      "title": null
    },
    "Methods": {
      "children": [],
      "title": null
    },
    "Notes": {
      "children": [],
      "title": null
    },
    "Other Parameters": {
      "children": [],
      "title": null
    },
    "Parameters": {
      "children": [],
      "title": null
    },
    "Raises": {
      "children": [],
      "title": null
    },
    "Receives": {
      "children": [],
      "title": null
    },
    "Returns": {
      "children": [],
      "title": null
    },
    "Summary": {
      "children": [
        {
          "data": {
            "inline": [
              {
                "data": {
                  "value": "Tensor operation"
                },
                "type": "Words"
              }
            ],
            "inner": []
          },
          "type": "Paragraph"
        }
      ],
      "title": null
    },
    "Warnings": {
      "children": [],
      "title": null
    },
    "Warns": {
      "children": [],
      "title": null
    },
    "Yields": {
      "children": [],
      "title": null
    }
  },
  "aliases": [
    "dask.blockwise.make_blockwise_graph"
  ],
  "arbitrary": [],
  "example_section_data": {
    "children": [
      {
        "data": {
          "inline": [
            {
              "data": {
                "value": "Simple embarrassing map operation"
              },
              "type": "Words"
            }
          ],
          "inner": []
        },
        "type": "Paragraph"
      },
      {
        "data": {
          "ce_status": "compiled",
          "entries": [
            [
              "inc",
              null,
              ""
            ],
            [
              " ",
              "",
              ""
            ],
            [
              "=",
              "",
              "o"
            ],
            [
              " ",
              "",
              ""
            ],
            [
              "lambda",
              null,
              "k"
            ],
            [
              " ",
              "",
              ""
            ],
            [
              "x",
              null,
              ""
            ],
            [
              ":",
              "",
              ""
            ],
            [
              " ",
              "",
              ""
            ],
            [
              "x",
              null,
              ""
            ],
            [
              " ",
              "",
              ""
            ],
            [
              "+",
              "",
              "o"
            ],
            [
              " ",
              "",
              ""
            ],
            [
              "1",
              "",
              "mi"
            ],
            [
              "\n",
              "",
              ""
            ],
            [
              "make_blockwise_graph",
              "dask.blockwise.make_blockwise_graph",
              ""
            ],
            [
              "(",
              "",
              ""
            ],
            [
              "inc",
              null,
              ""
            ],
            [
              ",",
              "",
              ""
            ],
            [
              " ",
              "",
              ""
            ],
            [
              "'",
              "",
              "s1"
            ],
            [
              "z",
              null,
              "s1"
            ],
            [
              "'",
              "",
              "s1"
            ],
            [
              ",",
              "",
              ""
            ],
            [
              " ",
              "",
              ""
            ],
            [
              "'",
              "",
              "s1"
            ],
            [
              "ij",
              null,
              "s1"
            ],
            [
              "'",
              "",
              "s1"
            ],
            [
              ",",
              "",
              ""
            ],
            [
              " ",
              "",
              ""
            ],
            [
              "'",
              "",
              "s1"
            ],
            [
              "x",
              null,
              "s1"
            ],
            [
              "'",
              "",
              "s1"
            ],
            [
              ",",
              "",
              ""
            ],
            [
              " ",
              "",
              ""
            ],
            [
              "'",
              "",
              "s1"
            ],
            [
              "ij",
              null,
              "s1"
            ],
            [
              "'",
              "",
              "s1"
            ],
            [
              ",",
              "",
              ""
            ],
            [
              " ",
              "",
              ""
            ],
            [
              "numblocks",
              null,
              ""
            ],
            [
              "=",
              "",
              "o"
            ],
            [
              "{",
              "",
              ""
            ],
            [
              "'",
              "",
              "s1"
            ],
            [
              "x",
              null,
              "s1"
            ],
            [
              "'",
              "",
              "s1"
            ],
            [
              ":",
              "",
              ""
            ],
            [
              " ",
              "",
              ""
            ],
            [
              "(",
              "",
              ""
            ],
            [
              "2",
              "",
              "mi"
            ],
            [
              ",",
              "",
              ""
            ],
            [
              " ",
              "",
              ""
            ],
            [
              "2",
              "",
              "mi"
            ],
            [
              ")",
              "",
              ""
            ],
            [
              "}",
              "",
              ""
            ],
            [
              ")",
              "",
              ""
            ],
            [
              "  ",
              "",
              ""
            ],
            [
              "# doctest: +SKIP",
              "",
              "c1"
            ]
          ],
          "out": "{('z', 0, 0): (inc, ('x', 0, 0)),\n ('z', 0, 1): (inc, ('x', 0, 1)),\n ('z', 1, 0): (inc, ('x', 1, 0)),\n ('z', 1, 1): (inc, ('x', 1, 1))}"
        },
        "type": "Code"
      },
      {
        "data": {
          "inline": [
            {
              "data": {
                "value": "Simple operation on two datasets"
              },
              "type": "Words"
            }
          ],
          "inner": []
        },
        "type": "Paragraph"
      },
      {
        "data": {
          "ce_status": "compiled",
          "entries": [
            [
              "add",
              null,
              ""
            ],
            [
              " ",
              "",
              ""
            ],
            [
              "=",
              "",
              "o"
            ],
            [
              " ",
              "",
              ""
            ],
            [
              "lambda",
              null,
              "k"
            ],
            [
              " ",
              "",
              ""
            ],
            [
              "x",
              null,
              ""
            ],
            [
              ",",
              "",
              ""
            ],
            [
              " ",
              "",
              ""
            ],
            [
              "y",
              null,
              ""
            ],
            [
              ":",
              "",
              ""
            ],
            [
              " ",
              "",
              ""
            ],
            [
              "x",
              null,
              ""
            ],
            [
              " ",
              "",
              ""
            ],
            [
              "+",
              "",
              "o"
            ],
            [
              " ",
              "",
              ""
            ],
            [
              "y",
              null,
              ""
            ],
            [
              "\n",
              "",
              ""
            ],
            [
              "make_blockwise_graph",
              "dask.blockwise.make_blockwise_graph",
              ""
            ],
            [
              "(",
              "",
              ""
            ],
            [
              "add",
              null,
              ""
            ],
            [
              ",",
              "",
              ""
            ],
            [
              " ",
              "",
              ""
            ],
            [
              "'",
              "",
              "s1"
            ],
            [
              "z",
              null,
              "s1"
            ],
            [
              "'",
              "",
              "s1"
            ],
            [
              ",",
              "",
              ""
            ],
            [
              " ",
              "",
              ""
            ],
            [
              "'",
              "",
              "s1"
            ],
            [
              "ij",
              null,
              "s1"
            ],
            [
              "'",
              "",
              "s1"
            ],
            [
              ",",
              "",
              ""
            ],
            [
              " ",
              "",
              ""
            ],
            [
              "'",
              "",
              "s1"
            ],
            [
              "x",
              null,
              "s1"
            ],
            [
              "'",
              "",
              "s1"
            ],
            [
              ",",
              "",
              ""
            ],
            [
              " ",
              "",
              ""
            ],
            [
              "'",
              "",
              "s1"
            ],
            [
              "ij",
              null,
              "s1"
            ],
            [
              "'",
              "",
              "s1"
            ],
            [
              ",",
              "",
              ""
            ],
            [
              " ",
              "",
              ""
            ],
            [
              "'",
              "",
              "s1"
            ],
            [
              "y",
              null,
              "s1"
            ],
            [
              "'",
              "",
              "s1"
            ],
            [
              ",",
              "",
              ""
            ],
            [
              " ",
              "",
              ""
            ],
            [
              "'",
              "",
              "s1"
            ],
            [
              "ij",
              null,
              "s1"
            ],
            [
              "'",
              "",
              "s1"
            ],
            [
              ",",
              "",
              ""
            ],
            [
              " ",
              "",
              ""
            ],
            [
              "numblocks",
              null,
              ""
            ],
            [
              "=",
              "",
              "o"
            ],
            [
              "{",
              "",
              ""
            ],
            [
              "'",
              "",
              "s1"
            ],
            [
              "x",
              null,
              "s1"
            ],
            [
              "'",
              "",
              "s1"
            ],
            [
              ":",
              "",
              ""
            ],
            [
              " ",
              "",
              ""
            ],
            [
              "(",
              "",
              ""
            ],
            [
              "2",
              "",
              "mi"
            ],
            [
              ",",
              "",
              ""
            ],
            [
              " ",
              "",
              ""
            ],
            [
              "2",
              "",
              "mi"
            ],
            [
              ")",
              "",
              ""
            ],
            [
              ",",
              "",
              ""
            ],
            [
              "\n",
              "",
              ""
            ],
            [
              "                                                     ",
              "",
              ""
            ],
            [
              "'",
              "",
              "s1"
            ],
            [
              "y",
              null,
              "s1"
            ],
            [
              "'",
              "",
              "s1"
            ],
            [
              ":",
              "",
              ""
            ],
            [
              " ",
              "",
              ""
            ],
            [
              "(",
              "",
              ""
            ],
            [
              "2",
              "",
              "mi"
            ],
            [
              ",",
              "",
              ""
            ],
            [
              " ",
              "",
              ""
            ],
            [
              "2",
              "",
              "mi"
            ],
            [
              ")",
              "",
              ""
            ],
            [
              "}",
              "",
              ""
            ],
            [
              ")",
              "",
              ""
            ],
            [
              "  ",
              "",
              ""
            ],
            [
              "# doctest: +SKIP",
              "",
              "c1"
            ]
          ],
          "out": "{('z', 0, 0): (add, ('x', 0, 0), ('y', 0, 0)),\n ('z', 0, 1): (add, ('x', 0, 1), ('y', 0, 1)),\n ('z', 1, 0): (add, ('x', 1, 0), ('y', 1, 0)),\n ('z', 1, 1): (add, ('x', 1, 1), ('y', 1, 1))}"
        },
        "type": "Code"
      },
      {
        "data": {
          "inline": [
            {
              "data": {
                "value": "Operation that flips one of the datasets"
              },
              "type": "Words"
            }
          ],
          "inner": []
        },
        "type": "Paragraph"
      },
      {
        "data": {
          "ce_status": "compiled",
          "entries": [
            [
              "addT",
              null,
              ""
            ],
            [
              " ",
              "",
              ""
            ],
            [
              "=",
              "",
              "o"
            ],
            [
              " ",
              "",
              ""
            ],
            [
              "lambda",
              null,
              "k"
            ],
            [
              " ",
              "",
              ""
            ],
            [
              "x",
              null,
              ""
            ],
            [
              ",",
              "",
              ""
            ],
            [
              " ",
              "",
              ""
            ],
            [
              "y",
              null,
              ""
            ],
            [
              ":",
              "",
              ""
            ],
            [
              " ",
              "",
              ""
            ],
            [
              "x",
              null,
              ""
            ],
            [
              " ",
              "",
              ""
            ],
            [
              "+",
              "",
              "o"
            ],
            [
              " ",
              "",
              ""
            ],
            [
              "y",
              null,
              ""
            ],
            [
              ".",
              "",
              "o"
            ],
            [
              "T",
              null,
              ""
            ],
            [
              "  ",
              "",
              ""
            ],
            [
              "# Transpose each chunk",
              "",
              "c1"
            ],
            [
              "\n",
              "",
              ""
            ],
            [
              "#                                        z_ij ~ x_ij y_ji",
              "",
              "c1"
            ],
            [
              "\n",
              "",
              ""
            ],
            [
              "#               ..         ..         .. notice swap",
              "",
              "c1"
            ],
            [
              "\n",
              "",
              ""
            ],
            [
              "make_blockwise_graph",
              "dask.blockwise.make_blockwise_graph",
              ""
            ],
            [
              "(",
              "",
              ""
            ],
            [
              "addT",
              null,
              ""
            ],
            [
              ",",
              "",
              ""
            ],
            [
              " ",
              "",
              ""
            ],
            [
              "'",
              "",
              "s1"
            ],
            [
              "z",
              null,
              "s1"
            ],
            [
              "'",
              "",
              "s1"
            ],
            [
              ",",
              "",
              ""
            ],
            [
              " ",
              "",
              ""
            ],
            [
              "'",
              "",
              "s1"
            ],
            [
              "ij",
              null,
              "s1"
            ],
            [
              "'",
              "",
              "s1"
            ],
            [
              ",",
              "",
              ""
            ],
            [
              " ",
              "",
              ""
            ],
            [
              "'",
              "",
              "s1"
            ],
            [
              "x",
              null,
              "s1"
            ],
            [
              "'",
              "",
              "s1"
            ],
            [
              ",",
              "",
              ""
            ],
            [
              " ",
              "",
              ""
            ],
            [
              "'",
              "",
              "s1"
            ],
            [
              "ij",
              null,
              "s1"
            ],
            [
              "'",
              "",
              "s1"
            ],
            [
              ",",
              "",
              ""
            ],
            [
              " ",
              "",
              ""
            ],
            [
              "'",
              "",
              "s1"
            ],
            [
              "y",
              null,
              "s1"
            ],
            [
              "'",
              "",
              "s1"
            ],
            [
              ",",
              "",
              ""
            ],
            [
              " ",
              "",
              ""
            ],
            [
              "'",
              "",
              "s1"
            ],
            [
              "ji",
              null,
              "s1"
            ],
            [
              "'",
              "",
              "s1"
            ],
            [
              ",",
              "",
              ""
            ],
            [
              " ",
              "",
              ""
            ],
            [
              "numblocks",
              null,
              ""
            ],
            [
              "=",
              "",
              "o"
            ],
            [
              "{",
              "",
              ""
            ],
            [
              "'",
              "",
              "s1"
            ],
            [
              "x",
              null,
              "s1"
            ],
            [
              "'",
              "",
              "s1"
            ],
            [
              ":",
              "",
              ""
            ],
            [
              " ",
              "",
              ""
            ],
            [
              "(",
              "",
              ""
            ],
            [
              "2",
              "",
              "mi"
            ],
            [
              ",",
              "",
              ""
            ],
            [
              " ",
              "",
              ""
            ],
            [
              "2",
              "",
              "mi"
            ],
            [
              ")",
              "",
              ""
            ],
            [
              ",",
              "",
              ""
            ],
            [
              "\n",
              "",
              ""
            ],
            [
              "                                                      ",
              "",
              ""
            ],
            [
              "'",
              "",
              "s1"
            ],
            [
              "y",
              null,
              "s1"
            ],
            [
              "'",
              "",
              "s1"
            ],
            [
              ":",
              "",
              ""
            ],
            [
              " ",
              "",
              ""
            ],
            [
              "(",
              "",
              ""
            ],
            [
              "2",
              "",
              "mi"
            ],
            [
              ",",
              "",
              ""
            ],
            [
              " ",
              "",
              ""
            ],
            [
              "2",
              "",
              "mi"
            ],
            [
              ")",
              "",
              ""
            ],
            [
              "}",
              "",
              ""
            ],
            [
              ")",
              "",
              ""
            ],
            [
              "  ",
              "",
              ""
            ],
            [
              "# doctest: +SKIP",
              "",
              "c1"
            ]
          ],
          "out": "{('z', 0, 0): (add, ('x', 0, 0), ('y', 0, 0)),\n ('z', 0, 1): (add, ('x', 0, 1), ('y', 1, 0)),\n ('z', 1, 0): (add, ('x', 1, 0), ('y', 0, 1)),\n ('z', 1, 1): (add, ('x', 1, 1), ('y', 1, 1))}"
        },
        "type": "Code"
      },
      {
        "data": {
          "inline": [
            {
              "data": {
                "value": "Dot product with contraction over "
              },
              "type": "Words"
            },
            {
              "data": {
                "value": [
                  "j"
                ]
              },
              "type": "Verbatim"
            },
            {
              "data": {
                "value": " index.  Yields list arguments"
              },
              "type": "Words"
            }
          ],
          "inner": []
        },
        "type": "Paragraph"
      },
      {
        "data": {
          "ce_status": "compiled",
          "entries": [
            [
              "make_blockwise_graph",
              "dask.blockwise.make_blockwise_graph",
              ""
            ],
            [
              "(",
              "",
              ""
            ],
            [
              "dotmany",
              null,
              ""
            ],
            [
              ",",
              "",
              ""
            ],
            [
              " ",
              "",
              ""
            ],
            [
              "'",
              "",
              "s1"
            ],
            [
              "z",
              null,
              "s1"
            ],
            [
              "'",
              "",
              "s1"
            ],
            [
              ",",
              "",
              ""
            ],
            [
              " ",
              "",
              ""
            ],
            [
              "'",
              "",
              "s1"
            ],
            [
              "ik",
              null,
              "s1"
            ],
            [
              "'",
              "",
              "s1"
            ],
            [
              ",",
              "",
              ""
            ],
            [
              " ",
              "",
              ""
            ],
            [
              "'",
              "",
              "s1"
            ],
            [
              "x",
              null,
              "s1"
            ],
            [
              "'",
              "",
              "s1"
            ],
            [
              ",",
              "",
              ""
            ],
            [
              " ",
              "",
              ""
            ],
            [
              "'",
              "",
              "s1"
            ],
            [
              "ij",
              null,
              "s1"
            ],
            [
              "'",
              "",
              "s1"
            ],
            [
              ",",
              "",
              ""
            ],
            [
              " ",
              "",
              ""
            ],
            [
              "'",
              "",
              "s1"
            ],
            [
              "y",
              null,
              "s1"
            ],
            [
              "'",
              "",
              "s1"
            ],
            [
              ",",
              "",
              ""
            ],
            [
              " ",
              "",
              ""
            ],
            [
              "'",
              "",
              "s1"
            ],
            [
              "jk",
              null,
              "s1"
            ],
            [
              "'",
              "",
              "s1"
            ],
            [
              ",",
              "",
              ""
            ],
            [
              " ",
              "",
              ""
            ],
            [
              "numblocks",
              null,
              ""
            ],
            [
              "=",
              "",
              "o"
            ],
            [
              "{",
              "",
              ""
            ],
            [
              "'",
              "",
              "s1"
            ],
            [
              "x",
              null,
              "s1"
            ],
            [
              "'",
              "",
              "s1"
            ],
            [
              ":",
              "",
              ""
            ],
            [
              " ",
              "",
              ""
            ],
            [
              "(",
              "",
              ""
            ],
            [
              "2",
              "",
              "mi"
            ],
            [
              ",",
              "",
              ""
            ],
            [
              " ",
              "",
              ""
            ],
            [
              "2",
              "",
              "mi"
            ],
            [
              ")",
              "",
              ""
            ],
            [
              ",",
              "",
              ""
            ],
            [
              "\n",
              "",
              ""
            ],
            [
              "                                                         ",
              "",
              ""
            ],
            [
              "'",
              "",
              "s1"
            ],
            [
              "y",
              null,
              "s1"
            ],
            [
              "'",
              "",
              "s1"
            ],
            [
              ":",
              "",
              ""
            ],
            [
              " ",
              "",
              ""
            ],
            [
              "(",
              "",
              ""
            ],
            [
              "2",
              "",
              "mi"
            ],
            [
              ",",
              "",
              ""
            ],
            [
              " ",
              "",
              ""
            ],
            [
              "2",
              "",
              "mi"
            ],
            [
              ")",
              "",
              ""
            ],
            [
              "}",
              "",
              ""
            ],
            [
              ")",
              "",
              ""
            ],
            [
              "  ",
              "",
              ""
            ],
            [
              "# doctest: +SKIP",
              "",
              "c1"
            ]
          ],
          "out": "{('z', 0, 0): (dotmany, [('x', 0, 0), ('x', 0, 1)],\n                        [('y', 0, 0), ('y', 1, 0)]),\n ('z', 0, 1): (dotmany, [('x', 0, 0), ('x', 0, 1)],\n                        [('y', 0, 1), ('y', 1, 1)]),\n ('z', 1, 0): (dotmany, [('x', 1, 0), ('x', 1, 1)],\n                        [('y', 0, 0), ('y', 1, 0)]),\n ('z', 1, 1): (dotmany, [('x', 1, 0), ('x', 1, 1)],\n                        [('y', 0, 1), ('y', 1, 1)])}"
        },
        "type": "Code"
      },
      {
        "data": {
          "inline": [
            {
              "data": {
                "value": "Pass "
              },
              "type": "Words"
            },
            {
              "data": {
                "value": [
                  "concatenate=True"
                ]
              },
              "type": "Verbatim"
            },
            {
              "data": {
                "value": " to concatenate arrays ahead of time"
              },
              "type": "Words"
            }
          ],
          "inner": []
        },
        "type": "Paragraph"
      },
      {
        "data": {
          "ce_status": "compiled",
          "entries": [
            [
              "make_blockwise_graph",
              "dask.blockwise.make_blockwise_graph",
              ""
            ],
            [
              "(",
              "",
              ""
            ],
            [
              "f",
              null,
              ""
            ],
            [
              ",",
              "",
              ""
            ],
            [
              " ",
              "",
              ""
            ],
            [
              "'",
              "",
              "s1"
            ],
            [
              "z",
              null,
              "s1"
            ],
            [
              "'",
              "",
              "s1"
            ],
            [
              ",",
              "",
              ""
            ],
            [
              " ",
              "",
              ""
            ],
            [
              "'",
              "",
              "s1"
            ],
            [
              "i",
              null,
              "s1"
            ],
            [
              "'",
              "",
              "s1"
            ],
            [
              ",",
              "",
              ""
            ],
            [
              " ",
              "",
              ""
            ],
            [
              "'",
              "",
              "s1"
            ],
            [
              "x",
              null,
              "s1"
            ],
            [
              "'",
              "",
              "s1"
            ],
            [
              ",",
              "",
              ""
            ],
            [
              " ",
              "",
              ""
            ],
            [
              "'",
              "",
              "s1"
            ],
            [
              "ij",
              null,
              "s1"
            ],
            [
              "'",
              "",
              "s1"
            ],
            [
              ",",
              "",
              ""
            ],
            [
              " ",
              "",
              ""
            ],
            [
              "'",
              "",
              "s1"
            ],
            [
              "y",
              null,
              "s1"
            ],
            [
              "'",
              "",
              "s1"
            ],
            [
              ",",
              "",
              ""
            ],
            [
              " ",
              "",
              ""
            ],
            [
              "'",
              "",
              "s1"
            ],
            [
              "ij",
              null,
              "s1"
            ],
            [
              "'",
              "",
              "s1"
            ],
            [
              ",",
              "",
              ""
            ],
            [
              " ",
              "",
              ""
            ],
            [
              "concatenate",
              null,
              ""
            ],
            [
              "=",
              "",
              "o"
            ],
            [
              "True",
              null,
              "kc"
            ],
            [
              ",",
              "",
              ""
            ],
            [
              "\n",
              "",
              ""
            ],
            [
              "    ",
              "",
              ""
            ],
            [
              "numblocks",
              null,
              ""
            ],
            [
              "=",
              "",
              "o"
            ],
            [
              "{",
              "",
              ""
            ],
            [
              "'",
              "",
              "s1"
            ],
            [
              "x",
              null,
              "s1"
            ],
            [
              "'",
              "",
              "s1"
            ],
            [
              ":",
              "",
              ""
            ],
            [
              " ",
              "",
              ""
            ],
            [
              "(",
              "",
              ""
            ],
            [
              "2",
              "",
              "mi"
            ],
            [
              ",",
              "",
              ""
            ],
            [
              " ",
              "",
              ""
            ],
            [
              "2",
              "",
              "mi"
            ],
            [
              ")",
              "",
              ""
            ],
            [
              ",",
              "",
              ""
            ],
            [
              " ",
              "",
              ""
            ],
            [
              "'",
              "",
              "s1"
            ],
            [
              "y",
              null,
              "s1"
            ],
            [
              "'",
              "",
              "s1"
            ],
            [
              ":",
              "",
              ""
            ],
            [
              " ",
              "",
              ""
            ],
            [
              "(",
              "",
              ""
            ],
            [
              "2",
              "",
              "mi"
            ],
            [
              ",",
              "",
              ""
            ],
            [
              " ",
              "",
              ""
            ],
            [
              "2",
              "",
              "mi"
            ],
            [
              ",",
              "",
              ""
            ],
            [
              ")",
              "",
              ""
            ],
            [
              "}",
              "",
              ""
            ],
            [
              ")",
              "",
              ""
            ],
            [
              "  ",
              "",
              ""
            ],
            [
              "# doctest: +SKIP",
              "",
              "c1"
            ]
          ],
          "out": "{('z', 0): (f, (concatenate_axes, [('x', 0, 0), ('x', 0, 1)], (1,)),\n               (concatenate_axes, [('y', 0, 0), ('y', 0, 1)], (1,)))\n ('z', 1): (f, (concatenate_axes, [('x', 1, 0), ('x', 1, 1)], (1,)),\n               (concatenate_axes, [('y', 1, 0), ('y', 1, 1)], (1,)))}"
        },
        "type": "Code"
      },
      {
        "data": {
          "inline": [
            {
              "data": {
                "value": "Supports Broadcasting rules"
              },
              "type": "Words"
            }
          ],
          "inner": []
        },
        "type": "Paragraph"
      },
      {
        "data": {
          "ce_status": "compiled",
          "entries": [
            [
              "make_blockwise_graph",
              "dask.blockwise.make_blockwise_graph",
              ""
            ],
            [
              "(",
              "",
              ""
            ],
            [
              "add",
              null,
              ""
            ],
            [
              ",",
              "",
              ""
            ],
            [
              " ",
              "",
              ""
            ],
            [
              "'",
              "",
              "s1"
            ],
            [
              "z",
              null,
              "s1"
            ],
            [
              "'",
              "",
              "s1"
            ],
            [
              ",",
              "",
              ""
            ],
            [
              " ",
              "",
              ""
            ],
            [
              "'",
              "",
              "s1"
            ],
            [
              "ij",
              null,
              "s1"
            ],
            [
              "'",
              "",
              "s1"
            ],
            [
              ",",
              "",
              ""
            ],
            [
              " ",
              "",
              ""
            ],
            [
              "'",
              "",
              "s1"
            ],
            [
              "x",
              null,
              "s1"
            ],
            [
              "'",
              "",
              "s1"
            ],
            [
              ",",
              "",
              ""
            ],
            [
              " ",
              "",
              ""
            ],
            [
              "'",
              "",
              "s1"
            ],
            [
              "ij",
              null,
              "s1"
            ],
            [
              "'",
              "",
              "s1"
            ],
            [
              ",",
              "",
              ""
            ],
            [
              " ",
              "",
              ""
            ],
            [
              "'",
              "",
              "s1"
            ],
            [
              "y",
              null,
              "s1"
            ],
            [
              "'",
              "",
              "s1"
            ],
            [
              ",",
              "",
              ""
            ],
            [
              " ",
              "",
              ""
            ],
            [
              "'",
              "",
              "s1"
            ],
            [
              "ij",
              null,
              "s1"
            ],
            [
              "'",
              "",
              "s1"
            ],
            [
              ",",
              "",
              ""
            ],
            [
              " ",
              "",
              ""
            ],
            [
              "numblocks",
              null,
              ""
            ],
            [
              "=",
              "",
              "o"
            ],
            [
              "{",
              "",
              ""
            ],
            [
              "'",
              "",
              "s1"
            ],
            [
              "x",
              null,
              "s1"
            ],
            [
              "'",
              "",
              "s1"
            ],
            [
              ":",
              "",
              ""
            ],
            [
              " ",
              "",
              ""
            ],
            [
              "(",
              "",
              ""
            ],
            [
              "1",
              "",
              "mi"
            ],
            [
              ",",
              "",
              ""
            ],
            [
              " ",
              "",
              ""
            ],
            [
              "2",
              "",
              "mi"
            ],
            [
              ")",
              "",
              ""
            ],
            [
              ",",
              "",
              ""
            ],
            [
              "\n",
              "",
              ""
            ],
            [
              "                                                     ",
              "",
              ""
            ],
            [
              "'",
              "",
              "s1"
            ],
            [
              "y",
              null,
              "s1"
            ],
            [
              "'",
              "",
              "s1"
            ],
            [
              ":",
              "",
              ""
            ],
            [
              " ",
              "",
              ""
            ],
            [
              "(",
              "",
              ""
            ],
            [
              "2",
              "",
              "mi"
            ],
            [
              ",",
              "",
              ""
            ],
            [
              " ",
              "",
              ""
            ],
            [
              "2",
              "",
              "mi"
            ],
            [
              ")",
              "",
              ""
            ],
            [
              "}",
              "",
              ""
            ],
            [
              ")",
              "",
              ""
            ],
            [
              "  ",
              "",
              ""
            ],
            [
              "# doctest: +SKIP",
              "",
              "c1"
            ]
          ],
          "out": "{('z', 0, 0): (add, ('x', 0, 0), ('y', 0, 0)),\n ('z', 0, 1): (add, ('x', 0, 1), ('y', 0, 1)),\n ('z', 1, 0): (add, ('x', 0, 0), ('y', 1, 0)),\n ('z', 1, 1): (add, ('x', 0, 1), ('y', 1, 1))}"
        },
        "type": "Code"
      },
      {
        "data": {
          "inline": [
            {
              "data": {
                "value": "Support keyword arguments with apply"
              },
              "type": "Words"
            }
          ],
          "inner": []
        },
        "type": "Paragraph"
      },
      {
        "data": {
          "ce_status": "compiled",
          "entries": [
            [
              "def",
              null,
              "k"
            ],
            [
              " ",
              "",
              ""
            ],
            [
              "f",
              "__main__.f",
              "nf"
            ],
            [
              "(",
              "",
              ""
            ],
            [
              "a",
              null,
              ""
            ],
            [
              ",",
              "",
              ""
            ],
            [
              " ",
              "",
              ""
            ],
            [
              "b",
              "builtins.int",
              ""
            ],
            [
              "=",
              "",
              "o"
            ],
            [
              "0",
              "",
              "mi"
            ],
            [
              ")",
              "",
              ""
            ],
            [
              ":",
              "",
              ""
            ],
            [
              " ",
              "",
              ""
            ],
            [
              "return",
              null,
              "k"
            ],
            [
              " ",
              "",
              ""
            ],
            [
              "a",
              null,
              ""
            ],
            [
              " ",
              "",
              ""
            ],
            [
              "+",
              "",
              "o"
            ],
            [
              " ",
              "",
              ""
            ],
            [
              "b",
              "builtins.int",
              ""
            ],
            [
              "\n",
              "",
              ""
            ],
            [
              "make_blockwise_graph",
              "dask.blockwise.make_blockwise_graph",
              ""
            ],
            [
              "(",
              "",
              ""
            ],
            [
              "f",
              "__main__.f",
              ""
            ],
            [
              ",",
              "",
              ""
            ],
            [
              " ",
              "",
              ""
            ],
            [
              "'",
              "",
              "s1"
            ],
            [
              "z",
              null,
              "s1"
            ],
            [
              "'",
              "",
              "s1"
            ],
            [
              ",",
              "",
              ""
            ],
            [
              " ",
              "",
              ""
            ],
            [
              "'",
              "",
              "s1"
            ],
            [
              "i",
              null,
              "s1"
            ],
            [
              "'",
              "",
              "s1"
            ],
            [
              ",",
              "",
              ""
            ],
            [
              " ",
              "",
              ""
            ],
            [
              "'",
              "",
              "s1"
            ],
            [
              "x",
              null,
              "s1"
            ],
            [
              "'",
              "",
              "s1"
            ],
            [
              ",",
              "",
              ""
            ],
            [
              " ",
              "",
              ""
            ],
            [
              "'",
              "",
              "s1"
            ],
            [
              "i",
              null,
              "s1"
            ],
            [
              "'",
              "",
              "s1"
            ],
            [
              ",",
              "",
              ""
            ],
            [
              " ",
              "",
              ""
            ],
            [
              "numblocks",
              null,
              ""
            ],
            [
              "=",
              "",
              "o"
            ],
            [
              "{",
              "",
              ""
            ],
            [
              "'",
              "",
              "s1"
            ],
            [
              "x",
              null,
              "s1"
            ],
            [
              "'",
              "",
              "s1"
            ],
            [
              ":",
              "",
              ""
            ],
            [
              " ",
              "",
              ""
            ],
            [
              "(",
              "",
              ""
            ],
            [
              "2",
              "",
              "mi"
            ],
            [
              ",",
              "",
              ""
            ],
            [
              ")",
              "",
              ""
            ],
            [
              "}",
              "",
              ""
            ],
            [
              ",",
              "",
              ""
            ],
            [
              " ",
              "",
              ""
            ],
            [
              "b",
              null,
              ""
            ],
            [
              "=",
              "",
              "o"
            ],
            [
              "10",
              "",
              "mi"
            ],
            [
              ")",
              "",
              ""
            ],
            [
              "  ",
              "",
              ""
            ],
            [
              "# doctest: +SKIP",
              "",
              "c1"
            ]
          ],
          "out": "{('z', 0): (apply, f, [('x', 0)], {'b': 10}),\n ('z', 1): (apply, f, [('x', 1)], {'b': 10})}"
        },
        "type": "Code"
      },
      {
        "data": {
          "inline": [
            {
              "data": {
                "value": "Include literals by indexing with "
              },
              "type": "Words"
            },
            {
              "data": {
                "value": [
                  "None"
                ]
              },
              "type": "Verbatim"
            }
          ],
          "inner": []
        },
        "type": "Paragraph"
      },
      {
        "data": {
          "ce_status": "compiled",
          "entries": [
            [
              "make_blockwise_graph",
              "dask.blockwise.make_blockwise_graph",
              ""
            ],
            [
              "(",
              "",
              ""
            ],
            [
              "add",
              null,
              ""
            ],
            [
              ",",
              "",
              ""
            ],
            [
              " ",
              "",
              ""
            ],
            [
              "'",
              "",
              "s1"
            ],
            [
              "z",
              null,
              "s1"
            ],
            [
              "'",
              "",
              "s1"
            ],
            [
              ",",
              "",
              ""
            ],
            [
              " ",
              "",
              ""
            ],
            [
              "'",
              "",
              "s1"
            ],
            [
              "i",
              null,
              "s1"
            ],
            [
              "'",
              "",
              "s1"
            ],
            [
              ",",
              "",
              ""
            ],
            [
              " ",
              "",
              ""
            ],
            [
              "'",
              "",
              "s1"
            ],
            [
              "x",
              null,
              "s1"
            ],
            [
              "'",
              "",
              "s1"
            ],
            [
              ",",
              "",
              ""
            ],
            [
              " ",
              "",
              ""
            ],
            [
              "'",
              "",
              "s1"
            ],
            [
              "i",
              null,
              "s1"
            ],
            [
              "'",
              "",
              "s1"
            ],
            [
              ",",
              "",
              ""
            ],
            [
              " ",
              "",
              ""
            ],
            [
              "100",
              "",
              "mi"
            ],
            [
              ",",
              "",
              ""
            ],
            [
              " ",
              "",
              ""
            ],
            [
              "None",
              null,
              "kc"
            ],
            [
              ",",
              "",
              ""
            ],
            [
              "  ",
              "",
              ""
            ],
            [
              "numblocks",
              null,
              ""
            ],
            [
              "=",
              "",
              "o"
            ],
            [
              "{",
              "",
              ""
            ],
            [
              "'",
              "",
              "s1"
            ],
            [
              "x",
              null,
              "s1"
            ],
            [
              "'",
              "",
              "s1"
            ],
            [
              ":",
              "",
              ""
            ],
            [
              " ",
              "",
              ""
            ],
            [
              "(",
              "",
              ""
            ],
            [
              "2",
              "",
              "mi"
            ],
            [
              ",",
              "",
              ""
            ],
            [
              ")",
              "",
              ""
            ],
            [
              "}",
              "",
              ""
            ],
            [
              ")",
              "",
              ""
            ],
            [
              "  ",
              "",
              ""
            ],
            [
              "# doctest: +SKIP",
              "",
              "c1"
            ]
          ],
          "out": "{('z', 0): (add, ('x', 0), 100),\n ('z', 1): (add, ('x', 1), 100)}"
        },
        "type": "Code"
      }
    ],
    "title": null
  },
  "item_file": "/dask/blockwise.py",
  "item_line": 878,
  "item_type": "<class 'function'>",
  "ordered_sections": [
    "Summary",
    "Extended Summary",
    "Examples",
    "See Also"
  ],
  "references": null,
  "refs": [
    "__main__.f",
    "builtins.int",
    "dask.array.blockwise.blockwise",
    "dask.blockwise.blockwise",
    "dask.blockwise.make_blockwise_graph"
  ],
  "see_also": [
    {
      "descriptions": [],
      "name": {
        "exists": null,
        "name": "dask.array.blockwise",
        "ref": null
      },
      "type": null
    },
    {
      "descriptions": [],
      "name": {
        "exists": null,
        "name": "dask.blockwise.blockwise",
        "ref": null
      },
      "type": null
    }
  ],
  "signature": "make_blockwise_graph(func, output, out_indices, *arrind_pairs, numblocks=None, concatenate=None, new_axes=None, output_blocks=None, dims=None, deserializing=False, func_future_args=None, return_key_deps=False, io_deps=None, **kwargs)"
}