{
  "_content": {
    "Attributes": {
      "children": [],
      "title": null
    },
    "Extended Summary": {
      "children": [
        {
          "data": {
            "inline": [
              {
                "data": {
                  "value": "This function tests specifically for an object that already has array attributes (e.g. np.ndarray, dask.array.Array, cupy.ndarray, sparse.COO), "
                },
                "type": "Words"
              },
              {
                "data": {
                  "content": {
                    "value": "NOT"
                  }
                },
                "type": "Strong"
              },
              {
                "data": {
                  "value": " for something that can be coerced into an array object (e.g. Python lists and tuples). It is meant for dask developers and developers of downstream libraries."
                },
                "type": "Words"
              }
            ],
            "inner": []
          },
          "type": "Paragraph"
        },
        {
          "data": {
            "inline": [
              {
                "data": {
                  "value": "Note that this function does not correspond with NumPy's definition of array_like, which includes any object that can be coerced into an array (see definition in the NumPy glossary): https://numpy.org/doc/stable/glossary.html"
                },
                "type": "Words"
              }
            ],
            "inner": []
          },
          "type": "Paragraph"
        }
      ],
      "title": null
    },
    "Methods": {
      "children": [],
      "title": null
    },
    "Notes": {
      "children": [],
      "title": null
    },
    "Other Parameters": {
      "children": [],
      "title": null
    },
    "Parameters": {
      "children": [],
      "title": null
    },
    "Raises": {
      "children": [],
      "title": null
    },
    "Receives": {
      "children": [],
      "title": null
    },
    "Returns": {
      "children": [],
      "title": null
    },
    "Summary": {
      "children": [
        {
          "data": {
            "inline": [
              {
                "data": {
                  "value": "Is this object a numpy array or something similar?"
                },
                "type": "Words"
              }
            ],
            "inner": []
          },
          "type": "Paragraph"
        }
      ],
      "title": null
    },
    "Warnings": {
      "children": [],
      "title": null
    },
    "Warns": {
      "children": [],
      "title": null
    },
    "Yields": {
      "children": [],
      "title": null
    }
  },
  "aliases": [
    "dask.utils.is_arraylike"
  ],
  "arbitrary": [],
  "example_section_data": {
    "children": [
      {
        "data": {
          "ce_status": "execed",
          "entries": [
            [
              "import",
              null,
              "kn"
            ],
            [
              " ",
              "",
              ""
            ],
            [
              "numpy",
              "numpy",
              "nn"
            ],
            [
              " ",
              "",
              ""
            ],
            [
              "as",
              null,
              "k"
            ],
            [
              " ",
              "",
              ""
            ],
            [
              "np",
              "numpy",
              "nn"
            ],
            [
              "\n",
              "",
              ""
            ],
            [
              "is_arraylike",
              "dask.utils.is_arraylike",
              ""
            ],
            [
              "(",
              "",
              ""
            ],
            [
              "np",
              "numpy",
              ""
            ],
            [
              ".",
              "",
              "o"
            ],
            [
              "ones",
              "numpy.core.numeric.ones",
              ""
            ],
            [
              "(",
              "",
              ""
            ],
            [
              "5",
              "",
              "mi"
            ],
            [
              ")",
              "",
              ""
            ],
            [
              ")",
              "",
              ""
            ]
          ],
          "out": "True"
        },
        "type": "Code"
      },
      {
        "data": {
          "ce_status": "execed",
          "entries": [
            [
              "is_arraylike",
              "dask.utils.is_arraylike",
              ""
            ],
            [
              "(",
              "",
              ""
            ],
            [
              "np",
              "numpy",
              ""
            ],
            [
              ".",
              "",
              "o"
            ],
            [
              "ones",
              "numpy.core.numeric.ones",
              ""
            ],
            [
              "(",
              "",
              ""
            ],
            [
              "(",
              "",
              ""
            ],
            [
              ")",
              "",
              ""
            ],
            [
              ")",
              "",
              ""
            ],
            [
              ")",
              "",
              ""
            ]
          ],
          "out": "True"
        },
        "type": "Code"
      },
      {
        "data": {
          "ce_status": "execed",
          "entries": [
            [
              "is_arraylike",
              "dask.utils.is_arraylike",
              ""
            ],
            [
              "(",
              "",
              ""
            ],
            [
              "5",
              "",
              "mi"
            ],
            [
              ")",
              "",
              ""
            ]
          ],
          "out": "False"
        },
        "type": "Code"
      },
      {
        "data": {
          "ce_status": "execed",
          "entries": [
            [
              "is_arraylike",
              "dask.utils.is_arraylike",
              ""
            ],
            [
              "(",
              "",
              ""
            ],
            [
              "'",
              "",
              "s1"
            ],
            [
              "cat",
              null,
              "s1"
            ],
            [
              "'",
              "",
              "s1"
            ],
            [
              ")",
              "",
              ""
            ]
          ],
          "out": "False"
        },
        "type": "Code"
      }
    ],
    "title": null
  },
  "item_file": "/dask/utils.py",
  "item_line": 1225,
  "item_type": "<class 'function'>",
  "ordered_sections": [
    "Summary",
    "Extended Summary",
    "Examples"
  ],
  "references": null,
  "refs": [
    "dask.utils.is_arraylike",
    "numpy",
    "numpy.ones"
  ],
  "see_also": [],
  "signature": "is_arraylike(x)"
}