{
  "aliases": [
    "dask.array.fliplr"
  ],
  "arbitrary": [],
  "content": {
    "Attributes": {
      "children": [],
      "title": null
    },
    "Extended Summary": {
      "children": [
        {
          "data": {
            "children": [
              {
                "data": {
                  "value": "This docstring was copied from numpy.fliplr."
                },
                "type": "Words"
              }
            ]
          },
          "type": "Paragraph"
        },
        {
          "data": {
            "children": [
              {
                "data": {
                  "value": "Some inconsistencies with the Dask version may exist."
                },
                "type": "Words"
              }
            ]
          },
          "type": "Paragraph"
        },
        {
          "data": {
            "children": [
              {
                "data": {
                  "value": "For a 2-D array, this flips the entries in each row in the left/right direction. Columns are preserved, but appear in a different order than before."
                },
                "type": "Words"
              }
            ]
          },
          "type": "Paragraph"
        }
      ],
      "title": null
    },
    "Methods": {
      "children": [],
      "title": null
    },
    "Notes": {
      "children": [
        {
          "data": {
            "children": [
              {
                "data": {
                  "value": "Equivalent to "
                },
                "type": "Words"
              },
              {
                "data": {
                  "value": [
                    "m[:,::-1]"
                  ]
                },
                "type": "Verbatim"
              },
              {
                "data": {
                  "value": " or "
                },
                "type": "Words"
              },
              {
                "data": {
                  "value": [
                    "np.flip(m, axis=1)"
                  ]
                },
                "type": "Verbatim"
              },
              {
                "data": {
                  "value": ". Requires the array to be at least 2-D."
                },
                "type": "Words"
              }
            ]
          },
          "type": "Paragraph"
        }
      ],
      "title": null
    },
    "Other Parameters": {
      "children": [],
      "title": null
    },
    "Parameters": {
      "children": [
        {
          "data": {
            "children": [
              {
                "desc": [
                  {
                    "data": {
                      "children": [
                        {
                          "data": {
                            "value": "Input array, must be at least 2-D."
                          },
                          "type": "Words"
                        }
                      ]
                    },
                    "type": "Paragraph"
                  }
                ],
                "param": "m",
                "type_": "array_like"
              }
            ]
          },
          "type": "Parameters"
        }
      ],
      "title": null
    },
    "Raises": {
      "children": [],
      "title": null
    },
    "Receives": {
      "children": [],
      "title": null
    },
    "Returns": {
      "children": [
        {
          "data": {
            "children": [
              {
                "desc": [
                  {
                    "data": {
                      "children": [
                        {
                          "data": {
                            "value": "A view of "
                          },
                          "type": "Words"
                        },
                        {
                          "data": {
                            "exists": true,
                            "kind": "local",
                            "reference": {
                              "kind": "local",
                              "module": null,
                              "path": "m",
                              "version": null
                            },
                            "value": "m"
                          },
                          "type": "Link"
                        },
                        {
                          "data": {
                            "value": " with the columns reversed.  Since a view is returned, this operation is "
                          },
                          "type": "Words"
                        },
                        {
                          "data": {
                            "value": "\\mathcal O(1)"
                          },
                          "type": "Math"
                        },
                        {
                          "data": {
                            "value": "."
                          },
                          "type": "Words"
                        }
                      ]
                    },
                    "type": "Paragraph"
                  }
                ],
                "param": "f",
                "type_": "ndarray"
              }
            ]
          },
          "type": "Parameters"
        }
      ],
      "title": null
    },
    "Summary": {
      "children": [
        {
          "data": {
            "children": [
              {
                "data": {
                  "value": "Reverse the order of elements along axis 1 (left/right)."
                },
                "type": "Words"
              }
            ]
          },
          "type": "Paragraph"
        }
      ],
      "title": null
    },
    "Warnings": {
      "children": [],
      "title": null
    },
    "Warns": {
      "children": [],
      "title": null
    },
    "Yields": {
      "children": [],
      "title": null
    }
  },
  "example_section_data": {
    "children": [
      {
        "data": {
          "ce_status": "compiled",
          "entries": [
            {
              "link": {
                "data": "A",
                "type": "str"
              },
              "type": ""
            },
            {
              "link": {
                "data": " ",
                "type": "str"
              },
              "type": ""
            },
            {
              "link": {
                "data": "=",
                "type": "str"
              },
              "type": "o"
            },
            {
              "link": {
                "data": " ",
                "type": "str"
              },
              "type": ""
            },
            {
              "link": {
                "data": {
                  "exists": true,
                  "kind": "module",
                  "reference": {
                    "kind": "module",
                    "module": "numpy",
                    "path": "numpy",
                    "version": "*"
                  },
                  "value": "np"
                },
                "type": "Link"
              },
              "type": ""
            },
            {
              "link": {
                "data": ".",
                "type": "str"
              },
              "type": "o"
            },
            {
              "link": {
                "data": {
                  "exists": true,
                  "kind": "module",
                  "reference": {
                    "kind": "module",
                    "module": "numpy",
                    "path": "numpy.diag",
                    "version": "*"
                  },
                  "value": "diag"
                },
                "type": "Link"
              },
              "type": ""
            },
            {
              "link": {
                "data": "(",
                "type": "str"
              },
              "type": ""
            },
            {
              "link": {
                "data": "[",
                "type": "str"
              },
              "type": ""
            },
            {
              "link": {
                "data": "1.",
                "type": "str"
              },
              "type": "mf"
            },
            {
              "link": {
                "data": ",",
                "type": "str"
              },
              "type": ""
            },
            {
              "link": {
                "data": "2.",
                "type": "str"
              },
              "type": "mf"
            },
            {
              "link": {
                "data": ",",
                "type": "str"
              },
              "type": ""
            },
            {
              "link": {
                "data": "3.",
                "type": "str"
              },
              "type": "mf"
            },
            {
              "link": {
                "data": "]",
                "type": "str"
              },
              "type": ""
            },
            {
              "link": {
                "data": ")",
                "type": "str"
              },
              "type": ""
            },
            {
              "link": {
                "data": "  ",
                "type": "str"
              },
              "type": ""
            },
            {
              "link": {
                "data": "# doctest: +SKIP",
                "type": "str"
              },
              "type": "c1"
            },
            {
              "link": {
                "data": "\n",
                "type": "str"
              },
              "type": ""
            },
            {
              "link": {
                "data": "A",
                "type": "str"
              },
              "type": ""
            },
            {
              "link": {
                "data": "  ",
                "type": "str"
              },
              "type": ""
            },
            {
              "link": {
                "data": "# doctest: +SKIP",
                "type": "str"
              },
              "type": "c1"
            }
          ],
          "out": "array([[1.,  0.,  0.],\n       [0.,  2.,  0.],\n       [0.,  0.,  3.]])"
        },
        "type": "Code2"
      },
      {
        "data": {
          "ce_status": "compiled",
          "entries": [
            {
              "link": {
                "data": {
                  "exists": true,
                  "kind": "module",
                  "reference": {
                    "kind": "module",
                    "module": "numpy",
                    "path": "numpy",
                    "version": "*"
                  },
                  "value": "np"
                },
                "type": "Link"
              },
              "type": ""
            },
            {
              "link": {
                "data": ".",
                "type": "str"
              },
              "type": "o"
            },
            {
              "link": {
                "data": {
                  "exists": true,
                  "kind": "module",
                  "reference": {
                    "kind": "module",
                    "module": "numpy",
                    "path": "numpy.fliplr",
                    "version": "*"
                  },
                  "value": "fliplr"
                },
                "type": "Link"
              },
              "type": ""
            },
            {
              "link": {
                "data": "(",
                "type": "str"
              },
              "type": ""
            },
            {
              "link": {
                "data": "A",
                "type": "str"
              },
              "type": ""
            },
            {
              "link": {
                "data": ")",
                "type": "str"
              },
              "type": ""
            },
            {
              "link": {
                "data": "  ",
                "type": "str"
              },
              "type": ""
            },
            {
              "link": {
                "data": "# doctest: +SKIP",
                "type": "str"
              },
              "type": "c1"
            }
          ],
          "out": "array([[0.,  0.,  1.],\n       [0.,  2.,  0.],\n       [3.,  0.,  0.]])"
        },
        "type": "Code2"
      },
      {
        "data": {
          "ce_status": "compiled",
          "entries": [
            {
              "link": {
                "data": {
                  "exists": true,
                  "kind": "module",
                  "reference": {
                    "kind": "module",
                    "module": "builtins",
                    "path": "builtins.float",
                    "version": "*"
                  },
                  "value": "A"
                },
                "type": "Link"
              },
              "type": ""
            },
            {
              "link": {
                "data": " ",
                "type": "str"
              },
              "type": ""
            },
            {
              "link": {
                "data": "=",
                "type": "str"
              },
              "type": "o"
            },
            {
              "link": {
                "data": " ",
                "type": "str"
              },
              "type": ""
            },
            {
              "link": {
                "data": {
                  "exists": true,
                  "kind": "module",
                  "reference": {
                    "kind": "module",
                    "module": "numpy",
                    "path": "numpy",
                    "version": "*"
                  },
                  "value": "np"
                },
                "type": "Link"
              },
              "type": ""
            },
            {
              "link": {
                "data": ".",
                "type": "str"
              },
              "type": "o"
            },
            {
              "link": {
                "data": {
                  "exists": true,
                  "kind": "module",
                  "reference": {
                    "kind": "module",
                    "module": "numpy",
                    "path": "numpy.random",
                    "version": "*"
                  },
                  "value": "random"
                },
                "type": "Link"
              },
              "type": ""
            },
            {
              "link": {
                "data": ".",
                "type": "str"
              },
              "type": "o"
            },
            {
              "link": {
                "data": {
                  "exists": true,
                  "kind": "module",
                  "reference": {
                    "kind": "module",
                    "module": "builtins",
                    "path": "builtins.RandomState.randn",
                    "version": "*"
                  },
                  "value": "randn"
                },
                "type": "Link"
              },
              "type": ""
            },
            {
              "link": {
                "data": "(",
                "type": "str"
              },
              "type": ""
            },
            {
              "link": {
                "data": "2",
                "type": "str"
              },
              "type": "mi"
            },
            {
              "link": {
                "data": ",",
                "type": "str"
              },
              "type": ""
            },
            {
              "link": {
                "data": "3",
                "type": "str"
              },
              "type": "mi"
            },
            {
              "link": {
                "data": ",",
                "type": "str"
              },
              "type": ""
            },
            {
              "link": {
                "data": "5",
                "type": "str"
              },
              "type": "mi"
            },
            {
              "link": {
                "data": ")",
                "type": "str"
              },
              "type": ""
            },
            {
              "link": {
                "data": "  ",
                "type": "str"
              },
              "type": ""
            },
            {
              "link": {
                "data": "# doctest: +SKIP",
                "type": "str"
              },
              "type": "c1"
            },
            {
              "link": {
                "data": "\n",
                "type": "str"
              },
              "type": ""
            },
            {
              "link": {
                "data": {
                  "exists": true,
                  "kind": "module",
                  "reference": {
                    "kind": "module",
                    "module": "numpy",
                    "path": "numpy",
                    "version": "*"
                  },
                  "value": "np"
                },
                "type": "Link"
              },
              "type": ""
            },
            {
              "link": {
                "data": ".",
                "type": "str"
              },
              "type": "o"
            },
            {
              "link": {
                "data": {
                  "exists": true,
                  "kind": "module",
                  "reference": {
                    "kind": "module",
                    "module": "numpy",
                    "path": "numpy.all",
                    "version": "*"
                  },
                  "value": "all"
                },
                "type": "Link"
              },
              "type": ""
            },
            {
              "link": {
                "data": "(",
                "type": "str"
              },
              "type": ""
            },
            {
              "link": {
                "data": {
                  "exists": true,
                  "kind": "module",
                  "reference": {
                    "kind": "module",
                    "module": "numpy",
                    "path": "numpy",
                    "version": "*"
                  },
                  "value": "np"
                },
                "type": "Link"
              },
              "type": ""
            },
            {
              "link": {
                "data": ".",
                "type": "str"
              },
              "type": "o"
            },
            {
              "link": {
                "data": {
                  "exists": true,
                  "kind": "module",
                  "reference": {
                    "kind": "module",
                    "module": "numpy",
                    "path": "numpy.fliplr",
                    "version": "*"
                  },
                  "value": "fliplr"
                },
                "type": "Link"
              },
              "type": ""
            },
            {
              "link": {
                "data": "(",
                "type": "str"
              },
              "type": ""
            },
            {
              "link": {
                "data": {
                  "exists": true,
                  "kind": "module",
                  "reference": {
                    "kind": "module",
                    "module": "builtins",
                    "path": "builtins.float",
                    "version": "*"
                  },
                  "value": "A"
                },
                "type": "Link"
              },
              "type": ""
            },
            {
              "link": {
                "data": ")",
                "type": "str"
              },
              "type": ""
            },
            {
              "link": {
                "data": " ",
                "type": "str"
              },
              "type": ""
            },
            {
              "link": {
                "data": "==",
                "type": "str"
              },
              "type": "o"
            },
            {
              "link": {
                "data": " ",
                "type": "str"
              },
              "type": ""
            },
            {
              "link": {
                "data": {
                  "exists": true,
                  "kind": "module",
                  "reference": {
                    "kind": "module",
                    "module": "builtins",
                    "path": "builtins.float",
                    "version": "*"
                  },
                  "value": "A"
                },
                "type": "Link"
              },
              "type": ""
            },
            {
              "link": {
                "data": "[",
                "type": "str"
              },
              "type": ""
            },
            {
              "link": {
                "data": ":",
                "type": "str"
              },
              "type": ""
            },
            {
              "link": {
                "data": ",",
                "type": "str"
              },
              "type": ""
            },
            {
              "link": {
                "data": ":",
                "type": "str"
              },
              "type": ""
            },
            {
              "link": {
                "data": ":",
                "type": "str"
              },
              "type": ""
            },
            {
              "link": {
                "data": "-",
                "type": "str"
              },
              "type": "o"
            },
            {
              "link": {
                "data": "1",
                "type": "str"
              },
              "type": "mi"
            },
            {
              "link": {
                "data": ",",
                "type": "str"
              },
              "type": ""
            },
            {
              "link": {
                "data": ".",
                "type": "str"
              },
              "type": "o"
            },
            {
              "link": {
                "data": ".",
                "type": "str"
              },
              "type": "o"
            },
            {
              "link": {
                "data": ".",
                "type": "str"
              },
              "type": "o"
            },
            {
              "link": {
                "data": "]",
                "type": "str"
              },
              "type": ""
            },
            {
              "link": {
                "data": ")",
                "type": "str"
              },
              "type": ""
            },
            {
              "link": {
                "data": "  ",
                "type": "str"
              },
              "type": ""
            },
            {
              "link": {
                "data": "# doctest: +SKIP",
                "type": "str"
              },
              "type": "c1"
            }
          ],
          "out": "True"
        },
        "type": "Code2"
      }
    ],
    "title": null
  },
  "item_file": "/dask/array/routines.py",
  "item_line": 224,
  "item_type": "<class 'function'>",
  "ordered_sections": [
    "Summary",
    "Extended Summary",
    "Parameters",
    "Returns",
    "See Also",
    "Notes",
    "Examples"
  ],
  "references": null,
  "see_also": [
    {
      "descriptions": [
        {
          "children": [
            {
              "data": {
                "value": "Flip array in the up/down direction."
              },
              "type": "Words"
            }
          ]
        }
      ],
      "name": {
        "exists": true,
        "kind": "module",
        "reference": {
          "kind": "module",
          "module": "dask",
          "path": "dask.array.routines.flipud",
          "version": "2021.10.0"
        },
        "value": "flipud"
      },
      "type": null
    },
    {
      "descriptions": [
        {
          "children": [
            {
              "data": {
                "value": "Flip array in one or more dimensions."
              },
              "type": "Words"
            }
          ]
        }
      ],
      "name": {
        "exists": true,
        "kind": "module",
        "reference": {
          "kind": "module",
          "module": "dask",
          "path": "dask.array.routines.flip",
          "version": "2021.10.0"
        },
        "value": "flip"
      },
      "type": null
    },
    {
      "descriptions": [
        {
          "children": [
            {
              "data": {
                "value": "Rotate array counterclockwise."
              },
              "type": "Words"
            }
          ]
        }
      ],
      "name": {
        "exists": true,
        "kind": "module",
        "reference": {
          "kind": "to-resolve",
          "module": "current-module",
          "path": "rot90",
          "version": "current-version"
        },
        "value": "rot90"
      },
      "type": null
    }
  ],
  "signature": {
    "value": "fliplr(m)"
  }
}