{
  "_content": {
    "Attributes": {
      "children": [],
      "title": null
    },
    "Extended Summary": {
      "children": [
        {
          "data": {
            "inline": [
              {
                "data": {
                  "value": "Generates a grid of indices covering the dimensions provided."
                },
                "type": "Words"
              }
            ],
            "inner": []
          },
          "type": "Paragraph"
        },
        {
          "data": {
            "inline": [
              {
                "data": {
                  "value": "The final array has the shape "
                },
                "type": "Words"
              },
              {
                "data": {
                  "value": [
                    "(len(dimensions), *dimensions)"
                  ]
                },
                "type": "Verbatim"
              },
              {
                "data": {
                  "value": ". The chunks are used to specify the chunking for axis 1 up to "
                },
                "type": "Words"
              },
              {
                "data": {
                  "value": [
                    "len(dimensions)"
                  ]
                },
                "type": "Verbatim"
              },
              {
                "data": {
                  "value": ". The 0th axis always has chunks of length 1."
                },
                "type": "Words"
              }
            ],
            "inner": []
          },
          "type": "Paragraph"
        }
      ],
      "title": null
    },
    "Methods": {
      "children": [],
      "title": null
    },
    "Notes": {
      "children": [],
      "title": null
    },
    "Other Parameters": {
      "children": [],
      "title": null
    },
    "Parameters": {
      "children": [
        {
          "data": {
            "desc": [
              {
                "data": {
                  "inline": [
                    {
                      "data": {
                        "value": "The shape of the index grid."
                      },
                      "type": "Words"
                    }
                  ],
                  "inner": []
                },
                "type": "Paragraph"
              }
            ],
            "param": "dimensions",
            "type_": "sequence of ints"
          },
          "type": "Param"
        },
        {
          "data": {
            "desc": [
              {
                "data": {
                  "inline": [
                    {
                      "data": {
                        "value": "Type to use for the array. Default is "
                      },
                      "type": "Words"
                    },
                    {
                      "data": {
                        "value": [
                          "int"
                        ]
                      },
                      "type": "Verbatim"
                    },
                    {
                      "data": {
                        "value": "."
                      },
                      "type": "Words"
                    }
                  ],
                  "inner": []
                },
                "type": "Paragraph"
              }
            ],
            "param": "dtype",
            "type_": "dtype, optional"
          },
          "type": "Param"
        },
        {
          "data": {
            "desc": [
              {
                "data": {
                  "inline": [
                    {
                      "data": {
                        "value": "The size of each block.  Must be one of the following forms:"
                      },
                      "type": "Words"
                    }
                  ],
                  "inner": []
                },
                "type": "Paragraph"
              },
              {
                "data": {
                  "value": [
                    {
                      "data": {
                        "inline": [
                          {
                            "data": {
                              "value": "A blocksize like (500, 1000)"
                            },
                            "type": "Words"
                          }
                        ],
                        "inner": []
                      },
                      "type": "Paragraph"
                    },
                    {
                      "data": {
                        "inline": [
                          {
                            "data": {
                              "value": "A size in bytes, like \"100 MiB\" which will choose a uniform   block-like shape"
                            },
                            "type": "Words"
                          }
                        ],
                        "inner": []
                      },
                      "type": "Paragraph"
                    },
                    {
                      "data": {
                        "inline": [
                          {
                            "data": {
                              "value": "The word \"auto\" which acts like the above, but uses a configuration   value "
                            },
                            "type": "Words"
                          },
                          {
                            "data": {
                              "value": [
                                "array.chunk-size"
                              ]
                            },
                            "type": "Verbatim"
                          },
                          {
                            "data": {
                              "value": " for the chunk size"
                            },
                            "type": "Words"
                          }
                        ],
                        "inner": []
                      },
                      "type": "Paragraph"
                    }
                  ]
                },
                "type": "BulletList"
              },
              {
                "data": {
                  "inline": [
                    {
                      "data": {
                        "value": "Note that the last block will have fewer samples if "
                      },
                      "type": "Words"
                    },
                    {
                      "data": {
                        "value": [
                          "len(array) % chunks != 0"
                        ]
                      },
                      "type": "Verbatim"
                    },
                    {
                      "data": {
                        "value": "."
                      },
                      "type": "Words"
                    }
                  ],
                  "inner": []
                },
                "type": "Paragraph"
              }
            ],
            "param": "chunks",
            "type_": "sequence of ints, str"
          },
          "type": "Param"
        }
      ],
      "title": null
    },
    "Raises": {
      "children": [],
      "title": null
    },
    "Receives": {
      "children": [],
      "title": null
    },
    "Returns": {
      "children": [
        {
          "data": {
            "desc": [],
            "param": "grid",
            "type_": "dask array"
          },
          "type": "Param"
        }
      ],
      "title": null
    },
    "Summary": {
      "children": [
        {
          "data": {
            "inline": [
              {
                "data": {
                  "value": "Implements NumPy's "
                },
                "type": "Words"
              },
              {
                "data": {
                  "value": [
                    "indices"
                  ]
                },
                "type": "Verbatim"
              },
              {
                "data": {
                  "value": " for Dask Arrays."
                },
                "type": "Words"
              }
            ],
            "inner": []
          },
          "type": "Paragraph"
        }
      ],
      "title": null
    },
    "Warnings": {
      "children": [],
      "title": null
    },
    "Warns": {
      "children": [],
      "title": null
    },
    "Yields": {
      "children": [],
      "title": null
    }
  },
  "aliases": [
    "dask.array.indices"
  ],
  "arbitrary": [],
  "example_section_data": {
    "children": [],
    "title": null
  },
  "item_file": "/dask/array/creation.py",
  "item_line": 456,
  "item_type": "<class 'function'>",
  "ordered_sections": [
    "Summary",
    "Extended Summary",
    "Parameters",
    "Returns"
  ],
  "references": null,
  "refs": [],
  "see_also": [],
  "signature": {
    "value": "indices(dimensions, dtype=<class 'int'>, chunks='auto')"
  }
}