{
  "_content": {
    "Summary": {
      "children": [
        {
          "type": "Paragraph",
          "data": {
            "inline": [
              {
                "type": "Words",
                "data": {
                  "value": "Wrap numpy random function to produce dask.array random function"
                }
              }
            ],
            "inner": []
          }
        }
      ],
      "title": null
    },
    "Extended Summary": {
      "children": [
        {
          "type": "Paragraph",
          "data": {
            "inline": [
              {
                "type": "Words",
                "data": {
                  "value": "extra_chunks should be a chunks tuple to append to the end of chunks"
                }
              }
            ],
            "inner": []
          }
        }
      ],
      "title": null
    },
    "Parameters": {
      "children": [],
      "title": null
    },
    "Returns": {
      "children": [],
      "title": null
    },
    "Yields": {
      "children": [],
      "title": null
    },
    "Receives": {
      "children": [],
      "title": null
    },
    "Raises": {
      "children": [],
      "title": null
    },
    "Warns": {
      "children": [],
      "title": null
    },
    "Other Parameters": {
      "children": [],
      "title": null
    },
    "Attributes": {
      "children": [],
      "title": null
    },
    "Methods": {
      "children": [],
      "title": null
    },
    "Notes": {
      "children": [],
      "title": null
    },
    "Warnings": {
      "children": [],
      "title": null
    }
  },
  "refs": [],
  "ordered_sections": [
    "Summary",
    "Extended Summary"
  ],
  "item_file": "/dask/array/random.py",
  "item_line": 75,
  "item_type": "<class 'function'>",
  "aliases": [
    "dask.array.linalg.RandomState._wrap"
  ],
  "example_section_data": {
    "children": [],
    "title": null
  },
  "see_also": [],
  "signature": "_wrap(self, funcname, *args, size=None, chunks='auto', extra_chunks=(), **kwargs)",
  "references": null,
  "arbitrary": []
}