{
  "_content": {
    "Summary": {
      "children": [
        {
          "type": "BlockVerbatim",
          "data": {
            "lines": {
              "_lines": [
                {
                  "_line": ">>> from operator import add",
                  "_number": 0,
                  "_offset": 0
                },
                {
                  "_line": ">>> partial_by_order(5, function=add, other=[(1, 10)])",
                  "_number": 1,
                  "_offset": 0
                },
                {
                  "_line": "15",
                  "_number": 2,
                  "_offset": 0
                }
              ]
            }
          }
        }
      ],
      "title": null
    },
    "Extended Summary": {
      "children": [],
      "title": null
    },
    "Parameters": {
      "children": [],
      "title": null
    },
    "Returns": {
      "children": [],
      "title": null
    },
    "Yields": {
      "children": [],
      "title": null
    },
    "Receives": {
      "children": [],
      "title": null
    },
    "Raises": {
      "children": [],
      "title": null
    },
    "Warns": {
      "children": [],
      "title": null
    },
    "Other Parameters": {
      "children": [],
      "title": null
    },
    "Attributes": {
      "children": [],
      "title": null
    },
    "Methods": {
      "children": [],
      "title": null
    },
    "Notes": {
      "children": [],
      "title": null
    },
    "Warnings": {
      "children": [],
      "title": null
    }
  },
  "refs": [],
  "ordered_sections": [
    "Summary",
    "Extended Summary"
  ],
  "item_file": "/Users/bussonniermatthias/miniconda3-intel/envs/papyri/lib/python3.9/site-packages/dask/utils.py",
  "item_line": 1210,
  "item_type": "<class 'function'>",
  "aliases": [
    "dask.utils.partial_by_order"
  ],
  "example_section_data": {
    "children": [],
    "title": null
  },
  "see_also": [],
  "signature": "partial_by_order(*args, **kwargs)",
  "references": null,
  "arbitrary": []
}