{
  "aliases": [
    "dask.array.core.cached_cumsum"
  ],
  "arbitrary": [],
  "content": {
    "Attributes": {
      "children": [],
      "level": 0,
      "title": null
    },
    "Extended Summary": {
      "children": [
        {
          "data": {
            "children": [
              {
                "data": {
                  "value": "Caching is by the identify of "
                },
                "type": "Words"
              },
              {
                "data": {
                  "exists": true,
                  "kind": "module",
                  "reference": {
                    "kind": "module",
                    "module": "dask",
                    "path": "dask.base.normalize_seq",
                    "version": "2021.10.0"
                  },
                  "value": "seq"
                },
                "type": "Link"
              },
              {
                "data": {
                  "value": " rather than the value. It is thus important that "
                },
                "type": "Words"
              },
              {
                "data": {
                  "exists": true,
                  "kind": "module",
                  "reference": {
                    "kind": "module",
                    "module": "dask",
                    "path": "dask.base.normalize_seq",
                    "version": "2021.10.0"
                  },
                  "value": "seq"
                },
                "type": "Link"
              },
              {
                "data": {
                  "value": " is a tuple of immutable objects, and this function is intended for use where "
                },
                "type": "Words"
              },
              {
                "data": {
                  "exists": true,
                  "kind": "module",
                  "reference": {
                    "kind": "module",
                    "module": "dask",
                    "path": "dask.base.normalize_seq",
                    "version": "2021.10.0"
                  },
                  "value": "seq"
                },
                "type": "Link"
              },
              {
                "data": {
                  "value": " is a value that will persist (generally block sizes)."
                },
                "type": "Words"
              }
            ]
          },
          "type": "Paragraph"
        }
      ],
      "level": 0,
      "title": null
    },
    "Methods": {
      "children": [],
      "level": 0,
      "title": null
    },
    "Notes": {
      "children": [],
      "level": 0,
      "title": null
    },
    "Other Parameters": {
      "children": [],
      "level": 0,
      "title": null
    },
    "Parameters": {
      "children": [
        {
          "data": {
            "children": [
              {
                "desc": [
                  {
                    "data": {
                      "children": [
                        {
                          "data": {
                            "value": "Values to cumulatively sum."
                          },
                          "type": "Words"
                        }
                      ]
                    },
                    "type": "Paragraph"
                  }
                ],
                "param": "seq",
                "type_": "tuple"
              },
              {
                "desc": [
                  {
                    "data": {
                      "children": [
                        {
                          "data": {
                            "value": "If true, the return value is prefixed with a zero."
                          },
                          "type": "Words"
                        }
                      ]
                    },
                    "type": "Paragraph"
                  }
                ],
                "param": "initial_zero",
                "type_": "bool, optional"
              }
            ]
          },
          "type": "Parameters"
        }
      ],
      "level": 0,
      "title": null
    },
    "Raises": {
      "children": [],
      "level": 0,
      "title": null
    },
    "Receives": {
      "children": [],
      "level": 0,
      "title": null
    },
    "Returns": {
      "children": [
        {
          "data": {
            "children": [
              {
                "desc": [],
                "param": "",
                "type_": "tuple"
              }
            ]
          },
          "type": "Parameters"
        }
      ],
      "level": 0,
      "title": null
    },
    "Summary": {
      "children": [
        {
          "data": {
            "children": [
              {
                "data": {
                  "value": "Compute "
                },
                "type": "Words"
              },
              {
                "data": {
                  "value": [
                    "toolz.accumulate"
                  ]
                },
                "type": "Verbatim"
              },
              {
                "data": {
                  "value": " with caching."
                },
                "type": "Words"
              }
            ]
          },
          "type": "Paragraph"
        }
      ],
      "level": 0,
      "title": null
    },
    "Warnings": {
      "children": [],
      "level": 0,
      "title": null
    },
    "Warns": {
      "children": [],
      "level": 0,
      "title": null
    },
    "Yields": {
      "children": [],
      "level": 0,
      "title": null
    }
  },
  "example_section_data": {
    "children": [],
    "level": 0,
    "title": null
  },
  "item_file": "/dask/array/slicing.py",
  "item_line": 1323,
  "item_type": "<class 'function'>",
  "ordered_sections": [
    "Summary",
    "Extended Summary",
    "Parameters",
    "Returns"
  ],
  "references": null,
  "see_also": [],
  "signature": {
    "value": "cached_cumsum(seq, initial_zero=False)"
  }
}