{
  "_content": {
    "Attributes": {
      "children": [],
      "title": null
    },
    "Extended Summary": {
      "children": [
        {
          "data": {
            "inline": [
              {
                "data": {
                  "value": "It does two things:"
                },
                "type": "Words"
              }
            ],
            "inner": []
          },
          "type": "Paragraph"
        },
        {
          "data": {
            "value": [
              {
                "data": {
                  "inline": [
                    {
                      "data": {
                        "value": "Add the defaults to a global collection to be used by refresh later"
                      },
                      "type": "Words"
                    }
                  ],
                  "inner": []
                },
                "type": "Paragraph"
              },
              {
                "data": {
                  "inline": [
                    {
                      "data": {
                        "value": "Updates the global config with the new configuration     prioritizing older values over newer ones"
                      },
                      "type": "Words"
                    }
                  ],
                  "inner": []
                },
                "type": "Paragraph"
              }
            ]
          },
          "type": "EnumeratedList"
        }
      ],
      "title": null
    },
    "Methods": {
      "children": [],
      "title": null
    },
    "Notes": {
      "children": [],
      "title": null
    },
    "Other Parameters": {
      "children": [],
      "title": null
    },
    "Parameters": {
      "children": [],
      "title": null
    },
    "Raises": {
      "children": [],
      "title": null
    },
    "Receives": {
      "children": [],
      "title": null
    },
    "Returns": {
      "children": [],
      "title": null
    },
    "Summary": {
      "children": [
        {
          "data": {
            "inline": [
              {
                "data": {
                  "value": "Add a new set of defaults to the configuration"
                },
                "type": "Words"
              }
            ],
            "inner": []
          },
          "type": "Paragraph"
        }
      ],
      "title": null
    },
    "Warnings": {
      "children": [],
      "title": null
    },
    "Warns": {
      "children": [],
      "title": null
    },
    "Yields": {
      "children": [],
      "title": null
    }
  },
  "aliases": [
    "dask.config.update_defaults"
  ],
  "arbitrary": [],
  "example_section_data": {
    "children": [],
    "title": null
  },
  "item_file": "/dask/config.py",
  "item_line": 500,
  "item_type": "<class 'function'>",
  "ordered_sections": [
    "Summary",
    "Extended Summary"
  ],
  "references": null,
  "refs": [],
  "see_also": [],
  "signature": "update_defaults(new, config={'temporary-directory': None, 'tokenize': {'ensure-deterministic': False}, 'dataframe': {'shuffle-compression': None, 'parquet': {'metadata-task-size-local': 512, 'metadata-task-size-remote': 16}}, 'array': {'svg': {'size': 120}, 'slicing': {'split-large-chunks': None}, 'chunk-size': '128MiB', 'rechunk-threshold': 4}, 'optimization': {'fuse': {'active': None, 'ave-width': 1, 'max-width': None, 'max-height': inf, 'max-depth-new-edges': None, 'subgraphs': None, 'rename-keys': True}}, 'foo': {'bar': 123}}, defaults=[{'temporary-directory': None, 'tokenize': {'ensure-deterministic': False}, 'dataframe': {'shuffle-compression': None, 'parquet': {'metadata-task-size-local': 512, 'metadata-task-size-remote': 16}}, 'array': {'svg': {'size': 120}, 'slicing': {'split-large-chunks': None}}, 'optimization': {'fuse': {'active': None, 'ave-width': 1, 'max-width': None, 'max-height': inf, 'max-depth-new-edges': None, 'subgraphs': None, 'rename-keys': True}}}, {'array': {'chunk-size': '128MiB', 'rechunk-threshold': 4}}])"
}