{
  "_content": {
    "Attributes": {
      "children": [],
      "title": null
    },
    "Extended Summary": {
      "children": [],
      "title": null
    },
    "Methods": {
      "children": [],
      "title": null
    },
    "Notes": {
      "children": [],
      "title": null
    },
    "Other Parameters": {
      "children": [],
      "title": null
    },
    "Parameters": {
      "children": [],
      "title": null
    },
    "Raises": {
      "children": [],
      "title": null
    },
    "Receives": {
      "children": [],
      "title": null
    },
    "Returns": {
      "children": [],
      "title": null
    },
    "Summary": {
      "children": [
        {
          "data": {
            "inline": [
              {
                "data": {
                  "value": "Is x hashable?"
                },
                "type": "Words"
              }
            ],
            "inner": []
          },
          "type": "Paragraph"
        }
      ],
      "title": null
    },
    "Warnings": {
      "children": [],
      "title": null
    },
    "Warns": {
      "children": [],
      "title": null
    },
    "Yields": {
      "children": [],
      "title": null
    }
  },
  "aliases": [
    "dask.core.ishashable"
  ],
  "arbitrary": [],
  "example_section_data": {
    "children": [
      {
        "data": {
          "ce_status": "execed",
          "entries": [
            [
              "ishashable",
              "dask.core.ishashable",
              ""
            ],
            [
              "(",
              "",
              ""
            ],
            [
              "1",
              "",
              "mi"
            ],
            [
              ")",
              "",
              ""
            ]
          ],
          "out": "True"
        },
        "type": "Code"
      },
      {
        "data": {
          "ce_status": "execed",
          "entries": [
            [
              "ishashable",
              "dask.core.ishashable",
              ""
            ],
            [
              "(",
              "",
              ""
            ],
            [
              "[",
              "",
              ""
            ],
            [
              "1",
              "",
              "mi"
            ],
            [
              "]",
              "",
              ""
            ],
            [
              ")",
              "",
              ""
            ]
          ],
          "out": "False"
        },
        "type": "Code"
      }
    ],
    "title": null
  },
  "item_file": "/dask/core.py",
  "item_line": 8,
  "item_type": "<class 'function'>",
  "ordered_sections": [
    "Summary",
    "Examples"
  ],
  "references": null,
  "refs": [
    "dask.core.ishashable"
  ],
  "see_also": [],
  "signature": "ishashable(x)"
}