{
  "_content": {
    "Summary": {
      "children": [
        {
          "type": "Paragraph",
          "data": {
            "inline": [
              {
                "type": "Words",
                "data": {
                  "value": "Check validity of index for a given dimension"
                }
              }
            ],
            "inner": []
          }
        }
      ],
      "title": null
    },
    "Extended Summary": {
      "children": [],
      "title": null
    },
    "Parameters": {
      "children": [],
      "title": null
    },
    "Returns": {
      "children": [],
      "title": null
    },
    "Yields": {
      "children": [],
      "title": null
    },
    "Receives": {
      "children": [],
      "title": null
    },
    "Raises": {
      "children": [],
      "title": null
    },
    "Warns": {
      "children": [],
      "title": null
    },
    "Other Parameters": {
      "children": [],
      "title": null
    },
    "Attributes": {
      "children": [],
      "title": null
    },
    "Methods": {
      "children": [],
      "title": null
    },
    "Notes": {
      "children": [],
      "title": null
    },
    "Warnings": {
      "children": [],
      "title": null
    }
  },
  "refs": [
    "builtins.list",
    "builtins.slice",
    "dask.array.slicing.check_index"
  ],
  "ordered_sections": [
    "Summary",
    "Examples"
  ],
  "item_file": "/Users/bussonniermatthias/miniconda3-intel/envs/papyri/lib/python3.9/site-packages/dask/array/slicing.py",
  "item_line": 924,
  "item_type": "<class 'function'>",
  "aliases": [
    "dask.array.slicing.check_index"
  ],
  "example_section_data": {
    "children": [
      {
        "type": "Code",
        "data": {
          "entries": [
            [
              "check_index",
              "dask.array.slicing.check_index",
              ""
            ],
            [
              "(",
              "",
              ""
            ],
            [
              "3",
              "",
              "mi"
            ],
            [
              ",",
              "",
              ""
            ],
            [
              " ",
              "",
              ""
            ],
            [
              "5",
              "",
              "mi"
            ],
            [
              ")",
              "",
              ""
            ],
            [
              "\n",
              "",
              ""
            ],
            [
              "check_index",
              "dask.array.slicing.check_index",
              ""
            ],
            [
              "(",
              "",
              ""
            ],
            [
              "5",
              "",
              "mi"
            ],
            [
              ",",
              "",
              ""
            ],
            [
              " ",
              "",
              ""
            ],
            [
              "5",
              "",
              "mi"
            ],
            [
              ")",
              "",
              ""
            ]
          ],
          "out": "Traceback (most recent call last):\n...\nIndexError: Index is not smaller than dimension 5 >= 5",
          "ce_status": "exception_in_exec"
        }
      },
      {
        "type": "Code",
        "data": {
          "entries": [
            [
              "check_index",
              "dask.array.slicing.check_index",
              ""
            ],
            [
              "(",
              "",
              ""
            ],
            [
              "6",
              "",
              "mi"
            ],
            [
              ",",
              "",
              ""
            ],
            [
              " ",
              "",
              ""
            ],
            [
              "5",
              "",
              "mi"
            ],
            [
              ")",
              "",
              ""
            ]
          ],
          "out": "Traceback (most recent call last):\n...\nIndexError: Index is not smaller than dimension 6 >= 5",
          "ce_status": "exception_in_exec"
        }
      },
      {
        "type": "Code",
        "data": {
          "entries": [
            [
              "check_index",
              "dask.array.slicing.check_index",
              ""
            ],
            [
              "(",
              "",
              ""
            ],
            [
              "-",
              "",
              "o"
            ],
            [
              "1",
              "",
              "mi"
            ],
            [
              ",",
              "",
              ""
            ],
            [
              " ",
              "",
              ""
            ],
            [
              "5",
              "",
              "mi"
            ],
            [
              ")",
              "",
              ""
            ],
            [
              "\n",
              "",
              ""
            ],
            [
              "check_index",
              "dask.array.slicing.check_index",
              ""
            ],
            [
              "(",
              "",
              ""
            ],
            [
              "-",
              "",
              "o"
            ],
            [
              "6",
              "",
              "mi"
            ],
            [
              ",",
              "",
              ""
            ],
            [
              " ",
              "",
              ""
            ],
            [
              "5",
              "",
              "mi"
            ],
            [
              ")",
              "",
              ""
            ]
          ],
          "out": "Traceback (most recent call last):\n...\nIndexError: Negative index is not greater than negative dimension -6 <= -5",
          "ce_status": "exception_in_exec"
        }
      },
      {
        "type": "Code",
        "data": {
          "entries": [
            [
              "check_index",
              "dask.array.slicing.check_index",
              ""
            ],
            [
              "(",
              "",
              ""
            ],
            [
              "[",
              "",
              ""
            ],
            [
              "1",
              "",
              "mi"
            ],
            [
              ",",
              "",
              ""
            ],
            [
              " ",
              "",
              ""
            ],
            [
              "2",
              "",
              "mi"
            ],
            [
              "]",
              "",
              ""
            ],
            [
              ",",
              "",
              ""
            ],
            [
              " ",
              "",
              ""
            ],
            [
              "5",
              "",
              "mi"
            ],
            [
              ")",
              "",
              ""
            ],
            [
              "\n",
              "",
              ""
            ],
            [
              "check_index",
              "dask.array.slicing.check_index",
              ""
            ],
            [
              "(",
              "",
              ""
            ],
            [
              "[",
              "",
              ""
            ],
            [
              "6",
              "",
              "mi"
            ],
            [
              ",",
              "",
              ""
            ],
            [
              " ",
              "",
              ""
            ],
            [
              "3",
              "",
              "mi"
            ],
            [
              "]",
              "",
              ""
            ],
            [
              ",",
              "",
              ""
            ],
            [
              " ",
              "",
              ""
            ],
            [
              "5",
              "",
              "mi"
            ],
            [
              ")",
              "",
              ""
            ]
          ],
          "out": "Traceback (most recent call last):\n...\nIndexError: Index out of bounds 5",
          "ce_status": "exception_in_exec"
        }
      },
      {
        "type": "Code",
        "data": {
          "entries": [
            [
              "check_index",
              "dask.array.slicing.check_index",
              ""
            ],
            [
              "(",
              "",
              ""
            ],
            [
              "slice",
              "builtins.slice",
              "nb"
            ],
            [
              "(",
              "",
              ""
            ],
            [
              "0",
              "",
              "mi"
            ],
            [
              ",",
              "",
              ""
            ],
            [
              " ",
              "",
              ""
            ],
            [
              "3",
              "",
              "mi"
            ],
            [
              ")",
              "",
              ""
            ],
            [
              ",",
              "",
              ""
            ],
            [
              " ",
              "",
              ""
            ],
            [
              "5",
              "",
              "mi"
            ],
            [
              ")",
              "",
              ""
            ]
          ],
          "out": "",
          "ce_status": "execed"
        }
      },
      {
        "type": "Code",
        "data": {
          "entries": [
            [
              "check_index",
              "dask.array.slicing.check_index",
              ""
            ],
            [
              "(",
              "",
              ""
            ],
            [
              "[",
              "",
              ""
            ],
            [
              "True",
              "builtins.list",
              "kc"
            ],
            [
              "]",
              "",
              ""
            ],
            [
              ",",
              "",
              ""
            ],
            [
              " ",
              "",
              ""
            ],
            [
              "1",
              "",
              "mi"
            ],
            [
              ")",
              "",
              ""
            ],
            [
              "\n",
              "",
              ""
            ],
            [
              "check_index",
              "dask.array.slicing.check_index",
              ""
            ],
            [
              "(",
              "",
              ""
            ],
            [
              "[",
              "",
              ""
            ],
            [
              "True",
              null,
              "kc"
            ],
            [
              ",",
              "",
              ""
            ],
            [
              " ",
              "",
              ""
            ],
            [
              "True",
              null,
              "kc"
            ],
            [
              "]",
              "",
              ""
            ],
            [
              ",",
              "",
              ""
            ],
            [
              " ",
              "",
              ""
            ],
            [
              "3",
              "",
              "mi"
            ],
            [
              ")",
              "",
              ""
            ]
          ],
          "out": "Traceback (most recent call last):\n...\nIndexError: Boolean array length 2 doesn't equal dimension 3",
          "ce_status": "exception_in_exec"
        }
      },
      {
        "type": "Code",
        "data": {
          "entries": [
            [
              "check_index",
              "dask.array.slicing.check_index",
              ""
            ],
            [
              "(",
              "",
              ""
            ],
            [
              "[",
              "",
              ""
            ],
            [
              "True",
              null,
              "kc"
            ],
            [
              ",",
              "",
              ""
            ],
            [
              " ",
              "",
              ""
            ],
            [
              "True",
              null,
              "kc"
            ],
            [
              ",",
              "",
              ""
            ],
            [
              " ",
              "",
              ""
            ],
            [
              "True",
              null,
              "kc"
            ],
            [
              "]",
              "",
              ""
            ],
            [
              ",",
              "",
              ""
            ],
            [
              " ",
              "",
              ""
            ],
            [
              "1",
              "",
              "mi"
            ],
            [
              ")",
              "",
              ""
            ]
          ],
          "out": "Traceback (most recent call last):\n...\nIndexError: Boolean array length 3 doesn't equal dimension 1",
          "ce_status": "exception_in_exec"
        }
      }
    ],
    "title": null
  },
  "see_also": [],
  "signature": "check_index(ind, dimension)",
  "references": null,
  "arbitrary": []
}