{
  "_content": {
    "Attributes": {
      "children": [],
      "title": null
    },
    "Extended Summary": {
      "children": [
        {
          "data": {
            "inline": [
              {
                "data": {
                  "value": "Takes a function that behaves like "
                },
                "type": "Words"
              },
              {
                "data": {
                  "value": [
                    "numpy.fft"
                  ]
                },
                "type": "Verbatim"
              },
              {
                "data": {
                  "value": " functions and a specified kind to match it to that are named after the functions in the "
                },
                "type": "Words"
              },
              {
                "data": {
                  "value": [
                    "numpy.fft"
                  ]
                },
                "type": "Verbatim"
              },
              {
                "data": {
                  "value": " API."
                },
                "type": "Words"
              }
            ],
            "inner": []
          },
          "type": "Paragraph"
        },
        {
          "data": {
            "inline": [
              {
                "data": {
                  "value": "Supported kinds include:"
                },
                "type": "Words"
              }
            ],
            "inner": []
          },
          "type": "Paragraph"
        },
        {
          "data": {
            "value": [
              "* fft",
              "* fft2",
              "* fftn",
              "* ifft",
              "* ifft2",
              "* ifftn",
              "* rfft",
              "* rfft2",
              "* rfftn",
              "* irfft",
              "* irfft2",
              "* irfftn",
              "* hfft",
              "* ihfft"
            ]
          },
          "type": "BlockQuote"
        }
      ],
      "title": null
    },
    "Methods": {
      "children": [],
      "title": null
    },
    "Notes": {
      "children": [],
      "title": null
    },
    "Other Parameters": {
      "children": [],
      "title": null
    },
    "Parameters": {
      "children": [],
      "title": null
    },
    "Raises": {
      "children": [],
      "title": null
    },
    "Receives": {
      "children": [],
      "title": null
    },
    "Returns": {
      "children": [],
      "title": null
    },
    "Summary": {
      "children": [
        {
          "data": {
            "inline": [
              {
                "data": {
                  "value": "Wrap 1D, 2D, and ND real and complex FFT functions"
                },
                "type": "Words"
              }
            ],
            "inner": []
          },
          "type": "Paragraph"
        }
      ],
      "title": null
    },
    "Warnings": {
      "children": [],
      "title": null
    },
    "Warns": {
      "children": [],
      "title": null
    },
    "Yields": {
      "children": [],
      "title": null
    }
  },
  "aliases": [
    "dask.array.fft.fft_wrap"
  ],
  "arbitrary": [],
  "example_section_data": {
    "children": [
      {
        "data": {
          "ce_status": "compiled",
          "entries": [
            [
              "import",
              null,
              "kn"
            ],
            [
              " ",
              "",
              ""
            ],
            [
              "dask",
              "dask",
              "nn"
            ],
            [
              ".",
              "",
              "nn"
            ],
            [
              "array",
              "dask.array",
              "nn"
            ],
            [
              ".",
              "",
              "nn"
            ],
            [
              "fft",
              "dask.array.fft",
              "nn"
            ],
            [
              " ",
              "",
              ""
            ],
            [
              "as",
              null,
              "k"
            ],
            [
              " ",
              "",
              ""
            ],
            [
              "dff",
              "dask.array.fft",
              "nn"
            ],
            [
              "\n",
              "",
              ""
            ],
            [
              "parallel_fft",
              null,
              ""
            ],
            [
              " ",
              "",
              ""
            ],
            [
              "=",
              "",
              "o"
            ],
            [
              " ",
              "",
              ""
            ],
            [
              "dff",
              "dask.array.fft",
              ""
            ],
            [
              ".",
              "",
              "o"
            ],
            [
              "fft_wrap",
              "dask.array.fft.fft_wrap",
              ""
            ],
            [
              "(",
              "",
              ""
            ],
            [
              "np",
              "numpy",
              ""
            ],
            [
              ".",
              "",
              "o"
            ],
            [
              "fft",
              "numpy.fft",
              ""
            ],
            [
              ".",
              "",
              "o"
            ],
            [
              "fft",
              "numpy.fft.fft",
              ""
            ],
            [
              ")",
              "",
              ""
            ],
            [
              "\n",
              "",
              ""
            ],
            [
              "parallel_ifft",
              null,
              ""
            ],
            [
              " ",
              "",
              ""
            ],
            [
              "=",
              "",
              "o"
            ],
            [
              " ",
              "",
              ""
            ],
            [
              "dff",
              "dask.array.fft",
              ""
            ],
            [
              ".",
              "",
              "o"
            ],
            [
              "fft_wrap",
              "dask.array.fft.fft_wrap",
              ""
            ],
            [
              "(",
              "",
              ""
            ],
            [
              "np",
              "numpy",
              ""
            ],
            [
              ".",
              "",
              "o"
            ],
            [
              "fft",
              "numpy.fft",
              ""
            ],
            [
              ".",
              "",
              "o"
            ],
            [
              "ifft",
              "numpy.fft.ifft",
              ""
            ],
            [
              ")",
              "",
              ""
            ]
          ],
          "out": ""
        },
        "type": "Code"
      }
    ],
    "title": null
  },
  "item_file": "/dask/array/fft.py",
  "item_line": 113,
  "item_type": "<class 'function'>",
  "ordered_sections": [
    "Summary",
    "Extended Summary",
    "Examples"
  ],
  "references": null,
  "refs": [
    "dask",
    "dask.array",
    "dask.array.fft",
    "dask.array.fft.fft_wrap",
    "numpy",
    "numpy.fft",
    "numpy.fft.fft",
    "numpy.fft.ifft"
  ],
  "see_also": [],
  "signature": {
    "value": "fft_wrap(fft_func, kind=None, dtype=None)"
  }
}