{
  "aliases": [
    "dask.array.count_nonzero"
  ],
  "arbitrary": [],
  "content": {
    "Attributes": {
      "children": [],
      "level": 0,
      "title": null
    },
    "Extended Summary": {
      "children": [
        {
          "data": {
            "children": [
              {
                "data": {
                  "value": "This docstring was copied from numpy.count_nonzero."
                },
                "type": "Words"
              }
            ]
          },
          "type": "Paragraph"
        },
        {
          "data": {
            "children": [
              {
                "data": {
                  "value": "Some inconsistencies with the Dask version may exist."
                },
                "type": "Words"
              }
            ]
          },
          "type": "Paragraph"
        },
        {
          "data": {
            "children": [
              {
                "data": {
                  "value": "The word \"non-zero\" is in reference to the Python 2.x built-in method "
                },
                "type": "Words"
              },
              {
                "data": {
                  "value": [
                    "__nonzero__()"
                  ]
                },
                "type": "Verbatim"
              },
              {
                "data": {
                  "value": " (renamed "
                },
                "type": "Words"
              },
              {
                "data": {
                  "value": [
                    "__bool__()"
                  ]
                },
                "type": "Verbatim"
              },
              {
                "data": {
                  "value": " in Python 3.x) of Python objects that tests an object's \"truthfulness\". For example, any number is considered truthful if it is nonzero, whereas any string is considered truthful if it is not the empty string. Thus, this function (recursively) counts how many elements in "
                },
                "type": "Words"
              },
              {
                "data": {
                  "value": [
                    "a"
                  ]
                },
                "type": "Verbatim"
              },
              {
                "data": {
                  "value": " (and in sub-arrays thereof) have their "
                },
                "type": "Words"
              },
              {
                "data": {
                  "value": [
                    "__nonzero__()"
                  ]
                },
                "type": "Verbatim"
              },
              {
                "data": {
                  "value": " or "
                },
                "type": "Words"
              },
              {
                "data": {
                  "value": [
                    "__bool__()"
                  ]
                },
                "type": "Verbatim"
              },
              {
                "data": {
                  "value": " method evaluated to "
                },
                "type": "Words"
              },
              {
                "data": {
                  "value": [
                    "True"
                  ]
                },
                "type": "Verbatim"
              },
              {
                "data": {
                  "value": "."
                },
                "type": "Words"
              }
            ]
          },
          "type": "Paragraph"
        }
      ],
      "level": 0,
      "title": null
    },
    "Methods": {
      "children": [],
      "level": 0,
      "title": null
    },
    "Notes": {
      "children": [],
      "level": 0,
      "title": null
    },
    "Other Parameters": {
      "children": [],
      "level": 0,
      "title": null
    },
    "Parameters": {
      "children": [
        {
          "data": {
            "children": [
              {
                "desc": [
                  {
                    "data": {
                      "children": [
                        {
                          "data": {
                            "value": "The array for which to count non-zeros."
                          },
                          "type": "Words"
                        }
                      ]
                    },
                    "type": "Paragraph"
                  }
                ],
                "param": "a",
                "type_": "array_like"
              },
              {
                "desc": [
                  {
                    "data": {
                      "children": [
                        {
                          "data": {
                            "value": "Axis or tuple of axes along which to count non-zeros. Default is None, meaning that non-zeros will be counted along a flattened version of "
                          },
                          "type": "Words"
                        },
                        {
                          "data": {
                            "value": [
                              "a"
                            ]
                          },
                          "type": "Verbatim"
                        },
                        {
                          "data": {
                            "value": "."
                          },
                          "type": "Words"
                        }
                      ]
                    },
                    "type": "Paragraph"
                  },
                  {
                    "data": {
                      "children": [],
                      "kind": "versionadded",
                      "title": "1.12.0"
                    },
                    "type": "Admonition"
                  }
                ],
                "param": "axis",
                "type_": "int or tuple, optional"
              },
              {
                "desc": [
                  {
                    "data": {
                      "children": [
                        {
                          "data": {
                            "value": "If this is set to True, the axes that are counted are left in the result as dimensions with size one. With this option, the result will broadcast correctly against the input array."
                          },
                          "type": "Words"
                        }
                      ]
                    },
                    "type": "Paragraph"
                  },
                  {
                    "data": {
                      "children": [],
                      "kind": "versionadded",
                      "title": "1.19.0"
                    },
                    "type": "Admonition"
                  }
                ],
                "param": "keepdims",
                "type_": "bool, optional  (Not supported in Dask)"
              }
            ]
          },
          "type": "Parameters"
        }
      ],
      "level": 0,
      "title": null
    },
    "Raises": {
      "children": [],
      "level": 0,
      "title": null
    },
    "Receives": {
      "children": [],
      "level": 0,
      "title": null
    },
    "Returns": {
      "children": [
        {
          "data": {
            "children": [
              {
                "desc": [
                  {
                    "data": {
                      "children": [
                        {
                          "data": {
                            "value": "Number of non-zero values in the array along a given axis. Otherwise, the total number of non-zero values in the array is returned."
                          },
                          "type": "Words"
                        }
                      ]
                    },
                    "type": "Paragraph"
                  }
                ],
                "param": "count",
                "type_": "int or array of int"
              }
            ]
          },
          "type": "Parameters"
        }
      ],
      "level": 0,
      "title": null
    },
    "Summary": {
      "children": [
        {
          "data": {
            "children": [
              {
                "data": {
                  "value": "Counts the number of non-zero values in the array "
                },
                "type": "Words"
              },
              {
                "data": {
                  "value": [
                    "a"
                  ]
                },
                "type": "Verbatim"
              },
              {
                "data": {
                  "value": "."
                },
                "type": "Words"
              }
            ]
          },
          "type": "Paragraph"
        }
      ],
      "level": 0,
      "title": null
    },
    "Warnings": {
      "children": [],
      "level": 0,
      "title": null
    },
    "Warns": {
      "children": [],
      "level": 0,
      "title": null
    },
    "Yields": {
      "children": [],
      "level": 0,
      "title": null
    }
  },
  "example_section_data": {
    "children": [
      {
        "data": {
          "ce_status": "compiled",
          "entries": [
            {
              "link": {
                "data": {
                  "exists": true,
                  "kind": "module",
                  "reference": {
                    "kind": "module",
                    "module": "numpy",
                    "path": "numpy",
                    "version": "*"
                  },
                  "value": "np"
                },
                "type": "Link"
              },
              "type": ""
            },
            {
              "link": {
                "data": ".",
                "type": "str"
              },
              "type": "o"
            },
            {
              "link": {
                "data": {
                  "exists": true,
                  "kind": "module",
                  "reference": {
                    "kind": "module",
                    "module": "numpy",
                    "path": "numpy.count_nonzero",
                    "version": "*"
                  },
                  "value": "count_nonzero"
                },
                "type": "Link"
              },
              "type": ""
            },
            {
              "link": {
                "data": "(",
                "type": "str"
              },
              "type": ""
            },
            {
              "link": {
                "data": {
                  "exists": true,
                  "kind": "module",
                  "reference": {
                    "kind": "module",
                    "module": "numpy",
                    "path": "numpy",
                    "version": "*"
                  },
                  "value": "np"
                },
                "type": "Link"
              },
              "type": ""
            },
            {
              "link": {
                "data": ".",
                "type": "str"
              },
              "type": "o"
            },
            {
              "link": {
                "data": {
                  "exists": true,
                  "kind": "module",
                  "reference": {
                    "kind": "module",
                    "module": "numpy",
                    "path": "numpy.eye",
                    "version": "*"
                  },
                  "value": "eye"
                },
                "type": "Link"
              },
              "type": ""
            },
            {
              "link": {
                "data": "(",
                "type": "str"
              },
              "type": ""
            },
            {
              "link": {
                "data": "4",
                "type": "str"
              },
              "type": "mi"
            },
            {
              "link": {
                "data": ")",
                "type": "str"
              },
              "type": ""
            },
            {
              "link": {
                "data": ")",
                "type": "str"
              },
              "type": ""
            },
            {
              "link": {
                "data": "  ",
                "type": "str"
              },
              "type": ""
            },
            {
              "link": {
                "data": "# doctest: +SKIP",
                "type": "str"
              },
              "type": "c1"
            }
          ],
          "out": "4"
        },
        "type": "Code2"
      },
      {
        "data": {
          "ce_status": "compiled",
          "entries": [
            {
              "link": {
                "data": {
                  "exists": true,
                  "kind": "module",
                  "reference": {
                    "kind": "module",
                    "module": "numpy",
                    "path": "numpy.ndarray",
                    "version": "*"
                  },
                  "value": "a"
                },
                "type": "Link"
              },
              "type": ""
            },
            {
              "link": {
                "data": " ",
                "type": "str"
              },
              "type": ""
            },
            {
              "link": {
                "data": "=",
                "type": "str"
              },
              "type": "o"
            },
            {
              "link": {
                "data": " ",
                "type": "str"
              },
              "type": ""
            },
            {
              "link": {
                "data": {
                  "exists": true,
                  "kind": "module",
                  "reference": {
                    "kind": "module",
                    "module": "numpy",
                    "path": "numpy",
                    "version": "*"
                  },
                  "value": "np"
                },
                "type": "Link"
              },
              "type": ""
            },
            {
              "link": {
                "data": ".",
                "type": "str"
              },
              "type": "o"
            },
            {
              "link": {
                "data": {
                  "exists": true,
                  "kind": "module",
                  "reference": {
                    "kind": "module",
                    "module": "numpy",
                    "path": "numpy.array",
                    "version": "*"
                  },
                  "value": "array"
                },
                "type": "Link"
              },
              "type": ""
            },
            {
              "link": {
                "data": "(",
                "type": "str"
              },
              "type": ""
            },
            {
              "link": {
                "data": "[",
                "type": "str"
              },
              "type": ""
            },
            {
              "link": {
                "data": "[",
                "type": "str"
              },
              "type": ""
            },
            {
              "link": {
                "data": "0",
                "type": "str"
              },
              "type": "mi"
            },
            {
              "link": {
                "data": ",",
                "type": "str"
              },
              "type": ""
            },
            {
              "link": {
                "data": " ",
                "type": "str"
              },
              "type": ""
            },
            {
              "link": {
                "data": "1",
                "type": "str"
              },
              "type": "mi"
            },
            {
              "link": {
                "data": ",",
                "type": "str"
              },
              "type": ""
            },
            {
              "link": {
                "data": " ",
                "type": "str"
              },
              "type": ""
            },
            {
              "link": {
                "data": "7",
                "type": "str"
              },
              "type": "mi"
            },
            {
              "link": {
                "data": ",",
                "type": "str"
              },
              "type": ""
            },
            {
              "link": {
                "data": " ",
                "type": "str"
              },
              "type": ""
            },
            {
              "link": {
                "data": "0",
                "type": "str"
              },
              "type": "mi"
            },
            {
              "link": {
                "data": "]",
                "type": "str"
              },
              "type": ""
            },
            {
              "link": {
                "data": ",",
                "type": "str"
              },
              "type": ""
            },
            {
              "link": {
                "data": "  ",
                "type": "str"
              },
              "type": ""
            },
            {
              "link": {
                "data": "# doctest: +SKIP",
                "type": "str"
              },
              "type": "c1"
            },
            {
              "link": {
                "data": "\n",
                "type": "str"
              },
              "type": ""
            },
            {
              "link": {
                "data": "              ",
                "type": "str"
              },
              "type": ""
            },
            {
              "link": {
                "data": "[",
                "type": "str"
              },
              "type": ""
            },
            {
              "link": {
                "data": "3",
                "type": "str"
              },
              "type": "mi"
            },
            {
              "link": {
                "data": ",",
                "type": "str"
              },
              "type": ""
            },
            {
              "link": {
                "data": " ",
                "type": "str"
              },
              "type": ""
            },
            {
              "link": {
                "data": "0",
                "type": "str"
              },
              "type": "mi"
            },
            {
              "link": {
                "data": ",",
                "type": "str"
              },
              "type": ""
            },
            {
              "link": {
                "data": " ",
                "type": "str"
              },
              "type": ""
            },
            {
              "link": {
                "data": "2",
                "type": "str"
              },
              "type": "mi"
            },
            {
              "link": {
                "data": ",",
                "type": "str"
              },
              "type": ""
            },
            {
              "link": {
                "data": " ",
                "type": "str"
              },
              "type": ""
            },
            {
              "link": {
                "data": "19",
                "type": "str"
              },
              "type": "mi"
            },
            {
              "link": {
                "data": "]",
                "type": "str"
              },
              "type": ""
            },
            {
              "link": {
                "data": "]",
                "type": "str"
              },
              "type": ""
            },
            {
              "link": {
                "data": ")",
                "type": "str"
              },
              "type": ""
            },
            {
              "link": {
                "data": "\n",
                "type": "str"
              },
              "type": ""
            },
            {
              "link": {
                "data": {
                  "exists": true,
                  "kind": "module",
                  "reference": {
                    "kind": "module",
                    "module": "numpy",
                    "path": "numpy",
                    "version": "*"
                  },
                  "value": "np"
                },
                "type": "Link"
              },
              "type": ""
            },
            {
              "link": {
                "data": ".",
                "type": "str"
              },
              "type": "o"
            },
            {
              "link": {
                "data": {
                  "exists": true,
                  "kind": "module",
                  "reference": {
                    "kind": "module",
                    "module": "numpy",
                    "path": "numpy.count_nonzero",
                    "version": "*"
                  },
                  "value": "count_nonzero"
                },
                "type": "Link"
              },
              "type": ""
            },
            {
              "link": {
                "data": "(",
                "type": "str"
              },
              "type": ""
            },
            {
              "link": {
                "data": {
                  "exists": true,
                  "kind": "module",
                  "reference": {
                    "kind": "module",
                    "module": "numpy",
                    "path": "numpy.ndarray",
                    "version": "*"
                  },
                  "value": "a"
                },
                "type": "Link"
              },
              "type": ""
            },
            {
              "link": {
                "data": ")",
                "type": "str"
              },
              "type": ""
            },
            {
              "link": {
                "data": "  ",
                "type": "str"
              },
              "type": ""
            },
            {
              "link": {
                "data": "# doctest: +SKIP",
                "type": "str"
              },
              "type": "c1"
            }
          ],
          "out": "5"
        },
        "type": "Code2"
      },
      {
        "data": {
          "ce_status": "compiled",
          "entries": [
            {
              "link": {
                "data": {
                  "exists": true,
                  "kind": "module",
                  "reference": {
                    "kind": "module",
                    "module": "numpy",
                    "path": "numpy",
                    "version": "*"
                  },
                  "value": "np"
                },
                "type": "Link"
              },
              "type": ""
            },
            {
              "link": {
                "data": ".",
                "type": "str"
              },
              "type": "o"
            },
            {
              "link": {
                "data": {
                  "exists": true,
                  "kind": "module",
                  "reference": {
                    "kind": "module",
                    "module": "numpy",
                    "path": "numpy.count_nonzero",
                    "version": "*"
                  },
                  "value": "count_nonzero"
                },
                "type": "Link"
              },
              "type": ""
            },
            {
              "link": {
                "data": "(",
                "type": "str"
              },
              "type": ""
            },
            {
              "link": {
                "data": {
                  "exists": true,
                  "kind": "module",
                  "reference": {
                    "kind": "module",
                    "module": "numpy",
                    "path": "numpy.ndarray",
                    "version": "*"
                  },
                  "value": "a"
                },
                "type": "Link"
              },
              "type": ""
            },
            {
              "link": {
                "data": ",",
                "type": "str"
              },
              "type": ""
            },
            {
              "link": {
                "data": " ",
                "type": "str"
              },
              "type": ""
            },
            {
              "link": {
                "data": "axis",
                "type": "str"
              },
              "type": ""
            },
            {
              "link": {
                "data": "=",
                "type": "str"
              },
              "type": "o"
            },
            {
              "link": {
                "data": "0",
                "type": "str"
              },
              "type": "mi"
            },
            {
              "link": {
                "data": ")",
                "type": "str"
              },
              "type": ""
            },
            {
              "link": {
                "data": "  ",
                "type": "str"
              },
              "type": ""
            },
            {
              "link": {
                "data": "# doctest: +SKIP",
                "type": "str"
              },
              "type": "c1"
            }
          ],
          "out": "array([1, 1, 2, 1])"
        },
        "type": "Code2"
      },
      {
        "data": {
          "ce_status": "compiled",
          "entries": [
            {
              "link": {
                "data": {
                  "exists": true,
                  "kind": "module",
                  "reference": {
                    "kind": "module",
                    "module": "numpy",
                    "path": "numpy",
                    "version": "*"
                  },
                  "value": "np"
                },
                "type": "Link"
              },
              "type": ""
            },
            {
              "link": {
                "data": ".",
                "type": "str"
              },
              "type": "o"
            },
            {
              "link": {
                "data": {
                  "exists": true,
                  "kind": "module",
                  "reference": {
                    "kind": "module",
                    "module": "numpy",
                    "path": "numpy.count_nonzero",
                    "version": "*"
                  },
                  "value": "count_nonzero"
                },
                "type": "Link"
              },
              "type": ""
            },
            {
              "link": {
                "data": "(",
                "type": "str"
              },
              "type": ""
            },
            {
              "link": {
                "data": {
                  "exists": true,
                  "kind": "module",
                  "reference": {
                    "kind": "module",
                    "module": "numpy",
                    "path": "numpy.ndarray",
                    "version": "*"
                  },
                  "value": "a"
                },
                "type": "Link"
              },
              "type": ""
            },
            {
              "link": {
                "data": ",",
                "type": "str"
              },
              "type": ""
            },
            {
              "link": {
                "data": " ",
                "type": "str"
              },
              "type": ""
            },
            {
              "link": {
                "data": "axis",
                "type": "str"
              },
              "type": ""
            },
            {
              "link": {
                "data": "=",
                "type": "str"
              },
              "type": "o"
            },
            {
              "link": {
                "data": "1",
                "type": "str"
              },
              "type": "mi"
            },
            {
              "link": {
                "data": ")",
                "type": "str"
              },
              "type": ""
            },
            {
              "link": {
                "data": "  ",
                "type": "str"
              },
              "type": ""
            },
            {
              "link": {
                "data": "# doctest: +SKIP",
                "type": "str"
              },
              "type": "c1"
            }
          ],
          "out": "array([2, 3])"
        },
        "type": "Code2"
      },
      {
        "data": {
          "ce_status": "compiled",
          "entries": [
            {
              "link": {
                "data": {
                  "exists": true,
                  "kind": "module",
                  "reference": {
                    "kind": "module",
                    "module": "numpy",
                    "path": "numpy",
                    "version": "*"
                  },
                  "value": "np"
                },
                "type": "Link"
              },
              "type": ""
            },
            {
              "link": {
                "data": ".",
                "type": "str"
              },
              "type": "o"
            },
            {
              "link": {
                "data": {
                  "exists": true,
                  "kind": "module",
                  "reference": {
                    "kind": "module",
                    "module": "numpy",
                    "path": "numpy.count_nonzero",
                    "version": "*"
                  },
                  "value": "count_nonzero"
                },
                "type": "Link"
              },
              "type": ""
            },
            {
              "link": {
                "data": "(",
                "type": "str"
              },
              "type": ""
            },
            {
              "link": {
                "data": {
                  "exists": true,
                  "kind": "module",
                  "reference": {
                    "kind": "module",
                    "module": "numpy",
                    "path": "numpy.ndarray",
                    "version": "*"
                  },
                  "value": "a"
                },
                "type": "Link"
              },
              "type": ""
            },
            {
              "link": {
                "data": ",",
                "type": "str"
              },
              "type": ""
            },
            {
              "link": {
                "data": " ",
                "type": "str"
              },
              "type": ""
            },
            {
              "link": {
                "data": "axis",
                "type": "str"
              },
              "type": ""
            },
            {
              "link": {
                "data": "=",
                "type": "str"
              },
              "type": "o"
            },
            {
              "link": {
                "data": "1",
                "type": "str"
              },
              "type": "mi"
            },
            {
              "link": {
                "data": ",",
                "type": "str"
              },
              "type": ""
            },
            {
              "link": {
                "data": " ",
                "type": "str"
              },
              "type": ""
            },
            {
              "link": {
                "data": "keepdims",
                "type": "str"
              },
              "type": ""
            },
            {
              "link": {
                "data": "=",
                "type": "str"
              },
              "type": "o"
            },
            {
              "link": {
                "data": "True",
                "type": "str"
              },
              "type": "kc"
            },
            {
              "link": {
                "data": ")",
                "type": "str"
              },
              "type": ""
            },
            {
              "link": {
                "data": "  ",
                "type": "str"
              },
              "type": ""
            },
            {
              "link": {
                "data": "# doctest: +SKIP",
                "type": "str"
              },
              "type": "c1"
            }
          ],
          "out": "array([[2],\n       [3]])"
        },
        "type": "Code2"
      }
    ],
    "level": 0,
    "title": null
  },
  "item_file": "/dask/array/routines.py",
  "item_line": 2042,
  "item_type": "<class 'function'>",
  "ordered_sections": [
    "Summary",
    "Extended Summary",
    "Parameters",
    "Returns",
    "See Also",
    "Examples"
  ],
  "references": null,
  "see_also": [
    {
      "descriptions": [
        {
          "children": [
            {
              "data": {
                "value": "Return the coordinates of all the non-zero values."
              },
              "type": "Words"
            }
          ]
        }
      ],
      "name": {
        "exists": true,
        "kind": "module",
        "reference": {
          "kind": "module",
          "module": "dask",
          "path": "dask.array.routines.nonzero",
          "version": "2021.10.0"
        },
        "value": "nonzero"
      },
      "type": null
    }
  ],
  "signature": {
    "value": "count_nonzero(a, axis=None)"
  }
}