{
  "_content": {
    "Summary": {
      "children": [
        {
          "type": "Paragraph",
          "data": {
            "inline": [
              {
                "type": "Words",
                "data": {
                  "value": "Compute several dask collections at once."
                }
              }
            ],
            "inner": []
          }
        }
      ],
      "title": null
    },
    "Extended Summary": {
      "children": [],
      "title": null
    },
    "Parameters": {
      "children": [
        {
          "type": "Param",
          "data": {
            "param": "args",
            "type_": "object",
            "desc": [
              {
                "type": "Paragraph",
                "data": {
                  "inline": [
                    {
                      "type": "Words",
                      "data": {
                        "value": "Any number of objects. If it is a dask object, it's computed and the result is returned. By default, python builtin collections are also traversed to look for dask objects (for more information see the "
                      }
                    },
                    {
                      "type": "Verbatim",
                      "data": {
                        "value": [
                          "traverse"
                        ]
                      }
                    },
                    {
                      "type": "Words",
                      "data": {
                        "value": " keyword). Non-dask arguments are passed through unchanged."
                      }
                    }
                  ],
                  "inner": []
                }
              }
            ]
          }
        },
        {
          "type": "Param",
          "data": {
            "param": "traverse",
            "type_": "bool, optional",
            "desc": [
              {
                "type": "Paragraph",
                "data": {
                  "inline": [
                    {
                      "type": "Words",
                      "data": {
                        "value": "By default dask traverses builtin python collections looking for dask objects passed to "
                      }
                    },
                    {
                      "type": "Verbatim",
                      "data": {
                        "value": [
                          "compute"
                        ]
                      }
                    },
                    {
                      "type": "Words",
                      "data": {
                        "value": ". For large collections this can be expensive. If none of the arguments contain any dask objects, set "
                      }
                    },
                    {
                      "type": "Verbatim",
                      "data": {
                        "value": [
                          "traverse=False"
                        ]
                      }
                    },
                    {
                      "type": "Words",
                      "data": {
                        "value": " to avoid doing this traversal."
                      }
                    }
                  ],
                  "inner": []
                }
              }
            ]
          }
        },
        {
          "type": "Param",
          "data": {
            "param": "scheduler",
            "type_": "string, optional",
            "desc": [
              {
                "type": "Paragraph",
                "data": {
                  "inline": [
                    {
                      "type": "Words",
                      "data": {
                        "value": "Which scheduler to use like \"threads\", \"synchronous\" or \"processes\". If not provided, the default is to check the global settings first, and then fall back to the collection defaults."
                      }
                    }
                  ],
                  "inner": []
                }
              }
            ]
          }
        },
        {
          "type": "Param",
          "data": {
            "param": "optimize_graph",
            "type_": "bool, optional",
            "desc": [
              {
                "type": "Paragraph",
                "data": {
                  "inline": [
                    {
                      "type": "Words",
                      "data": {
                        "value": "If True [default], the optimizations for each collection are applied before computation. Otherwise the graph is run as is. This can be useful for debugging."
                      }
                    }
                  ],
                  "inner": []
                }
              }
            ]
          }
        },
        {
          "type": "Param",
          "data": {
            "param": "kwargs",
            "type_": "",
            "desc": [
              {
                "type": "Paragraph",
                "data": {
                  "inline": [
                    {
                      "type": "Words",
                      "data": {
                        "value": "Extra keywords to forward to the scheduler function."
                      }
                    }
                  ],
                  "inner": []
                }
              }
            ]
          }
        }
      ],
      "title": null
    },
    "Returns": {
      "children": [],
      "title": null
    },
    "Yields": {
      "children": [],
      "title": null
    },
    "Receives": {
      "children": [],
      "title": null
    },
    "Raises": {
      "children": [],
      "title": null
    },
    "Warns": {
      "children": [],
      "title": null
    },
    "Other Parameters": {
      "children": [],
      "title": null
    },
    "Attributes": {
      "children": [],
      "title": null
    },
    "Methods": {
      "children": [],
      "title": null
    },
    "Notes": {
      "children": [],
      "title": null
    },
    "Warnings": {
      "children": [],
      "title": null
    }
  },
  "refs": [
    "dask",
    "dask.array",
    "dask.array.core.Array",
    "dask.array.core.Array.mean",
    "dask.array.core.Array.sum",
    "dask.array.creation.arange",
    "dask.base.compute"
  ],
  "ordered_sections": [
    "Summary",
    "Parameters",
    "Examples"
  ],
  "item_file": "/dask/base.py",
  "item_line": 511,
  "item_type": "<class 'function'>",
  "aliases": [
    "dask.compute"
  ],
  "example_section_data": {
    "children": [
      {
        "type": "Code",
        "data": {
          "entries": [
            [
              "import",
              null,
              "kn"
            ],
            [
              " ",
              "",
              ""
            ],
            [
              "dask",
              "dask",
              "nn"
            ],
            [
              " ",
              "",
              ""
            ],
            [
              "as",
              null,
              "k"
            ],
            [
              " ",
              "",
              ""
            ],
            [
              "d",
              "dask",
              "nn"
            ],
            [
              "\n",
              "",
              ""
            ],
            [
              "import",
              null,
              "kn"
            ],
            [
              " ",
              "",
              ""
            ],
            [
              "dask",
              "dask",
              "nn"
            ],
            [
              ".",
              "",
              "nn"
            ],
            [
              "array",
              "dask.array",
              "nn"
            ],
            [
              " ",
              "",
              ""
            ],
            [
              "as",
              null,
              "k"
            ],
            [
              " ",
              "",
              ""
            ],
            [
              "da",
              "dask.array",
              "nn"
            ],
            [
              "\n",
              "",
              ""
            ],
            [
              "a",
              "dask.array.core.Array",
              ""
            ],
            [
              " ",
              "",
              ""
            ],
            [
              "=",
              "",
              "o"
            ],
            [
              " ",
              "",
              ""
            ],
            [
              "da",
              "dask.array",
              ""
            ],
            [
              ".",
              "",
              "o"
            ],
            [
              "arange",
              "dask.array.creation.arange",
              ""
            ],
            [
              "(",
              "",
              ""
            ],
            [
              "10",
              "",
              "mi"
            ],
            [
              ",",
              "",
              ""
            ],
            [
              " ",
              "",
              ""
            ],
            [
              "chunks",
              null,
              ""
            ],
            [
              "=",
              "",
              "o"
            ],
            [
              "2",
              "",
              "mi"
            ],
            [
              ")",
              "",
              ""
            ],
            [
              ".",
              "",
              "o"
            ],
            [
              "sum",
              "dask.array.core.Array.sum",
              ""
            ],
            [
              "(",
              "",
              ""
            ],
            [
              ")",
              "",
              ""
            ],
            [
              "\n",
              "",
              ""
            ],
            [
              "b",
              "dask.array.core.Array",
              ""
            ],
            [
              " ",
              "",
              ""
            ],
            [
              "=",
              "",
              "o"
            ],
            [
              " ",
              "",
              ""
            ],
            [
              "da",
              "dask.array",
              ""
            ],
            [
              ".",
              "",
              "o"
            ],
            [
              "arange",
              "dask.array.creation.arange",
              ""
            ],
            [
              "(",
              "",
              ""
            ],
            [
              "10",
              "",
              "mi"
            ],
            [
              ",",
              "",
              ""
            ],
            [
              " ",
              "",
              ""
            ],
            [
              "chunks",
              null,
              ""
            ],
            [
              "=",
              "",
              "o"
            ],
            [
              "2",
              "",
              "mi"
            ],
            [
              ")",
              "",
              ""
            ],
            [
              ".",
              "",
              "o"
            ],
            [
              "mean",
              "dask.array.core.Array.mean",
              ""
            ],
            [
              "(",
              "",
              ""
            ],
            [
              ")",
              "",
              ""
            ],
            [
              "\n",
              "",
              ""
            ],
            [
              "d",
              "dask",
              ""
            ],
            [
              ".",
              "",
              "o"
            ],
            [
              "compute",
              "dask.base.compute",
              ""
            ],
            [
              "(",
              "",
              ""
            ],
            [
              "a",
              "dask.array.core.Array",
              ""
            ],
            [
              ",",
              "",
              ""
            ],
            [
              " ",
              "",
              ""
            ],
            [
              "b",
              "dask.array.core.Array",
              ""
            ],
            [
              ")",
              "",
              ""
            ]
          ],
          "out": "(45, 4.5)",
          "ce_status": "execed"
        }
      },
      {
        "type": "Paragraph",
        "data": {
          "inline": [
            {
              "type": "Words",
              "data": {
                "value": "By default, dask objects inside python collections will also be computed:"
              }
            }
          ],
          "inner": []
        }
      },
      {
        "type": "Code",
        "data": {
          "entries": [
            [
              "d",
              "dask",
              ""
            ],
            [
              ".",
              "",
              "o"
            ],
            [
              "compute",
              "dask.base.compute",
              ""
            ],
            [
              "(",
              "",
              ""
            ],
            [
              "{",
              "",
              ""
            ],
            [
              "'",
              "",
              "s1"
            ],
            [
              "a",
              null,
              "s1"
            ],
            [
              "'",
              "",
              "s1"
            ],
            [
              ":",
              "",
              ""
            ],
            [
              " ",
              "",
              ""
            ],
            [
              "a",
              "dask.array.core.Array",
              ""
            ],
            [
              ",",
              "",
              ""
            ],
            [
              " ",
              "",
              ""
            ],
            [
              "'",
              "",
              "s1"
            ],
            [
              "b",
              null,
              "s1"
            ],
            [
              "'",
              "",
              "s1"
            ],
            [
              ":",
              "",
              ""
            ],
            [
              " ",
              "",
              ""
            ],
            [
              "b",
              "dask.array.core.Array",
              ""
            ],
            [
              ",",
              "",
              ""
            ],
            [
              " ",
              "",
              ""
            ],
            [
              "'",
              "",
              "s1"
            ],
            [
              "c",
              null,
              "s1"
            ],
            [
              "'",
              "",
              "s1"
            ],
            [
              ":",
              "",
              ""
            ],
            [
              " ",
              "",
              ""
            ],
            [
              "1",
              "",
              "mi"
            ],
            [
              "}",
              "",
              ""
            ],
            [
              ")",
              "",
              ""
            ]
          ],
          "out": "({'a': 45, 'b': 4.5, 'c': 1},)",
          "ce_status": "execed"
        }
      }
    ],
    "title": null
  },
  "see_also": [],
  "signature": "compute(*args, **kwargs)",
  "references": null,
  "arbitrary": []
}