{
  "_content": {
    "Summary": {
      "children": [
        {
          "type": "Paragraph",
          "data": {
            "inline": [
              {
                "type": "Words",
                "data": {
                  "value": "Implements NumPy's "
                }
              },
              {
                "type": "Verbatim",
                "data": {
                  "value": [
                    "indices"
                  ]
                }
              },
              {
                "type": "Words",
                "data": {
                  "value": " for Dask Arrays."
                }
              }
            ],
            "inner": []
          }
        }
      ],
      "title": null
    },
    "Extended Summary": {
      "children": [
        {
          "type": "Paragraph",
          "data": {
            "inline": [
              {
                "type": "Words",
                "data": {
                  "value": "Generates a grid of indices covering the dimensions provided."
                }
              }
            ],
            "inner": []
          }
        },
        {
          "type": "Paragraph",
          "data": {
            "inline": [
              {
                "type": "Words",
                "data": {
                  "value": "The final array has the shape "
                }
              },
              {
                "type": "Verbatim",
                "data": {
                  "value": [
                    "(len(dimensions), *dimensions)"
                  ]
                }
              },
              {
                "type": "Words",
                "data": {
                  "value": ". The chunks are used to specify the chunking for axis 1 up to "
                }
              },
              {
                "type": "Verbatim",
                "data": {
                  "value": [
                    "len(dimensions)"
                  ]
                }
              },
              {
                "type": "Words",
                "data": {
                  "value": ". The 0th axis always has chunks of length 1."
                }
              }
            ],
            "inner": []
          }
        }
      ],
      "title": null
    },
    "Parameters": {
      "children": [
        {
          "type": "Param",
          "data": {
            "param": "dimensions",
            "type_": "sequence of ints",
            "desc": [
              {
                "type": "Paragraph",
                "data": {
                  "inline": [
                    {
                      "type": "Words",
                      "data": {
                        "value": "The shape of the index grid."
                      }
                    }
                  ],
                  "inner": []
                }
              }
            ]
          }
        },
        {
          "type": "Param",
          "data": {
            "param": "dtype",
            "type_": "dtype, optional",
            "desc": [
              {
                "type": "Paragraph",
                "data": {
                  "inline": [
                    {
                      "type": "Words",
                      "data": {
                        "value": "Type to use for the array. Default is "
                      }
                    },
                    {
                      "type": "Verbatim",
                      "data": {
                        "value": [
                          "int"
                        ]
                      }
                    },
                    {
                      "type": "Words",
                      "data": {
                        "value": "."
                      }
                    }
                  ],
                  "inner": []
                }
              }
            ]
          }
        },
        {
          "type": "Param",
          "data": {
            "param": "chunks",
            "type_": "sequence of ints, str",
            "desc": [
              {
                "type": "Paragraph",
                "data": {
                  "inline": [
                    {
                      "type": "Words",
                      "data": {
                        "value": "The size of each block.  Must be one of the following forms:"
                      }
                    }
                  ],
                  "inner": []
                }
              },
              {
                "type": "Paragraph",
                "data": {
                  "inline": [
                    {
                      "type": "Words",
                      "data": {
                        "value": "- A blocksize like (500, 1000) - A size in bytes, like \"100 MiB\" which will choose a uniform"
                      }
                    }
                  ],
                  "inner": []
                }
              },
              {
                "type": "Paragraph",
                "data": {
                  "inline": [
                    {
                      "type": "Words",
                      "data": {
                        "value": "  block-like shape"
                      }
                    }
                  ],
                  "inner": []
                }
              },
              {
                "type": "DefList",
                "data": {
                  "children": [
                    {
                      "lines": {
                        "_lines": [
                          {
                            "_line": "- The word \"auto\" which acts like the above, but uses a configuration",
                            "_number": 5,
                            "_offset": 0
                          }
                        ]
                      },
                      "wh": {
                        "_lines": []
                      },
                      "ind": {
                        "_lines": [
                          {
                            "_line": "  value ``array.chunk-size`` for the chunk size",
                            "_number": 6,
                            "_offset": 2
                          },
                          {
                            "_line": "",
                            "_number": 7,
                            "_offset": 2
                          }
                        ]
                      },
                      "dt": {
                        "inline": [
                          {
                            "type": "Words",
                            "data": {
                              "value": "- The word \"auto\" which acts like the above, but uses a configuration"
                            }
                          }
                        ],
                        "inner": []
                      },
                      "dd": [
                        {
                          "type": "Paragraph",
                          "data": {
                            "inline": [
                              {
                                "type": "Words",
                                "data": {
                                  "value": "value "
                                }
                              },
                              {
                                "type": "Verbatim",
                                "data": {
                                  "value": [
                                    "array.chunk-size"
                                  ]
                                }
                              },
                              {
                                "type": "Words",
                                "data": {
                                  "value": " for the chunk size "
                                }
                              }
                            ],
                            "inner": []
                          }
                        }
                      ]
                    }
                  ]
                }
              },
              {
                "type": "Paragraph",
                "data": {
                  "inline": [
                    {
                      "type": "Words",
                      "data": {
                        "value": "Note that the last block will have fewer samples if "
                      }
                    },
                    {
                      "type": "Verbatim",
                      "data": {
                        "value": [
                          "len(array)",
                          " ",
                          "%",
                          " ",
                          "chunks",
                          " ",
                          "!=",
                          " ",
                          "0"
                        ]
                      }
                    },
                    {
                      "type": "Words",
                      "data": {
                        "value": "."
                      }
                    }
                  ],
                  "inner": []
                }
              }
            ]
          }
        }
      ],
      "title": null
    },
    "Returns": {
      "children": [
        {
          "type": "Param",
          "data": {
            "param": "grid",
            "type_": "dask array",
            "desc": []
          }
        }
      ],
      "title": null
    },
    "Yields": {
      "children": [],
      "title": null
    },
    "Receives": {
      "children": [],
      "title": null
    },
    "Raises": {
      "children": [],
      "title": null
    },
    "Warns": {
      "children": [],
      "title": null
    },
    "Other Parameters": {
      "children": [],
      "title": null
    },
    "Attributes": {
      "children": [],
      "title": null
    },
    "Methods": {
      "children": [],
      "title": null
    },
    "Notes": {
      "children": [],
      "title": null
    },
    "Warnings": {
      "children": [],
      "title": null
    }
  },
  "refs": [],
  "ordered_sections": [
    "Summary",
    "Extended Summary",
    "Parameters",
    "Returns"
  ],
  "item_file": "/Users/bussonniermatthias/miniconda3-intel/envs/papyri/lib/python3.9/site-packages/dask/array/creation.py",
  "item_line": 456,
  "item_type": "<class 'function'>",
  "aliases": [
    "dask.array.indices"
  ],
  "example_section_data": {
    "children": [],
    "title": null
  },
  "see_also": [],
  "signature": "indices(dimensions, dtype=<class 'int'>, chunks='auto')",
  "references": null,
  "arbitrary": []
}