{
  "_content": {
    "Attributes": {
      "children": [],
      "title": null
    },
    "Extended Summary": {
      "children": [],
      "title": null
    },
    "Methods": {
      "children": [],
      "title": null
    },
    "Notes": {
      "children": [],
      "title": null
    },
    "Other Parameters": {
      "children": [],
      "title": null
    },
    "Parameters": {
      "children": [],
      "title": null
    },
    "Raises": {
      "children": [],
      "title": null
    },
    "Receives": {
      "children": [],
      "title": null
    },
    "Returns": {
      "children": [],
      "title": null
    },
    "Summary": {
      "children": [
        {
          "data": {
            "children": [
              {
                "data": {
                  "value": "Generate data for a single partition of a dask bag"
                },
                "type": "Words"
              }
            ]
          },
          "type": "Paragraph"
        }
      ],
      "title": null
    },
    "Warnings": {
      "children": [],
      "title": null
    },
    "Warns": {
      "children": [],
      "title": null
    },
    "Yields": {
      "children": [],
      "title": null
    }
  },
  "aliases": [
    "dask.datasets._generate_mimesis"
  ],
  "arbitrary": [],
  "example_section_data": {
    "children": [],
    "title": null
  },
  "item_file": "/dask/datasets.py",
  "item_line": 67,
  "item_type": "<class 'function'>",
  "ordered_sections": [
    "Summary",
    "See Also"
  ],
  "references": null,
  "refs": [
    "_make_mimesis"
  ],
  "see_also": [
    {
      "descriptions": [],
      "name": {
        "exists": true,
        "kind": "module",
        "reference": {
          "kind": "module",
          "module": "dask",
          "path": "dask.datasets._make_mimesis",
          "version": "2021.10.0"
        },
        "value": "_make_mimesis"
      },
      "type": null
    }
  ],
  "signature": {
    "value": "_generate_mimesis(field, schema_description, records_per_partition, seed)"
  }
}