{
  "_content": {
    "Attributes": {
      "children": [],
      "title": null
    },
    "Extended Summary": {
      "children": [
        {
          "data": {
            "children": [
              {
                "data": {
                  "value": "This is the base class for indexable Blockwise-IO arguments. When constructing a "
                },
                "type": "Words"
              },
              {
                "data": {
                  "value": [
                    "Blockwise"
                  ]
                },
                "type": "Verbatim"
              },
              {
                "data": {
                  "value": " Layer, one or more of the collection tuples passed in with "
                },
                "type": "Words"
              },
              {
                "data": {
                  "value": [
                    "indices"
                  ]
                },
                "type": "Verbatim"
              },
              {
                "data": {
                  "value": " may contain a "
                },
                "type": "Words"
              },
              {
                "data": {
                  "value": [
                    "BlockwiseDep"
                  ]
                },
                "type": "Verbatim"
              },
              {
                "data": {
                  "value": " instance (in place of a \"real\" collection name). This allows a new collection to be created (via IO) within a "
                },
                "type": "Words"
              },
              {
                "data": {
                  "value": [
                    "Blockwise"
                  ]
                },
                "type": "Verbatim"
              },
              {
                "data": {
                  "value": " layer."
                },
                "type": "Words"
              }
            ]
          },
          "type": "Paragraph"
        },
        {
          "data": {
            "children": [
              {
                "data": {
                  "value": "All "
                },
                "type": "Words"
              },
              {
                "data": {
                  "value": [
                    "BlockwiseDep"
                  ]
                },
                "type": "Verbatim"
              },
              {
                "data": {
                  "value": " instances must define a "
                },
                "type": "Words"
              },
              {
                "data": {
                  "value": [
                    "numblocks"
                  ]
                },
                "type": "Verbatim"
              },
              {
                "data": {
                  "value": " attribute to speficy the number of blocks/partitions the object can support along each dimension. The object should also define a "
                },
                "type": "Words"
              },
              {
                "data": {
                  "value": [
                    "produces_tasks"
                  ]
                },
                "type": "Verbatim"
              },
              {
                "data": {
                  "value": " attribute to specify if any nested tasks will be passed to the Blockwise function."
                },
                "type": "Words"
              }
            ]
          },
          "type": "Paragraph"
        }
      ],
      "title": null
    },
    "Methods": {
      "children": [],
      "title": null
    },
    "Notes": {
      "children": [],
      "title": null
    },
    "Other Parameters": {
      "children": [],
      "title": null
    },
    "Parameters": {
      "children": [],
      "title": null
    },
    "Raises": {
      "children": [],
      "title": null
    },
    "Receives": {
      "children": [],
      "title": null
    },
    "Returns": {
      "children": [],
      "title": null
    },
    "Summary": {
      "children": [
        {
          "data": {
            "children": [
              {
                "data": {
                  "value": "Blockwise-IO argument"
                },
                "type": "Words"
              }
            ]
          },
          "type": "Paragraph"
        }
      ],
      "title": null
    },
    "Warnings": {
      "children": [],
      "title": null
    },
    "Warns": {
      "children": [],
      "title": null
    },
    "Yields": {
      "children": [],
      "title": null
    }
  },
  "aliases": [
    "dask.blockwise.BlockwiseDep"
  ],
  "arbitrary": [],
  "example_section_data": {
    "children": [],
    "title": null
  },
  "item_file": "/dask/blockwise.py",
  "item_line": 35,
  "item_type": "<class 'type'>",
  "ordered_sections": [
    "Summary",
    "Extended Summary",
    "See Also"
  ],
  "references": null,
  "refs": [
    "dask.blockwise.Blockwise",
    "dask.blockwise.BlockwiseDepDict"
  ],
  "see_also": [
    {
      "descriptions": [],
      "name": {
        "exists": true,
        "kind": "module",
        "reference": {
          "kind": "module",
          "module": "dask",
          "path": "dask.blockwise.Blockwise",
          "version": "2021.10.0"
        },
        "value": "dask.blockwise.Blockwise"
      },
      "type": null
    },
    {
      "descriptions": [],
      "name": {
        "exists": true,
        "kind": "module",
        "reference": {
          "kind": "module",
          "module": "dask",
          "path": "dask.blockwise.BlockwiseDepDict",
          "version": "2021.10.0"
        },
        "value": "dask.blockwise.BlockwiseDepDict"
      },
      "type": null
    }
  ],
  "signature": {
    "value": null
  }
}