{
  "_content": {
    "Attributes": {
      "children": [],
      "title": null
    },
    "Extended Summary": {
      "children": [],
      "title": null
    },
    "Methods": {
      "children": [],
      "title": null
    },
    "Notes": {
      "children": [],
      "title": null
    },
    "Other Parameters": {
      "children": [],
      "title": null
    },
    "Parameters": {
      "children": [],
      "title": null
    },
    "Raises": {
      "children": [],
      "title": null
    },
    "Receives": {
      "children": [],
      "title": null
    },
    "Returns": {
      "children": [],
      "title": null
    },
    "Summary": {
      "children": [
        {
          "data": {
            "children": [
              {
                "data": {
                  "value": "No Docstrings"
                },
                "type": "Words"
              }
            ]
          },
          "type": "Paragraph"
        }
      ],
      "title": null
    },
    "Warnings": {
      "children": [],
      "title": null
    },
    "Warns": {
      "children": [],
      "title": null
    },
    "Yields": {
      "children": [],
      "title": null
    }
  },
  "aliases": [
    "dask.config.set.__init__"
  ],
  "arbitrary": [],
  "example_section_data": {
    "children": [],
    "title": null
  },
  "item_file": "/dask/config.py",
  "item_line": 302,
  "item_type": "<class 'function'>",
  "ordered_sections": [
    "Summary",
    "Extended Summary"
  ],
  "references": null,
  "see_also": [],
  "signature": {
    "value": "__init__(self, arg=None, config={'temporary-directory': None, 'tokenize': {'ensure-deterministic': False}, 'dataframe': {'shuffle-compression': None, 'parquet': {'metadata-task-size-local': 512, 'metadata-task-size-remote': 16}}, 'array': {'svg': {'size': 120}, 'slicing': {'split-large-chunks': None}, 'chunk-size': '128MiB', 'rechunk-threshold': 4}, 'optimization': {'fuse': {'active': None, 'ave-width': 1, 'max-width': None, 'max-height': inf, 'max-depth-new-edges': None, 'subgraphs': None, 'rename-keys': True}}}, lock=<unlocked _thread.lock object at 0x0000000>, **kwargs)"
  }
}