{
  "_content": {
    "Attributes": {
      "children": [],
      "title": null
    },
    "Extended Summary": {
      "children": [
        {
          "data": {
            "children": [
              {
                "data": {
                  "value": "Returns True if: - "
                },
                "type": "Words"
              },
              {
                "data": {
                  "value": [
                    "x"
                  ]
                },
                "type": "Verbatim"
              },
              {
                "data": {
                  "value": " is a task - "
                },
                "type": "Words"
              },
              {
                "data": {
                  "value": [
                    "x"
                  ]
                },
                "type": "Verbatim"
              },
              {
                "data": {
                  "value": " is a key in "
                },
                "type": "Words"
              },
              {
                "data": {
                  "value": [
                    "dsk"
                  ]
                },
                "type": "Verbatim"
              },
              {
                "data": {
                  "value": " - "
                },
                "type": "Words"
              },
              {
                "data": {
                  "value": [
                    "x"
                  ]
                },
                "type": "Verbatim"
              },
              {
                "data": {
                  "value": " is a list that contains any tasks or keys"
                },
                "type": "Words"
              }
            ]
          },
          "type": "Paragraph"
        }
      ],
      "title": null
    },
    "Methods": {
      "children": [],
      "title": null
    },
    "Notes": {
      "children": [],
      "title": null
    },
    "Other Parameters": {
      "children": [],
      "title": null
    },
    "Parameters": {
      "children": [],
      "title": null
    },
    "Raises": {
      "children": [],
      "title": null
    },
    "Receives": {
      "children": [],
      "title": null
    },
    "Returns": {
      "children": [],
      "title": null
    },
    "Summary": {
      "children": [
        {
          "data": {
            "children": [
              {
                "data": {
                  "value": "Whether "
                },
                "type": "Words"
              },
              {
                "data": {
                  "value": [
                    "x"
                  ]
                },
                "type": "Verbatim"
              },
              {
                "data": {
                  "value": " has anything to compute."
                },
                "type": "Words"
              }
            ]
          },
          "type": "Paragraph"
        }
      ],
      "title": null
    },
    "Warnings": {
      "children": [],
      "title": null
    },
    "Warns": {
      "children": [],
      "title": null
    },
    "Yields": {
      "children": [],
      "title": null
    }
  },
  "aliases": [
    "dask.core.has_tasks"
  ],
  "arbitrary": [],
  "example_section_data": {
    "children": [],
    "title": null
  },
  "item_file": "/dask/core.py",
  "item_line": 43,
  "item_type": "<class 'function'>",
  "ordered_sections": [
    "Summary",
    "Extended Summary"
  ],
  "references": null,
  "see_also": [],
  "signature": {
    "value": "has_tasks(dsk, x)"
  }
}