{
  "_content": {
    "Summary": {
      "children": [
        {
          "type": "BlockVerbatim",
          "data": {
            "lines": {
              "_lines": [
                {
                  "_line": ">>> partition_by_size([10, 20, 10], [1, 5, 9, 12, 29, 35])",
                  "_number": 0,
                  "_offset": 0
                },
                {
                  "_line": "[array([1, 5, 9]), array([ 2, 19]), array([5])]",
                  "_number": 1,
                  "_offset": 0
                }
              ]
            }
          }
        }
      ],
      "title": null
    },
    "Extended Summary": {
      "children": [],
      "title": null
    },
    "Parameters": {
      "children": [],
      "title": null
    },
    "Returns": {
      "children": [],
      "title": null
    },
    "Yields": {
      "children": [],
      "title": null
    },
    "Receives": {
      "children": [],
      "title": null
    },
    "Raises": {
      "children": [],
      "title": null
    },
    "Warns": {
      "children": [],
      "title": null
    },
    "Other Parameters": {
      "children": [],
      "title": null
    },
    "Attributes": {
      "children": [],
      "title": null
    },
    "Methods": {
      "children": [],
      "title": null
    },
    "Notes": {
      "children": [],
      "title": null
    },
    "Warnings": {
      "children": [],
      "title": null
    }
  },
  "refs": [],
  "ordered_sections": [
    "Summary",
    "Extended Summary"
  ],
  "item_file": "/dask/array/slicing.py",
  "item_line": 510,
  "item_type": "<class 'function'>",
  "aliases": [
    "dask.array.slicing.partition_by_size"
  ],
  "example_section_data": {
    "children": [],
    "title": null
  },
  "see_also": [],
  "signature": "partition_by_size(sizes, seq)",
  "references": null,
  "arbitrary": []
}