{
  "_content": {
    "Attributes": {
      "children": [],
      "title": null
    },
    "Extended Summary": {
      "children": [],
      "title": null
    },
    "Methods": {
      "children": [],
      "title": null
    },
    "Notes": {
      "children": [],
      "title": null
    },
    "Other Parameters": {
      "children": [],
      "title": null
    },
    "Parameters": {
      "children": [],
      "title": null
    },
    "Raises": {
      "children": [],
      "title": null
    },
    "Receives": {
      "children": [],
      "title": null
    },
    "Returns": {
      "children": [],
      "title": null
    },
    "Summary": {
      "children": [
        {
          "data": {
            "children": [
              {
                "data": {
                  "value": "Clone a key from a Dask collection, producing a new key with the same prefix and indices and a token which a deterministic function of the previous token and seed."
                },
                "type": "Words"
              }
            ]
          },
          "type": "Paragraph"
        }
      ],
      "title": null
    },
    "Warnings": {
      "children": [],
      "title": null
    },
    "Warns": {
      "children": [],
      "title": null
    },
    "Yields": {
      "children": [],
      "title": null
    }
  },
  "aliases": [
    "dask.base.clone_key"
  ],
  "arbitrary": [],
  "example_section_data": {
    "children": [
      {
        "data": {
          "ce_status": "compiled",
          "entries": [
            [
              "clone_key",
              "dask.base.clone_key",
              ""
            ],
            [
              "(",
              "",
              ""
            ],
            [
              "\"",
              "",
              "s2"
            ],
            [
              "inc-cbb1eca3bafafbb3e8b2419c4eebb387",
              "",
              "s2"
            ],
            [
              "\"",
              "",
              "s2"
            ],
            [
              ",",
              "",
              ""
            ],
            [
              " ",
              "",
              ""
            ],
            [
              "123",
              "",
              "mi"
            ],
            [
              ")",
              "",
              ""
            ],
            [
              "  ",
              "",
              ""
            ],
            [
              "# doctest: +SKIP",
              "",
              "c1"
            ]
          ],
          "out": "'inc-1d291de52f5045f8a969743daea271fd'"
        },
        "type": "Code"
      },
      {
        "data": {
          "ce_status": "compiled",
          "entries": [
            [
              "clone_key",
              "dask.base.clone_key",
              ""
            ],
            [
              "(",
              "",
              ""
            ],
            [
              "(",
              "",
              ""
            ],
            [
              "\"",
              "",
              "s2"
            ],
            [
              "sum-cbb1eca3bafafbb3e8b2419c4eebb387",
              "",
              "s2"
            ],
            [
              "\"",
              "",
              "s2"
            ],
            [
              ",",
              "",
              ""
            ],
            [
              " ",
              "",
              ""
            ],
            [
              "4",
              "",
              "mi"
            ],
            [
              ",",
              "",
              ""
            ],
            [
              " ",
              "",
              ""
            ],
            [
              "3",
              "",
              "mi"
            ],
            [
              ")",
              "",
              ""
            ],
            [
              ",",
              "",
              ""
            ],
            [
              " ",
              "",
              ""
            ],
            [
              "123",
              "",
              "mi"
            ],
            [
              ")",
              "",
              ""
            ],
            [
              "  ",
              "",
              ""
            ],
            [
              "# doctest: +SKIP",
              "",
              "c1"
            ]
          ],
          "out": "('sum-f0962cc58ef4415689a86cc1d4cc1723', 4, 3)"
        },
        "type": "Code"
      }
    ],
    "title": null
  },
  "item_file": "/dask/base.py",
  "item_line": 1334,
  "item_type": "<class 'function'>",
  "ordered_sections": [
    "Summary",
    "Examples"
  ],
  "references": null,
  "refs": [
    "dask.base.clone_key"
  ],
  "see_also": [],
  "signature": {
    "value": "clone_key(key, seed)"
  }
}