{
  "_content": {
    "Attributes": {
      "children": [],
      "title": null
    },
    "Extended Summary": {
      "children": [
        {
          "data": {
            "children": [
              {
                "data": {
                  "value": "Inlines all constants if "
                },
                "type": "Words"
              },
              {
                "data": {
                  "value": [
                    "inline_constants"
                  ]
                },
                "type": "Verbatim"
              },
              {
                "data": {
                  "value": " keyword is True. Note that the constant keys will remain in the graph, to remove them follow "
                },
                "type": "Words"
              },
              {
                "data": {
                  "value": [
                    "inline"
                  ]
                },
                "type": "Verbatim"
              },
              {
                "data": {
                  "value": " with "
                },
                "type": "Words"
              },
              {
                "data": {
                  "value": [
                    "cull"
                  ]
                },
                "type": "Verbatim"
              },
              {
                "data": {
                  "value": "."
                },
                "type": "Words"
              }
            ]
          },
          "type": "Paragraph"
        }
      ],
      "title": null
    },
    "Methods": {
      "children": [],
      "title": null
    },
    "Notes": {
      "children": [],
      "title": null
    },
    "Other Parameters": {
      "children": [],
      "title": null
    },
    "Parameters": {
      "children": [],
      "title": null
    },
    "Raises": {
      "children": [],
      "title": null
    },
    "Receives": {
      "children": [],
      "title": null
    },
    "Returns": {
      "children": [],
      "title": null
    },
    "Summary": {
      "children": [
        {
          "data": {
            "children": [
              {
                "data": {
                  "value": "Return new dask with the given keys inlined with their values."
                },
                "type": "Words"
              }
            ]
          },
          "type": "Paragraph"
        }
      ],
      "title": null
    },
    "Warnings": {
      "children": [],
      "title": null
    },
    "Warns": {
      "children": [],
      "title": null
    },
    "Yields": {
      "children": [],
      "title": null
    }
  },
  "aliases": [
    "dask.optimization.inline"
  ],
  "arbitrary": [],
  "example_section_data": {
    "children": [
      {
        "data": {
          "ce_status": "compiled",
          "entries": [
            {
              "link": {
                "data": {
                  "exists": true,
                  "kind": "module",
                  "reference": {
                    "kind": "module",
                    "module": "builtins",
                    "path": "builtins.dict",
                    "version": "*"
                  },
                  "value": "d"
                },
                "type": "Link"
              },
              "type": ""
            },
            {
              "link": {
                "data": " ",
                "type": "str"
              },
              "type": ""
            },
            {
              "link": {
                "data": "=",
                "type": "str"
              },
              "type": "o"
            },
            {
              "link": {
                "data": " ",
                "type": "str"
              },
              "type": ""
            },
            {
              "link": {
                "data": "{",
                "type": "str"
              },
              "type": ""
            },
            {
              "link": {
                "data": "'",
                "type": "str"
              },
              "type": "s1"
            },
            {
              "link": {
                "data": "x",
                "type": "str"
              },
              "type": "s1"
            },
            {
              "link": {
                "data": "'",
                "type": "str"
              },
              "type": "s1"
            },
            {
              "link": {
                "data": ":",
                "type": "str"
              },
              "type": ""
            },
            {
              "link": {
                "data": " ",
                "type": "str"
              },
              "type": ""
            },
            {
              "link": {
                "data": "1",
                "type": "str"
              },
              "type": "mi"
            },
            {
              "link": {
                "data": ",",
                "type": "str"
              },
              "type": ""
            },
            {
              "link": {
                "data": " ",
                "type": "str"
              },
              "type": ""
            },
            {
              "link": {
                "data": "'",
                "type": "str"
              },
              "type": "s1"
            },
            {
              "link": {
                "data": "y",
                "type": "str"
              },
              "type": "s1"
            },
            {
              "link": {
                "data": "'",
                "type": "str"
              },
              "type": "s1"
            },
            {
              "link": {
                "data": ":",
                "type": "str"
              },
              "type": ""
            },
            {
              "link": {
                "data": " ",
                "type": "str"
              },
              "type": ""
            },
            {
              "link": {
                "data": "(",
                "type": "str"
              },
              "type": ""
            },
            {
              "link": {
                "data": "inc",
                "type": "str"
              },
              "type": ""
            },
            {
              "link": {
                "data": ",",
                "type": "str"
              },
              "type": ""
            },
            {
              "link": {
                "data": " ",
                "type": "str"
              },
              "type": ""
            },
            {
              "link": {
                "data": "'",
                "type": "str"
              },
              "type": "s1"
            },
            {
              "link": {
                "data": "x",
                "type": "str"
              },
              "type": "s1"
            },
            {
              "link": {
                "data": "'",
                "type": "str"
              },
              "type": "s1"
            },
            {
              "link": {
                "data": ")",
                "type": "str"
              },
              "type": ""
            },
            {
              "link": {
                "data": ",",
                "type": "str"
              },
              "type": ""
            },
            {
              "link": {
                "data": " ",
                "type": "str"
              },
              "type": ""
            },
            {
              "link": {
                "data": "'",
                "type": "str"
              },
              "type": "s1"
            },
            {
              "link": {
                "data": "z",
                "type": "str"
              },
              "type": "s1"
            },
            {
              "link": {
                "data": "'",
                "type": "str"
              },
              "type": "s1"
            },
            {
              "link": {
                "data": ":",
                "type": "str"
              },
              "type": ""
            },
            {
              "link": {
                "data": " ",
                "type": "str"
              },
              "type": ""
            },
            {
              "link": {
                "data": "(",
                "type": "str"
              },
              "type": ""
            },
            {
              "link": {
                "data": "add",
                "type": "str"
              },
              "type": ""
            },
            {
              "link": {
                "data": ",",
                "type": "str"
              },
              "type": ""
            },
            {
              "link": {
                "data": " ",
                "type": "str"
              },
              "type": ""
            },
            {
              "link": {
                "data": "'",
                "type": "str"
              },
              "type": "s1"
            },
            {
              "link": {
                "data": "x",
                "type": "str"
              },
              "type": "s1"
            },
            {
              "link": {
                "data": "'",
                "type": "str"
              },
              "type": "s1"
            },
            {
              "link": {
                "data": ",",
                "type": "str"
              },
              "type": ""
            },
            {
              "link": {
                "data": " ",
                "type": "str"
              },
              "type": ""
            },
            {
              "link": {
                "data": "'",
                "type": "str"
              },
              "type": "s1"
            },
            {
              "link": {
                "data": "y",
                "type": "str"
              },
              "type": "s1"
            },
            {
              "link": {
                "data": "'",
                "type": "str"
              },
              "type": "s1"
            },
            {
              "link": {
                "data": ")",
                "type": "str"
              },
              "type": ""
            },
            {
              "link": {
                "data": "}",
                "type": "str"
              },
              "type": ""
            },
            {
              "link": {
                "data": "\n",
                "type": "str"
              },
              "type": ""
            },
            {
              "link": {
                "data": {
                  "exists": true,
                  "kind": "module",
                  "reference": {
                    "kind": "module",
                    "module": "dask",
                    "path": "dask.optimization.inline",
                    "version": "2021.10.0"
                  },
                  "value": "inline"
                },
                "type": "Link"
              },
              "type": ""
            },
            {
              "link": {
                "data": "(",
                "type": "str"
              },
              "type": ""
            },
            {
              "link": {
                "data": {
                  "exists": true,
                  "kind": "module",
                  "reference": {
                    "kind": "module",
                    "module": "builtins",
                    "path": "builtins.dict",
                    "version": "*"
                  },
                  "value": "d"
                },
                "type": "Link"
              },
              "type": ""
            },
            {
              "link": {
                "data": ")",
                "type": "str"
              },
              "type": ""
            },
            {
              "link": {
                "data": "       ",
                "type": "str"
              },
              "type": ""
            },
            {
              "link": {
                "data": "# doctest: +ELLIPSIS",
                "type": "str"
              },
              "type": "c1"
            }
          ],
          "out": "{'x': 1, 'y': (<function inc at ...>, 1), 'z': (<function add at ...>, 1, 'y')}"
        },
        "type": "Code2"
      },
      {
        "data": {
          "ce_status": "compiled",
          "entries": [
            {
              "link": {
                "data": {
                  "exists": true,
                  "kind": "module",
                  "reference": {
                    "kind": "module",
                    "module": "dask",
                    "path": "dask.optimization.inline",
                    "version": "2021.10.0"
                  },
                  "value": "inline"
                },
                "type": "Link"
              },
              "type": ""
            },
            {
              "link": {
                "data": "(",
                "type": "str"
              },
              "type": ""
            },
            {
              "link": {
                "data": {
                  "exists": true,
                  "kind": "module",
                  "reference": {
                    "kind": "module",
                    "module": "builtins",
                    "path": "builtins.dict",
                    "version": "*"
                  },
                  "value": "d"
                },
                "type": "Link"
              },
              "type": ""
            },
            {
              "link": {
                "data": ",",
                "type": "str"
              },
              "type": ""
            },
            {
              "link": {
                "data": " ",
                "type": "str"
              },
              "type": ""
            },
            {
              "link": {
                "data": "keys",
                "type": "str"
              },
              "type": ""
            },
            {
              "link": {
                "data": "=",
                "type": "str"
              },
              "type": "o"
            },
            {
              "link": {
                "data": "'",
                "type": "str"
              },
              "type": "s1"
            },
            {
              "link": {
                "data": "y",
                "type": "str"
              },
              "type": "s1"
            },
            {
              "link": {
                "data": "'",
                "type": "str"
              },
              "type": "s1"
            },
            {
              "link": {
                "data": ")",
                "type": "str"
              },
              "type": ""
            },
            {
              "link": {
                "data": " ",
                "type": "str"
              },
              "type": ""
            },
            {
              "link": {
                "data": "# doctest: +ELLIPSIS",
                "type": "str"
              },
              "type": "c1"
            }
          ],
          "out": "{'x': 1, 'y': (<function inc at ...>, 1), 'z': (<function add at ...>, 1, (<function inc at ...>, 1))}"
        },
        "type": "Code2"
      },
      {
        "data": {
          "ce_status": "compiled",
          "entries": [
            {
              "link": {
                "data": {
                  "exists": true,
                  "kind": "module",
                  "reference": {
                    "kind": "module",
                    "module": "dask",
                    "path": "dask.optimization.inline",
                    "version": "2021.10.0"
                  },
                  "value": "inline"
                },
                "type": "Link"
              },
              "type": ""
            },
            {
              "link": {
                "data": "(",
                "type": "str"
              },
              "type": ""
            },
            {
              "link": {
                "data": {
                  "exists": true,
                  "kind": "module",
                  "reference": {
                    "kind": "module",
                    "module": "builtins",
                    "path": "builtins.dict",
                    "version": "*"
                  },
                  "value": "d"
                },
                "type": "Link"
              },
              "type": ""
            },
            {
              "link": {
                "data": ",",
                "type": "str"
              },
              "type": ""
            },
            {
              "link": {
                "data": " ",
                "type": "str"
              },
              "type": ""
            },
            {
              "link": {
                "data": "keys",
                "type": "str"
              },
              "type": ""
            },
            {
              "link": {
                "data": "=",
                "type": "str"
              },
              "type": "o"
            },
            {
              "link": {
                "data": "'",
                "type": "str"
              },
              "type": "s1"
            },
            {
              "link": {
                "data": "y",
                "type": "str"
              },
              "type": "s1"
            },
            {
              "link": {
                "data": "'",
                "type": "str"
              },
              "type": "s1"
            },
            {
              "link": {
                "data": ",",
                "type": "str"
              },
              "type": ""
            },
            {
              "link": {
                "data": " ",
                "type": "str"
              },
              "type": ""
            },
            {
              "link": {
                "data": "inline_constants",
                "type": "str"
              },
              "type": ""
            },
            {
              "link": {
                "data": "=",
                "type": "str"
              },
              "type": "o"
            },
            {
              "link": {
                "data": "False",
                "type": "str"
              },
              "type": "kc"
            },
            {
              "link": {
                "data": ")",
                "type": "str"
              },
              "type": ""
            },
            {
              "link": {
                "data": " ",
                "type": "str"
              },
              "type": ""
            },
            {
              "link": {
                "data": "# doctest: +ELLIPSIS",
                "type": "str"
              },
              "type": "c1"
            }
          ],
          "out": "{'x': 1, 'y': (<function inc at ...>, 'x'), 'z': (<function add at ...>, 'x', (<function inc at ...>, 'x'))}"
        },
        "type": "Code2"
      }
    ],
    "title": null
  },
  "item_file": "/dask/optimization.py",
  "item_line": 229,
  "item_type": "<class 'function'>",
  "ordered_sections": [
    "Summary",
    "Extended Summary",
    "Examples"
  ],
  "references": null,
  "see_also": [],
  "signature": {
    "value": "inline(dsk, keys=None, inline_constants=True, dependencies=None)"
  }
}