{
  "_content": {
    "Attributes": {
      "children": [],
      "title": null
    },
    "Extended Summary": {
      "children": [],
      "title": null
    },
    "Methods": {
      "children": [],
      "title": null
    },
    "Notes": {
      "children": [],
      "title": null
    },
    "Other Parameters": {
      "children": [],
      "title": null
    },
    "Parameters": {
      "children": [],
      "title": null
    },
    "Raises": {
      "children": [],
      "title": null
    },
    "Receives": {
      "children": [],
      "title": null
    },
    "Returns": {
      "children": [],
      "title": null
    },
    "Summary": {
      "children": [
        {
          "data": {
            "children": [
              {
                "data": {
                  "value": "Start state from a dask"
                },
                "type": "Words"
              }
            ]
          },
          "type": "Paragraph"
        }
      ],
      "title": null
    },
    "Warnings": {
      "children": [],
      "title": null
    },
    "Warns": {
      "children": [],
      "title": null
    },
    "Yields": {
      "children": [],
      "title": null
    }
  },
  "aliases": [
    "dask.local.start_state_from_dask"
  ],
  "arbitrary": [],
  "example_section_data": {
    "children": [
      {
        "data": {
          "ce_status": "compiled",
          "entries": [
            {
              "link": {
                "data": {
                  "exists": true,
                  "kind": "module",
                  "reference": {
                    "kind": "module",
                    "module": "builtins",
                    "path": "builtins.dict",
                    "version": "*"
                  },
                  "value": "dsk"
                },
                "type": "Link"
              },
              "type": ""
            },
            {
              "link": {
                "data": " ",
                "type": "str"
              },
              "type": ""
            },
            {
              "link": {
                "data": "=",
                "type": "str"
              },
              "type": "o"
            },
            {
              "link": {
                "data": " ",
                "type": "str"
              },
              "type": ""
            },
            {
              "link": {
                "data": "{",
                "type": "str"
              },
              "type": ""
            },
            {
              "link": {
                "data": "'",
                "type": "str"
              },
              "type": "s1"
            },
            {
              "link": {
                "data": "x",
                "type": "str"
              },
              "type": "s1"
            },
            {
              "link": {
                "data": "'",
                "type": "str"
              },
              "type": "s1"
            },
            {
              "link": {
                "data": ":",
                "type": "str"
              },
              "type": ""
            },
            {
              "link": {
                "data": " ",
                "type": "str"
              },
              "type": ""
            },
            {
              "link": {
                "data": "1",
                "type": "str"
              },
              "type": "mi"
            },
            {
              "link": {
                "data": ",",
                "type": "str"
              },
              "type": ""
            },
            {
              "link": {
                "data": " ",
                "type": "str"
              },
              "type": ""
            },
            {
              "link": {
                "data": "'",
                "type": "str"
              },
              "type": "s1"
            },
            {
              "link": {
                "data": "y",
                "type": "str"
              },
              "type": "s1"
            },
            {
              "link": {
                "data": "'",
                "type": "str"
              },
              "type": "s1"
            },
            {
              "link": {
                "data": ":",
                "type": "str"
              },
              "type": ""
            },
            {
              "link": {
                "data": " ",
                "type": "str"
              },
              "type": ""
            },
            {
              "link": {
                "data": "2",
                "type": "str"
              },
              "type": "mi"
            },
            {
              "link": {
                "data": ",",
                "type": "str"
              },
              "type": ""
            },
            {
              "link": {
                "data": " ",
                "type": "str"
              },
              "type": ""
            },
            {
              "link": {
                "data": "'",
                "type": "str"
              },
              "type": "s1"
            },
            {
              "link": {
                "data": "z",
                "type": "str"
              },
              "type": "s1"
            },
            {
              "link": {
                "data": "'",
                "type": "str"
              },
              "type": "s1"
            },
            {
              "link": {
                "data": ":",
                "type": "str"
              },
              "type": ""
            },
            {
              "link": {
                "data": " ",
                "type": "str"
              },
              "type": ""
            },
            {
              "link": {
                "data": "(",
                "type": "str"
              },
              "type": ""
            },
            {
              "link": {
                "data": "inc",
                "type": "str"
              },
              "type": ""
            },
            {
              "link": {
                "data": ",",
                "type": "str"
              },
              "type": ""
            },
            {
              "link": {
                "data": " ",
                "type": "str"
              },
              "type": ""
            },
            {
              "link": {
                "data": "'",
                "type": "str"
              },
              "type": "s1"
            },
            {
              "link": {
                "data": "x",
                "type": "str"
              },
              "type": "s1"
            },
            {
              "link": {
                "data": "'",
                "type": "str"
              },
              "type": "s1"
            },
            {
              "link": {
                "data": ")",
                "type": "str"
              },
              "type": ""
            },
            {
              "link": {
                "data": ",",
                "type": "str"
              },
              "type": ""
            },
            {
              "link": {
                "data": " ",
                "type": "str"
              },
              "type": ""
            },
            {
              "link": {
                "data": "'",
                "type": "str"
              },
              "type": "s1"
            },
            {
              "link": {
                "data": "w",
                "type": "str"
              },
              "type": "s1"
            },
            {
              "link": {
                "data": "'",
                "type": "str"
              },
              "type": "s1"
            },
            {
              "link": {
                "data": ":",
                "type": "str"
              },
              "type": ""
            },
            {
              "link": {
                "data": " ",
                "type": "str"
              },
              "type": ""
            },
            {
              "link": {
                "data": "(",
                "type": "str"
              },
              "type": ""
            },
            {
              "link": {
                "data": "add",
                "type": "str"
              },
              "type": ""
            },
            {
              "link": {
                "data": ",",
                "type": "str"
              },
              "type": ""
            },
            {
              "link": {
                "data": " ",
                "type": "str"
              },
              "type": ""
            },
            {
              "link": {
                "data": "'",
                "type": "str"
              },
              "type": "s1"
            },
            {
              "link": {
                "data": "z",
                "type": "str"
              },
              "type": "s1"
            },
            {
              "link": {
                "data": "'",
                "type": "str"
              },
              "type": "s1"
            },
            {
              "link": {
                "data": ",",
                "type": "str"
              },
              "type": ""
            },
            {
              "link": {
                "data": " ",
                "type": "str"
              },
              "type": ""
            },
            {
              "link": {
                "data": "'",
                "type": "str"
              },
              "type": "s1"
            },
            {
              "link": {
                "data": "y",
                "type": "str"
              },
              "type": "s1"
            },
            {
              "link": {
                "data": "'",
                "type": "str"
              },
              "type": "s1"
            },
            {
              "link": {
                "data": ")",
                "type": "str"
              },
              "type": ""
            },
            {
              "link": {
                "data": "}",
                "type": "str"
              },
              "type": ""
            },
            {
              "link": {
                "data": "  ",
                "type": "str"
              },
              "type": ""
            },
            {
              "link": {
                "data": "# doctest: +SKIP",
                "type": "str"
              },
              "type": "c1"
            },
            {
              "link": {
                "data": "\n",
                "type": "str"
              },
              "type": ""
            },
            {
              "link": {
                "data": "from",
                "type": "str"
              },
              "type": "kn"
            },
            {
              "link": {
                "data": " ",
                "type": "str"
              },
              "type": ""
            },
            {
              "link": {
                "data": {
                  "exists": true,
                  "kind": "module",
                  "reference": {
                    "kind": "module",
                    "module": "pprint",
                    "path": "pprint",
                    "version": "*"
                  },
                  "value": "pprint"
                },
                "type": "Link"
              },
              "type": "nn"
            },
            {
              "link": {
                "data": " ",
                "type": "str"
              },
              "type": ""
            },
            {
              "link": {
                "data": "import",
                "type": "str"
              },
              "type": "kn"
            },
            {
              "link": {
                "data": " ",
                "type": "str"
              },
              "type": ""
            },
            {
              "link": {
                "data": {
                  "exists": true,
                  "kind": "module",
                  "reference": {
                    "kind": "module",
                    "module": "pprint",
                    "path": "pprint.pprint",
                    "version": "*"
                  },
                  "value": "pprint"
                },
                "type": "Link"
              },
              "type": ""
            },
            {
              "link": {
                "data": "  ",
                "type": "str"
              },
              "type": ""
            },
            {
              "link": {
                "data": "# doctest: +SKIP",
                "type": "str"
              },
              "type": "c1"
            },
            {
              "link": {
                "data": "\n",
                "type": "str"
              },
              "type": ""
            },
            {
              "link": {
                "data": {
                  "exists": true,
                  "kind": "module",
                  "reference": {
                    "kind": "module",
                    "module": "pprint",
                    "path": "pprint.pprint",
                    "version": "*"
                  },
                  "value": "pprint"
                },
                "type": "Link"
              },
              "type": ""
            },
            {
              "link": {
                "data": "(",
                "type": "str"
              },
              "type": ""
            },
            {
              "link": {
                "data": {
                  "exists": true,
                  "kind": "module",
                  "reference": {
                    "kind": "module",
                    "module": "dask",
                    "path": "dask.local.start_state_from_dask",
                    "version": "2021.10.0"
                  },
                  "value": "start_state_from_dask"
                },
                "type": "Link"
              },
              "type": ""
            },
            {
              "link": {
                "data": "(",
                "type": "str"
              },
              "type": ""
            },
            {
              "link": {
                "data": {
                  "exists": true,
                  "kind": "module",
                  "reference": {
                    "kind": "module",
                    "module": "builtins",
                    "path": "builtins.dict",
                    "version": "*"
                  },
                  "value": "dsk"
                },
                "type": "Link"
              },
              "type": ""
            },
            {
              "link": {
                "data": ")",
                "type": "str"
              },
              "type": ""
            },
            {
              "link": {
                "data": ")",
                "type": "str"
              },
              "type": ""
            },
            {
              "link": {
                "data": "  ",
                "type": "str"
              },
              "type": ""
            },
            {
              "link": {
                "data": "# doctest: +SKIP",
                "type": "str"
              },
              "type": "c1"
            }
          ],
          "out": "{'cache': {'x': 1, 'y': 2},\n 'dependencies': {'w': {'z', 'y'}, 'x': set(), 'y': set(), 'z': {'x'}},\n 'dependents': defaultdict(None, {'w': set(), 'x': {'z'}, 'y': {'w'}, 'z': {'w'}}),\n 'finished': set(),\n 'ready': ['z'],\n 'released': set(),\n 'running': set(),\n 'waiting': {'w': {'z'}},\n 'waiting_data': {'x': {'z'}, 'y': {'w'}, 'z': {'w'}}}"
        },
        "type": "Code2"
      }
    ],
    "title": null
  },
  "item_file": "/dask/local.py",
  "item_line": 137,
  "item_type": "<class 'function'>",
  "ordered_sections": [
    "Summary",
    "Examples"
  ],
  "references": null,
  "see_also": [],
  "signature": {
    "value": "start_state_from_dask(dsk, cache=None, sortkey=None)"
  }
}