{
  "_content": {
    "Attributes": {
      "children": [],
      "title": null
    },
    "Extended Summary": {
      "children": [
        {
          "data": {
            "value": ">>> from dask.utils import format_bytes\n>>> format_bytes(1)\n'1 B'\n>>> format_bytes(1234)\n'1.21 kiB'\n>>> format_bytes(12345678)\n'11.77 MiB'\n>>> format_bytes(1234567890)\n'1.15 GiB'\n>>> format_bytes(1234567890000)\n'1.12 TiB'\n>>> format_bytes(1234567890000000)\n'1.10 PiB'"
          },
          "type": "BlockVerbatim"
        },
        {
          "data": {
            "inline": [
              {
                "data": {
                  "value": "For all values < 2**60, the output is always <= 10 characters."
                },
                "type": "Words"
              }
            ],
            "inner": []
          },
          "type": "Paragraph"
        }
      ],
      "title": null
    },
    "Methods": {
      "children": [],
      "title": null
    },
    "Notes": {
      "children": [],
      "title": null
    },
    "Other Parameters": {
      "children": [],
      "title": null
    },
    "Parameters": {
      "children": [],
      "title": null
    },
    "Raises": {
      "children": [],
      "title": null
    },
    "Receives": {
      "children": [],
      "title": null
    },
    "Returns": {
      "children": [],
      "title": null
    },
    "Summary": {
      "children": [
        {
          "data": {
            "inline": [
              {
                "data": {
                  "value": "Format bytes as text"
                },
                "type": "Words"
              }
            ],
            "inner": []
          },
          "type": "Paragraph"
        }
      ],
      "title": null
    },
    "Warnings": {
      "children": [],
      "title": null
    },
    "Warns": {
      "children": [],
      "title": null
    },
    "Yields": {
      "children": [],
      "title": null
    }
  },
  "aliases": [
    "dask.utils.format_bytes"
  ],
  "arbitrary": [],
  "example_section_data": {
    "children": [],
    "title": null
  },
  "item_file": "/dask/utils.py",
  "item_line": 1506,
  "item_type": "<class 'function'>",
  "ordered_sections": [
    "Summary",
    "Extended Summary"
  ],
  "references": null,
  "refs": [],
  "see_also": [],
  "signature": {
    "value": "format_bytes(n: int) -> str"
  }
}