{
  "_content": {
    "Summary": {
      "children": [
        {
          "type": "Paragraph",
          "data": {
            "inline": [
              {
                "type": "Words",
                "data": {
                  "value": "Generate data for a single partition of a dask bag"
                }
              }
            ],
            "inner": []
          }
        }
      ],
      "title": null
    },
    "Extended Summary": {
      "children": [],
      "title": null
    },
    "Parameters": {
      "children": [],
      "title": null
    },
    "Returns": {
      "children": [],
      "title": null
    },
    "Yields": {
      "children": [],
      "title": null
    },
    "Receives": {
      "children": [],
      "title": null
    },
    "Raises": {
      "children": [],
      "title": null
    },
    "Warns": {
      "children": [],
      "title": null
    },
    "Other Parameters": {
      "children": [],
      "title": null
    },
    "Attributes": {
      "children": [],
      "title": null
    },
    "Methods": {
      "children": [],
      "title": null
    },
    "Notes": {
      "children": [],
      "title": null
    },
    "Warnings": {
      "children": [],
      "title": null
    }
  },
  "refs": [
    "_make_mimesis"
  ],
  "ordered_sections": [
    "Summary",
    "See Also"
  ],
  "item_file": "/Users/bussonniermatthias/miniconda3-intel/envs/papyri/lib/python3.9/site-packages/dask/datasets.py",
  "item_line": 67,
  "item_type": "<class 'function'>",
  "aliases": [
    "dask.datasets._generate_mimesis"
  ],
  "example_section_data": {
    "children": [],
    "title": null
  },
  "see_also": [
    {
      "name": {
        "name": "_make_mimesis",
        "ref": null,
        "exists": null
      },
      "descriptions": [],
      "type": null
    }
  ],
  "signature": "_generate_mimesis(field, schema_description, records_per_partition, seed)",
  "references": null,
  "arbitrary": []
}