{
  "_content": {
    "Summary": {
      "children": [
        {
          "type": "Paragraph",
          "data": {
            "inline": [
              {
                "type": "Words",
                "data": {
                  "value": "Compute the qr factorization of a matrix."
                }
              }
            ],
            "inner": []
          }
        }
      ],
      "title": null
    },
    "Extended Summary": {
      "children": [],
      "title": null
    },
    "Parameters": {
      "children": [
        {
          "type": "Param",
          "data": {
            "param": "a",
            "type_": "Array",
            "desc": []
          }
        }
      ],
      "title": null
    },
    "Returns": {
      "children": [
        {
          "type": "Param",
          "data": {
            "param": "",
            "type_": "q:  Array, orthonormal",
            "desc": []
          }
        },
        {
          "type": "Param",
          "data": {
            "param": "",
            "type_": "r:  Array, upper-triangular",
            "desc": []
          }
        }
      ],
      "title": null
    },
    "Yields": {
      "children": [],
      "title": null
    },
    "Receives": {
      "children": [],
      "title": null
    },
    "Raises": {
      "children": [],
      "title": null
    },
    "Warns": {
      "children": [],
      "title": null
    },
    "Other Parameters": {
      "children": [],
      "title": null
    },
    "Attributes": {
      "children": [],
      "title": null
    },
    "Methods": {
      "children": [],
      "title": null
    },
    "Notes": {
      "children": [],
      "title": null
    },
    "Warnings": {
      "children": [],
      "title": null
    }
  },
  "refs": [
    "dask.array.linalg.sfqr",
    "dask.array.linalg.tsqr",
    "numpy.linalg.qr"
  ],
  "ordered_sections": [
    "Summary",
    "Parameters",
    "Returns",
    "Examples",
    "See Also"
  ],
  "item_file": "/dask/array/linalg.py",
  "item_line": 829,
  "item_type": "<class 'function'>",
  "aliases": [
    "dask.array.linalg.qr"
  ],
  "example_section_data": {
    "children": [
      {
        "type": "Code",
        "data": {
          "entries": [
            [
              "q",
              null,
              ""
            ],
            [
              ",",
              "",
              ""
            ],
            [
              " ",
              "",
              ""
            ],
            [
              "r",
              null,
              ""
            ],
            [
              " ",
              "",
              ""
            ],
            [
              "=",
              "",
              "o"
            ],
            [
              " ",
              "",
              ""
            ],
            [
              "da",
              null,
              ""
            ],
            [
              ".",
              "",
              "o"
            ],
            [
              "linalg",
              null,
              ""
            ],
            [
              ".",
              "",
              "o"
            ],
            [
              "qr",
              null,
              ""
            ],
            [
              "(",
              "",
              ""
            ],
            [
              "x",
              null,
              ""
            ],
            [
              ")",
              "",
              ""
            ],
            [
              "  ",
              "",
              ""
            ],
            [
              "# doctest: +SKIP",
              "",
              "c1"
            ]
          ],
          "out": "",
          "ce_status": "exception_in_exec"
        }
      }
    ],
    "title": null
  },
  "see_also": [
    {
      "name": {
        "name": "numpy.linalg.qr",
        "ref": null,
        "exists": null
      },
      "descriptions": [
        {
          "inline": [
            {
              "type": "Words",
              "data": {
                "value": "Equivalent NumPy Operation"
              }
            }
          ],
          "inner": []
        }
      ],
      "type": null
    },
    {
      "name": {
        "name": "dask.array.linalg.tsqr",
        "ref": null,
        "exists": null
      },
      "descriptions": [
        {
          "inline": [
            {
              "type": "Words",
              "data": {
                "value": "Implementation for tall-and-skinny arrays"
              }
            }
          ],
          "inner": []
        }
      ],
      "type": null
    },
    {
      "name": {
        "name": "dask.array.linalg.sfqr",
        "ref": null,
        "exists": null
      },
      "descriptions": [
        {
          "inline": [
            {
              "type": "Words",
              "data": {
                "value": "Implementation for short-and-fat arrays"
              }
            }
          ],
          "inner": []
        }
      ],
      "type": null
    }
  ],
  "signature": "qr(a)",
  "references": null,
  "arbitrary": []
}