{
  "_content": {
    "Attributes": {
      "children": [],
      "title": null
    },
    "Extended Summary": {
      "children": [
        {
          "data": {
            "inline": [
              {
                "data": {
                  "value": "Convert an array representing the coefficients of a Chebyshev series, ordered from lowest degree to highest, to an array of the coefficients of the equivalent polynomial (relative to the \"standard\" basis) ordered from lowest to highest degree."
                },
                "type": "Words"
              }
            ],
            "inner": []
          },
          "type": "Paragraph"
        }
      ],
      "title": null
    },
    "Methods": {
      "children": [],
      "title": null
    },
    "Notes": {
      "children": [
        {
          "data": {
            "inline": [
              {
                "data": {
                  "value": "The easy way to do conversions between polynomial basis sets is to use the convert method of a class instance."
                },
                "type": "Words"
              }
            ],
            "inner": []
          },
          "type": "Paragraph"
        }
      ],
      "title": null
    },
    "Other Parameters": {
      "children": [],
      "title": null
    },
    "Parameters": {
      "children": [
        {
          "data": {
            "desc": [
              {
                "data": {
                  "inline": [
                    {
                      "data": {
                        "value": "1-D array containing the Chebyshev series coefficients, ordered from lowest order term to highest."
                      },
                      "type": "Words"
                    }
                  ],
                  "inner": []
                },
                "type": "Paragraph"
              }
            ],
            "param": "c",
            "type_": "array_like"
          },
          "type": "Param"
        }
      ],
      "title": null
    },
    "Raises": {
      "children": [],
      "title": null
    },
    "Receives": {
      "children": [],
      "title": null
    },
    "Returns": {
      "children": [
        {
          "data": {
            "desc": [
              {
                "data": {
                  "inline": [
                    {
                      "data": {
                        "value": "1-D array containing the coefficients of the equivalent polynomial (relative to the \"standard\" basis) ordered from lowest order term to highest."
                      },
                      "type": "Words"
                    }
                  ],
                  "inner": []
                },
                "type": "Paragraph"
              }
            ],
            "param": "pol",
            "type_": "ndarray"
          },
          "type": "Param"
        }
      ],
      "title": null
    },
    "Summary": {
      "children": [
        {
          "data": {
            "inline": [
              {
                "data": {
                  "value": "Convert a Chebyshev series to a polynomial."
                },
                "type": "Words"
              }
            ],
            "inner": []
          },
          "type": "Paragraph"
        }
      ],
      "title": null
    },
    "Warnings": {
      "children": [],
      "title": null
    },
    "Warns": {
      "children": [],
      "title": null
    },
    "Yields": {
      "children": [],
      "title": null
    }
  },
  "aliases": [
    "numpy.polynomial.chebyshev.cheb2poly"
  ],
  "arbitrary": [],
  "example_section_data": {
    "children": [
      {
        "data": {
          "ce_status": "execed",
          "entries": [
            [
              "from",
              null,
              "kn"
            ],
            [
              " ",
              "",
              ""
            ],
            [
              "numpy",
              "numpy",
              "nn"
            ],
            [
              " ",
              "",
              ""
            ],
            [
              "import",
              null,
              "kn"
            ],
            [
              " ",
              "",
              ""
            ],
            [
              "polynomial",
              "numpy.polynomial",
              ""
            ],
            [
              " ",
              "",
              ""
            ],
            [
              "as",
              null,
              "k"
            ],
            [
              " ",
              "",
              ""
            ],
            [
              "P",
              "numpy.polynomial",
              ""
            ],
            [
              "\n",
              "",
              ""
            ],
            [
              "c",
              "numpy.polynomial.chebyshev.Chebyshev",
              ""
            ],
            [
              " ",
              "",
              ""
            ],
            [
              "=",
              "",
              "o"
            ],
            [
              " ",
              "",
              ""
            ],
            [
              "P",
              "numpy.polynomial",
              ""
            ],
            [
              ".",
              "",
              "o"
            ],
            [
              "Chebyshev",
              "numpy.polynomial.chebyshev.Chebyshev",
              ""
            ],
            [
              "(",
              "",
              ""
            ],
            [
              "range",
              "builtins.range",
              "nb"
            ],
            [
              "(",
              "",
              ""
            ],
            [
              "4",
              "",
              "mi"
            ],
            [
              ")",
              "",
              ""
            ],
            [
              ")",
              "",
              ""
            ],
            [
              "\n",
              "",
              ""
            ],
            [
              "c",
              "numpy.polynomial.chebyshev.Chebyshev",
              ""
            ]
          ],
          "out": "Chebyshev([0., 1., 2., 3.], domain=[-1,  1], window=[-1,  1])"
        },
        "type": "Code"
      },
      {
        "data": {
          "ce_status": "execed",
          "entries": [
            [
              "p",
              null,
              ""
            ],
            [
              " ",
              "",
              ""
            ],
            [
              "=",
              "",
              "o"
            ],
            [
              " ",
              "",
              ""
            ],
            [
              "c",
              "numpy.polynomial.chebyshev.Chebyshev",
              ""
            ],
            [
              ".",
              "",
              "o"
            ],
            [
              "convert",
              "numpy.polynomial._polybase.ABCPolyBase.convert",
              ""
            ],
            [
              "(",
              "",
              ""
            ],
            [
              "kind",
              null,
              ""
            ],
            [
              "=",
              "",
              "o"
            ],
            [
              "P",
              "numpy.polynomial",
              ""
            ],
            [
              ".",
              "",
              "o"
            ],
            [
              "Polynomial",
              "numpy.polynomial.polynomial.Polynomial",
              ""
            ],
            [
              ")",
              "",
              ""
            ],
            [
              "\n",
              "",
              ""
            ],
            [
              "p",
              "numpy.polynomial.polynomial.Polynomial",
              ""
            ]
          ],
          "out": "Polynomial([-2., -8.,  4., 12.], domain=[-1.,  1.], window=[-1.,  1.])"
        },
        "type": "Code"
      },
      {
        "data": {
          "ce_status": "execed",
          "entries": [
            [
              "P",
              "numpy.polynomial",
              ""
            ],
            [
              ".",
              "",
              "o"
            ],
            [
              "chebyshev",
              "numpy.polynomial.chebyshev",
              ""
            ],
            [
              ".",
              "",
              "o"
            ],
            [
              "cheb2poly",
              "numpy.polynomial.chebyshev.cheb2poly",
              ""
            ],
            [
              "(",
              "",
              ""
            ],
            [
              "range",
              "builtins.range",
              "nb"
            ],
            [
              "(",
              "",
              ""
            ],
            [
              "4",
              "",
              "mi"
            ],
            [
              ")",
              "",
              ""
            ],
            [
              ")",
              "",
              ""
            ]
          ],
          "out": "array([-2.,  -8.,   4.,  12.])"
        },
        "type": "Code"
      }
    ],
    "title": null
  },
  "item_file": "/numpy/polynomial/chebyshev.py",
  "item_line": 397,
  "item_type": "<class 'function'>",
  "ordered_sections": [
    "Summary",
    "Extended Summary",
    "Parameters",
    "Returns",
    "See Also",
    "Notes",
    "Examples"
  ],
  "references": null,
  "refs": [
    "builtins.range",
    "numpy",
    "numpy.polynomial",
    "numpy.polynomial._polybase.ABCPolyBase.convert",
    "numpy.polynomial.chebyshev",
    "numpy.polynomial.chebyshev.Chebyshev",
    "numpy.polynomial.chebyshev.cheb2poly",
    "numpy.polynomial.polynomial.Polynomial",
    "poly2cheb"
  ],
  "see_also": [
    {
      "descriptions": [],
      "name": {
        "exists": null,
        "name": "poly2cheb",
        "ref": null
      },
      "type": null
    }
  ],
  "signature": "cheb2poly(c)"
}