{
  "_content": {
    "Summary": {
      "children": [
        {
          "type": "Paragraph",
          "data": {
            "inline": [
              {
                "type": "Words",
                "data": {
                  "value": "Format an argument spec from the 4 values returned by getargvalues."
                }
              }
            ],
            "inner": []
          }
        }
      ],
      "title": null
    },
    "Extended Summary": {
      "children": [
        {
          "type": "Paragraph",
          "data": {
            "inline": [
              {
                "type": "Words",
                "data": {
                  "value": "The first four arguments are (args, varargs, varkw, locals).  The next four arguments are the corresponding optional formatting functions that are called to turn names and values into strings.  The ninth argument is an optional function to format the sequence of arguments."
                }
              }
            ],
            "inner": []
          }
        }
      ],
      "title": null
    },
    "Parameters": {
      "children": [],
      "title": null
    },
    "Returns": {
      "children": [],
      "title": null
    },
    "Yields": {
      "children": [],
      "title": null
    },
    "Receives": {
      "children": [],
      "title": null
    },
    "Raises": {
      "children": [],
      "title": null
    },
    "Warns": {
      "children": [],
      "title": null
    },
    "Other Parameters": {
      "children": [],
      "title": null
    },
    "Attributes": {
      "children": [],
      "title": null
    },
    "Methods": {
      "children": [],
      "title": null
    },
    "Notes": {
      "children": [],
      "title": null
    },
    "Warnings": {
      "children": [],
      "title": null
    }
  },
  "refs": [],
  "ordered_sections": [
    "Summary",
    "Extended Summary"
  ],
  "item_file": "/Users/bussonniermatthias/miniconda3-intel/envs/papyri/lib/python3.9/site-packages/numpy/compat/_inspect.py",
  "item_line": 168,
  "item_type": "<class 'function'>",
  "aliases": [
    "numpy.compat._inspect.formatargvalues"
  ],
  "example_section_data": {
    "children": [],
    "title": null
  },
  "see_also": [],
  "signature": "formatargvalues(args, varargs, varkw, locals, formatarg=<class 'str'>, formatvarargs=<function <lambda> at 0x7f9cb81d80d0>, formatvarkw=<function <lambda> at 0x7f9cb81d8160>, formatvalue=<function <lambda> at 0x7f9cb81d81f0>, join=<function joinseq at 0x7f9ca8f65d30>)",
  "references": null,
  "arbitrary": []
}