{
  "_content": {
    "Summary": {
      "children": [
        {
          "type": "Paragraph",
          "data": {
            "inline": [
              {
                "type": "Words",
                "data": {
                  "value": "Set whether the polygon is closed."
                }
              }
            ],
            "inner": []
          }
        }
      ],
      "title": null
    },
    "Extended Summary": {
      "children": [],
      "title": null
    },
    "Parameters": {
      "children": [
        {
          "type": "Param",
          "data": {
            "param": "closed",
            "type_": "bool",
            "desc": [
              {
                "type": "Paragraph",
                "data": {
                  "inline": [
                    {
                      "type": "Words",
                      "data": {
                        "value": "True if the polygon is closed"
                      }
                    }
                  ],
                  "inner": []
                }
              }
            ]
          }
        }
      ],
      "title": null
    },
    "Returns": {
      "children": [],
      "title": null
    },
    "Yields": {
      "children": [],
      "title": null
    },
    "Receives": {
      "children": [],
      "title": null
    },
    "Raises": {
      "children": [],
      "title": null
    },
    "Warns": {
      "children": [],
      "title": null
    },
    "Other Parameters": {
      "children": [],
      "title": null
    },
    "Attributes": {
      "children": [],
      "title": null
    },
    "Methods": {
      "children": [],
      "title": null
    },
    "Notes": {
      "children": [],
      "title": null
    },
    "Warnings": {
      "children": [],
      "title": null
    }
  },
  "refs": [],
  "ordered_sections": [
    "Summary",
    "Parameters"
  ],
  "item_file": "/Users/bussonniermatthias/miniconda3/lib/python3.8/site-packages/matplotlib/patches.py",
  "item_line": 1032,
  "item_type": "<class 'function'>",
  "aliases": [
    "matplotlib.pyplot.Polygon.set_closed"
  ],
  "example_section_data": {
    "children": [],
    "title": null
  },
  "see_also": [],
  "signature": "set_closed(self, closed)",
  "references": null,
  "arbitrary": []
}