{
  "_content": {
    "Summary": {
      "children": [
        {
          "type": "Paragraph",
          "data": {
            "inline": [
              {
                "type": "Words",
                "data": {
                  "value": "Set if axes spine and labels are drawn at top or bottom (or left/right) of the axes."
                }
              }
            ],
            "inner": []
          }
        }
      ],
      "title": null
    },
    "Extended Summary": {
      "children": [],
      "title": null
    },
    "Parameters": {
      "children": [
        {
          "type": "Param",
          "data": {
            "param": "align",
            "type_": "str",
            "desc": [
              {
                "type": "Paragraph",
                "data": {
                  "inline": [
                    {
                      "type": "Words",
                      "data": {
                        "value": "either 'top' or 'bottom' for orientation='x' or 'left' or 'right' for orientation='y' axis."
                      }
                    }
                  ],
                  "inner": []
                }
              }
            ]
          }
        }
      ],
      "title": null
    },
    "Returns": {
      "children": [],
      "title": null
    },
    "Yields": {
      "children": [],
      "title": null
    },
    "Receives": {
      "children": [],
      "title": null
    },
    "Raises": {
      "children": [],
      "title": null
    },
    "Warns": {
      "children": [],
      "title": null
    },
    "Other Parameters": {
      "children": [],
      "title": null
    },
    "Attributes": {
      "children": [],
      "title": null
    },
    "Methods": {
      "children": [],
      "title": null
    },
    "Notes": {
      "children": [],
      "title": null
    },
    "Warnings": {
      "children": [],
      "title": null
    }
  },
  "refs": [],
  "ordered_sections": [
    "Summary",
    "Parameters"
  ],
  "item_file": "/Users/bussonniermatthias/miniconda3/lib/python3.8/site-packages/matplotlib/axes/_secondary_axes.py",
  "item_line": 91,
  "item_type": "<class 'function'>",
  "aliases": [
    "matplotlib.axes.SecondaryAxis.set_alignment"
  ],
  "example_section_data": {
    "children": [],
    "title": null
  },
  "see_also": [],
  "signature": "set_alignment(self, align)",
  "references": null,
  "arbitrary": []
}