{
  "_content": {
    "Summary": {
      "children": [
        {
          "type": "Paragraph",
          "data": {
            "inline": [
              {
                "type": "Words",
                "data": {
                  "value": "Disconnect the callback with id *cid*."
                }
              }
            ],
            "inner": []
          }
        }
      ],
      "title": null
    },
    "Extended Summary": {
      "children": [],
      "title": null
    },
    "Parameters": {
      "children": [],
      "title": null
    },
    "Returns": {
      "children": [],
      "title": null
    },
    "Yields": {
      "children": [],
      "title": null
    },
    "Receives": {
      "children": [],
      "title": null
    },
    "Raises": {
      "children": [],
      "title": null
    },
    "Warns": {
      "children": [],
      "title": null
    },
    "Other Parameters": {
      "children": [],
      "title": null
    },
    "Attributes": {
      "children": [],
      "title": null
    },
    "Methods": {
      "children": [],
      "title": null
    },
    "Notes": {
      "children": [],
      "title": null
    },
    "Warnings": {
      "children": [],
      "title": null
    }
  },
  "refs": [],
  "ordered_sections": [
    "Summary",
    "Examples"
  ],
  "item_file": "/Users/bussonniermatthias/miniconda3/lib/python3.8/site-packages/matplotlib/backend_bases.py",
  "item_line": 2333,
  "item_type": "<class 'function'>",
  "aliases": [
    "matplotlib.image.FigureCanvasBase.mpl_disconnect"
  ],
  "example_section_data": {
    "children": [
      {
        "type": "Paragraph",
        "data": {
          "inline": [
            {
              "type": "Words",
              "data": {
                "value": "::"
              }
            }
          ],
          "inner": []
        }
      },
      {
        "type": "DefList",
        "data": {
          "children": [
            {
              "lines": {
                "_lines": [
                  {
                    "_line": ":: workaround numpyoc summary/ext summary bug in take2::Line.__init__",
                    "_number": 0,
                    "_offset": 0
                  }
                ]
              },
              "wh": {
                "_lines": []
              },
              "ind": {
                "_lines": [
                  {
                    "_line": "    cid = canvas.mpl_connect('button_press_event', on_press)",
                    "_number": 0,
                    "_offset": 4
                  },
                  {
                    "_line": "    # ... later",
                    "_number": 1,
                    "_offset": 4
                  },
                  {
                    "_line": "    canvas.mpl_disconnect(cid)",
                    "_number": 2,
                    "_offset": 4
                  }
                ]
              },
              "dt": {
                "inline": [
                  {
                    "type": "Words",
                    "data": {
                      "value": ":: workaround numpyoc summary/ext summary bug in take2::Line.__init__"
                    }
                  }
                ],
                "inner": []
              },
              "dd": [
                {
                  "type": "Paragraph",
                  "data": {
                    "inline": [
                      {
                        "type": "Words",
                        "data": {
                          "value": "cid = canvas.mpl_connect('button_press_event', on_press) # ... later canvas.mpl_disconnect(cid)"
                        }
                      }
                    ],
                    "inner": []
                  }
                }
              ]
            }
          ]
        }
      }
    ],
    "title": null
  },
  "see_also": [],
  "signature": "mpl_disconnect(self, cid)",
  "references": null,
  "arbitrary": []
}