{
  "_content": {
    "Summary": {
      "children": [
        {
          "type": "Paragraph",
          "data": {
            "inline": [
              {
                "type": "Words",
                "data": {
                  "value": "Place ticks on the locations : subs[j] * base**i"
                }
              }
            ],
            "inner": []
          }
        }
      ],
      "title": null
    },
    "Extended Summary": {
      "children": [],
      "title": null
    },
    "Parameters": {
      "children": [
        {
          "type": "Param",
          "data": {
            "param": "subs",
            "type_": "None or str or sequence of float, default: (1.0,)",
            "desc": [
              {
                "type": "Paragraph",
                "data": {
                  "inline": [
                    {
                      "type": "Words",
                      "data": {
                        "value": "Gives the multiples of integer powers of the base at which to place ticks.  The default places ticks only at integer powers of the base. The permitted string values are "
                      }
                    },
                    {
                      "type": "Verbatim",
                      "data": {
                        "value": [
                          "'auto'"
                        ]
                      }
                    },
                    {
                      "type": "Words",
                      "data": {
                        "value": " and "
                      }
                    },
                    {
                      "type": "Verbatim",
                      "data": {
                        "value": [
                          "'all'"
                        ]
                      }
                    },
                    {
                      "type": "Words",
                      "data": {
                        "value": ", both of which use an algorithm based on the axis view limits to determine whether and how to put ticks between integer powers of the base.  With "
                      }
                    },
                    {
                      "type": "Verbatim",
                      "data": {
                        "value": [
                          "'auto'"
                        ]
                      }
                    },
                    {
                      "type": "Words",
                      "data": {
                        "value": ", ticks are placed only between integer powers; with "
                      }
                    },
                    {
                      "type": "Verbatim",
                      "data": {
                        "value": [
                          "'all'"
                        ]
                      }
                    },
                    {
                      "type": "Words",
                      "data": {
                        "value": ", the integer powers are included.  A value of None is equivalent to "
                      }
                    },
                    {
                      "type": "Verbatim",
                      "data": {
                        "value": [
                          "'auto'"
                        ]
                      }
                    },
                    {
                      "type": "Words",
                      "data": {
                        "value": "."
                      }
                    }
                  ],
                  "inner": []
                }
              }
            ]
          }
        }
      ],
      "title": null
    },
    "Returns": {
      "children": [],
      "title": null
    },
    "Yields": {
      "children": [],
      "title": null
    },
    "Receives": {
      "children": [],
      "title": null
    },
    "Raises": {
      "children": [],
      "title": null
    },
    "Warns": {
      "children": [],
      "title": null
    },
    "Other Parameters": {
      "children": [],
      "title": null
    },
    "Attributes": {
      "children": [],
      "title": null
    },
    "Methods": {
      "children": [],
      "title": null
    },
    "Notes": {
      "children": [],
      "title": null
    },
    "Warnings": {
      "children": [],
      "title": null
    }
  },
  "refs": [],
  "ordered_sections": [
    "Summary",
    "Parameters"
  ],
  "item_file": "/Users/bussonniermatthias/miniconda3/lib/python3.8/site-packages/matplotlib/ticker.py",
  "item_line": 2377,
  "item_type": "<class 'function'>",
  "aliases": [
    "matplotlib.pyplot.LogLocator.__init__"
  ],
  "example_section_data": {
    "children": [],
    "title": null
  },
  "see_also": [],
  "signature": "__init__(self, base=10.0, subs=(1.0,), numdecs=4, numticks=None)",
  "references": null,
  "arbitrary": []
}