{
  "_content": {
    "Summary": {
      "children": [
        {
          "type": "Paragraph",
          "data": {
            "inline": [
              {
                "type": "Words",
                "data": {
                  "value": ":: workaround numpyoc summary/ext summary bug in take2::Line.__init__"
                }
              }
            ],
            "inner": []
          }
        }
      ],
      "title": null
    },
    "Extended Summary": {
      "children": [],
      "title": null
    },
    "Parameters": {
      "children": [
        {
          "type": "Param",
          "data": {
            "param": "nrows, ncols",
            "type_": "int",
            "desc": [
              {
                "type": "Paragraph",
                "data": {
                  "inline": [
                    {
                      "type": "Words",
                      "data": {
                        "value": "The number of rows and columns of the grid."
                      }
                    }
                  ],
                  "inner": []
                }
              }
            ]
          }
        },
        {
          "type": "Param",
          "data": {
            "param": "width_ratios",
            "type_": "array-like of length *ncols*, optional",
            "desc": [
              {
                "type": "Paragraph",
                "data": {
                  "inline": [
                    {
                      "type": "Words",
                      "data": {
                        "value": "Defines the relative widths of the columns. Each column gets a relative width of "
                      }
                    },
                    {
                      "type": "Verbatim",
                      "data": {
                        "value": [
                          "width",
                          "_",
                          "ratios[i]",
                          " ",
                          "/",
                          " ",
                          "sum(width",
                          "_",
                          "ratios)"
                        ]
                      }
                    },
                    {
                      "type": "Words",
                      "data": {
                        "value": ". If not given, all columns will have the same width."
                      }
                    }
                  ],
                  "inner": []
                }
              }
            ]
          }
        },
        {
          "type": "Param",
          "data": {
            "param": "height_ratios",
            "type_": "array-like of length *nrows*, optional",
            "desc": [
              {
                "type": "Paragraph",
                "data": {
                  "inline": [
                    {
                      "type": "Words",
                      "data": {
                        "value": "Defines the relative heights of the rows. Each column gets a relative height of "
                      }
                    },
                    {
                      "type": "Verbatim",
                      "data": {
                        "value": [
                          "height",
                          "_",
                          "ratios[i]",
                          " ",
                          "/",
                          " ",
                          "sum(height",
                          "_",
                          "ratios)"
                        ]
                      }
                    },
                    {
                      "type": "Words",
                      "data": {
                        "value": ". If not given, all rows will have the same height."
                      }
                    }
                  ],
                  "inner": []
                }
              }
            ]
          }
        }
      ],
      "title": null
    },
    "Returns": {
      "children": [],
      "title": null
    },
    "Yields": {
      "children": [],
      "title": null
    },
    "Receives": {
      "children": [],
      "title": null
    },
    "Raises": {
      "children": [],
      "title": null
    },
    "Warns": {
      "children": [],
      "title": null
    },
    "Other Parameters": {
      "children": [],
      "title": null
    },
    "Attributes": {
      "children": [],
      "title": null
    },
    "Methods": {
      "children": [],
      "title": null
    },
    "Notes": {
      "children": [],
      "title": null
    },
    "Warnings": {
      "children": [],
      "title": null
    }
  },
  "refs": [],
  "ordered_sections": [
    "Parameters"
  ],
  "item_file": "/Users/bussonniermatthias/miniconda3/lib/python3.8/site-packages/matplotlib/gridspec.py",
  "item_line": 32,
  "item_type": "<class 'function'>",
  "aliases": [
    "matplotlib.gridspec.GridSpecBase.__init__"
  ],
  "example_section_data": {
    "children": [],
    "title": null
  },
  "see_also": [],
  "signature": "__init__(self, nrows, ncols, height_ratios=None, width_ratios=None)",
  "references": null,
  "arbitrary": []
}