{
  "_content": {
    "Summary": {
      "children": [
        {
          "type": "Paragraph",
          "data": {
            "inline": [
              {
                "type": "Words",
                "data": {
                  "value": "Set the x ticks with list of *ticks*"
                }
              }
            ],
            "inner": []
          }
        }
      ],
      "title": null
    },
    "Extended Summary": {
      "children": [],
      "title": null
    },
    "Parameters": {
      "children": [
        {
          "type": "Param",
          "data": {
            "param": "ticks",
            "type_": "list",
            "desc": [
              {
                "type": "Paragraph",
                "data": {
                  "inline": [
                    {
                      "type": "Words",
                      "data": {
                        "value": "List of x-axis tick locations."
                      }
                    }
                  ],
                  "inner": []
                }
              }
            ]
          }
        },
        {
          "type": "Param",
          "data": {
            "param": "minor",
            "type_": "bool, default: False",
            "desc": [
              {
                "type": "Paragraph",
                "data": {
                  "inline": [
                    {
                      "type": "Words",
                      "data": {
                        "value": "If "
                      }
                    },
                    {
                      "type": "Verbatim",
                      "data": {
                        "value": [
                          "False"
                        ]
                      }
                    },
                    {
                      "type": "Words",
                      "data": {
                        "value": " sets major ticks, if "
                      }
                    },
                    {
                      "type": "Verbatim",
                      "data": {
                        "value": [
                          "True"
                        ]
                      }
                    },
                    {
                      "type": "Words",
                      "data": {
                        "value": " sets minor ticks."
                      }
                    }
                  ],
                  "inner": []
                }
              }
            ]
          }
        }
      ],
      "title": null
    },
    "Returns": {
      "children": [],
      "title": null
    },
    "Yields": {
      "children": [],
      "title": null
    },
    "Receives": {
      "children": [],
      "title": null
    },
    "Raises": {
      "children": [],
      "title": null
    },
    "Warns": {
      "children": [],
      "title": null
    },
    "Other Parameters": {
      "children": [],
      "title": null
    },
    "Attributes": {
      "children": [],
      "title": null
    },
    "Methods": {
      "children": [],
      "title": null
    },
    "Notes": {
      "children": [],
      "title": null
    },
    "Warnings": {
      "children": [],
      "title": null
    }
  },
  "refs": [],
  "ordered_sections": [
    "Summary",
    "Parameters"
  ],
  "item_file": "/Users/bussonniermatthias/miniconda3/lib/python3.8/site-packages/matplotlib/cbook/deprecation.py",
  "item_line": 157,
  "item_type": "<class 'function'>",
  "aliases": [
    "matplotlib.axes.SecondaryAxis.set_ticks"
  ],
  "example_section_data": {
    "children": [],
    "title": null
  },
  "see_also": [],
  "signature": "set_ticks(self, ticks, *, minor=False)",
  "references": null,
  "arbitrary": []
}