{
  "_content": {
    "Summary": {
      "children": [
        {
          "type": "Paragraph",
          "data": {
            "inline": [
              {
                "type": "Words",
                "data": {
                  "value": "Order nodes in dask graph"
                }
              }
            ],
            "inner": []
          }
        }
      ],
      "title": null
    },
    "Extended Summary": {
      "children": [
        {
          "type": "Paragraph",
          "data": {
            "inline": [
              {
                "type": "Words",
                "data": {
                  "value": "This produces an ordering over our tasks that we use to break ties when executing.  We do this ahead of time to reduce a bit of stress on the scheduler and also to assist in static analysis."
                }
              }
            ],
            "inner": []
          }
        },
        {
          "type": "Paragraph",
          "data": {
            "inline": [
              {
                "type": "Words",
                "data": {
                  "value": "This currently traverses the graph as a single-threaded scheduler would traverse it.  It breaks ties in the following ways:"
                }
              }
            ],
            "inner": []
          }
        },
        {
          "type": "DefList",
          "data": {
            "children": [
              {
                "lines": {
                  "_lines": [
                    {
                      "_line": "1.  Begin at a leaf node that is a dependency of a root node that has the",
                      "_number": 7,
                      "_offset": 0
                    }
                  ]
                },
                "wh": {
                  "_lines": []
                },
                "ind": {
                  "_lines": [
                    {
                      "_line": "    largest subgraph (start hard things first)",
                      "_number": 8,
                      "_offset": 4
                    }
                  ]
                },
                "dt": {
                  "inline": [
                    {
                      "type": "Words",
                      "data": {
                        "value": "1.  Begin at a leaf node that is a dependency of a root node that has the"
                      }
                    }
                  ],
                  "inner": []
                },
                "dd": [
                  {
                    "type": "Paragraph",
                    "data": {
                      "inline": [
                        {
                          "type": "Words",
                          "data": {
                            "value": "largest subgraph (start hard things first)"
                          }
                        }
                      ],
                      "inner": []
                    }
                  }
                ]
              },
              {
                "lines": {
                  "_lines": [
                    {
                      "_line": "2.  Prefer tall branches with few dependents (start hard things first and",
                      "_number": 9,
                      "_offset": 0
                    }
                  ]
                },
                "wh": {
                  "_lines": []
                },
                "ind": {
                  "_lines": [
                    {
                      "_line": "    try to avoid memory usage)",
                      "_number": 10,
                      "_offset": 4
                    }
                  ]
                },
                "dt": {
                  "inline": [
                    {
                      "type": "Words",
                      "data": {
                        "value": "2.  Prefer tall branches with few dependents (start hard things first and"
                      }
                    }
                  ],
                  "inner": []
                },
                "dd": [
                  {
                    "type": "Paragraph",
                    "data": {
                      "inline": [
                        {
                          "type": "Words",
                          "data": {
                            "value": "try to avoid memory usage)"
                          }
                        }
                      ],
                      "inner": []
                    }
                  }
                ]
              },
              {
                "lines": {
                  "_lines": [
                    {
                      "_line": "3.  Prefer dependents that are dependencies of root nodes that have",
                      "_number": 11,
                      "_offset": 0
                    }
                  ]
                },
                "wh": {
                  "_lines": []
                },
                "ind": {
                  "_lines": [
                    {
                      "_line": "    the smallest subgraph (do small goals that can terminate quickly)",
                      "_number": 12,
                      "_offset": 4
                    }
                  ]
                },
                "dt": {
                  "inline": [
                    {
                      "type": "Words",
                      "data": {
                        "value": "3.  Prefer dependents that are dependencies of root nodes that have"
                      }
                    }
                  ],
                  "inner": []
                },
                "dd": [
                  {
                    "type": "Paragraph",
                    "data": {
                      "inline": [
                        {
                          "type": "Words",
                          "data": {
                            "value": "the smallest subgraph (do small goals that can terminate quickly)"
                          }
                        }
                      ],
                      "inner": []
                    }
                  }
                ]
              }
            ]
          }
        }
      ],
      "title": null
    },
    "Parameters": {
      "children": [],
      "title": null
    },
    "Returns": {
      "children": [],
      "title": null
    },
    "Yields": {
      "children": [],
      "title": null
    },
    "Receives": {
      "children": [],
      "title": null
    },
    "Raises": {
      "children": [],
      "title": null
    },
    "Warns": {
      "children": [],
      "title": null
    },
    "Other Parameters": {
      "children": [],
      "title": null
    },
    "Attributes": {
      "children": [],
      "title": null
    },
    "Methods": {
      "children": [],
      "title": null
    },
    "Notes": {
      "children": [],
      "title": null
    },
    "Warnings": {
      "children": [],
      "title": null
    }
  },
  "refs": [],
  "ordered_sections": [
    "Summary",
    "Extended Summary",
    "Examples"
  ],
  "item_file": "/Users/bussonniermatthias/dev/dask/dask/order.py",
  "item_line": 84,
  "item_type": "<class 'function'>",
  "aliases": [
    "dask.local.order"
  ],
  "example_section_data": {
    "children": [
      {
        "type": "Code",
        "data": {
          "entries": [
            [
              "dsk",
              "",
              ""
            ],
            [
              " ",
              "",
              ""
            ],
            [
              "=",
              "",
              "o"
            ],
            [
              " ",
              "",
              ""
            ],
            [
              "{",
              "",
              ""
            ],
            [
              "\"",
              "",
              "s2"
            ],
            [
              "a",
              "",
              "s2"
            ],
            [
              "\"",
              "",
              "s2"
            ],
            [
              ":",
              "",
              ""
            ],
            [
              " ",
              "",
              ""
            ],
            [
              "1",
              "",
              "mi"
            ],
            [
              ",",
              "",
              ""
            ],
            [
              " ",
              "",
              ""
            ],
            [
              "\"",
              "",
              "s2"
            ],
            [
              "b",
              "",
              "s2"
            ],
            [
              "\"",
              "",
              "s2"
            ],
            [
              ":",
              "",
              ""
            ],
            [
              " ",
              "",
              ""
            ],
            [
              "2",
              "",
              "mi"
            ],
            [
              ",",
              "",
              ""
            ],
            [
              " ",
              "",
              ""
            ],
            [
              "\"",
              "",
              "s2"
            ],
            [
              "c",
              "",
              "s2"
            ],
            [
              "\"",
              "",
              "s2"
            ],
            [
              ":",
              "",
              ""
            ],
            [
              " ",
              "",
              ""
            ],
            [
              "(",
              "",
              ""
            ],
            [
              "inc",
              "",
              ""
            ],
            [
              ",",
              "",
              ""
            ],
            [
              " ",
              "",
              ""
            ],
            [
              "\"",
              "",
              "s2"
            ],
            [
              "a",
              "",
              "s2"
            ],
            [
              "\"",
              "",
              "s2"
            ],
            [
              ")",
              "",
              ""
            ],
            [
              ",",
              "",
              ""
            ],
            [
              " ",
              "",
              ""
            ],
            [
              "\"",
              "",
              "s2"
            ],
            [
              "d",
              "",
              "s2"
            ],
            [
              "\"",
              "",
              "s2"
            ],
            [
              ":",
              "",
              ""
            ],
            [
              " ",
              "",
              ""
            ],
            [
              "(",
              "",
              ""
            ],
            [
              "add",
              "",
              ""
            ],
            [
              ",",
              "",
              ""
            ],
            [
              " ",
              "",
              ""
            ],
            [
              "\"",
              "",
              "s2"
            ],
            [
              "b",
              "",
              "s2"
            ],
            [
              "\"",
              "",
              "s2"
            ],
            [
              ",",
              "",
              ""
            ],
            [
              " ",
              "",
              ""
            ],
            [
              "\"",
              "",
              "s2"
            ],
            [
              "c",
              "",
              "s2"
            ],
            [
              "\"",
              "",
              "s2"
            ],
            [
              ")",
              "",
              ""
            ],
            [
              "}",
              "",
              ""
            ],
            [
              "\n",
              "",
              ""
            ],
            [
              "order",
              "",
              ""
            ],
            [
              "(",
              "",
              ""
            ],
            [
              "dsk",
              "",
              ""
            ],
            [
              ")",
              "",
              ""
            ]
          ],
          "out": "{'a': 0, 'c': 1, 'b': 2, 'd': 3}",
          "ce_status": "compiled"
        }
      }
    ],
    "title": null
  },
  "see_also": [],
  "signature": "order(dsk, dependencies=None)",
  "references": null,
  "arbitrary": []
}