{
  "_content": {
    "Summary": {
      "children": [
        {
          "type": "Paragraph",
          "data": {
            "inline": [
              {
                "type": "Words",
                "data": {
                  "value": "Copy file to default location if it does not already exist"
                }
              }
            ],
            "inner": []
          }
        }
      ],
      "title": null
    },
    "Extended Summary": {
      "children": [
        {
          "type": "Paragraph",
          "data": {
            "inline": [
              {
                "type": "Words",
                "data": {
                  "value": "This tries to move a default configuration file to a default location if if does not already exist.  It also comments out that file by default."
                }
              }
            ],
            "inner": []
          }
        },
        {
          "type": "Paragraph",
          "data": {
            "inline": [
              {
                "type": "Words",
                "data": {
                  "value": "This is to be used by downstream modules (like dask.distributed) that may have default configuration files that they wish to include in the default configuration path."
                }
              }
            ],
            "inner": []
          }
        }
      ],
      "title": null
    },
    "Parameters": {
      "children": [
        {
          "type": "Param",
          "data": {
            "param": "source",
            "type_": "string, filename",
            "desc": [
              {
                "type": "Paragraph",
                "data": {
                  "inline": [
                    {
                      "type": "Words",
                      "data": {
                        "value": "Source configuration file, typically within a source directory."
                      }
                    }
                  ],
                  "inner": []
                }
              }
            ]
          }
        },
        {
          "type": "Param",
          "data": {
            "param": "destination",
            "type_": "string, directory",
            "desc": [
              {
                "type": "Paragraph",
                "data": {
                  "inline": [
                    {
                      "type": "Words",
                      "data": {
                        "value": "Destination directory. Configurable by "
                      }
                    },
                    {
                      "type": "Verbatim",
                      "data": {
                        "value": [
                          "DASK",
                          "_",
                          "CONFIG"
                        ]
                      }
                    },
                    {
                      "type": "Words",
                      "data": {
                        "value": " environment variable, falling back to ~/.config/dask."
                      }
                    }
                  ],
                  "inner": []
                }
              }
            ]
          }
        },
        {
          "type": "Param",
          "data": {
            "param": "comment",
            "type_": "bool, True by default",
            "desc": [
              {
                "type": "Paragraph",
                "data": {
                  "inline": [
                    {
                      "type": "Words",
                      "data": {
                        "value": "Whether or not to comment out the config file when copying."
                      }
                    }
                  ],
                  "inner": []
                }
              }
            ]
          }
        }
      ],
      "title": null
    },
    "Returns": {
      "children": [],
      "title": null
    },
    "Yields": {
      "children": [],
      "title": null
    },
    "Receives": {
      "children": [],
      "title": null
    },
    "Raises": {
      "children": [],
      "title": null
    },
    "Warns": {
      "children": [],
      "title": null
    },
    "Other Parameters": {
      "children": [],
      "title": null
    },
    "Attributes": {
      "children": [],
      "title": null
    },
    "Methods": {
      "children": [],
      "title": null
    },
    "Notes": {
      "children": [],
      "title": null
    },
    "Warnings": {
      "children": [],
      "title": null
    }
  },
  "refs": [],
  "ordered_sections": [
    "Summary",
    "Extended Summary",
    "Parameters"
  ],
  "item_file": "/Users/bussonniermatthias/dev/dask/dask/config.py",
  "item_line": 208,
  "item_type": "<class 'function'>",
  "aliases": [
    "dask.config.ensure_file"
  ],
  "example_section_data": {
    "children": [],
    "title": null
  },
  "see_also": [],
  "signature": "ensure_file(source, destination=None, comment=True)",
  "references": null,
  "arbitrary": []
}