{
  "_content": {
    "Attributes": {
      "children": [],
      "title": null
    },
    "Extended Summary": {
      "children": [
        {
          "data": {
            "inline": [
              {
                "data": {
                  "value": "This corner detector uses information from the auto-correlation matrix A::      "
                },
                "type": "Words"
              }
            ],
            "inner": []
          },
          "type": "Paragraph"
        },
        {
          "data": {
            "lines": {
              "_lines": [
                {
                  "_line": "A = [(imx**2)   (imx*imy)] = [Axx Axy]",
                  "_number": 0,
                  "_offset": 0
                },
                {
                  "_line": "    [(imx*imy)   (imy**2)]   [Axy Ayy]",
                  "_number": 1,
                  "_offset": 0
                }
              ]
            }
          },
          "type": "BlockVerbatim"
        },
        {
          "data": {
            "inline": [
              {
                "data": {
                  "value": "Where imx and imy are first derivatives, averaged with a gaussian filter. The corner measure is then defined as::      "
                },
                "type": "Words"
              }
            ],
            "inner": []
          },
          "type": "Paragraph"
        },
        {
          "data": {
            "lines": {
              "_lines": [
                {
                  "_line": "w = det(A) / trace(A)           (size of error ellipse)",
                  "_number": 0,
                  "_offset": 0
                },
                {
                  "_line": "q = 4 * det(A) / trace(A)**2    (roundness of error ellipse)",
                  "_number": 1,
                  "_offset": 0
                }
              ]
            }
          },
          "type": "BlockVerbatim"
        }
      ],
      "title": null
    },
    "Methods": {
      "children": [],
      "title": null
    },
    "Notes": {
      "children": [],
      "title": null
    },
    "Other Parameters": {
      "children": [],
      "title": null
    },
    "Parameters": {
      "children": [
        {
          "data": {
            "desc": [
              {
                "data": {
                  "inline": [
                    {
                      "data": {
                        "value": "Input image."
                      },
                      "type": "Words"
                    }
                  ],
                  "inner": []
                },
                "type": "Paragraph"
              }
            ],
            "param": "image",
            "type_": "ndarray"
          },
          "type": "Param"
        },
        {
          "data": {
            "desc": [
              {
                "data": {
                  "inline": [
                    {
                      "data": {
                        "value": "Standard deviation used for the Gaussian kernel, which is used as weighting function for the auto-correlation matrix."
                      },
                      "type": "Words"
                    }
                  ],
                  "inner": []
                },
                "type": "Paragraph"
              }
            ],
            "param": "sigma",
            "type_": "float, optional"
          },
          "type": "Param"
        }
      ],
      "title": null
    },
    "Raises": {
      "children": [],
      "title": null
    },
    "Receives": {
      "children": [],
      "title": null
    },
    "Returns": {
      "children": [
        {
          "data": {
            "desc": [
              {
                "data": {
                  "inline": [
                    {
                      "data": {
                        "value": "Error ellipse sizes."
                      },
                      "type": "Words"
                    }
                  ],
                  "inner": []
                },
                "type": "Paragraph"
              }
            ],
            "param": "w",
            "type_": "ndarray"
          },
          "type": "Param"
        },
        {
          "data": {
            "desc": [
              {
                "data": {
                  "inline": [
                    {
                      "data": {
                        "value": "Roundness of error ellipse."
                      },
                      "type": "Words"
                    }
                  ],
                  "inner": []
                },
                "type": "Paragraph"
              }
            ],
            "param": "q",
            "type_": "ndarray"
          },
          "type": "Param"
        }
      ],
      "title": null
    },
    "Summary": {
      "children": [
        {
          "data": {
            "inline": [
              {
                "data": {
                  "value": "Compute Foerstner corner measure response image."
                },
                "type": "Words"
              }
            ],
            "inner": []
          },
          "type": "Paragraph"
        }
      ],
      "title": null
    },
    "Warnings": {
      "children": [],
      "title": null
    },
    "Warns": {
      "children": [],
      "title": null
    },
    "Yields": {
      "children": [],
      "title": null
    }
  },
  "aliases": [
    "skimage.feature.corner_foerstner"
  ],
  "arbitrary": [],
  "example_section_data": {
    "children": [
      {
        "data": {
          "ce_status": "execed",
          "entries": [
            [
              "from",
              null,
              "kn"
            ],
            [
              " ",
              "",
              ""
            ],
            [
              "skimage",
              "skimage",
              "nn"
            ],
            [
              ".",
              "",
              "nn"
            ],
            [
              "feature",
              "skimage.feature",
              "nn"
            ],
            [
              " ",
              "",
              ""
            ],
            [
              "import",
              null,
              "kn"
            ],
            [
              " ",
              "",
              ""
            ],
            [
              "corner_foerstner",
              "skimage.feature.corner.corner_foerstner",
              ""
            ],
            [
              ",",
              "",
              ""
            ],
            [
              " ",
              "",
              ""
            ],
            [
              "corner_peaks",
              "skimage.feature.corner.corner_peaks",
              ""
            ],
            [
              "\n",
              "",
              ""
            ],
            [
              "square",
              "numpy.ndarray",
              ""
            ],
            [
              " ",
              "",
              ""
            ],
            [
              "=",
              "",
              "o"
            ],
            [
              " ",
              "",
              ""
            ],
            [
              "np",
              "numpy",
              ""
            ],
            [
              ".",
              "",
              "o"
            ],
            [
              "zeros",
              "numpy.zeros",
              ""
            ],
            [
              "(",
              "",
              ""
            ],
            [
              "[",
              "",
              ""
            ],
            [
              "10",
              "",
              "mi"
            ],
            [
              ",",
              "",
              ""
            ],
            [
              " ",
              "",
              ""
            ],
            [
              "10",
              "",
              "mi"
            ],
            [
              "]",
              "",
              ""
            ],
            [
              ")",
              "",
              ""
            ],
            [
              "\n",
              "",
              ""
            ],
            [
              "square",
              "numpy.ndarray",
              ""
            ],
            [
              "[",
              "",
              ""
            ],
            [
              "2",
              "",
              "mi"
            ],
            [
              ":",
              "",
              ""
            ],
            [
              "8",
              "",
              "mi"
            ],
            [
              ",",
              "",
              ""
            ],
            [
              " ",
              "",
              ""
            ],
            [
              "2",
              "",
              "mi"
            ],
            [
              ":",
              "",
              ""
            ],
            [
              "8",
              "",
              "mi"
            ],
            [
              "]",
              "",
              ""
            ],
            [
              " ",
              "",
              ""
            ],
            [
              "=",
              "",
              "o"
            ],
            [
              " ",
              "",
              ""
            ],
            [
              "1",
              "",
              "mi"
            ],
            [
              "\n",
              "",
              ""
            ],
            [
              "square",
              "numpy.ndarray",
              ""
            ],
            [
              ".",
              "",
              "o"
            ],
            [
              "astype",
              "numpy.ndarray.astype",
              ""
            ],
            [
              "(",
              "",
              ""
            ],
            [
              "int",
              "builtins.int",
              "nb"
            ],
            [
              ")",
              "",
              ""
            ]
          ],
          "out": "array([[0, 0, 0, 0, 0, 0, 0, 0, 0, 0],\n       [0, 0, 0, 0, 0, 0, 0, 0, 0, 0],\n       [0, 0, 1, 1, 1, 1, 1, 1, 0, 0],\n       [0, 0, 1, 1, 1, 1, 1, 1, 0, 0],\n       [0, 0, 1, 1, 1, 1, 1, 1, 0, 0],\n       [0, 0, 1, 1, 1, 1, 1, 1, 0, 0],\n       [0, 0, 1, 1, 1, 1, 1, 1, 0, 0],\n       [0, 0, 1, 1, 1, 1, 1, 1, 0, 0],\n       [0, 0, 0, 0, 0, 0, 0, 0, 0, 0],\n       [0, 0, 0, 0, 0, 0, 0, 0, 0, 0]])"
        },
        "type": "Code"
      },
      {
        "data": {
          "ce_status": "execed",
          "entries": [
            [
              "w",
              null,
              ""
            ],
            [
              ",",
              "",
              ""
            ],
            [
              " ",
              "",
              ""
            ],
            [
              "q",
              null,
              ""
            ],
            [
              " ",
              "",
              ""
            ],
            [
              "=",
              "",
              "o"
            ],
            [
              " ",
              "",
              ""
            ],
            [
              "corner_foerstner",
              "skimage.feature.corner.corner_foerstner",
              ""
            ],
            [
              "(",
              "",
              ""
            ],
            [
              "square",
              "numpy.ndarray",
              ""
            ],
            [
              ")",
              "",
              ""
            ],
            [
              "\n",
              "",
              ""
            ],
            [
              "accuracy_thresh",
              "builtins.float",
              ""
            ],
            [
              " ",
              "",
              ""
            ],
            [
              "=",
              "",
              "o"
            ],
            [
              " ",
              "",
              ""
            ],
            [
              "0.5",
              "",
              "mf"
            ],
            [
              "\n",
              "",
              ""
            ],
            [
              "roundness_thresh",
              "builtins.float",
              ""
            ],
            [
              " ",
              "",
              ""
            ],
            [
              "=",
              "",
              "o"
            ],
            [
              " ",
              "",
              ""
            ],
            [
              "0.3",
              "",
              "mf"
            ],
            [
              "\n",
              "",
              ""
            ],
            [
              "foerstner",
              "builtins.bool",
              ""
            ],
            [
              " ",
              "",
              ""
            ],
            [
              "=",
              "",
              "o"
            ],
            [
              " ",
              "",
              ""
            ],
            [
              "(",
              "",
              ""
            ],
            [
              "q",
              "numpy.ndarray",
              ""
            ],
            [
              " ",
              "",
              ""
            ],
            [
              ">",
              "",
              "o"
            ],
            [
              " ",
              "",
              ""
            ],
            [
              "roundness_thresh",
              "builtins.float",
              ""
            ],
            [
              ")",
              "",
              ""
            ],
            [
              " ",
              "",
              ""
            ],
            [
              "*",
              "",
              "o"
            ],
            [
              " ",
              "",
              ""
            ],
            [
              "(",
              "",
              ""
            ],
            [
              "w",
              "numpy.ndarray",
              ""
            ],
            [
              " ",
              "",
              ""
            ],
            [
              ">",
              "",
              "o"
            ],
            [
              " ",
              "",
              ""
            ],
            [
              "accuracy_thresh",
              "builtins.float",
              ""
            ],
            [
              ")",
              "",
              ""
            ],
            [
              " ",
              "",
              ""
            ],
            [
              "*",
              "",
              "o"
            ],
            [
              " ",
              "",
              ""
            ],
            [
              "w",
              "numpy.ndarray",
              ""
            ],
            [
              "\n",
              "",
              ""
            ],
            [
              "corner_peaks",
              "skimage.feature.corner.corner_peaks",
              ""
            ],
            [
              "(",
              "",
              ""
            ],
            [
              "foerstner",
              "builtins.bool",
              ""
            ],
            [
              ",",
              "",
              ""
            ],
            [
              " ",
              "",
              ""
            ],
            [
              "min_distance",
              null,
              ""
            ],
            [
              "=",
              "",
              "o"
            ],
            [
              "1",
              "",
              "mi"
            ],
            [
              ",",
              "",
              ""
            ],
            [
              " ",
              "",
              ""
            ],
            [
              "threshold_rel",
              null,
              ""
            ],
            [
              "=",
              "",
              "o"
            ],
            [
              "0",
              "",
              "mi"
            ],
            [
              ")",
              "",
              ""
            ]
          ],
          "out": "array([[2, 2],\n       [2, 7],\n       [7, 2],\n       [7, 7]])"
        },
        "type": "Code"
      }
    ],
    "title": null
  },
  "item_file": "/skimage/feature/corner.py",
  "item_line": 591,
  "item_type": "<class 'function'>",
  "ordered_sections": [
    "Summary",
    "Extended Summary",
    "Parameters",
    "Returns",
    "References",
    "Examples"
  ],
  "references": null,
  "refs": [
    "builtins.bool",
    "builtins.float",
    "builtins.int",
    "numpy",
    "numpy.ndarray",
    "numpy.ndarray.astype",
    "numpy.zeros",
    "skimage",
    "skimage.feature",
    "skimage.feature.corner.corner_foerstner",
    "skimage.feature.corner.corner_peaks"
  ],
  "see_also": [],
  "signature": "corner_foerstner(image, sigma=1)"
}