{
  "aliases": [
    "skimage.transform._geometric._to_ndimage_mode"
  ],
  "arbitrary": [],
  "content": {
    "Attributes": {
      "children": [],
      "title": null
    },
    "Extended Summary": {
      "children": [],
      "title": null
    },
    "Methods": {
      "children": [],
      "title": null
    },
    "Notes": {
      "children": [],
      "title": null
    },
    "Other Parameters": {
      "children": [],
      "title": null
    },
    "Parameters": {
      "children": [],
      "title": null
    },
    "Raises": {
      "children": [],
      "title": null
    },
    "Receives": {
      "children": [],
      "title": null
    },
    "Returns": {
      "children": [],
      "title": null
    },
    "Summary": {
      "children": [
        {
          "data": {
            "children": [
              {
                "data": {
                  "value": "Convert from "
                },
                "type": "Words"
              },
              {
                "data": {
                  "exists": true,
                  "kind": "module",
                  "reference": {
                    "kind": "api",
                    "module": "numpy",
                    "path": "numpy.pad",
                    "version": "*"
                  },
                  "value": "numpy.pad"
                },
                "type": "Link"
              },
              {
                "data": {
                  "value": " mode name to the corresponding ndimage mode."
                },
                "type": "Words"
              }
            ]
          },
          "type": "Paragraph"
        }
      ],
      "title": null
    },
    "Warnings": {
      "children": [],
      "title": null
    },
    "Warns": {
      "children": [],
      "title": null
    },
    "Yields": {
      "children": [],
      "title": null
    }
  },
  "example_section_data": {
    "children": [],
    "title": null
  },
  "item_file": "/skimage/transform/_geometric.py",
  "item_line": 9,
  "item_type": "<class 'function'>",
  "ordered_sections": [
    "Summary",
    "Extended Summary"
  ],
  "references": null,
  "see_also": [],
  "signature": {
    "value": "_to_ndimage_mode(mode)"
  }
}