{
  "_content": {
    "Attributes": {
      "children": [],
      "title": null
    },
    "Extended Summary": {
      "children": [
        {
          "data": {
            "children": [
              {
                "data": {
                  "value": "Launch the event loop of the current gui plugin, and display all pending images, queued via "
                },
                "type": "Words"
              },
              {
                "data": {
                  "exists": true,
                  "kind": "module",
                  "reference": {
                    "kind": "module",
                    "module": "skimage",
                    "path": "skimage.io._io.imshow",
                    "version": "0.17.2"
                  },
                  "value": "imshow"
                },
                "type": "Link"
              },
              {
                "data": {
                  "value": ". This is required when using "
                },
                "type": "Words"
              },
              {
                "data": {
                  "exists": true,
                  "kind": "module",
                  "reference": {
                    "kind": "module",
                    "module": "skimage",
                    "path": "skimage.io._io.imshow",
                    "version": "0.17.2"
                  },
                  "value": "imshow"
                },
                "type": "Link"
              },
              {
                "data": {
                  "value": " from non-interactive scripts."
                },
                "type": "Words"
              }
            ]
          },
          "type": "Paragraph"
        },
        {
          "data": {
            "children": [
              {
                "data": {
                  "value": "A call to "
                },
                "type": "Words"
              },
              {
                "data": {
                  "exists": true,
                  "kind": "module",
                  "reference": {
                    "kind": "module",
                    "module": "skimage",
                    "path": "skimage.io._io.show",
                    "version": "0.17.2"
                  },
                  "value": "show"
                },
                "type": "Link"
              },
              {
                "data": {
                  "value": " will block execution of code until all windows have been closed."
                },
                "type": "Words"
              }
            ]
          },
          "type": "Paragraph"
        }
      ],
      "title": null
    },
    "Methods": {
      "children": [],
      "title": null
    },
    "Notes": {
      "children": [],
      "title": null
    },
    "Other Parameters": {
      "children": [],
      "title": null
    },
    "Parameters": {
      "children": [],
      "title": null
    },
    "Raises": {
      "children": [],
      "title": null
    },
    "Receives": {
      "children": [],
      "title": null
    },
    "Returns": {
      "children": [],
      "title": null
    },
    "Summary": {
      "children": [
        {
          "data": {
            "children": [
              {
                "data": {
                  "value": "Display pending images."
                },
                "type": "Words"
              }
            ]
          },
          "type": "Paragraph"
        }
      ],
      "title": null
    },
    "Warnings": {
      "children": [],
      "title": null
    },
    "Warns": {
      "children": [],
      "title": null
    },
    "Yields": {
      "children": [],
      "title": null
    }
  },
  "aliases": [
    "skimage.io.show"
  ],
  "arbitrary": [],
  "example_section_data": {
    "children": [
      {
        "data": {
          "ce_status": "compiled",
          "entries": [
            [
              "import",
              null,
              "kn"
            ],
            [
              " ",
              "",
              ""
            ],
            [
              "skimage",
              "skimage",
              "nn"
            ],
            [
              ".",
              "",
              "nn"
            ],
            [
              "io",
              "skimage.io",
              "nn"
            ],
            [
              " ",
              "",
              ""
            ],
            [
              "as",
              null,
              "k"
            ],
            [
              " ",
              "",
              ""
            ],
            [
              "io",
              "skimage.io",
              "nn"
            ]
          ],
          "out": ""
        },
        "type": "Code"
      },
      {
        "data": {
          "ce_status": "compiled",
          "entries": [
            [
              "for",
              null,
              "k"
            ],
            [
              " ",
              "",
              ""
            ],
            [
              "i",
              "builtins.int",
              ""
            ],
            [
              " ",
              "",
              ""
            ],
            [
              "in",
              null,
              "ow"
            ],
            [
              " ",
              "",
              ""
            ],
            [
              "range",
              "builtins.range",
              "nb"
            ],
            [
              "(",
              "",
              ""
            ],
            [
              "4",
              "",
              "mi"
            ],
            [
              ")",
              "",
              ""
            ],
            [
              ":",
              "",
              ""
            ],
            [
              "\n",
              "",
              ""
            ],
            [
              "    ",
              "",
              ""
            ],
            [
              "ax_im",
              null,
              ""
            ],
            [
              " ",
              "",
              ""
            ],
            [
              "=",
              "",
              "o"
            ],
            [
              " ",
              "",
              ""
            ],
            [
              "io",
              "skimage.io",
              ""
            ],
            [
              ".",
              "",
              "o"
            ],
            [
              "imshow",
              "skimage.io._io.imshow",
              ""
            ],
            [
              "(",
              "",
              ""
            ],
            [
              "np",
              "numpy",
              ""
            ],
            [
              ".",
              "",
              "o"
            ],
            [
              "random",
              "numpy.random",
              ""
            ],
            [
              ".",
              "",
              "o"
            ],
            [
              "rand",
              "builtins.RandomState.rand",
              ""
            ],
            [
              "(",
              "",
              ""
            ],
            [
              "50",
              "",
              "mi"
            ],
            [
              ",",
              "",
              ""
            ],
            [
              " ",
              "",
              ""
            ],
            [
              "50",
              "",
              "mi"
            ],
            [
              ")",
              "",
              ""
            ],
            [
              ")",
              "",
              ""
            ],
            [
              "\n",
              "",
              ""
            ],
            [
              "io",
              "skimage.io",
              ""
            ],
            [
              ".",
              "",
              "o"
            ],
            [
              "show",
              "skimage.io._io.show",
              ""
            ],
            [
              "(",
              "",
              ""
            ],
            [
              ")",
              "",
              ""
            ],
            [
              " ",
              "",
              ""
            ],
            [
              "# doctest: +SKIP",
              "",
              "c1"
            ]
          ],
          "out": ""
        },
        "type": "Code"
      }
    ],
    "title": null
  },
  "item_file": "/skimage/io/_io.py",
  "item_line": 182,
  "item_type": "<class 'function'>",
  "ordered_sections": [
    "Summary",
    "Extended Summary",
    "Examples"
  ],
  "references": null,
  "refs": [
    "builtins.RandomState.rand",
    "builtins.int",
    "builtins.range",
    "numpy",
    "numpy.random",
    "skimage",
    "skimage.io",
    "skimage.io._io.imshow",
    "skimage.io._io.show"
  ],
  "see_also": [],
  "signature": {
    "value": "show()"
  }
}