{
  "_content": {
    "Attributes": {
      "children": [],
      "title": null
    },
    "Extended Summary": {
      "children": [],
      "title": null
    },
    "Methods": {
      "children": [],
      "title": null
    },
    "Notes": {
      "children": [
        {
          "data": {
            "inline": [
              {
                "data": {
                  "value": "The steps of the algorithm are as follows:"
                },
                "type": "Words"
              }
            ],
            "inner": []
          },
          "type": "Paragraph"
        },
        {
          "data": {
            "value": [
              {
                "data": {
                  "inline": [
                    {
                      "data": {
                        "value": "Smooth the image using a Gaussian with "
                      },
                      "type": "Words"
                    },
                    {
                      "data": {
                        "value": [
                          "sigma"
                        ]
                      },
                      "type": "Verbatim"
                    },
                    {
                      "data": {
                        "value": " width."
                      },
                      "type": "Words"
                    }
                  ],
                  "inner": []
                },
                "type": "Paragraph"
              }
            ]
          },
          "type": "BulletList"
        },
        {
          "data": {
            "value": [
              {
                "data": {
                  "inline": [
                    {
                      "data": {
                        "value": "Apply the horizontal and vertical Sobel operators to get the gradients   within the image. The edge strength is the norm of the gradient."
                      },
                      "type": "Words"
                    }
                  ],
                  "inner": []
                },
                "type": "Paragraph"
              }
            ]
          },
          "type": "BulletList"
        },
        {
          "data": {
            "value": [
              {
                "data": {
                  "inline": [
                    {
                      "data": {
                        "value": "Thin potential edges to 1-pixel wide curves. First, find the normal   to the edge at each point. This is done by looking at the   signs and the relative magnitude of the X-Sobel and Y-Sobel   to sort the points into 4 categories: horizontal, vertical,   diagonal and antidiagonal. Then look in the normal and reverse   directions to see if the values in either of those directions are   greater than the point in question. Use interpolation to get a mix of   points instead of picking the one that's the closest to the normal."
                      },
                      "type": "Words"
                    }
                  ],
                  "inner": []
                },
                "type": "Paragraph"
              }
            ]
          },
          "type": "BulletList"
        },
        {
          "data": {
            "value": [
              {
                "data": {
                  "inline": [
                    {
                      "data": {
                        "value": "Perform a hysteresis thresholding: first label all points above the   high threshold as edges. Then recursively label any point above the   low threshold that is 8-connected to a labeled point as an edge."
                      },
                      "type": "Words"
                    }
                  ],
                  "inner": []
                },
                "type": "Paragraph"
              }
            ]
          },
          "type": "BulletList"
        }
      ],
      "title": null
    },
    "Other Parameters": {
      "children": [],
      "title": null
    },
    "Parameters": {
      "children": [
        {
          "data": {
            "desc": [
              {
                "data": {
                  "inline": [
                    {
                      "data": {
                        "value": "Grayscale input image to detect edges on; can be of any dtype."
                      },
                      "type": "Words"
                    }
                  ],
                  "inner": []
                },
                "type": "Paragraph"
              }
            ],
            "param": "image",
            "type_": "2D array"
          },
          "type": "Param"
        },
        {
          "data": {
            "desc": [
              {
                "data": {
                  "inline": [
                    {
                      "data": {
                        "value": "Standard deviation of the Gaussian filter."
                      },
                      "type": "Words"
                    }
                  ],
                  "inner": []
                },
                "type": "Paragraph"
              }
            ],
            "param": "sigma",
            "type_": "float, optional"
          },
          "type": "Param"
        },
        {
          "data": {
            "desc": [
              {
                "data": {
                  "inline": [
                    {
                      "data": {
                        "value": "Lower bound for hysteresis thresholding (linking edges). If None, low_threshold is set to 10% of dtype's max."
                      },
                      "type": "Words"
                    }
                  ],
                  "inner": []
                },
                "type": "Paragraph"
              }
            ],
            "param": "low_threshold",
            "type_": "float, optional"
          },
          "type": "Param"
        },
        {
          "data": {
            "desc": [
              {
                "data": {
                  "inline": [
                    {
                      "data": {
                        "value": "Upper bound for hysteresis thresholding (linking edges). If None, high_threshold is set to 20% of dtype's max."
                      },
                      "type": "Words"
                    }
                  ],
                  "inner": []
                },
                "type": "Paragraph"
              }
            ],
            "param": "high_threshold",
            "type_": "float, optional"
          },
          "type": "Param"
        },
        {
          "data": {
            "desc": [
              {
                "data": {
                  "inline": [
                    {
                      "data": {
                        "value": "Mask to limit the application of Canny to a certain area."
                      },
                      "type": "Words"
                    }
                  ],
                  "inner": []
                },
                "type": "Paragraph"
              }
            ],
            "param": "mask",
            "type_": "array, dtype=bool, optional"
          },
          "type": "Param"
        },
        {
          "data": {
            "desc": [
              {
                "data": {
                  "inline": [
                    {
                      "data": {
                        "value": "If True then treat low_threshold and high_threshold as quantiles of the edge magnitude image, rather than absolute edge magnitude values. If True then the thresholds must be in the range [0, 1]."
                      },
                      "type": "Words"
                    }
                  ],
                  "inner": []
                },
                "type": "Paragraph"
              }
            ],
            "param": "use_quantiles",
            "type_": "bool, optional"
          },
          "type": "Param"
        }
      ],
      "title": null
    },
    "Raises": {
      "children": [],
      "title": null
    },
    "Receives": {
      "children": [],
      "title": null
    },
    "Returns": {
      "children": [
        {
          "data": {
            "desc": [
              {
                "data": {
                  "inline": [
                    {
                      "data": {
                        "value": "The binary edge map."
                      },
                      "type": "Words"
                    }
                  ],
                  "inner": []
                },
                "type": "Paragraph"
              }
            ],
            "param": "output",
            "type_": "2D array (image)"
          },
          "type": "Param"
        }
      ],
      "title": null
    },
    "Summary": {
      "children": [
        {
          "data": {
            "inline": [
              {
                "data": {
                  "value": "Edge filter an image using the Canny algorithm."
                },
                "type": "Words"
              }
            ],
            "inner": []
          },
          "type": "Paragraph"
        }
      ],
      "title": null
    },
    "Warnings": {
      "children": [],
      "title": null
    },
    "Warns": {
      "children": [],
      "title": null
    },
    "Yields": {
      "children": [],
      "title": null
    }
  },
  "aliases": [
    "skimage.feature.canny"
  ],
  "arbitrary": [],
  "example_section_data": {
    "children": [
      {
        "data": {
          "ce_status": "execed",
          "entries": [
            [
              "from",
              null,
              "kn"
            ],
            [
              " ",
              "",
              ""
            ],
            [
              "skimage",
              "skimage",
              "nn"
            ],
            [
              " ",
              "",
              ""
            ],
            [
              "import",
              null,
              "kn"
            ],
            [
              " ",
              "",
              ""
            ],
            [
              "feature",
              "skimage.feature",
              ""
            ],
            [
              "\n",
              "",
              ""
            ],
            [
              "# Generate noisy image of a square",
              "",
              "c1"
            ],
            [
              "\n",
              "",
              ""
            ],
            [
              "im",
              "numpy.ndarray",
              ""
            ],
            [
              " ",
              "",
              ""
            ],
            [
              "=",
              "",
              "o"
            ],
            [
              " ",
              "",
              ""
            ],
            [
              "np",
              "numpy",
              ""
            ],
            [
              ".",
              "",
              "o"
            ],
            [
              "zeros",
              "numpy.zeros",
              ""
            ],
            [
              "(",
              "",
              ""
            ],
            [
              "(",
              "",
              ""
            ],
            [
              "256",
              "",
              "mi"
            ],
            [
              ",",
              "",
              ""
            ],
            [
              " ",
              "",
              ""
            ],
            [
              "256",
              "",
              "mi"
            ],
            [
              ")",
              "",
              ""
            ],
            [
              ")",
              "",
              ""
            ],
            [
              "\n",
              "",
              ""
            ],
            [
              "im",
              "numpy.ndarray",
              ""
            ],
            [
              "[",
              "",
              ""
            ],
            [
              "64",
              "",
              "mi"
            ],
            [
              ":",
              "",
              ""
            ],
            [
              "-",
              "",
              "o"
            ],
            [
              "64",
              "",
              "mi"
            ],
            [
              ",",
              "",
              ""
            ],
            [
              " ",
              "",
              ""
            ],
            [
              "64",
              "",
              "mi"
            ],
            [
              ":",
              "",
              ""
            ],
            [
              "-",
              "",
              "o"
            ],
            [
              "64",
              "",
              "mi"
            ],
            [
              "]",
              "",
              ""
            ],
            [
              " ",
              "",
              ""
            ],
            [
              "=",
              "",
              "o"
            ],
            [
              " ",
              "",
              ""
            ],
            [
              "1",
              "",
              "mi"
            ],
            [
              "\n",
              "",
              ""
            ],
            [
              "im",
              "numpy.ndarray",
              ""
            ],
            [
              " ",
              "",
              ""
            ],
            [
              "+",
              "",
              "o"
            ],
            [
              "=",
              "",
              "o"
            ],
            [
              " ",
              "",
              ""
            ],
            [
              "0.2",
              "",
              "mf"
            ],
            [
              " ",
              "",
              ""
            ],
            [
              "*",
              "",
              "o"
            ],
            [
              " ",
              "",
              ""
            ],
            [
              "np",
              "numpy",
              ""
            ],
            [
              ".",
              "",
              "o"
            ],
            [
              "random",
              "numpy.random",
              ""
            ],
            [
              ".",
              "",
              "o"
            ],
            [
              "rand",
              "builtins.RandomState.rand",
              ""
            ],
            [
              "(",
              "",
              ""
            ],
            [
              "*",
              "",
              "o"
            ],
            [
              "im",
              "numpy.ndarray",
              ""
            ],
            [
              ".",
              "",
              "o"
            ],
            [
              "shape",
              "numpy.ndarray.shape",
              ""
            ],
            [
              ")",
              "",
              ""
            ],
            [
              "\n",
              "",
              ""
            ],
            [
              "# First trial with the Canny filter, with the default smoothing",
              "",
              "c1"
            ],
            [
              "\n",
              "",
              ""
            ],
            [
              "edges1",
              null,
              ""
            ],
            [
              " ",
              "",
              ""
            ],
            [
              "=",
              "",
              "o"
            ],
            [
              " ",
              "",
              ""
            ],
            [
              "feature",
              "skimage.feature",
              ""
            ],
            [
              ".",
              "",
              "o"
            ],
            [
              "canny",
              "skimage.feature._canny.canny",
              ""
            ],
            [
              "(",
              "",
              ""
            ],
            [
              "im",
              "numpy.ndarray",
              ""
            ],
            [
              ")",
              "",
              ""
            ],
            [
              "\n",
              "",
              ""
            ],
            [
              "# Increase the smoothing for better results",
              "",
              "c1"
            ],
            [
              "\n",
              "",
              ""
            ],
            [
              "edges2",
              null,
              ""
            ],
            [
              " ",
              "",
              ""
            ],
            [
              "=",
              "",
              "o"
            ],
            [
              " ",
              "",
              ""
            ],
            [
              "feature",
              "skimage.feature",
              ""
            ],
            [
              ".",
              "",
              "o"
            ],
            [
              "canny",
              "skimage.feature._canny.canny",
              ""
            ],
            [
              "(",
              "",
              ""
            ],
            [
              "im",
              "builtins.float",
              ""
            ],
            [
              ",",
              "",
              ""
            ],
            [
              " ",
              "",
              ""
            ],
            [
              "sigma",
              null,
              ""
            ],
            [
              "=",
              "",
              "o"
            ],
            [
              "3",
              "",
              "mi"
            ],
            [
              ")",
              "",
              ""
            ]
          ],
          "out": ""
        },
        "type": "Code"
      }
    ],
    "title": null
  },
  "item_file": "/skimage/feature/_canny.py",
  "item_line": 53,
  "item_type": "<class 'function'>",
  "ordered_sections": [
    "Summary",
    "Parameters",
    "Returns",
    "See Also",
    "Notes",
    "References",
    "Examples"
  ],
  "references": null,
  "refs": [
    "builtins.RandomState.rand",
    "builtins.float",
    "numpy",
    "numpy.ndarray",
    "numpy.ndarray.shape",
    "numpy.random",
    "numpy.zeros",
    "skimage",
    "skimage.feature",
    "skimage.feature._canny.canny",
    "skimage.sobel"
  ],
  "see_also": [
    {
      "descriptions": [],
      "name": {
        "exists": null,
        "name": "skimage.sobel",
        "ref": null
      },
      "type": null
    }
  ],
  "signature": "canny(image, sigma=1.0, low_threshold=None, high_threshold=None, mask=None, use_quantiles=False)"
}