{
  "_content": {
    "Attributes": {
      "children": [],
      "title": null
    },
    "Extended Summary": {
      "children": [
        {
          "data": {
            "inline": [
              {
                "data": {
                  "value": "Every pixel along the perimeter of ellipse satisfies the equation "
                },
                "type": "Words"
              },
              {
                "data": {
                  "value": [
                    "(x/width+1)**2 + (y/height+1)**2 = 1"
                  ]
                },
                "type": "Verbatim"
              },
              {
                "data": {
                  "value": "."
                },
                "type": "Words"
              }
            ],
            "inner": []
          },
          "type": "Paragraph"
        }
      ],
      "title": null
    },
    "Methods": {
      "children": [],
      "title": null
    },
    "Notes": {
      "children": [],
      "title": null
    },
    "Other Parameters": {
      "children": [
        {
          "data": {
            "desc": [
              {
                "data": {
                  "inline": [
                    {
                      "data": {
                        "value": "The data type of the structuring element."
                      },
                      "type": "Words"
                    }
                  ],
                  "inner": []
                },
                "type": "Paragraph"
              }
            ],
            "param": "dtype",
            "type_": "data-type"
          },
          "type": "Param"
        }
      ],
      "title": null
    },
    "Parameters": {
      "children": [
        {
          "data": {
            "desc": [
              {
                "data": {
                  "inline": [
                    {
                      "data": {
                        "value": "The width of the ellipse-shaped structuring element."
                      },
                      "type": "Words"
                    }
                  ],
                  "inner": []
                },
                "type": "Paragraph"
              }
            ],
            "param": "width",
            "type_": "int"
          },
          "type": "Param"
        },
        {
          "data": {
            "desc": [
              {
                "data": {
                  "inline": [
                    {
                      "data": {
                        "value": "The height of the ellipse-shaped structuring element."
                      },
                      "type": "Words"
                    }
                  ],
                  "inner": []
                },
                "type": "Paragraph"
              }
            ],
            "param": "height",
            "type_": "int"
          },
          "type": "Param"
        }
      ],
      "title": null
    },
    "Raises": {
      "children": [],
      "title": null
    },
    "Receives": {
      "children": [],
      "title": null
    },
    "Returns": {
      "children": [
        {
          "data": {
            "desc": [
              {
                "data": {
                  "inline": [
                    {
                      "data": {
                        "value": "The structuring element where elements of the neighborhood are 1 and 0 otherwise."
                      },
                      "type": "Words"
                    }
                  ],
                  "inner": []
                },
                "type": "Paragraph"
              }
            ],
            "param": "selem",
            "type_": "ndarray"
          },
          "type": "Param"
        }
      ],
      "title": null
    },
    "Summary": {
      "children": [
        {
          "data": {
            "inline": [
              {
                "data": {
                  "value": "Generates a flat, ellipse-shaped structuring element."
                },
                "type": "Words"
              }
            ],
            "inner": []
          },
          "type": "Paragraph"
        }
      ],
      "title": null
    },
    "Warnings": {
      "children": [],
      "title": null
    },
    "Warns": {
      "children": [],
      "title": null
    },
    "Yields": {
      "children": [],
      "title": null
    }
  },
  "aliases": [
    "skimage.morphology.selem.ellipse"
  ],
  "arbitrary": [],
  "example_section_data": {
    "children": [
      {
        "data": {
          "ce_status": "compiled",
          "entries": [
            [
              "from",
              null,
              "kn"
            ],
            [
              " ",
              "",
              ""
            ],
            [
              "skimage",
              "skimage",
              "nn"
            ],
            [
              ".",
              "",
              "nn"
            ],
            [
              "morphology",
              "skimage.morphology",
              "nn"
            ],
            [
              " ",
              "",
              ""
            ],
            [
              "import",
              null,
              "kn"
            ],
            [
              " ",
              "",
              ""
            ],
            [
              "selem",
              "skimage.morphology.selem",
              ""
            ],
            [
              "\n",
              "",
              ""
            ],
            [
              "selem",
              "skimage.morphology.selem",
              ""
            ],
            [
              ".",
              "",
              "o"
            ],
            [
              "ellipse",
              "skimage.morphology.selem.ellipse",
              ""
            ],
            [
              "(",
              "",
              ""
            ],
            [
              "5",
              "",
              "mi"
            ],
            [
              ",",
              "",
              ""
            ],
            [
              " ",
              "",
              ""
            ],
            [
              "3",
              "",
              "mi"
            ],
            [
              ")",
              "",
              ""
            ]
          ],
          "out": "array([[0, 0, 1, 1, 1, 1, 1, 1, 1, 0, 0],\n       [1, 1, 1, 1, 1, 1, 1, 1, 1, 1, 1],\n       [1, 1, 1, 1, 1, 1, 1, 1, 1, 1, 1],\n       [1, 1, 1, 1, 1, 1, 1, 1, 1, 1, 1],\n       [1, 1, 1, 1, 1, 1, 1, 1, 1, 1, 1],\n       [1, 1, 1, 1, 1, 1, 1, 1, 1, 1, 1],\n       [0, 0, 1, 1, 1, 1, 1, 1, 1, 0, 0]], dtype=uint8)"
        },
        "type": "Code"
      }
    ],
    "title": null
  },
  "item_file": "/skimage/morphology/selem.py",
  "item_line": 117,
  "item_type": "<class 'function'>",
  "ordered_sections": [
    "Summary",
    "Extended Summary",
    "Parameters",
    "Other Parameters",
    "Returns",
    "Examples"
  ],
  "references": null,
  "refs": [
    "skimage",
    "skimage.morphology",
    "skimage.morphology.selem",
    "skimage.morphology.selem.ellipse"
  ],
  "see_also": [],
  "signature": {
    "value": "ellipse(width, height, dtype=<class 'numpy.uint8'>)"
  }
}