{
  "_content": {
    "Attributes": {
      "children": [],
      "title": null
    },
    "Extended Summary": {
      "children": [],
      "title": null
    },
    "Methods": {
      "children": [],
      "title": null
    },
    "Notes": {
      "children": [],
      "title": null
    },
    "Other Parameters": {
      "children": [],
      "title": null
    },
    "Parameters": {
      "children": [
        {
          "data": {
            "desc": [
              {
                "data": {
                  "children": [
                    {
                      "data": {
                        "value": "The 3x3 matrix to use."
                      },
                      "type": "Words"
                    }
                  ]
                },
                "type": "Paragraph"
              }
            ],
            "param": "matrix",
            "type_": "array_like"
          },
          "type": "Param"
        },
        {
          "data": {
            "desc": [
              {
                "data": {
                  "children": [
                    {
                      "data": {
                        "value": "The input array. Final dimension denotes channels."
                      },
                      "type": "Words"
                    }
                  ]
                },
                "type": "Paragraph"
              }
            ],
            "param": "arr",
            "type_": "(..., 3) array_like"
          },
          "type": "Param"
        }
      ],
      "title": null
    },
    "Raises": {
      "children": [],
      "title": null
    },
    "Receives": {
      "children": [],
      "title": null
    },
    "Returns": {
      "children": [
        {
          "data": {
            "desc": [
              {
                "data": {
                  "children": [
                    {
                      "data": {
                        "value": "The converted array. Same dimensions as input."
                      },
                      "type": "Words"
                    }
                  ]
                },
                "type": "Paragraph"
              }
            ],
            "param": "out",
            "type_": "(..., 3) ndarray"
          },
          "type": "Param"
        }
      ],
      "title": null
    },
    "Summary": {
      "children": [
        {
          "data": {
            "children": [
              {
                "data": {
                  "value": "Do the color space conversion."
                },
                "type": "Words"
              }
            ]
          },
          "type": "Paragraph"
        }
      ],
      "title": null
    },
    "Warnings": {
      "children": [],
      "title": null
    },
    "Warns": {
      "children": [],
      "title": null
    },
    "Yields": {
      "children": [],
      "title": null
    }
  },
  "aliases": [
    "skimage.color.colorconv._convert"
  ],
  "arbitrary": [],
  "example_section_data": {
    "children": [],
    "title": null
  },
  "item_file": "/skimage/color/colorconv.py",
  "item_line": 581,
  "item_type": "<class 'function'>",
  "ordered_sections": [
    "Summary",
    "Parameters",
    "Returns"
  ],
  "references": null,
  "refs": [],
  "see_also": [],
  "signature": {
    "value": "_convert(matrix, arr)"
  }
}