{
  "_content": {
    "Attributes": {
      "children": [],
      "title": null
    },
    "Extended Summary": {
      "children": [
        {
          "data": {
            "inline": [
              {
                "data": {
                  "value": "This is one of the simplest corner detectors and is comparatively fast but has several limitations (e.g. not rotation invariant)."
                },
                "type": "Words"
              }
            ],
            "inner": []
          },
          "type": "Paragraph"
        }
      ],
      "title": null
    },
    "Methods": {
      "children": [],
      "title": null
    },
    "Notes": {
      "children": [],
      "title": null
    },
    "Other Parameters": {
      "children": [],
      "title": null
    },
    "Parameters": {
      "children": [
        {
          "data": {
            "desc": [
              {
                "data": {
                  "inline": [
                    {
                      "data": {
                        "value": "Input image."
                      },
                      "type": "Words"
                    }
                  ],
                  "inner": []
                },
                "type": "Paragraph"
              }
            ],
            "param": "image",
            "type_": "ndarray"
          },
          "type": "Param"
        },
        {
          "data": {
            "desc": [
              {
                "data": {
                  "inline": [
                    {
                      "data": {
                        "value": "Window size."
                      },
                      "type": "Words"
                    }
                  ],
                  "inner": []
                },
                "type": "Paragraph"
              }
            ],
            "param": "window_size",
            "type_": "int, optional"
          },
          "type": "Param"
        }
      ],
      "title": null
    },
    "Raises": {
      "children": [],
      "title": null
    },
    "Receives": {
      "children": [],
      "title": null
    },
    "Returns": {
      "children": [
        {
          "data": {
            "desc": [
              {
                "data": {
                  "inline": [
                    {
                      "data": {
                        "value": "Moravec response image."
                      },
                      "type": "Words"
                    }
                  ],
                  "inner": []
                },
                "type": "Paragraph"
              }
            ],
            "param": "response",
            "type_": "ndarray"
          },
          "type": "Param"
        }
      ],
      "title": null
    },
    "Summary": {
      "children": [
        {
          "data": {
            "inline": [
              {
                "data": {
                  "value": "Compute Moravec corner measure response image."
                },
                "type": "Words"
              }
            ],
            "inner": []
          },
          "type": "Paragraph"
        }
      ],
      "title": null
    },
    "Warnings": {
      "children": [],
      "title": null
    },
    "Warns": {
      "children": [],
      "title": null
    },
    "Yields": {
      "children": [],
      "title": null
    }
  },
  "aliases": [
    "skimage.feature.corner_moravec"
  ],
  "arbitrary": [],
  "example_section_data": {
    "children": [
      {
        "data": {
          "ce_status": "compiled",
          "entries": [
            [
              "from",
              null,
              "kn"
            ],
            [
              " ",
              "",
              ""
            ],
            [
              "skimage",
              "skimage",
              "nn"
            ],
            [
              ".",
              "",
              "nn"
            ],
            [
              "feature",
              "skimage.feature",
              "nn"
            ],
            [
              " ",
              "",
              ""
            ],
            [
              "import",
              null,
              "kn"
            ],
            [
              " ",
              "",
              ""
            ],
            [
              "corner_moravec",
              "skimage.feature.corner.corner_moravec",
              ""
            ],
            [
              "\n",
              "",
              ""
            ],
            [
              "square",
              "numpy.ndarray",
              ""
            ],
            [
              " ",
              "",
              ""
            ],
            [
              "=",
              "",
              "o"
            ],
            [
              " ",
              "",
              ""
            ],
            [
              "np",
              "numpy",
              ""
            ],
            [
              ".",
              "",
              "o"
            ],
            [
              "zeros",
              "numpy.zeros",
              ""
            ],
            [
              "(",
              "",
              ""
            ],
            [
              "[",
              "",
              ""
            ],
            [
              "7",
              "",
              "mi"
            ],
            [
              ",",
              "",
              ""
            ],
            [
              " ",
              "",
              ""
            ],
            [
              "7",
              "",
              "mi"
            ],
            [
              "]",
              "",
              ""
            ],
            [
              ")",
              "",
              ""
            ],
            [
              "\n",
              "",
              ""
            ],
            [
              "square",
              "numpy.ndarray",
              ""
            ],
            [
              "[",
              "",
              ""
            ],
            [
              "3",
              "",
              "mi"
            ],
            [
              ",",
              "",
              ""
            ],
            [
              " ",
              "",
              ""
            ],
            [
              "3",
              "",
              "mi"
            ],
            [
              "]",
              "",
              ""
            ],
            [
              " ",
              "",
              ""
            ],
            [
              "=",
              "",
              "o"
            ],
            [
              " ",
              "",
              ""
            ],
            [
              "1",
              "",
              "mi"
            ],
            [
              "\n",
              "",
              ""
            ],
            [
              "square",
              "numpy.ndarray",
              ""
            ],
            [
              ".",
              "",
              "o"
            ],
            [
              "astype",
              "numpy.ndarray.astype",
              ""
            ],
            [
              "(",
              "",
              ""
            ],
            [
              "int",
              "builtins.int",
              "nb"
            ],
            [
              ")",
              "",
              ""
            ]
          ],
          "out": "array([[0, 0, 0, 0, 0, 0, 0],\n       [0, 0, 0, 0, 0, 0, 0],\n       [0, 0, 0, 0, 0, 0, 0],\n       [0, 0, 0, 1, 0, 0, 0],\n       [0, 0, 0, 0, 0, 0, 0],\n       [0, 0, 0, 0, 0, 0, 0],\n       [0, 0, 0, 0, 0, 0, 0]])"
        },
        "type": "Code"
      },
      {
        "data": {
          "ce_status": "compiled",
          "entries": [
            [
              "corner_moravec",
              "skimage.feature.corner.corner_moravec",
              ""
            ],
            [
              "(",
              "",
              ""
            ],
            [
              "square",
              "numpy.ndarray",
              ""
            ],
            [
              ")",
              "",
              ""
            ],
            [
              ".",
              "",
              "o"
            ],
            [
              "astype",
              null,
              ""
            ],
            [
              "(",
              "",
              ""
            ],
            [
              "int",
              "builtins.int",
              "nb"
            ],
            [
              ")",
              "",
              ""
            ]
          ],
          "out": "array([[0, 0, 0, 0, 0, 0, 0],\n       [0, 0, 0, 0, 0, 0, 0],\n       [0, 0, 1, 1, 1, 0, 0],\n       [0, 0, 1, 2, 1, 0, 0],\n       [0, 0, 1, 1, 1, 0, 0],\n       [0, 0, 0, 0, 0, 0, 0],\n       [0, 0, 0, 0, 0, 0, 0]])"
        },
        "type": "Code"
      }
    ],
    "title": null
  },
  "item_file": "/skimage/feature/corner.py",
  "item_line": 1027,
  "item_type": "<class 'function'>",
  "ordered_sections": [
    "Summary",
    "Extended Summary",
    "Parameters",
    "Returns",
    "References",
    "Examples"
  ],
  "references": null,
  "refs": [
    "builtins.int",
    "numpy",
    "numpy.ndarray",
    "numpy.ndarray.astype",
    "numpy.zeros",
    "skimage",
    "skimage.feature",
    "skimage.feature.corner.corner_moravec"
  ],
  "see_also": [],
  "signature": {
    "value": "corner_moravec(image, window_size=1)"
  }
}