{
  "_content": {
    "Attributes": {
      "children": [],
      "title": null
    },
    "Extended Summary": {
      "children": [],
      "title": null
    },
    "Methods": {
      "children": [],
      "title": null
    },
    "Notes": {
      "children": [],
      "title": null
    },
    "Other Parameters": {
      "children": [],
      "title": null
    },
    "Parameters": {
      "children": [
        {
          "data": {
            "children": [
              {
                "desc": [
                  {
                    "data": {
                      "children": [
                        {
                          "data": {
                            "value": "The input image."
                          },
                          "type": "Words"
                        }
                      ]
                    },
                    "type": "Paragraph"
                  }
                ],
                "param": "image",
                "type_": "array"
              }
            ]
          },
          "type": "Parameters"
        }
      ],
      "title": null
    },
    "Raises": {
      "children": [],
      "title": null
    },
    "Receives": {
      "children": [],
      "title": null
    },
    "Returns": {
      "children": [
        {
          "data": {
            "children": [
              {
                "desc": [
                  {
                    "data": {
                      "children": [
                        {
                          "data": {
                            "value": "The properties of the image:"
                          },
                          "type": "Words"
                        }
                      ]
                    },
                    "type": "Paragraph"
                  },
                  {
                    "data": {
                      "children": [
                        {
                          "children": [
                            {
                              "data": {
                                "children": [
                                  {
                                    "data": {
                                      "value": "signed: whether the image has negative values."
                                    },
                                    "type": "Words"
                                  }
                                ]
                              },
                              "type": "Paragraph"
                            }
                          ]
                        },
                        {
                          "children": [
                            {
                              "data": {
                                "children": [
                                  {
                                    "data": {
                                      "value": "out_of_range_float: if the image has floating point data   outside of [-1, 1]."
                                    },
                                    "type": "Words"
                                  }
                                ]
                              },
                              "type": "Paragraph"
                            }
                          ]
                        },
                        {
                          "children": [
                            {
                              "data": {
                                "children": [
                                  {
                                    "data": {
                                      "value": "low_data_range: if the image is in the standard image   range (e.g. [0, 1] for a floating point image) but its   data range would be too small to display with standard   image ranges."
                                    },
                                    "type": "Words"
                                  }
                                ]
                              },
                              "type": "Paragraph"
                            }
                          ]
                        },
                        {
                          "children": [
                            {
                              "data": {
                                "children": [
                                  {
                                    "data": {
                                      "value": "unsupported_dtype: if the image data type is not a   standard skimage type, e.g. "
                                    },
                                    "type": "Words"
                                  },
                                  {
                                    "data": {
                                      "value": [
                                        "numpy.uint64"
                                      ]
                                    },
                                    "type": "Verbatim"
                                  },
                                  {
                                    "data": {
                                      "value": "."
                                    },
                                    "type": "Words"
                                  }
                                ]
                              },
                              "type": "Paragraph"
                            }
                          ]
                        }
                      ]
                    },
                    "type": "BulletList"
                  }
                ],
                "param": "ip",
                "type_": "ImageProperties named tuple"
              }
            ]
          },
          "type": "Parameters"
        }
      ],
      "title": null
    },
    "Summary": {
      "children": [
        {
          "data": {
            "children": [
              {
                "data": {
                  "value": "Determine nonstandard properties of an input image."
                },
                "type": "Words"
              }
            ]
          },
          "type": "Paragraph"
        }
      ],
      "title": null
    },
    "Warnings": {
      "children": [],
      "title": null
    },
    "Warns": {
      "children": [],
      "title": null
    },
    "Yields": {
      "children": [],
      "title": null
    }
  },
  "aliases": [
    "skimage.io._plugins.matplotlib_plugin._get_image_properties"
  ],
  "arbitrary": [],
  "example_section_data": {
    "children": [],
    "title": null
  },
  "item_file": "/skimage/io/_plugins/matplotlib_plugin.py",
  "item_line": 21,
  "item_type": "<class 'function'>",
  "ordered_sections": [
    "Summary",
    "Parameters",
    "Returns"
  ],
  "references": null,
  "see_also": [],
  "signature": {
    "value": "_get_image_properties(image)"
  }
}