{
  "aliases": [
    "skimage.filters.rank._percentile"
  ],
  "arbitrary": [
    {
      "children": [
        {
          "data": {
            "children": [
              {
                "data": {
                  "value": "Inferior and superior ranks, provided by the user, are passed to the kernel function to provide a softer version of the rank filters. E.g. "
                },
                "type": "Words"
              },
              {
                "data": {
                  "value": [
                    "autolevel_percentile"
                  ]
                },
                "type": "Verbatim"
              },
              {
                "data": {
                  "value": " will stretch image levels between percentile [p0, p1] instead of using [min, max]. It means that isolated bright or dark pixels will not produce halos."
                },
                "type": "Words"
              }
            ]
          },
          "type": "Paragraph"
        },
        {
          "data": {
            "children": [
              {
                "data": {
                  "value": "The local histogram is computed using a sliding window similar to the method described in ."
                },
                "type": "Words"
              }
            ]
          },
          "type": "Paragraph"
        },
        {
          "data": {
            "children": [
              {
                "data": {
                  "value": "Input image can be 8-bit or 16-bit, for 16-bit input images, the number of histogram bins is determined from the maximum value present in the image."
                },
                "type": "Words"
              }
            ]
          },
          "type": "Paragraph"
        },
        {
          "data": {
            "children": [
              {
                "data": {
                  "value": "Result image is 8-/16-bit or double with respect to the input image and the rank filter operation."
                },
                "type": "Words"
              }
            ]
          },
          "type": "Paragraph"
        }
      ],
      "title": null
    },
    {
      "children": [
        {
          "data": {
            "placeholder": "footnote",
            "value": ".. [1] Huang, T. ,Yang, G. ;  Tang, G.. \"A fast two-dimensional\n       median filtering algorithm\", IEEE Transactions on Acoustics, Speech and\n       Signal Processing, Feb 1979. Volume: 27 , Issue: 1, Page(s): 13 - 18."
          },
          "type": "Unimplemented"
        }
      ],
      "title": "References"
    }
  ],
  "content": {
    "Attributes": {
      "children": [],
      "title": null
    },
    "Extended Summary": {
      "children": [
        {
          "data": {
            "children": [
              {
                "data": {
                  "value": "The local histogram is computed using a sliding window similar to the method described in ."
                },
                "type": "Words"
              }
            ]
          },
          "type": "Paragraph"
        },
        {
          "data": {
            "children": [
              {
                "data": {
                  "value": "Input image can be 8-bit or 16-bit, for 16-bit input images, the number of histogram bins is determined from the maximum value present in the image."
                },
                "type": "Words"
              }
            ]
          },
          "type": "Paragraph"
        },
        {
          "data": {
            "children": [
              {
                "data": {
                  "value": "Result image is 8-/16-bit or double with respect to the input image and the rank filter operation."
                },
                "type": "Words"
              }
            ]
          },
          "type": "Paragraph"
        }
      ],
      "title": null
    },
    "Methods": {
      "children": [],
      "title": null
    },
    "Notes": {
      "children": [],
      "title": null
    },
    "Other Parameters": {
      "children": [],
      "title": null
    },
    "Parameters": {
      "children": [],
      "title": null
    },
    "Raises": {
      "children": [],
      "title": null
    },
    "Receives": {
      "children": [],
      "title": null
    },
    "Returns": {
      "children": [],
      "title": null
    },
    "Summary": {
      "children": [
        {
          "data": {
            "children": [
              {
                "data": {
                  "value": "Inferior and superior ranks, provided by the user, are passed to the kernel function to provide a softer version of the rank filters. E.g. "
                },
                "type": "Words"
              },
              {
                "data": {
                  "value": [
                    "autolevel_percentile"
                  ]
                },
                "type": "Verbatim"
              },
              {
                "data": {
                  "value": " will stretch image levels between percentile [p0, p1] instead of using [min, max]. It means that isolated bright or dark pixels will not produce halos."
                },
                "type": "Words"
              }
            ]
          },
          "type": "Paragraph"
        }
      ],
      "title": null
    },
    "Warnings": {
      "children": [],
      "title": null
    },
    "Warns": {
      "children": [],
      "title": null
    },
    "Yields": {
      "children": [],
      "title": null
    }
  },
  "example_section_data": {
    "children": [],
    "title": null
  },
  "item_file": "/skimage/filters/rank/_percentile.py",
  "item_line": 0,
  "item_type": "<class 'module'>",
  "ordered_sections": [
    "Summary",
    "Extended Summary",
    "References"
  ],
  "references": null,
  "see_also": [],
  "signature": {
    "value": null
  }
}