{
  "_content": {
    "Attributes": {
      "children": [],
      "title": null
    },
    "Extended Summary": {
      "children": [],
      "title": null
    },
    "Methods": {
      "children": [],
      "title": null
    },
    "Notes": {
      "children": [],
      "title": null
    },
    "Other Parameters": {
      "children": [],
      "title": null
    },
    "Parameters": {
      "children": [],
      "title": null
    },
    "Raises": {
      "children": [],
      "title": null
    },
    "Receives": {
      "children": [],
      "title": null
    },
    "Returns": {
      "children": [],
      "title": null
    },
    "Summary": {
      "children": [
        {
          "data": {
            "children": [
              {
                "body": [
                  {
                    "data": {
                      "inline": [
                        {
                          "data": {
                            "value": "Gary Ruben, 2009"
                          },
                          "type": "Words"
                        }
                      ],
                      "inner": []
                    },
                    "type": "Paragraph"
                  }
                ],
                "name": [
                  {
                    "data": {
                      "value": "author"
                    },
                    "type": "Words"
                  }
                ]
              },
              {
                "body": [
                  {
                    "data": {
                      "inline": [
                        {
                          "data": {
                            "value": "modified BSD"
                          },
                          "type": "Words"
                        }
                      ],
                      "inner": []
                    },
                    "type": "Paragraph"
                  }
                ],
                "name": [
                  {
                    "data": {
                      "value": "license"
                    },
                    "type": "Words"
                  }
                ]
              }
            ]
          },
          "type": "FieldList"
        }
      ],
      "title": null
    },
    "Warnings": {
      "children": [],
      "title": null
    },
    "Warns": {
      "children": [],
      "title": null
    },
    "Yields": {
      "children": [],
      "title": null
    }
  },
  "aliases": [
    "skimage.transform.finite_radon_transform"
  ],
  "arbitrary": [
    {
      "children": [
        {
          "data": {
            "children": [
              {
                "body": [
                  {
                    "data": {
                      "inline": [
                        {
                          "data": {
                            "value": "Gary Ruben, 2009"
                          },
                          "type": "Words"
                        }
                      ],
                      "inner": []
                    },
                    "type": "Paragraph"
                  }
                ],
                "name": [
                  {
                    "data": {
                      "value": "author"
                    },
                    "type": "Words"
                  }
                ]
              },
              {
                "body": [
                  {
                    "data": {
                      "inline": [
                        {
                          "data": {
                            "value": "modified BSD"
                          },
                          "type": "Words"
                        }
                      ],
                      "inner": []
                    },
                    "type": "Paragraph"
                  }
                ],
                "name": [
                  {
                    "data": {
                      "value": "license"
                    },
                    "type": "Words"
                  }
                ]
              }
            ]
          },
          "type": "FieldList"
        }
      ],
      "title": null
    }
  ],
  "example_section_data": {
    "children": [],
    "title": null
  },
  "item_file": "/skimage/transform/finite_radon_transform.py",
  "item_line": 0,
  "item_type": "<class 'module'>",
  "ordered_sections": [
    "Summary",
    "Extended Summary"
  ],
  "references": null,
  "refs": [],
  "see_also": [],
  "signature": null
}