{
  "aliases": [
    "skimage.feature.daisy"
  ],
  "arbitrary": [],
  "content": {
    "Attributes": {
      "children": [],
      "title": null
    },
    "Extended Summary": {
      "children": [
        {
          "data": {
            "children": [
              {
                "data": {
                  "value": "DAISY is a feature descriptor similar to SIFT formulated in a way that allows for fast dense extraction. Typically, this is practical for bag-of-features image representations."
                },
                "type": "Words"
              }
            ]
          },
          "type": "Paragraph"
        },
        {
          "data": {
            "children": [
              {
                "data": {
                  "value": "The implementation follows Tola et al.  but deviate on the following points:"
                },
                "type": "Words"
              }
            ]
          },
          "type": "Paragraph"
        },
        {
          "data": {
            "children": [
              {
                "data": {
                  "children": [
                    {
                      "children": [
                        {
                          "data": {
                            "children": [
                              {
                                "data": {
                                  "value": "Histogram bin contribution are smoothed with a circular Gaussian     window over the tonal range (the angular range)."
                                },
                                "type": "Words"
                              }
                            ]
                          },
                          "type": "Paragraph"
                        }
                      ]
                    },
                    {
                      "children": [
                        {
                          "data": {
                            "children": [
                              {
                                "data": {
                                  "value": "The sigma values of the spatial Gaussian smoothing in this code do not     match the sigma values in the original code by Tola et al. . In     their code, spatial smoothing is applied to both the input image and     the center histogram. However, this smoothing is not documented in      and, therefore, it is omitted."
                                },
                                "type": "Words"
                              }
                            ]
                          },
                          "type": "Paragraph"
                        }
                      ]
                    }
                  ]
                },
                "type": "BulletList"
              }
            ]
          },
          "type": "BlockQuote"
        }
      ],
      "title": null
    },
    "Methods": {
      "children": [],
      "title": null
    },
    "Notes": {
      "children": [],
      "title": null
    },
    "Other Parameters": {
      "children": [],
      "title": null
    },
    "Parameters": {
      "children": [
        {
          "data": {
            "children": [
              {
                "desc": [
                  {
                    "data": {
                      "children": [
                        {
                          "data": {
                            "value": "Input image (grayscale)."
                          },
                          "type": "Words"
                        }
                      ]
                    },
                    "type": "Paragraph"
                  }
                ],
                "param": "image",
                "type_": "(M, N) array"
              },
              {
                "desc": [
                  {
                    "data": {
                      "children": [
                        {
                          "data": {
                            "value": "Distance between descriptor sampling points."
                          },
                          "type": "Words"
                        }
                      ]
                    },
                    "type": "Paragraph"
                  }
                ],
                "param": "step",
                "type_": "int, optional"
              },
              {
                "desc": [
                  {
                    "data": {
                      "children": [
                        {
                          "data": {
                            "value": "Radius (in pixels) of the outermost ring."
                          },
                          "type": "Words"
                        }
                      ]
                    },
                    "type": "Paragraph"
                  }
                ],
                "param": "radius",
                "type_": "int, optional"
              },
              {
                "desc": [
                  {
                    "data": {
                      "children": [
                        {
                          "data": {
                            "value": "Number of rings."
                          },
                          "type": "Words"
                        }
                      ]
                    },
                    "type": "Paragraph"
                  }
                ],
                "param": "rings",
                "type_": "int, optional"
              },
              {
                "desc": [
                  {
                    "data": {
                      "children": [
                        {
                          "data": {
                            "value": "Number of histograms sampled per ring."
                          },
                          "type": "Words"
                        }
                      ]
                    },
                    "type": "Paragraph"
                  }
                ],
                "param": "histograms",
                "type_": "int, optional"
              },
              {
                "desc": [
                  {
                    "data": {
                      "children": [
                        {
                          "data": {
                            "value": "Number of orientations (bins) per histogram."
                          },
                          "type": "Words"
                        }
                      ]
                    },
                    "type": "Paragraph"
                  }
                ],
                "param": "orientations",
                "type_": "int, optional"
              },
              {
                "desc": [
                  {
                    "data": {
                      "children": [
                        {
                          "data": {
                            "value": "How to normalize the descriptors"
                          },
                          "type": "Words"
                        }
                      ]
                    },
                    "type": "Paragraph"
                  },
                  {
                    "data": {
                      "children": [
                        {
                          "data": {
                            "children": [
                              {
                                "children": [
                                  {
                                    "data": {
                                      "children": [
                                        {
                                          "data": {
                                            "value": "'l1': L1-normalization of each descriptor."
                                          },
                                          "type": "Words"
                                        }
                                      ]
                                    },
                                    "type": "Paragraph"
                                  }
                                ]
                              },
                              {
                                "children": [
                                  {
                                    "data": {
                                      "children": [
                                        {
                                          "data": {
                                            "value": "'l2': L2-normalization of each descriptor."
                                          },
                                          "type": "Words"
                                        }
                                      ]
                                    },
                                    "type": "Paragraph"
                                  }
                                ]
                              },
                              {
                                "children": [
                                  {
                                    "data": {
                                      "children": [
                                        {
                                          "data": {
                                            "value": "'daisy': L2-normalization of individual histograms."
                                          },
                                          "type": "Words"
                                        }
                                      ]
                                    },
                                    "type": "Paragraph"
                                  }
                                ]
                              },
                              {
                                "children": [
                                  {
                                    "data": {
                                      "children": [
                                        {
                                          "data": {
                                            "value": "'off': Disable normalization."
                                          },
                                          "type": "Words"
                                        }
                                      ]
                                    },
                                    "type": "Paragraph"
                                  }
                                ]
                              }
                            ]
                          },
                          "type": "BulletList"
                        }
                      ]
                    },
                    "type": "BlockQuote"
                  }
                ],
                "param": "normalization",
                "type_": "[ 'l1' | 'l2' | 'daisy' | 'off' ], optional"
              },
              {
                "desc": [
                  {
                    "data": {
                      "children": [
                        {
                          "data": {
                            "value": "Standard deviation of spatial Gaussian smoothing for the center histogram and for each ring of histograms. The array of sigmas should be sorted from the center and out. I.e. the first sigma value defines the spatial smoothing of the center histogram and the last sigma value defines the spatial smoothing of the outermost ring. Specifying sigmas overrides the following parameter."
                          },
                          "type": "Words"
                        }
                      ]
                    },
                    "type": "Paragraph"
                  },
                  {
                    "data": {
                      "children": [
                        {
                          "data": {
                            "children": [
                              {
                                "data": {
                                  "value": [
                                    "rings = len(sigmas) - 1"
                                  ]
                                },
                                "type": "Verbatim"
                              }
                            ]
                          },
                          "type": "Paragraph"
                        }
                      ]
                    },
                    "type": "BlockQuote"
                  }
                ],
                "param": "sigmas",
                "type_": "1D array of float, optional"
              },
              {
                "desc": [
                  {
                    "data": {
                      "children": [
                        {
                          "data": {
                            "value": "Radius (in pixels) for each ring. Specifying ring_radii overrides the following two parameters."
                          },
                          "type": "Words"
                        }
                      ]
                    },
                    "type": "Paragraph"
                  },
                  {
                    "data": {
                      "children": [
                        {
                          "data": {
                            "children": [
                              {
                                "data": {
                                  "value": [
                                    "rings = len(ring_radii)"
                                  ]
                                },
                                "type": "Verbatim"
                              },
                              {
                                "data": {
                                  "value": "     "
                                },
                                "type": "Words"
                              },
                              {
                                "data": {
                                  "value": [
                                    "radius = ring_radii[-1]"
                                  ]
                                },
                                "type": "Verbatim"
                              }
                            ]
                          },
                          "type": "Paragraph"
                        }
                      ]
                    },
                    "type": "BlockQuote"
                  },
                  {
                    "data": {
                      "children": [
                        {
                          "data": {
                            "value": "If both sigmas and ring_radii are given, they must satisfy the following predicate since no radius is needed for the center histogram."
                          },
                          "type": "Words"
                        }
                      ]
                    },
                    "type": "Paragraph"
                  },
                  {
                    "data": {
                      "children": [
                        {
                          "data": {
                            "children": [
                              {
                                "data": {
                                  "value": [
                                    "len(ring_radii) == len(sigmas) + 1"
                                  ]
                                },
                                "type": "Verbatim"
                              }
                            ]
                          },
                          "type": "Paragraph"
                        }
                      ]
                    },
                    "type": "BlockQuote"
                  }
                ],
                "param": "ring_radii",
                "type_": "1D array of int, optional"
              },
              {
                "desc": [
                  {
                    "data": {
                      "children": [
                        {
                          "data": {
                            "value": "Generate a visualization of the DAISY descriptors"
                          },
                          "type": "Words"
                        }
                      ]
                    },
                    "type": "Paragraph"
                  }
                ],
                "param": "visualize",
                "type_": "bool, optional"
              }
            ]
          },
          "type": "Parameters"
        }
      ],
      "title": null
    },
    "Raises": {
      "children": [],
      "title": null
    },
    "Receives": {
      "children": [],
      "title": null
    },
    "Returns": {
      "children": [
        {
          "data": {
            "children": [
              {
                "desc": [
                  {
                    "data": {
                      "children": [
                        {
                          "data": {
                            "value": "Grid of DAISY descriptors for the given image as an array dimensionality  (P, Q, R) where"
                          },
                          "type": "Words"
                        }
                      ]
                    },
                    "type": "Paragraph"
                  },
                  {
                    "data": {
                      "children": [
                        {
                          "data": {
                            "children": [
                              {
                                "data": {
                                  "value": [
                                    "P = ceil((M - radius*2) / step)"
                                  ]
                                },
                                "type": "Verbatim"
                              },
                              {
                                "data": {
                                  "value": "     "
                                },
                                "type": "Words"
                              },
                              {
                                "data": {
                                  "value": [
                                    "Q = ceil((N - radius*2) / step)"
                                  ]
                                },
                                "type": "Verbatim"
                              },
                              {
                                "data": {
                                  "value": "     "
                                },
                                "type": "Words"
                              },
                              {
                                "data": {
                                  "value": [
                                    "R = (rings * histograms + 1) * orientations"
                                  ]
                                },
                                "type": "Verbatim"
                              }
                            ]
                          },
                          "type": "Paragraph"
                        }
                      ]
                    },
                    "type": "BlockQuote"
                  }
                ],
                "param": "descs",
                "type_": "array"
              },
              {
                "desc": [
                  {
                    "data": {
                      "children": [
                        {
                          "data": {
                            "value": "Visualization of the DAISY descriptors."
                          },
                          "type": "Words"
                        }
                      ]
                    },
                    "type": "Paragraph"
                  }
                ],
                "param": "descs_img",
                "type_": "(M, N, 3) array (only if visualize==True)"
              }
            ]
          },
          "type": "Parameters"
        }
      ],
      "title": null
    },
    "Summary": {
      "children": [
        {
          "data": {
            "children": [
              {
                "data": {
                  "value": "Extract DAISY feature descriptors densely for the given image."
                },
                "type": "Words"
              }
            ]
          },
          "type": "Paragraph"
        }
      ],
      "title": null
    },
    "Warnings": {
      "children": [],
      "title": null
    },
    "Warns": {
      "children": [],
      "title": null
    },
    "Yields": {
      "children": [],
      "title": null
    }
  },
  "example_section_data": {
    "children": [],
    "title": null
  },
  "item_file": "/skimage/feature/_daisy.py",
  "item_line": 9,
  "item_type": "<class 'function'>",
  "ordered_sections": [
    "Summary",
    "Extended Summary",
    "Parameters",
    "Returns",
    "References"
  ],
  "references": null,
  "see_also": [],
  "signature": {
    "value": "daisy(image, step=4, radius=15, rings=3, histograms=8, orientations=8, normalization='l1', sigmas=None, ring_radii=None, visualize=False)"
  }
}