{
  "aliases": [
    "skimage.transform.FundamentalMatrixTransform"
  ],
  "arbitrary": [],
  "content": {
    "Attributes": {
      "children": [
        {
          "data": {
            "children": [
              {
                "desc": [
                  {
                    "data": {
                      "children": [
                        {
                          "data": {
                            "value": "Fundamental matrix."
                          },
                          "type": "Words"
                        }
                      ]
                    },
                    "type": "Paragraph"
                  }
                ],
                "param": "params",
                "type_": "(3, 3) array"
              }
            ]
          },
          "type": "Parameters"
        }
      ],
      "title": null
    },
    "Extended Summary": {
      "children": [
        {
          "data": {
            "children": [
              {
                "data": {
                  "value": "The fundamental matrix relates corresponding points between a pair of uncalibrated images. The matrix transforms homogeneous image points in one image to epipolar lines in the other image."
                },
                "type": "Words"
              }
            ]
          },
          "type": "Paragraph"
        },
        {
          "data": {
            "children": [
              {
                "data": {
                  "value": "The fundamental matrix is only defined for a pair of moving images. In the case of pure rotation or planar scenes, the homography describes the geometric relation between two images ("
                },
                "type": "Words"
              },
              {
                "data": {
                  "exists": true,
                  "kind": "module",
                  "reference": {
                    "kind": "module",
                    "module": "skimage",
                    "path": "skimage.transform._geometric.ProjectiveTransform",
                    "version": "0.17.2"
                  },
                  "value": "ProjectiveTransform"
                },
                "type": "Link"
              },
              {
                "data": {
                  "value": "). If the intrinsic calibration of the images is known, the essential matrix describes the metric relation between the two images ("
                },
                "type": "Words"
              },
              {
                "data": {
                  "exists": true,
                  "kind": "module",
                  "reference": {
                    "kind": "module",
                    "module": "skimage",
                    "path": "skimage.transform._geometric.EssentialMatrixTransform",
                    "version": "0.17.2"
                  },
                  "value": "EssentialMatrixTransform"
                },
                "type": "Link"
              },
              {
                "data": {
                  "value": ")."
                },
                "type": "Words"
              }
            ]
          },
          "type": "Paragraph"
        }
      ],
      "title": null
    },
    "Methods": {
      "children": [],
      "title": null
    },
    "Notes": {
      "children": [],
      "title": null
    },
    "Other Parameters": {
      "children": [],
      "title": null
    },
    "Parameters": {
      "children": [
        {
          "data": {
            "children": [
              {
                "desc": [
                  {
                    "data": {
                      "children": [
                        {
                          "data": {
                            "value": "Fundamental matrix."
                          },
                          "type": "Words"
                        }
                      ]
                    },
                    "type": "Paragraph"
                  }
                ],
                "param": "matrix",
                "type_": "(3, 3) array, optional"
              }
            ]
          },
          "type": "Parameters"
        }
      ],
      "title": null
    },
    "Raises": {
      "children": [],
      "title": null
    },
    "Receives": {
      "children": [],
      "title": null
    },
    "Returns": {
      "children": [],
      "title": null
    },
    "Summary": {
      "children": [
        {
          "data": {
            "children": [
              {
                "data": {
                  "value": "Fundamental matrix transformation."
                },
                "type": "Words"
              }
            ]
          },
          "type": "Paragraph"
        }
      ],
      "title": null
    },
    "Warnings": {
      "children": [],
      "title": null
    },
    "Warns": {
      "children": [],
      "title": null
    },
    "Yields": {
      "children": [],
      "title": null
    }
  },
  "example_section_data": {
    "children": [],
    "title": null
  },
  "item_file": "/skimage/transform/_geometric.py",
  "item_line": 211,
  "item_type": "<class 'type'>",
  "ordered_sections": [
    "Summary",
    "Extended Summary",
    "References",
    "Parameters",
    "Attributes"
  ],
  "references": null,
  "see_also": [],
  "signature": {
    "value": null
  }
}