{
  "_content": {
    "Attributes": {
      "children": [],
      "title": null
    },
    "Extended Summary": {
      "children": [
        {
          "data": {
            "inline": [
              {
                "data": {
                  "value": "This filter can be used to detect continuous ridges, e.g. neurites, wrinkles, rivers. It can be used to calculate the fraction of the whole image containing such objects."
                },
                "type": "Words"
              }
            ],
            "inner": []
          },
          "type": "Paragraph"
        },
        {
          "data": {
            "inline": [
              {
                "data": {
                  "value": "Calculates the eigenvectors of the Hessian to compute the similarity of an image region to neurites, according to the method described in ."
                },
                "type": "Words"
              }
            ],
            "inner": []
          },
          "type": "Paragraph"
        }
      ],
      "title": null
    },
    "Methods": {
      "children": [],
      "title": null
    },
    "Notes": {
      "children": [],
      "title": null
    },
    "Other Parameters": {
      "children": [],
      "title": null
    },
    "Parameters": {
      "children": [
        {
          "data": {
            "desc": [
              {
                "data": {
                  "inline": [
                    {
                      "data": {
                        "value": "Array with input image data."
                      },
                      "type": "Words"
                    }
                  ],
                  "inner": []
                },
                "type": "Paragraph"
              }
            ],
            "param": "image",
            "type_": "(N, M[, ..., P]) ndarray"
          },
          "type": "Param"
        },
        {
          "data": {
            "desc": [
              {
                "data": {
                  "inline": [
                    {
                      "data": {
                        "value": "Sigmas used as scales of filter"
                      },
                      "type": "Words"
                    }
                  ],
                  "inner": []
                },
                "type": "Paragraph"
              }
            ],
            "param": "sigmas",
            "type_": "iterable of floats, optional"
          },
          "type": "Param"
        },
        {
          "data": {
            "desc": [
              {
                "data": {
                  "inline": [
                    {
                      "data": {
                        "value": "Frangi correction constant that adjusts the filter's sensitivity to deviation from a plate-like structure."
                      },
                      "type": "Words"
                    }
                  ],
                  "inner": []
                },
                "type": "Paragraph"
              }
            ],
            "param": "alpha",
            "type_": "float, optional"
          },
          "type": "Param"
        },
        {
          "data": {
            "desc": [
              {
                "data": {
                  "inline": [
                    {
                      "data": {
                        "value": "When True (the default), the filter detects black ridges; when False, it detects white ridges."
                      },
                      "type": "Words"
                    }
                  ],
                  "inner": []
                },
                "type": "Paragraph"
              }
            ],
            "param": "black_ridges",
            "type_": "boolean, optional"
          },
          "type": "Param"
        },
        {
          "data": {
            "desc": [
              {
                "data": {
                  "inline": [
                    {
                      "data": {
                        "value": "How to handle values outside the image borders."
                      },
                      "type": "Words"
                    }
                  ],
                  "inner": []
                },
                "type": "Paragraph"
              }
            ],
            "param": "mode",
            "type_": "{'constant', 'reflect', 'wrap', 'nearest', 'mirror'}, optional"
          },
          "type": "Param"
        },
        {
          "data": {
            "desc": [
              {
                "data": {
                  "inline": [
                    {
                      "data": {
                        "value": "Used in conjunction with mode 'constant', the value outside the image boundaries."
                      },
                      "type": "Words"
                    }
                  ],
                  "inner": []
                },
                "type": "Paragraph"
              }
            ],
            "param": "cval",
            "type_": "float, optional"
          },
          "type": "Param"
        }
      ],
      "title": null
    },
    "Raises": {
      "children": [],
      "title": null
    },
    "Receives": {
      "children": [],
      "title": null
    },
    "Returns": {
      "children": [
        {
          "data": {
            "desc": [
              {
                "data": {
                  "inline": [
                    {
                      "data": {
                        "value": "Filtered image (maximum of pixels across all scales)."
                      },
                      "type": "Words"
                    }
                  ],
                  "inner": []
                },
                "type": "Paragraph"
              }
            ],
            "param": "out",
            "type_": "(N, M[, ..., P]) ndarray"
          },
          "type": "Param"
        }
      ],
      "title": null
    },
    "Summary": {
      "children": [
        {
          "data": {
            "inline": [
              {
                "data": {
                  "value": "Filter an image with the Meijering neuriteness filter."
                },
                "type": "Words"
              }
            ],
            "inner": []
          },
          "type": "Paragraph"
        }
      ],
      "title": null
    },
    "Warnings": {
      "children": [],
      "title": null
    },
    "Warns": {
      "children": [],
      "title": null
    },
    "Yields": {
      "children": [],
      "title": null
    }
  },
  "aliases": [
    "skimage.filters.meijering"
  ],
  "arbitrary": [],
  "example_section_data": {
    "children": [],
    "title": null
  },
  "item_file": "/skimage/filters/ridges.py",
  "item_line": 167,
  "item_type": "<class 'function'>",
  "ordered_sections": [
    "Summary",
    "Extended Summary",
    "Parameters",
    "Returns",
    "See Also",
    "References"
  ],
  "references": null,
  "refs": [
    "frangi",
    "hessian",
    "sato"
  ],
  "see_also": [
    {
      "descriptions": [],
      "name": {
        "exists": null,
        "name": "sato",
        "ref": null
      },
      "type": null
    },
    {
      "descriptions": [],
      "name": {
        "exists": null,
        "name": "frangi",
        "ref": null
      },
      "type": null
    },
    {
      "descriptions": [],
      "name": {
        "exists": null,
        "name": "hessian",
        "ref": null
      },
      "type": null
    }
  ],
  "signature": "meijering(image, sigmas=range(1, 10, 2), alpha=None, black_ridges=True, mode='reflect', cval=0)"
}