{
  "_content": {
    "Attributes": {
      "children": [],
      "title": null
    },
    "Extended Summary": {
      "children": [],
      "title": null
    },
    "Methods": {
      "children": [],
      "title": null
    },
    "Notes": {
      "children": [],
      "title": null
    },
    "Other Parameters": {
      "children": [],
      "title": null
    },
    "Parameters": {
      "children": [
        {
          "data": {
            "desc": [
              {
                "data": {
                  "inline": [
                    {
                      "data": {
                        "value": "The array to transform."
                      },
                      "type": "Words"
                    }
                  ],
                  "inner": []
                },
                "type": "Paragraph"
              }
            ],
            "param": "inarray",
            "type_": "ndarray"
          },
          "type": "Param"
        },
        {
          "data": {
            "desc": [
              {
                "data": {
                  "inline": [
                    {
                      "data": {
                        "value": "The last axis along which to compute the transform. All axes by default."
                      },
                      "type": "Words"
                    }
                  ],
                  "inner": []
                },
                "type": "Paragraph"
              }
            ],
            "param": "dim",
            "type_": "int, optional"
          },
          "type": "Param"
        }
      ],
      "title": null
    },
    "Raises": {
      "children": [],
      "title": null
    },
    "Receives": {
      "children": [],
      "title": null
    },
    "Returns": {
      "children": [
        {
          "data": {
            "desc": [
              {
                "data": {
                  "inline": [
                    {
                      "data": {
                        "value": "The unitary inverse N-D Fourier transform of "
                      },
                      "type": "Words"
                    },
                    {
                      "data": {
                        "value": [
                          "inarray"
                        ]
                      },
                      "type": "Verbatim"
                    },
                    {
                      "data": {
                        "value": "."
                      },
                      "type": "Words"
                    }
                  ],
                  "inner": []
                },
                "type": "Paragraph"
              }
            ],
            "param": "outarray",
            "type_": "ndarray (same shape than inarray)"
          },
          "type": "Param"
        }
      ],
      "title": null
    },
    "Summary": {
      "children": [
        {
          "data": {
            "inline": [
              {
                "data": {
                  "value": "N-dimensional unitary inverse Fourier transform."
                },
                "type": "Words"
              }
            ],
            "inner": []
          },
          "type": "Paragraph"
        }
      ],
      "title": null
    },
    "Warnings": {
      "children": [],
      "title": null
    },
    "Warns": {
      "children": [],
      "title": null
    },
    "Yields": {
      "children": [],
      "title": null
    }
  },
  "aliases": [
    "skimage.restoration.uft.uifftn"
  ],
  "arbitrary": [],
  "example_section_data": {
    "children": [
      {
        "data": {
          "ce_status": "execed",
          "entries": [
            [
              "input",
              null,
              "nb"
            ],
            [
              " ",
              "",
              ""
            ],
            [
              "=",
              "",
              "o"
            ],
            [
              " ",
              "",
              ""
            ],
            [
              "np",
              "numpy",
              ""
            ],
            [
              ".",
              "",
              "o"
            ],
            [
              "ones",
              "numpy.ones",
              ""
            ],
            [
              "(",
              "",
              ""
            ],
            [
              "(",
              "",
              ""
            ],
            [
              "3",
              "",
              "mi"
            ],
            [
              ",",
              "",
              ""
            ],
            [
              " ",
              "",
              ""
            ],
            [
              "3",
              "",
              "mi"
            ],
            [
              ",",
              "",
              ""
            ],
            [
              " ",
              "",
              ""
            ],
            [
              "3",
              "",
              "mi"
            ],
            [
              ")",
              "",
              ""
            ],
            [
              ")",
              "",
              ""
            ],
            [
              "\n",
              "",
              ""
            ],
            [
              "output",
              null,
              ""
            ],
            [
              " ",
              "",
              ""
            ],
            [
              "=",
              "",
              "o"
            ],
            [
              " ",
              "",
              ""
            ],
            [
              "uifftn",
              "skimage.restoration.uft.uifftn",
              ""
            ],
            [
              "(",
              "",
              ""
            ],
            [
              "input",
              "numpy.ndarray",
              "nb"
            ],
            [
              ")",
              "",
              ""
            ],
            [
              "\n",
              "",
              ""
            ],
            [
              "np",
              "numpy",
              ""
            ],
            [
              ".",
              "",
              "o"
            ],
            [
              "allclose",
              "numpy.allclose",
              ""
            ],
            [
              "(",
              "",
              ""
            ],
            [
              "np",
              "numpy",
              ""
            ],
            [
              ".",
              "",
              "o"
            ],
            [
              "sum",
              "numpy.sum",
              ""
            ],
            [
              "(",
              "",
              ""
            ],
            [
              "input",
              "numpy.ndarray",
              "nb"
            ],
            [
              ")",
              "",
              ""
            ],
            [
              " ",
              "",
              ""
            ],
            [
              "/",
              "",
              "o"
            ],
            [
              " ",
              "",
              ""
            ],
            [
              "np",
              "numpy",
              ""
            ],
            [
              ".",
              "",
              "o"
            ],
            [
              "sqrt",
              "numpy.sqrt",
              ""
            ],
            [
              "(",
              "",
              ""
            ],
            [
              "input",
              "numpy.ndarray",
              "nb"
            ],
            [
              ".",
              "",
              "o"
            ],
            [
              "size",
              "builtins.int",
              ""
            ],
            [
              ")",
              "",
              ""
            ],
            [
              ",",
              "",
              ""
            ],
            [
              " ",
              "",
              ""
            ],
            [
              "output",
              "numpy.ndarray",
              ""
            ],
            [
              "[",
              "",
              ""
            ],
            [
              "0",
              "",
              "mi"
            ],
            [
              ",",
              "",
              ""
            ],
            [
              " ",
              "",
              ""
            ],
            [
              "0",
              "",
              "mi"
            ],
            [
              ",",
              "",
              ""
            ],
            [
              " ",
              "",
              ""
            ],
            [
              "0",
              "",
              "mi"
            ],
            [
              "]",
              "",
              ""
            ],
            [
              ")",
              "",
              ""
            ]
          ],
          "out": "True"
        },
        "type": "Code"
      },
      {
        "data": {
          "ce_status": "execed",
          "entries": [
            [
              "output",
              "numpy.ndarray",
              ""
            ],
            [
              ".",
              "",
              "o"
            ],
            [
              "shape",
              "builtins.tuple",
              ""
            ]
          ],
          "out": "(3, 3, 3)"
        },
        "type": "Code"
      }
    ],
    "title": null
  },
  "item_file": "/skimage/restoration/uft.py",
  "item_line": 60,
  "item_type": "<class 'function'>",
  "ordered_sections": [
    "Summary",
    "Parameters",
    "Returns",
    "Examples"
  ],
  "references": null,
  "refs": [
    "builtins.int",
    "builtins.tuple",
    "numpy",
    "numpy.allclose",
    "numpy.ndarray",
    "numpy.ones",
    "numpy.sqrt",
    "numpy.sum",
    "skimage.restoration.uft.uifftn"
  ],
  "see_also": [],
  "signature": "uifftn(inarray, dim=None)"
}