{
  "_content": {
    "Attributes": {
      "children": [],
      "title": null
    },
    "Extended Summary": {
      "children": [
        {
          "data": {
            "children": [
              {
                "data": {
                  "value": "LBP is an invariant descriptor that can be used for texture classification."
                },
                "type": "Words"
              }
            ]
          },
          "type": "Paragraph"
        }
      ],
      "title": null
    },
    "Methods": {
      "children": [],
      "title": null
    },
    "Notes": {
      "children": [],
      "title": null
    },
    "Other Parameters": {
      "children": [],
      "title": null
    },
    "Parameters": {
      "children": [
        {
          "data": {
            "children": [
              {
                "desc": [
                  {
                    "data": {
                      "children": [
                        {
                          "data": {
                            "value": "Graylevel image."
                          },
                          "type": "Words"
                        }
                      ]
                    },
                    "type": "Paragraph"
                  }
                ],
                "param": "image",
                "type_": "(N, M) double array"
              },
              {
                "desc": [
                  {
                    "data": {
                      "children": [
                        {
                          "data": {
                            "value": "Number of circularly symmetric neighbour set points (quantization of the angular space)."
                          },
                          "type": "Words"
                        }
                      ]
                    },
                    "type": "Paragraph"
                  }
                ],
                "param": "P",
                "type_": "int"
              },
              {
                "desc": [
                  {
                    "data": {
                      "children": [
                        {
                          "data": {
                            "value": "Radius of circle (spatial resolution of the operator)."
                          },
                          "type": "Words"
                        }
                      ]
                    },
                    "type": "Paragraph"
                  }
                ],
                "param": "R",
                "type_": "float"
              },
              {
                "desc": [
                  {
                    "data": {
                      "children": [
                        {
                          "data": {
                            "value": "Method to determine the pattern."
                          },
                          "type": "Words"
                        }
                      ]
                    },
                    "type": "Paragraph"
                  },
                  {
                    "data": {
                      "children": [
                        {
                          "children": [
                            {
                              "data": {
                                "children": [
                                  {
                                    "data": {
                                      "value": "'D': 'default'"
                                    },
                                    "type": "Words"
                                  }
                                ]
                              },
                              "type": "Paragraph"
                            }
                          ]
                        },
                        {
                          "children": [
                            {
                              "data": {
                                "children": [
                                  {
                                    "data": {
                                      "value": "'R': 'ror'"
                                    },
                                    "type": "Words"
                                  }
                                ]
                              },
                              "type": "Paragraph"
                            }
                          ]
                        },
                        {
                          "children": [
                            {
                              "data": {
                                "children": [
                                  {
                                    "data": {
                                      "value": "'U': 'uniform'"
                                    },
                                    "type": "Words"
                                  }
                                ]
                              },
                              "type": "Paragraph"
                            }
                          ]
                        },
                        {
                          "children": [
                            {
                              "data": {
                                "children": [
                                  {
                                    "data": {
                                      "value": "'N': 'nri_uniform'"
                                    },
                                    "type": "Words"
                                  }
                                ]
                              },
                              "type": "Paragraph"
                            }
                          ]
                        },
                        {
                          "children": [
                            {
                              "data": {
                                "children": [
                                  {
                                    "data": {
                                      "value": "'V': 'var'"
                                    },
                                    "type": "Words"
                                  }
                                ]
                              },
                              "type": "Paragraph"
                            }
                          ]
                        }
                      ]
                    },
                    "type": "BulletList"
                  }
                ],
                "param": "method",
                "type_": "{'D', 'R', 'U', 'N', 'V'}"
              }
            ]
          },
          "type": "Parameters"
        }
      ],
      "title": null
    },
    "Raises": {
      "children": [],
      "title": null
    },
    "Receives": {
      "children": [],
      "title": null
    },
    "Returns": {
      "children": [
        {
          "data": {
            "children": [
              {
                "desc": [
                  {
                    "data": {
                      "children": [
                        {
                          "data": {
                            "value": "LBP image."
                          },
                          "type": "Words"
                        }
                      ]
                    },
                    "type": "Paragraph"
                  }
                ],
                "param": "output",
                "type_": "(N, M) array"
              }
            ]
          },
          "type": "Parameters"
        }
      ],
      "title": null
    },
    "Summary": {
      "children": [
        {
          "data": {
            "children": [
              {
                "data": {
                  "value": "Gray scale and rotation invariant LBP (Local Binary Patterns)."
                },
                "type": "Words"
              }
            ]
          },
          "type": "Paragraph"
        }
      ],
      "title": null
    },
    "Warnings": {
      "children": [],
      "title": null
    },
    "Warns": {
      "children": [],
      "title": null
    },
    "Yields": {
      "children": [],
      "title": null
    }
  },
  "aliases": [
    "skimage.feature._texture._local_binary_pattern"
  ],
  "arbitrary": [],
  "example_section_data": {
    "children": [],
    "title": null
  },
  "item_file": null,
  "item_line": null,
  "item_type": "<class 'builtin_function_or_method'>",
  "ordered_sections": [
    "Summary",
    "Extended Summary",
    "Parameters",
    "Returns"
  ],
  "references": null,
  "refs": [],
  "see_also": [],
  "signature": {
    "value": null
  }
}