{
  "_content": {
    "Attributes": {
      "children": [],
      "title": null
    },
    "Extended Summary": {
      "children": [
        {
          "data": {
            "inline": [
              {
                "data": {
                  "value": "This database is a subset of the LFW database containing:"
                },
                "type": "Words"
              }
            ],
            "inner": []
          },
          "type": "Paragraph"
        },
        {
          "data": {
            "children": [
              {
                "value": [
                  {
                    "data": {
                      "inline": [
                        {
                          "data": {
                            "value": "100 faces"
                          },
                          "type": "Words"
                        }
                      ],
                      "inner": []
                    },
                    "type": "Paragraph"
                  }
                ]
              },
              {
                "value": [
                  {
                    "data": {
                      "inline": [
                        {
                          "data": {
                            "value": "100 non-faces"
                          },
                          "type": "Words"
                        }
                      ],
                      "inner": []
                    },
                    "type": "Paragraph"
                  }
                ]
              }
            ]
          },
          "type": "BulletList"
        },
        {
          "data": {
            "inline": [
              {
                "data": {
                  "value": "The full dataset is available at ."
                },
                "type": "Words"
              }
            ],
            "inner": []
          },
          "type": "Paragraph"
        }
      ],
      "title": null
    },
    "Methods": {
      "children": [],
      "title": null
    },
    "Notes": {
      "children": [
        {
          "data": {
            "inline": [
              {
                "data": {
                  "value": "The faces were randomly selected from the LFW dataset and the non-faces were extracted from the background of the same dataset. The cropped ROIs have been resized to a 25 x 25 pixels."
                },
                "type": "Words"
              }
            ],
            "inner": []
          },
          "type": "Paragraph"
        }
      ],
      "title": null
    },
    "Other Parameters": {
      "children": [],
      "title": null
    },
    "Parameters": {
      "children": [],
      "title": null
    },
    "Raises": {
      "children": [],
      "title": null
    },
    "Receives": {
      "children": [],
      "title": null
    },
    "Returns": {
      "children": [
        {
          "data": {
            "desc": [
              {
                "data": {
                  "inline": [
                    {
                      "data": {
                        "value": "100 first images are faces and subsequent 100 are non-faces."
                      },
                      "type": "Words"
                    }
                  ],
                  "inner": []
                },
                "type": "Paragraph"
              }
            ],
            "param": "images",
            "type_": "(200, 25, 25) uint8 ndarray"
          },
          "type": "Param"
        }
      ],
      "title": null
    },
    "Summary": {
      "children": [
        {
          "data": {
            "inline": [
              {
                "data": {
                  "value": "Subset of data from the LFW dataset."
                },
                "type": "Words"
              }
            ],
            "inner": []
          },
          "type": "Paragraph"
        }
      ],
      "title": null
    },
    "Warnings": {
      "children": [],
      "title": null
    },
    "Warns": {
      "children": [],
      "title": null
    },
    "Yields": {
      "children": [],
      "title": null
    }
  },
  "aliases": [
    "skimage.data.lfw_subset"
  ],
  "arbitrary": [],
  "example_section_data": {
    "children": [],
    "title": null
  },
  "item_file": "/skimage/data/__init__.py",
  "item_line": 981,
  "item_type": "<class 'function'>",
  "ordered_sections": [
    "Summary",
    "Extended Summary",
    "Returns",
    "Notes",
    "References"
  ],
  "references": null,
  "refs": [],
  "see_also": [],
  "signature": {
    "value": "lfw_subset()"
  }
}