{
  "_content": {
    "Attributes": {
      "children": [],
      "title": null
    },
    "Extended Summary": {
      "children": [],
      "title": null
    },
    "Methods": {
      "children": [],
      "title": null
    },
    "Notes": {
      "children": [],
      "title": null
    },
    "Other Parameters": {
      "children": [],
      "title": null
    },
    "Parameters": {
      "children": [],
      "title": null
    },
    "Raises": {
      "children": [],
      "title": null
    },
    "Receives": {
      "children": [],
      "title": null
    },
    "Returns": {
      "children": [],
      "title": null
    },
    "Summary": {
      "children": [
        {
          "data": {
            "inline": [
              {
                "data": {
                  "value": "To remove in the future \u2013\u2013 skimage.color.colorconv"
                },
                "type": "Words"
              }
            ],
            "inner": []
          },
          "type": "Paragraph"
        }
      ],
      "title": null
    },
    "Warnings": {
      "children": [],
      "title": null
    },
    "Warns": {
      "children": [],
      "title": null
    },
    "Yields": {
      "children": [],
      "title": null
    }
  },
  "aliases": [
    "skimage.color.colorconv"
  ],
  "arbitrary": [
    {
      "children": [
        {
          "data": {
            "inline": [
              {
                "data": {
                  "value": "Functions for converting between color spaces."
                },
                "type": "Words"
              }
            ],
            "inner": []
          },
          "type": "Paragraph"
        },
        {
          "data": {
            "inline": [
              {
                "data": {
                  "value": "The \"central\" color space in this module is RGB, more specifically the linear sRGB color space using D65 as a white-point .  This represents a standard monitor (w/o gamma correction). For a good FAQ on color spaces see ."
                },
                "type": "Words"
              }
            ],
            "inner": []
          },
          "type": "Paragraph"
        },
        {
          "data": {
            "inline": [
              {
                "data": {
                  "value": "The API consists of functions to convert to and from RGB as defined above, as well as a generic function to convert to and from any supported color space (which is done through RGB in most cases)."
                },
                "type": "Words"
              }
            ],
            "inner": []
          },
          "type": "Paragraph"
        }
      ],
      "title": null
    },
    {
      "children": [
        {
          "data": {
            "value": [
              {
                "data": {
                  "children": [
                    {
                      "dd": [
                        {
                          "data": {
                            "inline": [
                              {
                                "data": {
                                  "value": "RGB"
                                },
                                "type": "Words"
                              }
                            ],
                            "inner": []
                          },
                          "type": "Paragraph"
                        }
                      ],
                      "dt": {
                        "inline": [
                          {
                            "data": {
                              "value": "RGB"
                            },
                            "type": "Words"
                          }
                        ],
                        "inner": []
                      }
                    }
                  ]
                },
                "type": "DefList"
              },
              {
                "data": {
                  "children": [
                    {
                      "dd": [
                        {
                          "data": {
                            "inline": [
                              {
                                "data": {
                                  "value": "HSV"
                                },
                                "type": "Words"
                              }
                            ],
                            "inner": []
                          },
                          "type": "Paragraph"
                        }
                      ],
                      "dt": {
                        "inline": [
                          {
                            "data": {
                              "value": "HSV"
                            },
                            "type": "Words"
                          }
                        ],
                        "inner": []
                      }
                    }
                  ]
                },
                "type": "DefList"
              },
              {
                "data": {
                  "children": [
                    {
                      "dd": [
                        {
                          "data": {
                            "inline": [
                              {
                                "data": {
                                  "value": "RGB CIE"
                                },
                                "type": "Words"
                              }
                            ],
                            "inner": []
                          },
                          "type": "Paragraph"
                        }
                      ],
                      "dt": {
                        "inline": [
                          {
                            "data": {
                              "value": "RGBCIE"
                            },
                            "type": "Words"
                          }
                        ],
                        "inner": []
                      }
                    }
                  ]
                },
                "type": "DefList"
              },
              {
                "data": {
                  "children": [
                    {
                      "dd": [
                        {
                          "data": {
                            "inline": [
                              {
                                "data": {
                                  "value": "XYZ CIE"
                                },
                                "type": "Words"
                              }
                            ],
                            "inner": []
                          },
                          "type": "Paragraph"
                        }
                      ],
                      "dt": {
                        "inline": [
                          {
                            "data": {
                              "value": "XYZCIE"
                            },
                            "type": "Words"
                          }
                        ],
                        "inner": []
                      }
                    }
                  ]
                },
                "type": "DefList"
              },
              {
                "data": {
                  "children": [
                    {
                      "dd": [
                        {
                          "data": {
                            "inline": [
                              {
                                "data": {
                                  "value": "LAB CIE"
                                },
                                "type": "Words"
                              }
                            ],
                            "inner": []
                          },
                          "type": "Paragraph"
                        }
                      ],
                      "dt": {
                        "inline": [
                          {
                            "data": {
                              "value": "LABCIE"
                            },
                            "type": "Words"
                          }
                        ],
                        "inner": []
                      }
                    }
                  ]
                },
                "type": "DefList"
              },
              {
                "data": {
                  "children": [
                    {
                      "dd": [
                        {
                          "data": {
                            "inline": [
                              {
                                "data": {
                                  "value": "LUV CIE"
                                },
                                "type": "Words"
                              }
                            ],
                            "inner": []
                          },
                          "type": "Paragraph"
                        }
                      ],
                      "dt": {
                        "inline": [
                          {
                            "data": {
                              "value": "LUVCIE"
                            },
                            "type": "Words"
                          }
                        ],
                        "inner": []
                      }
                    }
                  ]
                },
                "type": "DefList"
              },
              {
                "data": {
                  "children": [
                    {
                      "dd": [
                        {
                          "data": {
                            "inline": [
                              {
                                "data": {
                                  "value": "LCH CIE"
                                },
                                "type": "Words"
                              }
                            ],
                            "inner": []
                          },
                          "type": "Paragraph"
                        }
                      ],
                      "dt": {
                        "inline": [
                          {
                            "data": {
                              "value": "LCHCIE"
                            },
                            "type": "Words"
                          }
                        ],
                        "inner": []
                      }
                    }
                  ]
                },
                "type": "DefList"
              }
            ]
          },
          "type": "BulletList"
        },
        {
          "data": {
            "children": [
              {
                "body": [
                  {
                    "data": {
                      "inline": [
                        {
                          "data": {
                            "value": "Nicolas Pinto (rgb2hsv)"
                          },
                          "type": "Words"
                        }
                      ],
                      "inner": []
                    },
                    "type": "Paragraph"
                  }
                ],
                "name": [
                  {
                    "data": {
                      "value": "author"
                    },
                    "type": "Words"
                  }
                ]
              },
              {
                "body": [
                  {
                    "data": {
                      "inline": [
                        {
                          "data": {
                            "value": "Ralf Gommers (hsv2rgb)"
                          },
                          "type": "Words"
                        }
                      ],
                      "inner": []
                    },
                    "type": "Paragraph"
                  }
                ],
                "name": [
                  {
                    "data": {
                      "value": "author"
                    },
                    "type": "Words"
                  }
                ]
              },
              {
                "body": [
                  {
                    "data": {
                      "inline": [
                        {
                          "data": {
                            "value": "Travis Oliphant (XYZ and RGB CIE functions)"
                          },
                          "type": "Words"
                        }
                      ],
                      "inner": []
                    },
                    "type": "Paragraph"
                  }
                ],
                "name": [
                  {
                    "data": {
                      "value": "author"
                    },
                    "type": "Words"
                  }
                ]
              },
              {
                "body": [
                  {
                    "data": {
                      "inline": [
                        {
                          "data": {
                            "value": "Matt Terry (lab2lch)"
                          },
                          "type": "Words"
                        }
                      ],
                      "inner": []
                    },
                    "type": "Paragraph"
                  }
                ],
                "name": [
                  {
                    "data": {
                      "value": "author"
                    },
                    "type": "Words"
                  }
                ]
              },
              {
                "body": [
                  {
                    "data": {
                      "inline": [
                        {
                          "data": {
                            "value": "Alex Izvorski (yuv2rgb, rgb2yuv and related)"
                          },
                          "type": "Words"
                        }
                      ],
                      "inner": []
                    },
                    "type": "Paragraph"
                  }
                ],
                "name": [
                  {
                    "data": {
                      "value": "author"
                    },
                    "type": "Words"
                  }
                ]
              }
            ]
          },
          "type": "FieldList"
        },
        {
          "data": {
            "children": [
              {
                "body": [
                  {
                    "data": {
                      "inline": [
                        {
                          "data": {
                            "value": "modified BSD"
                          },
                          "type": "Words"
                        }
                      ],
                      "inner": []
                    },
                    "type": "Paragraph"
                  }
                ],
                "name": [
                  {
                    "data": {
                      "value": "license"
                    },
                    "type": "Words"
                  }
                ]
              }
            ]
          },
          "type": "FieldList"
        }
      ],
      "title": "Supported color spaces"
    },
    {
      "children": [],
      "title": "References"
    }
  ],
  "example_section_data": {
    "children": [],
    "title": null
  },
  "item_file": "/skimage/color/colorconv.py",
  "item_line": 0,
  "item_type": "<class 'module'>",
  "ordered_sections": [
    "Summary",
    "Extended Summary"
  ],
  "references": null,
  "refs": [],
  "see_also": [],
  "signature": null
}