{
  "_content": {
    "Attributes": {
      "children": [],
      "title": null
    },
    "Extended Summary": {
      "children": [
        {
          "data": {
            "inline": [
              {
                "data": {
                  "value": "For each "
                },
                "type": "Words"
              },
              {
                "data": {
                  "value": [
                    "(r, c)"
                  ]
                },
                "type": "Verbatim"
              },
              {
                "data": {
                  "value": " coordinate on a grid, i.e. "
                },
                "type": "Words"
              },
              {
                "data": {
                  "value": [
                    "(0, 0)"
                  ]
                },
                "type": "Verbatim"
              },
              {
                "data": {
                  "value": ", "
                },
                "type": "Words"
              },
              {
                "data": {
                  "value": [
                    "(0, 1)"
                  ]
                },
                "type": "Verbatim"
              },
              {
                "data": {
                  "value": " etc., test whether that point lies inside a polygon."
                },
                "type": "Words"
              }
            ],
            "inner": []
          },
          "type": "Paragraph"
        }
      ],
      "title": null
    },
    "Methods": {
      "children": [],
      "title": null
    },
    "Notes": {
      "children": [],
      "title": null
    },
    "Other Parameters": {
      "children": [],
      "title": null
    },
    "Parameters": {
      "children": [
        {
          "data": {
            "desc": [
              {
                "data": {
                  "inline": [
                    {
                      "data": {
                        "value": "Shape of the grid."
                      },
                      "type": "Words"
                    }
                  ],
                  "inner": []
                },
                "type": "Paragraph"
              }
            ],
            "param": "shape",
            "type_": "tuple (M, N)"
          },
          "type": "Param"
        },
        {
          "data": {
            "desc": [
              {
                "data": {
                  "inline": [
                    {
                      "data": {
                        "value": "Specify the V vertices of the polygon, sorted either clockwise or anti-clockwise.  The first point may (but does not need to be) duplicated."
                      },
                      "type": "Words"
                    }
                  ],
                  "inner": []
                },
                "type": "Paragraph"
              }
            ],
            "param": "verts",
            "type_": "(V, 2) array"
          },
          "type": "Param"
        }
      ],
      "title": null
    },
    "Raises": {
      "children": [],
      "title": null
    },
    "Receives": {
      "children": [],
      "title": null
    },
    "Returns": {
      "children": [
        {
          "data": {
            "desc": [
              {
                "data": {
                  "inline": [
                    {
                      "data": {
                        "value": "True where the grid falls inside the polygon."
                      },
                      "type": "Words"
                    }
                  ],
                  "inner": []
                },
                "type": "Paragraph"
              }
            ],
            "param": "mask",
            "type_": "(M, N) ndarray of bool"
          },
          "type": "Param"
        }
      ],
      "title": null
    },
    "Summary": {
      "children": [
        {
          "data": {
            "inline": [
              {
                "data": {
                  "value": "Test whether points on a specified grid are inside a polygon."
                },
                "type": "Words"
              }
            ],
            "inner": []
          },
          "type": "Paragraph"
        }
      ],
      "title": null
    },
    "Warnings": {
      "children": [],
      "title": null
    },
    "Warns": {
      "children": [],
      "title": null
    },
    "Yields": {
      "children": [],
      "title": null
    }
  },
  "aliases": [
    "skimage.measure._pnpoly._grid_points_in_poly"
  ],
  "arbitrary": [],
  "example_section_data": {
    "children": [],
    "title": null
  },
  "item_file": null,
  "item_line": null,
  "item_type": "<class 'builtin_function_or_method'>",
  "ordered_sections": [
    "Summary",
    "Extended Summary",
    "Parameters",
    "See Also",
    "Returns"
  ],
  "references": null,
  "refs": [
    "points_in_poly"
  ],
  "see_also": [
    {
      "descriptions": [],
      "name": {
        "exists": null,
        "name": "points_in_poly",
        "ref": null
      },
      "type": null
    }
  ],
  "signature": null
}