{
  "_content": {
    "Attributes": {
      "children": [],
      "title": null
    },
    "Extended Summary": {
      "children": [],
      "title": null
    },
    "Methods": {
      "children": [],
      "title": null
    },
    "Notes": {
      "children": [],
      "title": null
    },
    "Other Parameters": {
      "children": [],
      "title": null
    },
    "Parameters": {
      "children": [
        {
          "data": {
            "desc": [],
            "param": "image",
            "type_": "ndarray"
          },
          "type": "Param"
        }
      ],
      "title": null
    },
    "Raises": {
      "children": [],
      "title": null
    },
    "Receives": {
      "children": [],
      "title": null
    },
    "Returns": {
      "children": [
        {
          "data": {
            "desc": [
              {
                "data": {
                  "inline": [
                    {
                      "data": {
                        "value": "New array where each pixel has the rank-order value of the corresponding pixel in "
                      },
                      "type": "Words"
                    },
                    {
                      "data": {
                        "value": [
                          "image"
                        ]
                      },
                      "type": "Verbatim"
                    },
                    {
                      "data": {
                        "value": ". Pixel values are between 0 and n - 1, where n is the number of distinct unique values in "
                      },
                      "type": "Words"
                    },
                    {
                      "data": {
                        "value": [
                          "image"
                        ]
                      },
                      "type": "Verbatim"
                    },
                    {
                      "data": {
                        "value": "."
                      },
                      "type": "Words"
                    }
                  ],
                  "inner": []
                },
                "type": "Paragraph"
              }
            ],
            "param": "labels",
            "type_": "ndarray of type np.uint32, of shape image.shape"
          },
          "type": "Param"
        },
        {
          "data": {
            "desc": [
              {
                "data": {
                  "inline": [
                    {
                      "data": {
                        "value": "Unique original values of "
                      },
                      "type": "Words"
                    },
                    {
                      "data": {
                        "value": [
                          "image"
                        ]
                      },
                      "type": "Verbatim"
                    }
                  ],
                  "inner": []
                },
                "type": "Paragraph"
              }
            ],
            "param": "original_values",
            "type_": "1-D ndarray"
          },
          "type": "Param"
        }
      ],
      "title": null
    },
    "Summary": {
      "children": [
        {
          "data": {
            "inline": [
              {
                "data": {
                  "value": "Return an image of the same shape where each pixel is the index of the pixel value in the ascending order of the unique values of "
                },
                "type": "Words"
              },
              {
                "data": {
                  "value": [
                    "image"
                  ]
                },
                "type": "Verbatim"
              },
              {
                "data": {
                  "value": ", aka the rank-order value."
                },
                "type": "Words"
              }
            ],
            "inner": []
          },
          "type": "Paragraph"
        }
      ],
      "title": null
    },
    "Warnings": {
      "children": [],
      "title": null
    },
    "Warns": {
      "children": [],
      "title": null
    },
    "Yields": {
      "children": [],
      "title": null
    }
  },
  "aliases": [
    "skimage.filters.rank_order"
  ],
  "arbitrary": [],
  "example_section_data": {
    "children": [
      {
        "data": {
          "ce_status": "compiled",
          "entries": [
            [
              "a",
              "numpy.ndarray",
              ""
            ],
            [
              " ",
              "",
              ""
            ],
            [
              "=",
              "",
              "o"
            ],
            [
              " ",
              "",
              ""
            ],
            [
              "np",
              "numpy",
              ""
            ],
            [
              ".",
              "",
              "o"
            ],
            [
              "array",
              "numpy.array",
              ""
            ],
            [
              "(",
              "",
              ""
            ],
            [
              "[",
              "",
              ""
            ],
            [
              "[",
              "",
              ""
            ],
            [
              "1",
              "",
              "mi"
            ],
            [
              ",",
              "",
              ""
            ],
            [
              " ",
              "",
              ""
            ],
            [
              "4",
              "",
              "mi"
            ],
            [
              ",",
              "",
              ""
            ],
            [
              " ",
              "",
              ""
            ],
            [
              "5",
              "",
              "mi"
            ],
            [
              "]",
              "",
              ""
            ],
            [
              ",",
              "",
              ""
            ],
            [
              " ",
              "",
              ""
            ],
            [
              "[",
              "",
              ""
            ],
            [
              "4",
              "",
              "mi"
            ],
            [
              ",",
              "",
              ""
            ],
            [
              " ",
              "",
              ""
            ],
            [
              "4",
              "",
              "mi"
            ],
            [
              ",",
              "",
              ""
            ],
            [
              " ",
              "",
              ""
            ],
            [
              "1",
              "",
              "mi"
            ],
            [
              "]",
              "",
              ""
            ],
            [
              ",",
              "",
              ""
            ],
            [
              " ",
              "",
              ""
            ],
            [
              "[",
              "",
              ""
            ],
            [
              "5",
              "",
              "mi"
            ],
            [
              ",",
              "",
              ""
            ],
            [
              " ",
              "",
              ""
            ],
            [
              "1",
              "",
              "mi"
            ],
            [
              ",",
              "",
              ""
            ],
            [
              " ",
              "",
              ""
            ],
            [
              "1",
              "",
              "mi"
            ],
            [
              "]",
              "",
              ""
            ],
            [
              "]",
              "",
              ""
            ],
            [
              ")",
              "",
              ""
            ],
            [
              "\n",
              "",
              ""
            ],
            [
              "a",
              "numpy.ndarray",
              ""
            ]
          ],
          "out": "array([[1, 4, 5],\n       [4, 4, 1],\n       [5, 1, 1]])"
        },
        "type": "Code"
      },
      {
        "data": {
          "ce_status": "compiled",
          "entries": [
            [
              "rank_order",
              "skimage.filters._rank_order.rank_order",
              ""
            ],
            [
              "(",
              "",
              ""
            ],
            [
              "a",
              "numpy.ndarray",
              ""
            ],
            [
              ")",
              "",
              ""
            ]
          ],
          "out": "(array([[0, 1, 2],\n       [1, 1, 0],\n       [2, 0, 0]], dtype=uint32), array([1, 4, 5]))"
        },
        "type": "Code"
      },
      {
        "data": {
          "ce_status": "compiled",
          "entries": [
            [
              "b",
              "numpy.ndarray",
              ""
            ],
            [
              " ",
              "",
              ""
            ],
            [
              "=",
              "",
              "o"
            ],
            [
              " ",
              "",
              ""
            ],
            [
              "np",
              "numpy",
              ""
            ],
            [
              ".",
              "",
              "o"
            ],
            [
              "array",
              "numpy.array",
              ""
            ],
            [
              "(",
              "",
              ""
            ],
            [
              "[",
              "",
              ""
            ],
            [
              "-",
              "",
              "o"
            ],
            [
              "1.",
              "",
              "mf"
            ],
            [
              ",",
              "",
              ""
            ],
            [
              " ",
              "",
              ""
            ],
            [
              "2.5",
              "",
              "mf"
            ],
            [
              ",",
              "",
              ""
            ],
            [
              " ",
              "",
              ""
            ],
            [
              "3.1",
              "",
              "mf"
            ],
            [
              ",",
              "",
              ""
            ],
            [
              " ",
              "",
              ""
            ],
            [
              "2.5",
              "",
              "mf"
            ],
            [
              "]",
              "",
              ""
            ],
            [
              ")",
              "",
              ""
            ],
            [
              "\n",
              "",
              ""
            ],
            [
              "rank_order",
              "skimage.filters._rank_order.rank_order",
              ""
            ],
            [
              "(",
              "",
              ""
            ],
            [
              "b",
              "numpy.ndarray",
              ""
            ],
            [
              ")",
              "",
              ""
            ]
          ],
          "out": "(array([0, 1, 2, 1], dtype=uint32), array([-1. ,  2.5,  3.1]))"
        },
        "type": "Code"
      }
    ],
    "title": null
  },
  "item_file": "/skimage/filters/_rank_order.py",
  "item_line": 14,
  "item_type": "<class 'function'>",
  "ordered_sections": [
    "Summary",
    "Parameters",
    "Returns",
    "Examples"
  ],
  "references": null,
  "refs": [
    "numpy",
    "numpy.array",
    "numpy.ndarray",
    "skimage.filters._rank_order.rank_order"
  ],
  "see_also": [],
  "signature": {
    "value": "rank_order(image)"
  }
}