{
  "_content": {
    "Attributes": {
      "children": [],
      "title": null
    },
    "Extended Summary": {
      "children": [
        {
          "data": {
            "inline": [
              {
                "data": {
                  "value": "This corner detector uses information from the auto-correlation matrix A::      "
                },
                "type": "Words"
              }
            ],
            "inner": []
          },
          "type": "Paragraph"
        },
        {
          "data": {
            "value": "A = [(imx**2)   (imx*imy)] = [Axx Axy]\n    [(imx*imy)   (imy**2)]   [Axy Ayy]"
          },
          "type": "BlockVerbatim"
        },
        {
          "data": {
            "inline": [
              {
                "data": {
                  "value": "Where imx and imy are first derivatives, averaged with a gaussian filter. The corner measure is then defined as the smaller eigenvalue of A::      "
                },
                "type": "Words"
              }
            ],
            "inner": []
          },
          "type": "Paragraph"
        },
        {
          "data": {
            "value": "((Axx + Ayy) - sqrt((Axx - Ayy)**2 + 4 * Axy**2)) / 2"
          },
          "type": "BlockVerbatim"
        }
      ],
      "title": null
    },
    "Methods": {
      "children": [],
      "title": null
    },
    "Notes": {
      "children": [],
      "title": null
    },
    "Other Parameters": {
      "children": [],
      "title": null
    },
    "Parameters": {
      "children": [
        {
          "data": {
            "desc": [
              {
                "data": {
                  "inline": [
                    {
                      "data": {
                        "value": "Input image."
                      },
                      "type": "Words"
                    }
                  ],
                  "inner": []
                },
                "type": "Paragraph"
              }
            ],
            "param": "image",
            "type_": "ndarray"
          },
          "type": "Param"
        },
        {
          "data": {
            "desc": [
              {
                "data": {
                  "inline": [
                    {
                      "data": {
                        "value": "Standard deviation used for the Gaussian kernel, which is used as weighting function for the auto-correlation matrix."
                      },
                      "type": "Words"
                    }
                  ],
                  "inner": []
                },
                "type": "Paragraph"
              }
            ],
            "param": "sigma",
            "type_": "float, optional"
          },
          "type": "Param"
        }
      ],
      "title": null
    },
    "Raises": {
      "children": [],
      "title": null
    },
    "Receives": {
      "children": [],
      "title": null
    },
    "Returns": {
      "children": [
        {
          "data": {
            "desc": [
              {
                "data": {
                  "inline": [
                    {
                      "data": {
                        "value": "Shi-Tomasi response image."
                      },
                      "type": "Words"
                    }
                  ],
                  "inner": []
                },
                "type": "Paragraph"
              }
            ],
            "param": "response",
            "type_": "ndarray"
          },
          "type": "Param"
        }
      ],
      "title": null
    },
    "Summary": {
      "children": [
        {
          "data": {
            "inline": [
              {
                "data": {
                  "value": "Compute Shi-Tomasi (Kanade-Tomasi) corner measure response image."
                },
                "type": "Words"
              }
            ],
            "inner": []
          },
          "type": "Paragraph"
        }
      ],
      "title": null
    },
    "Warnings": {
      "children": [],
      "title": null
    },
    "Warns": {
      "children": [],
      "title": null
    },
    "Yields": {
      "children": [],
      "title": null
    }
  },
  "aliases": [
    "skimage.feature.corner_shi_tomasi"
  ],
  "arbitrary": [],
  "example_section_data": {
    "children": [
      {
        "data": {
          "ce_status": "compiled",
          "entries": [
            [
              "from",
              null,
              "kn"
            ],
            [
              " ",
              "",
              ""
            ],
            [
              "skimage",
              "skimage",
              "nn"
            ],
            [
              ".",
              "",
              "nn"
            ],
            [
              "feature",
              "skimage.feature",
              "nn"
            ],
            [
              " ",
              "",
              ""
            ],
            [
              "import",
              null,
              "kn"
            ],
            [
              " ",
              "",
              ""
            ],
            [
              "corner_shi_tomasi",
              "skimage.feature.corner.corner_shi_tomasi",
              ""
            ],
            [
              ",",
              "",
              ""
            ],
            [
              " ",
              "",
              ""
            ],
            [
              "corner_peaks",
              "skimage.feature.corner.corner_peaks",
              ""
            ],
            [
              "\n",
              "",
              ""
            ],
            [
              "square",
              "numpy.ndarray",
              ""
            ],
            [
              " ",
              "",
              ""
            ],
            [
              "=",
              "",
              "o"
            ],
            [
              " ",
              "",
              ""
            ],
            [
              "np",
              "numpy",
              ""
            ],
            [
              ".",
              "",
              "o"
            ],
            [
              "zeros",
              "numpy.zeros",
              ""
            ],
            [
              "(",
              "",
              ""
            ],
            [
              "[",
              "",
              ""
            ],
            [
              "10",
              "",
              "mi"
            ],
            [
              ",",
              "",
              ""
            ],
            [
              " ",
              "",
              ""
            ],
            [
              "10",
              "",
              "mi"
            ],
            [
              "]",
              "",
              ""
            ],
            [
              ")",
              "",
              ""
            ],
            [
              "\n",
              "",
              ""
            ],
            [
              "square",
              "numpy.ndarray",
              ""
            ],
            [
              "[",
              "",
              ""
            ],
            [
              "2",
              "",
              "mi"
            ],
            [
              ":",
              "",
              ""
            ],
            [
              "8",
              "",
              "mi"
            ],
            [
              ",",
              "",
              ""
            ],
            [
              " ",
              "",
              ""
            ],
            [
              "2",
              "",
              "mi"
            ],
            [
              ":",
              "",
              ""
            ],
            [
              "8",
              "",
              "mi"
            ],
            [
              "]",
              "",
              ""
            ],
            [
              " ",
              "",
              ""
            ],
            [
              "=",
              "",
              "o"
            ],
            [
              " ",
              "",
              ""
            ],
            [
              "1",
              "",
              "mi"
            ],
            [
              "\n",
              "",
              ""
            ],
            [
              "square",
              "numpy.ndarray",
              ""
            ],
            [
              ".",
              "",
              "o"
            ],
            [
              "astype",
              "numpy.ndarray.astype",
              ""
            ],
            [
              "(",
              "",
              ""
            ],
            [
              "int",
              "builtins.int",
              "nb"
            ],
            [
              ")",
              "",
              ""
            ]
          ],
          "out": "array([[0, 0, 0, 0, 0, 0, 0, 0, 0, 0],\n       [0, 0, 0, 0, 0, 0, 0, 0, 0, 0],\n       [0, 0, 1, 1, 1, 1, 1, 1, 0, 0],\n       [0, 0, 1, 1, 1, 1, 1, 1, 0, 0],\n       [0, 0, 1, 1, 1, 1, 1, 1, 0, 0],\n       [0, 0, 1, 1, 1, 1, 1, 1, 0, 0],\n       [0, 0, 1, 1, 1, 1, 1, 1, 0, 0],\n       [0, 0, 1, 1, 1, 1, 1, 1, 0, 0],\n       [0, 0, 0, 0, 0, 0, 0, 0, 0, 0],\n       [0, 0, 0, 0, 0, 0, 0, 0, 0, 0]])"
        },
        "type": "Code"
      },
      {
        "data": {
          "ce_status": "compiled",
          "entries": [
            [
              "corner_peaks",
              "skimage.feature.corner.corner_peaks",
              ""
            ],
            [
              "(",
              "",
              ""
            ],
            [
              "corner_shi_tomasi",
              "skimage.feature.corner.corner_shi_tomasi",
              ""
            ],
            [
              "(",
              "",
              ""
            ],
            [
              "square",
              "numpy.ndarray",
              ""
            ],
            [
              ")",
              "",
              ""
            ],
            [
              ",",
              "",
              ""
            ],
            [
              " ",
              "",
              ""
            ],
            [
              "min_distance",
              null,
              ""
            ],
            [
              "=",
              "",
              "o"
            ],
            [
              "1",
              "",
              "mi"
            ],
            [
              ",",
              "",
              ""
            ],
            [
              "\n",
              "",
              ""
            ],
            [
              "             ",
              "",
              ""
            ],
            [
              "threshold_rel",
              null,
              ""
            ],
            [
              "=",
              "",
              "o"
            ],
            [
              "0",
              "",
              "mi"
            ],
            [
              ")",
              "",
              ""
            ]
          ],
          "out": "array([[2, 2],\n       [2, 7],\n       [7, 2],\n       [7, 7]])"
        },
        "type": "Code"
      }
    ],
    "title": null
  },
  "item_file": "/skimage/feature/corner.py",
  "item_line": 528,
  "item_type": "<class 'function'>",
  "ordered_sections": [
    "Summary",
    "Extended Summary",
    "Parameters",
    "Returns",
    "References",
    "Examples"
  ],
  "references": null,
  "refs": [
    "builtins.int",
    "numpy",
    "numpy.ndarray",
    "numpy.ndarray.astype",
    "numpy.zeros",
    "skimage",
    "skimage.feature",
    "skimage.feature.corner.corner_peaks",
    "skimage.feature.corner.corner_shi_tomasi"
  ],
  "see_also": [],
  "signature": {
    "value": "corner_shi_tomasi(image, sigma=1)"
  }
}