{
  "_content": {
    "Summary": {
      "children": [
        {
          "type": "Paragraph",
          "data": {
            "inline": [
              {
                "type": "Words",
                "data": {
                  "value": "Return the mapping parameters."
                }
              }
            ],
            "inner": []
          }
        }
      ],
      "title": null
    },
    "Extended Summary": {
      "children": [
        {
          "type": "Paragraph",
          "data": {
            "inline": [
              {
                "type": "Words",
                "data": {
                  "value": "The returned values define a linear map "
                }
              },
              {
                "type": "Verbatim",
                "data": {
                  "value": [
                    "off",
                    " ",
                    "+",
                    " ",
                    "scl",
                    "*",
                    "x"
                  ]
                }
              },
              {
                "type": "Words",
                "data": {
                  "value": " that is applied to the input arguments before the series is evaluated. The map depends on the "
                }
              },
              {
                "type": "Verbatim",
                "data": {
                  "value": [
                    "domain"
                  ]
                }
              },
              {
                "type": "Words",
                "data": {
                  "value": " and "
                }
              },
              {
                "type": "Verbatim",
                "data": {
                  "value": [
                    "window"
                  ]
                }
              },
              {
                "type": "Words",
                "data": {
                  "value": "; if the current "
                }
              },
              {
                "type": "Verbatim",
                "data": {
                  "value": [
                    "domain"
                  ]
                }
              },
              {
                "type": "Words",
                "data": {
                  "value": " is equal to the "
                }
              },
              {
                "type": "Verbatim",
                "data": {
                  "value": [
                    "window"
                  ]
                }
              },
              {
                "type": "Words",
                "data": {
                  "value": " the resulting map is the identity.  If the coefficients of the series instance are to be used by themselves outside this class, then the linear function must be substituted for the "
                }
              },
              {
                "type": "Verbatim",
                "data": {
                  "value": [
                    "x"
                  ]
                }
              },
              {
                "type": "Words",
                "data": {
                  "value": " in the standard representation of the base polynomials."
                }
              }
            ],
            "inner": []
          }
        }
      ],
      "title": null
    },
    "Parameters": {
      "children": [],
      "title": null
    },
    "Returns": {
      "children": [
        {
          "type": "Param",
          "data": {
            "param": "off, scl",
            "type_": "float or complex",
            "desc": [
              {
                "type": "Paragraph",
                "data": {
                  "inline": [
                    {
                      "type": "Words",
                      "data": {
                        "value": "The mapping function is defined by "
                      }
                    },
                    {
                      "type": "Verbatim",
                      "data": {
                        "value": [
                          "off",
                          " ",
                          "+",
                          " ",
                          "scl",
                          "*",
                          "x"
                        ]
                      }
                    },
                    {
                      "type": "Words",
                      "data": {
                        "value": "."
                      }
                    }
                  ],
                  "inner": []
                }
              }
            ]
          }
        }
      ],
      "title": null
    },
    "Yields": {
      "children": [],
      "title": null
    },
    "Receives": {
      "children": [],
      "title": null
    },
    "Raises": {
      "children": [],
      "title": null
    },
    "Warns": {
      "children": [],
      "title": null
    },
    "Other Parameters": {
      "children": [],
      "title": null
    },
    "Attributes": {
      "children": [],
      "title": null
    },
    "Methods": {
      "children": [],
      "title": null
    },
    "Notes": {
      "children": [
        {
          "type": "Paragraph",
          "data": {
            "inline": [
              {
                "type": "Words",
                "data": {
                  "value": "If the current domain is the interval "
                }
              },
              {
                "type": "Verbatim",
                "data": {
                  "value": [
                    "[l1,",
                    " ",
                    "r1]"
                  ]
                }
              },
              {
                "type": "Words",
                "data": {
                  "value": " and the window is "
                }
              },
              {
                "type": "Verbatim",
                "data": {
                  "value": [
                    "[l2,",
                    " ",
                    "r2]"
                  ]
                }
              },
              {
                "type": "Words",
                "data": {
                  "value": ", then the linear mapping function "
                }
              },
              {
                "type": "Verbatim",
                "data": {
                  "value": [
                    "L"
                  ]
                }
              },
              {
                "type": "Words",
                "data": {
                  "value": " is defined by the equations::"
                }
              }
            ],
            "inner": []
          }
        },
        {
          "type": "BlockVerbatim",
          "data": {
            "lines": {
              "_lines": [
                {
                  "_line": "    L(l1) = l2",
                  "_number": 4,
                  "_offset": 4
                },
                {
                  "_line": "    L(r1) = r2",
                  "_number": 5,
                  "_offset": 4
                }
              ]
            }
          }
        }
      ],
      "title": null
    },
    "Warnings": {
      "children": [],
      "title": null
    }
  },
  "refs": [],
  "ordered_sections": [
    "Summary",
    "Extended Summary",
    "Returns",
    "Notes"
  ],
  "item_file": "/Users/bussonniermatthias/miniconda3/lib/python3.8/site-packages/numpy/polynomial/_polybase.py",
  "item_line": 772,
  "item_type": "<class 'function'>",
  "aliases": [
    "numpy.polynomial._polybase.ABCPolyBase.mapparms"
  ],
  "example_section_data": {
    "children": [],
    "title": null
  },
  "see_also": [],
  "signature": "mapparms(self)",
  "references": null,
  "arbitrary": []
}