{
  "_content": {
    "Summary": {
      "children": [
        {
          "type": "Paragraph",
          "data": {
            "inline": [
              {
                "type": "Words",
                "data": {
                  "value": "Broadcast any number of arrays against each other."
                }
              }
            ],
            "inner": []
          }
        }
      ],
      "title": null
    },
    "Extended Summary": {
      "children": [],
      "title": null
    },
    "Parameters": {
      "children": [
        {
          "type": "Param",
          "data": {
            "param": "`*args`",
            "type_": "array_likes",
            "desc": [
              {
                "type": "Paragraph",
                "data": {
                  "inline": [
                    {
                      "type": "Words",
                      "data": {
                        "value": "The arrays to broadcast."
                      }
                    }
                  ],
                  "inner": []
                }
              }
            ]
          }
        },
        {
          "type": "Param",
          "data": {
            "param": "subok",
            "type_": "bool, optional",
            "desc": [
              {
                "type": "Paragraph",
                "data": {
                  "inline": [
                    {
                      "type": "Words",
                      "data": {
                        "value": "If True, then sub-classes will be passed-through, otherwise the returned arrays will be forced to be a base-class array (default)."
                      }
                    }
                  ],
                  "inner": []
                }
              }
            ]
          }
        }
      ],
      "title": null
    },
    "Returns": {
      "children": [
        {
          "type": "Param",
          "data": {
            "param": "broadcasted",
            "type_": "list of arrays",
            "desc": [
              {
                "type": "Paragraph",
                "data": {
                  "inline": [
                    {
                      "type": "Words",
                      "data": {
                        "value": "These arrays are views on the original arrays.  They are typically not contiguous.  Furthermore, more than one element of a broadcasted array may refer to a single memory location. If you need to write to the arrays, make copies first. While you can set the "
                      }
                    },
                    {
                      "type": "Verbatim",
                      "data": {
                        "value": [
                          "writable"
                        ]
                      }
                    },
                    {
                      "type": "Words",
                      "data": {
                        "value": " flag True, writing to a single output value may end up changing more than one location in the output array."
                      }
                    }
                  ],
                  "inner": []
                }
              },
              {
                "type": "BlockDirective",
                "data": {
                  "lines": {
                    "_lines": [
                      {
                        "_line": ".. deprecated:: 1.17",
                        "_number": 7,
                        "_offset": 0
                      }
                    ]
                  },
                  "wh": {
                    "_lines": []
                  },
                  "ind": {
                    "_lines": [
                      {
                        "_line": "    The output is currently marked so that if written to, a deprecation",
                        "_number": 8,
                        "_offset": 0
                      },
                      {
                        "_line": "    warning will be emitted. A future version will set the",
                        "_number": 9,
                        "_offset": 0
                      },
                      {
                        "_line": "    ``writable`` flag False so writing to it will raise an error.",
                        "_number": 10,
                        "_offset": 0
                      }
                    ]
                  },
                  "directive_name": "deprecated",
                  "args0": [
                    " 1.17"
                  ],
                  "inner": {
                    "inline": [
                      {
                        "type": "Words",
                        "data": {
                          "value": "The output is currently marked so that if written to, a deprecation warning will be emitted. A future version will set the "
                        }
                      },
                      {
                        "type": "Verbatim",
                        "data": {
                          "value": [
                            "writable"
                          ]
                        }
                      },
                      {
                        "type": "Words",
                        "data": {
                          "value": " flag False so writing to it will raise an error."
                        }
                      }
                    ],
                    "inner": []
                  }
                }
              }
            ]
          }
        }
      ],
      "title": null
    },
    "Yields": {
      "children": [],
      "title": null
    },
    "Receives": {
      "children": [],
      "title": null
    },
    "Raises": {
      "children": [],
      "title": null
    },
    "Warns": {
      "children": [],
      "title": null
    },
    "Other Parameters": {
      "children": [],
      "title": null
    },
    "Attributes": {
      "children": [],
      "title": null
    },
    "Methods": {
      "children": [],
      "title": null
    },
    "Notes": {
      "children": [],
      "title": null
    },
    "Warnings": {
      "children": [],
      "title": null
    }
  },
  "refs": [
    "broadcast",
    "broadcast_shapes",
    "broadcast_to",
    "numpy",
    "numpy.array",
    "numpy.broadcast_arrays",
    "numpy.ndarray"
  ],
  "ordered_sections": [
    "Summary",
    "Parameters",
    "Returns",
    "See Also",
    "Examples"
  ],
  "item_file": "<__array_function__ internals>",
  "item_line": 478,
  "item_type": "<class 'function'>",
  "aliases": [
    "numpy.broadcast_arrays"
  ],
  "example_section_data": {
    "children": [
      {
        "type": "Code",
        "data": {
          "entries": [
            [
              "x",
              "numpy.ndarray",
              ""
            ],
            [
              " ",
              "",
              ""
            ],
            [
              "=",
              "",
              "o"
            ],
            [
              " ",
              "",
              ""
            ],
            [
              "np",
              "numpy",
              ""
            ],
            [
              ".",
              "",
              "o"
            ],
            [
              "array",
              "numpy.array",
              ""
            ],
            [
              "(",
              "",
              ""
            ],
            [
              "[",
              "",
              ""
            ],
            [
              "[",
              "",
              ""
            ],
            [
              "1",
              "",
              "mi"
            ],
            [
              ",",
              "",
              ""
            ],
            [
              " ",
              "",
              ""
            ],
            [
              "2",
              "",
              "mi"
            ],
            [
              ",",
              "",
              ""
            ],
            [
              " ",
              "",
              ""
            ],
            [
              "3",
              "",
              "mi"
            ],
            [
              "]",
              "",
              ""
            ],
            [
              "]",
              "",
              ""
            ],
            [
              ")",
              "",
              ""
            ],
            [
              "\n",
              "",
              ""
            ],
            [
              "y",
              "numpy.ndarray",
              ""
            ],
            [
              " ",
              "",
              ""
            ],
            [
              "=",
              "",
              "o"
            ],
            [
              " ",
              "",
              ""
            ],
            [
              "np",
              "numpy",
              ""
            ],
            [
              ".",
              "",
              "o"
            ],
            [
              "array",
              "numpy.array",
              ""
            ],
            [
              "(",
              "",
              ""
            ],
            [
              "[",
              "",
              ""
            ],
            [
              "[",
              "",
              ""
            ],
            [
              "4",
              "",
              "mi"
            ],
            [
              "]",
              "",
              ""
            ],
            [
              ",",
              "",
              ""
            ],
            [
              " ",
              "",
              ""
            ],
            [
              "[",
              "",
              ""
            ],
            [
              "5",
              "",
              "mi"
            ],
            [
              "]",
              "",
              ""
            ],
            [
              "]",
              "",
              ""
            ],
            [
              ")",
              "",
              ""
            ],
            [
              "\n",
              "",
              ""
            ],
            [
              "np",
              "numpy",
              ""
            ],
            [
              ".",
              "",
              "o"
            ],
            [
              "broadcast_arrays",
              "numpy.broadcast_arrays",
              ""
            ],
            [
              "(",
              "",
              ""
            ],
            [
              "x",
              "numpy.ndarray",
              ""
            ],
            [
              ",",
              "",
              ""
            ],
            [
              " ",
              "",
              ""
            ],
            [
              "y",
              "numpy.ndarray",
              ""
            ],
            [
              ")",
              "",
              ""
            ]
          ],
          "out": "[array([[1, 2, 3],\n       [1, 2, 3]]), array([[4, 4, 4],\n       [5, 5, 5]])]",
          "ce_status": "execed"
        }
      },
      {
        "type": "Paragraph",
        "data": {
          "inline": [
            {
              "type": "Words",
              "data": {
                "value": "Here is a useful idiom for getting contiguous copies instead of non-contiguous views."
              }
            }
          ],
          "inner": []
        }
      },
      {
        "type": "Code",
        "data": {
          "entries": [
            [
              "[",
              "",
              ""
            ],
            [
              "np",
              "numpy",
              ""
            ],
            [
              ".",
              "",
              "o"
            ],
            [
              "array",
              "numpy.array",
              ""
            ],
            [
              "(",
              "",
              ""
            ],
            [
              "a",
              "numpy.ndarray",
              ""
            ],
            [
              ")",
              "",
              ""
            ],
            [
              " ",
              "",
              ""
            ],
            [
              "for",
              null,
              "k"
            ],
            [
              " ",
              "",
              ""
            ],
            [
              "a",
              "numpy.ndarray",
              ""
            ],
            [
              " ",
              "",
              ""
            ],
            [
              "in",
              null,
              "ow"
            ],
            [
              " ",
              "",
              ""
            ],
            [
              "np",
              "numpy",
              ""
            ],
            [
              ".",
              "",
              "o"
            ],
            [
              "broadcast_arrays",
              "numpy.broadcast_arrays",
              ""
            ],
            [
              "(",
              "",
              ""
            ],
            [
              "x",
              "numpy.ndarray",
              ""
            ],
            [
              ",",
              "",
              ""
            ],
            [
              " ",
              "",
              ""
            ],
            [
              "y",
              "numpy.ndarray",
              ""
            ],
            [
              ")",
              "",
              ""
            ],
            [
              "]",
              "",
              ""
            ]
          ],
          "out": "[array([[1, 2, 3],\n       [1, 2, 3]]), array([[4, 4, 4],\n       [5, 5, 5]])]",
          "ce_status": "execed"
        }
      }
    ],
    "title": null
  },
  "see_also": [
    {
      "name": {
        "name": "broadcast",
        "ref": null,
        "exists": null
      },
      "descriptions": [],
      "type": null
    },
    {
      "name": {
        "name": "broadcast_to",
        "ref": null,
        "exists": null
      },
      "descriptions": [],
      "type": null
    },
    {
      "name": {
        "name": "broadcast_shapes",
        "ref": null,
        "exists": null
      },
      "descriptions": [],
      "type": null
    }
  ],
  "signature": "broadcast_arrays(*args, subok=False)",
  "references": null,
  "arbitrary": []
}