{
  "_content": {
    "Summary": {
      "children": [
        {
          "type": "Paragraph",
          "data": {
            "inline": [
              {
                "type": "Words",
                "data": {
                  "value": "Helper function used to implement the "
                }
              },
              {
                "type": "Verbatim",
                "data": {
                  "value": [
                    "<type>grid<n>d"
                  ]
                }
              },
              {
                "type": "Words",
                "data": {
                  "value": " functions."
                }
              }
            ],
            "inner": []
          }
        }
      ],
      "title": null
    },
    "Extended Summary": {
      "children": [],
      "title": null
    },
    "Parameters": {
      "children": [
        {
          "type": "Param",
          "data": {
            "param": "val_f",
            "type_": "function(array_like, array_like, tensor: bool) -> array_like",
            "desc": [
              {
                "type": "Paragraph",
                "data": {
                  "inline": [
                    {
                      "type": "Words",
                      "data": {
                        "value": "The "
                      }
                    },
                    {
                      "type": "Verbatim",
                      "data": {
                        "value": [
                          "<type>val"
                        ]
                      }
                    },
                    {
                      "type": "Words",
                      "data": {
                        "value": " function, such as "
                      }
                    },
                    {
                      "type": "Verbatim",
                      "data": {
                        "value": [
                          "polyval"
                        ]
                      }
                    }
                  ],
                  "inner": []
                }
              }
            ]
          }
        },
        {
          "type": "Param",
          "data": {
            "param": "c, args",
            "type_": "",
            "desc": [
              {
                "type": "Paragraph",
                "data": {
                  "inline": [
                    {
                      "type": "Words",
                      "data": {
                        "value": "See the "
                      }
                    },
                    {
                      "type": "Verbatim",
                      "data": {
                        "value": [
                          "<type>grid<n>d"
                        ]
                      }
                    },
                    {
                      "type": "Words",
                      "data": {
                        "value": " functions for more detail"
                      }
                    }
                  ],
                  "inner": []
                }
              }
            ]
          }
        }
      ],
      "title": null
    },
    "Returns": {
      "children": [],
      "title": null
    },
    "Yields": {
      "children": [],
      "title": null
    },
    "Receives": {
      "children": [],
      "title": null
    },
    "Raises": {
      "children": [],
      "title": null
    },
    "Warns": {
      "children": [],
      "title": null
    },
    "Other Parameters": {
      "children": [],
      "title": null
    },
    "Attributes": {
      "children": [],
      "title": null
    },
    "Methods": {
      "children": [],
      "title": null
    },
    "Notes": {
      "children": [],
      "title": null
    },
    "Warnings": {
      "children": [],
      "title": null
    }
  },
  "refs": [],
  "ordered_sections": [
    "Summary",
    "Parameters"
  ],
  "item_file": "/Users/bussonniermatthias/miniconda3/lib/python3.8/site-packages/numpy/polynomial/polyutils.py",
  "item_line": 562,
  "item_type": "<class 'function'>",
  "aliases": [
    "numpy.polynomial.polyutils._gridnd"
  ],
  "example_section_data": {
    "children": [],
    "title": null
  },
  "see_also": [],
  "signature": "_gridnd(val_f, c, *args)",
  "references": null,
  "arbitrary": []
}