{
  "_content": {
    "Attributes": {
      "children": [],
      "title": null
    },
    "Extended Summary": {
      "children": [
        {
          "data": {
            "children": [
              {
                "data": {
                  "value": "Authors:"
                },
                "type": "Words"
              }
            ]
          },
          "type": "Paragraph"
        },
        {
          "data": {
            "children": [
              {
                "children": [
                  {
                    "data": {
                      "children": [
                        {
                          "data": {
                            "value": "Brian E. Granger"
                          },
                          "type": "Words"
                        }
                      ]
                    },
                    "type": "Paragraph"
                  }
                ]
              },
              {
                "children": [
                  {
                    "data": {
                      "children": [
                        {
                          "data": {
                            "value": "Fernando Perez"
                          },
                          "type": "Words"
                        }
                      ]
                    },
                    "type": "Paragraph"
                  }
                ]
              },
              {
                "children": [
                  {
                    "data": {
                      "children": [
                        {
                          "data": {
                            "value": "Alexander Belchenko (e-mail: bialix AT ukr.net)"
                          },
                          "type": "Words"
                        }
                      ]
                    },
                    "type": "Paragraph"
                  }
                ]
              }
            ]
          },
          "type": "BulletList"
        }
      ],
      "title": null
    },
    "Methods": {
      "children": [],
      "title": null
    },
    "Notes": {
      "children": [],
      "title": null
    },
    "Other Parameters": {
      "children": [],
      "title": null
    },
    "Parameters": {
      "children": [],
      "title": null
    },
    "Raises": {
      "children": [],
      "title": null
    },
    "Receives": {
      "children": [],
      "title": null
    },
    "Returns": {
      "children": [],
      "title": null
    },
    "Summary": {
      "children": [
        {
          "data": {
            "children": [
              {
                "data": {
                  "value": "Utilities for working with terminals."
                },
                "type": "Words"
              }
            ]
          },
          "type": "Paragraph"
        }
      ],
      "title": null
    },
    "Warnings": {
      "children": [],
      "title": null
    },
    "Warns": {
      "children": [],
      "title": null
    },
    "Yields": {
      "children": [],
      "title": null
    }
  },
  "aliases": [
    "IPython.utils.terminal"
  ],
  "arbitrary": [
    {
      "children": [
        {
          "data": {
            "children": [
              {
                "data": {
                  "value": "Utilities for working with terminals."
                },
                "type": "Words"
              }
            ]
          },
          "type": "Paragraph"
        },
        {
          "data": {
            "children": [
              {
                "data": {
                  "value": "Authors:"
                },
                "type": "Words"
              }
            ]
          },
          "type": "Paragraph"
        },
        {
          "data": {
            "children": [
              {
                "children": [
                  {
                    "data": {
                      "children": [
                        {
                          "data": {
                            "value": "Brian E. Granger"
                          },
                          "type": "Words"
                        }
                      ]
                    },
                    "type": "Paragraph"
                  }
                ]
              },
              {
                "children": [
                  {
                    "data": {
                      "children": [
                        {
                          "data": {
                            "value": "Fernando Perez"
                          },
                          "type": "Words"
                        }
                      ]
                    },
                    "type": "Paragraph"
                  }
                ]
              },
              {
                "children": [
                  {
                    "data": {
                      "children": [
                        {
                          "data": {
                            "value": "Alexander Belchenko (e-mail: bialix AT ukr.net)"
                          },
                          "type": "Words"
                        }
                      ]
                    },
                    "type": "Paragraph"
                  }
                ]
              }
            ]
          },
          "type": "BulletList"
        }
      ],
      "title": null
    }
  ],
  "example_section_data": {
    "children": [],
    "title": null
  },
  "item_file": "/IPython/utils/terminal.py",
  "item_line": 0,
  "item_type": "<class 'module'>",
  "ordered_sections": [
    "Summary",
    "Extended Summary"
  ],
  "references": null,
  "see_also": [],
  "signature": {
    "value": null
  }
}