{
  "_content": {
    "Attributes": {
      "children": [],
      "title": null
    },
    "Extended Summary": {
      "children": [
        {
          "data": {
            "children": [
              {
                "dd": [
                  {
                    "data": {
                      "children": [
                        {
                          "data": {
                            "value": "%pastebin [-d \"Custom description\"][-e 24] 1-7"
                          },
                          "type": "Words"
                        }
                      ]
                    },
                    "type": "Paragraph"
                  }
                ],
                "dt": {
                  "children": [
                    {
                      "data": {
                        "value": "Usage:\\"
                      },
                      "type": "Words"
                    }
                  ]
                }
              }
            ]
          },
          "type": "DefList"
        },
        {
          "data": {
            "children": [
              {
                "data": {
                  "value": "The argument can be an input history range, a filename, or the name of a string or macro."
                },
                "type": "Words"
              }
            ]
          },
          "type": "Paragraph"
        },
        {
          "data": {
            "children": [
              {
                "data": {
                  "value": "If no arguments are given, uploads the history of this session up to this point."
                },
                "type": "Words"
              }
            ]
          },
          "type": "Paragraph"
        },
        {
          "data": {
            "children": [
              {
                "data": {
                  "value": "Options:"
                },
                "type": "Words"
              }
            ]
          },
          "type": "Paragraph"
        },
        {
          "data": {
            "value": [
              "-d: Pass a custom description. The default will say",
              "    \"Pasted from IPython\".",
              "-e: Pass number of days for the link to be expired.",
              "    The default will be 7 days."
            ]
          },
          "type": "BlockQuote"
        }
      ],
      "title": null
    },
    "Methods": {
      "children": [],
      "title": null
    },
    "Notes": {
      "children": [],
      "title": null
    },
    "Other Parameters": {
      "children": [],
      "title": null
    },
    "Parameters": {
      "children": [],
      "title": null
    },
    "Raises": {
      "children": [],
      "title": null
    },
    "Receives": {
      "children": [],
      "title": null
    },
    "Returns": {
      "children": [],
      "title": null
    },
    "Summary": {
      "children": [
        {
          "data": {
            "children": [
              {
                "data": {
                  "value": "Upload code to dpaste.com, returning the URL."
                },
                "type": "Words"
              }
            ]
          },
          "type": "Paragraph"
        }
      ],
      "title": null
    },
    "Warnings": {
      "children": [],
      "title": null
    },
    "Warns": {
      "children": [],
      "title": null
    },
    "Yields": {
      "children": [],
      "title": null
    }
  },
  "aliases": [
    "IPython.core.magics.CodeMagics.pastebin"
  ],
  "arbitrary": [],
  "example_section_data": {
    "children": [],
    "title": null
  },
  "item_file": "/IPython/core/magics/code.py",
  "item_line": 251,
  "item_type": "<class 'function'>",
  "ordered_sections": [
    "Summary",
    "Extended Summary"
  ],
  "references": null,
  "refs": [],
  "see_also": [],
  "signature": {
    "value": "pastebin(self, parameter_s='')"
  }
}