{
  "_content": {
    "Attributes": {
      "children": [],
      "title": null
    },
    "Extended Summary": {
      "children": [
        {
          "data": {
            "children": [
              {
                "data": {
                  "value": "Return a dict with keys: {found, obj, ospace, ismagic}"
                },
                "type": "Words"
              }
            ]
          },
          "type": "Paragraph"
        },
        {
          "data": {
            "children": [
              {
                "data": {
                  "value": "Note: can cause state changes because of calling getattr, but should only be run if autocall is on and if the line hasn't matched any other, less dangerous handlers."
                },
                "type": "Words"
              }
            ]
          },
          "type": "Paragraph"
        },
        {
          "data": {
            "children": [
              {
                "data": {
                  "value": "Does cache the results of the call, so can be called multiple times without worrying about "
                },
                "type": "Words"
              },
              {
                "data": {
                  "value": {
                    "value": "further"
                  }
                },
                "type": "Emph"
              },
              {
                "data": {
                  "value": " damaging state."
                },
                "type": "Words"
              }
            ]
          },
          "type": "Paragraph"
        }
      ],
      "title": null
    },
    "Methods": {
      "children": [],
      "title": null
    },
    "Notes": {
      "children": [],
      "title": null
    },
    "Other Parameters": {
      "children": [],
      "title": null
    },
    "Parameters": {
      "children": [],
      "title": null
    },
    "Raises": {
      "children": [],
      "title": null
    },
    "Receives": {
      "children": [],
      "title": null
    },
    "Returns": {
      "children": [],
      "title": null
    },
    "Summary": {
      "children": [
        {
          "data": {
            "children": [
              {
                "data": {
                  "value": "Do a full, attribute-walking lookup of the ifun in the various namespaces for the given IPython InteractiveShell instance."
                },
                "type": "Words"
              }
            ]
          },
          "type": "Paragraph"
        }
      ],
      "title": null
    },
    "Warnings": {
      "children": [],
      "title": null
    },
    "Warns": {
      "children": [],
      "title": null
    },
    "Yields": {
      "children": [],
      "title": null
    }
  },
  "aliases": [
    "IPython.core.prefilter.LineInfo.ofind"
  ],
  "arbitrary": [],
  "example_section_data": {
    "children": [],
    "title": null
  },
  "item_file": "/IPython/core/splitinput.py",
  "item_line": 121,
  "item_type": "<class 'function'>",
  "ordered_sections": [
    "Summary",
    "Extended Summary"
  ],
  "references": null,
  "refs": [],
  "see_also": [],
  "signature": {
    "value": "ofind(self, ip)"
  }
}