{
  "_content": {
    "Summary": {
      "children": [
        {
          "type": "Example",
          "data": {
            "lines": {
              "_lines": [
                {
                  "_line": ">>> a, b, c = 'abc'",
                  "_number": 0,
                  "_offset": 0
                },
                {
                  "_line": ">>> d = {a: [b, c], b: [c]}",
                  "_number": 1,
                  "_offset": 0
                },
                {
                  "_line": ">>> reverse_dict(d)  # doctest: +SKIP",
                  "_number": 2,
                  "_offset": 0
                },
                {
                  "_line": "{'a': set([]), 'b': set(['a']}, 'c': set(['a', 'b'])}",
                  "_number": 3,
                  "_offset": 0
                }
              ]
            },
            "wh": {
              "_lines": []
            },
            "ind": {
              "_lines": []
            }
          }
        }
      ],
      "title": null
    },
    "Extended Summary": {
      "children": [],
      "title": null
    },
    "Parameters": {
      "children": [],
      "title": null
    },
    "Returns": {
      "children": [],
      "title": null
    },
    "Yields": {
      "children": [],
      "title": null
    },
    "Receives": {
      "children": [],
      "title": null
    },
    "Raises": {
      "children": [],
      "title": null
    },
    "Warns": {
      "children": [],
      "title": null
    },
    "Other Parameters": {
      "children": [],
      "title": null
    },
    "Attributes": {
      "children": [],
      "title": null
    },
    "Methods": {
      "children": [],
      "title": null
    },
    "Notes": {
      "children": [],
      "title": null
    },
    "Warnings": {
      "children": [],
      "title": null
    }
  },
  "refs": [],
  "ordered_sections": [
    "Summary",
    "Extended Summary"
  ],
  "item_file": "/Users/bussonniermatthias/dev/dask/dask/core.py",
  "item_line": 305,
  "item_type": "<class 'function'>",
  "aliases": [
    "dask.core.reverse_dict"
  ],
  "example_section_data": {
    "children": [],
    "title": null
  },
  "see_also": [],
  "signature": "reverse_dict(d)",
  "references": null,
  "arbitrary": []
}