{
  "version": "1.21.3",
  "logo": "logo.png",
  "aliases": {
    "numpy.bytes_": "numpy.Bytes0",
    "numpy.datetime64": "numpy.Datetime64",
    "numpy.str_": "numpy.Str0",
    "numpy.testing._private.nosetester.NoseTester": "numpy.Tester",
    "numpy.uint64": "numpy.Uint64",
    "numpy.core._multiarray_umath.add_docstring": "numpy.add_docstring",
    "numpy.core.function_base.add_newdoc": "numpy.add_newdoc",
    "numpy.bool_": "numpy.bool8",
    "numpy.int8": "numpy.byte",
    "numpy.lib.utils.byte_bounds": "numpy.byte_bounds",
    "numpy.complex128": "numpy.cdouble",
    "numpy.core.defchararray": "numpy.char",
    "numpy.core._multiarray_umath.compare_chararrays": "numpy.compare_chararrays",
    "numpy.lib.utils.deprecate": "numpy.deprecate",
    "numpy.lib.utils.deprecate_with_doc": "numpy.deprecate_with_doc",
    "numpy.lib.function_base.disp": "numpy.disp",
    "numpy.float64": "numpy.double",
    "numpy.lib.scimath": "numpy.emath",
    "numpy.core._multiarray_umath._fastCopyAndTranspose": "numpy.fastCopyAndTranspose",
    "numpy.lib.shape_base.get_array_wrap": "numpy.get_array_wrap",
    "numpy.lib.utils.get_include": "numpy.get_include",
    "numpy.int64": "numpy.int0",
    "numpy.lib.npyio.mafromtxt": "numpy.mafromtxt",
    "numpy.lib.npyio.ndfromtxt": "numpy.ndfromtxt",
    "numpy.object_": "numpy.object0",
    "numpy.core.records": "numpy.rec",
    "numpy.lib.npyio.recfromcsv": "numpy.recfromcsv",
    "numpy.lib.npyio.recfromtxt": "numpy.recfromtxt",
    "numpy.round_": "numpy.round",
    "numpy.vstack": "numpy.row_stack",
    "numpy.lib.utils.safe_eval": "numpy.safe_eval",
    "numpy.core.arrayprint.set_string_function": "numpy.set_string_function",
    "numpy.__config__.show": "numpy.show_config",
    "numpy.uint8": "numpy.ubyte",
    "numpy.lib.utils.who": "numpy.who",
    "numpy.core._exceptions.AxisError.__init__": "numpy.AxisError.__init__",
    "numpy.lib._datasource.DataSource.__init__": "numpy.DataSource.__init__",
    "numpy.lib._datasource.DataSource.__del__": "numpy.DataSource.__del__",
    "numpy.lib._datasource.DataSource.abspath": "numpy.DataSource.abspath",
    "numpy.lib._datasource.DataSource.exists": "numpy.DataSource.exists",
    "numpy.lib._datasource.DataSource.open": "numpy.DataSource.open",
    "numpy.core.machar.MachAr.__init__": "numpy.MachAr.__init__",
    "numpy.core.machar.MachAr.__str__": "numpy.MachAr.__str__",
    "numpy.testing._private.nosetester.NoseTester.__init__": "numpy.Tester.__init__",
    "numpy.testing._private.nosetester.NoseTester.prepare_test_args": "numpy.Tester.prepare_test_args",
    "numpy.testing._private.nosetester.NoseTester.test": "numpy.Tester.test",
    "numpy.testing._private.nosetester.NoseTester.bench": "numpy.Tester.bench",
    "numpy.core.defchararray.array": "numpy.char.array",
    "numpy.core.defchararray.asarray": "numpy.char.asarray",
    "numpy.compat.py3k.asbytes": "numpy.char.asbytes",
    "numpy.core.overrides": "numpy.char.overrides",
    "numpy.core.overrides.set_module": "numpy.char.set_module",
    "numpy.core.defchararray.chararray.__array_finalize__": "numpy.chararray.__array_finalize__",
    "numpy.core.defchararray.chararray.__getitem__": "numpy.chararray.__getitem__",
    "numpy.core.defchararray.chararray.__eq__": "numpy.chararray.__eq__",
    "numpy.core.defchararray.chararray.__ne__": "numpy.chararray.__ne__",
    "numpy.core.defchararray.chararray.__ge__": "numpy.chararray.__ge__",
    "numpy.core.defchararray.chararray.__le__": "numpy.chararray.__le__",
    "numpy.core.defchararray.chararray.__gt__": "numpy.chararray.__gt__",
    "numpy.core.defchararray.chararray.__lt__": "numpy.chararray.__lt__",
    "numpy.core.defchararray.chararray.__add__": "numpy.chararray.__add__",
    "numpy.core.defchararray.chararray.__radd__": "numpy.chararray.__radd__",
    "numpy.core.defchararray.chararray.__mul__": "numpy.chararray.__mul__",
    "numpy.core.defchararray.chararray.__rmul__": "numpy.chararray.__rmul__",
    "numpy.core.defchararray.chararray.__mod__": "numpy.chararray.__mod__",
    "numpy.core.defchararray.chararray.__rmod__": "numpy.chararray.__rmod__",
    "numpy.core.defchararray.chararray.argsort": "numpy.chararray.argsort",
    "numpy.core.defchararray.chararray.capitalize": "numpy.chararray.capitalize",
    "numpy.core.defchararray.chararray.center": "numpy.chararray.center",
    "numpy.core.defchararray.chararray.count": "numpy.chararray.count",
    "numpy.core.defchararray.chararray.decode": "numpy.chararray.decode",
    "numpy.core.defchararray.chararray.encode": "numpy.chararray.encode",
    "numpy.core.defchararray.chararray.endswith": "numpy.chararray.endswith",
    "numpy.core.defchararray.chararray.expandtabs": "numpy.chararray.expandtabs",
    "numpy.core.defchararray.chararray.find": "numpy.chararray.find",
    "numpy.core.defchararray.chararray.index": "numpy.chararray.index",
    "numpy.core.defchararray.chararray.isalnum": "numpy.chararray.isalnum",
    "numpy.core.defchararray.chararray.isalpha": "numpy.chararray.isalpha",
    "numpy.core.defchararray.chararray.isdigit": "numpy.chararray.isdigit",
    "numpy.core.defchararray.chararray.islower": "numpy.chararray.islower",
    "numpy.core.defchararray.chararray.isspace": "numpy.chararray.isspace",
    "numpy.core.defchararray.chararray.istitle": "numpy.chararray.istitle",
    "numpy.core.defchararray.chararray.isupper": "numpy.chararray.isupper",
    "numpy.core.defchararray.chararray.join": "numpy.chararray.join",
    "numpy.core.defchararray.chararray.ljust": "numpy.chararray.ljust",
    "numpy.core.defchararray.chararray.lower": "numpy.chararray.lower",
    "numpy.core.defchararray.chararray.lstrip": "numpy.chararray.lstrip",
    "numpy.core.defchararray.chararray.partition": "numpy.chararray.partition",
    "numpy.core.defchararray.chararray.replace": "numpy.chararray.replace",
    "numpy.core.defchararray.chararray.rfind": "numpy.chararray.rfind",
    "numpy.core.defchararray.chararray.rindex": "numpy.chararray.rindex",
    "numpy.core.defchararray.chararray.rjust": "numpy.chararray.rjust",
    "numpy.core.defchararray.chararray.rpartition": "numpy.chararray.rpartition",
    "numpy.core.defchararray.chararray.rsplit": "numpy.chararray.rsplit",
    "numpy.core.defchararray.chararray.rstrip": "numpy.chararray.rstrip",
    "numpy.core.defchararray.chararray.split": "numpy.chararray.split",
    "numpy.core.defchararray.chararray.splitlines": "numpy.chararray.splitlines",
    "numpy.core.defchararray.chararray.startswith": "numpy.chararray.startswith",
    "numpy.core.defchararray.chararray.strip": "numpy.chararray.strip",
    "numpy.core.defchararray.chararray.swapcase": "numpy.chararray.swapcase",
    "numpy.core.defchararray.chararray.title": "numpy.chararray.title",
    "numpy.core.defchararray.chararray.translate": "numpy.chararray.translate",
    "numpy.core.defchararray.chararray.upper": "numpy.chararray.upper",
    "numpy.core.defchararray.chararray.zfill": "numpy.chararray.zfill",
    "numpy.core.defchararray.chararray.isnumeric": "numpy.chararray.isnumeric",
    "numpy.core.defchararray.chararray.isdecimal": "numpy.chararray.isdecimal",
    "numpy.compat.py3k.asbytes_nested": "numpy.compat.asbytes_nested",
    "numpy.compat.py3k.asstr": "numpy.compat.asstr",
    "numpy.compat.py3k.asunicode": "numpy.compat.asunicode",
    "numpy.compat.py3k.asunicode_nested": "numpy.compat.asunicode_nested",
    "numpy.compat.py3k.contextlib_nullcontext": "numpy.compat.contextlib_nullcontext",
    "numpy.compat._inspect.formatargspec": "numpy.compat.formatargspec",
    "numpy.compat._inspect.getargspec": "numpy.compat.getargspec",
    "numpy.compat.py3k.getexception": "numpy.compat.getexception",
    "numpy.compat.py3k.is_pathlib_path": "numpy.compat.is_pathlib_path",
    "numpy.compat.py3k.isfileobj": "numpy.compat.isfileobj",
    "numpy.compat.py3k.npy_load_module": "numpy.compat.npy_load_module",
    "numpy.compat.py3k.open_latin1": "numpy.compat.open_latin1",
    "numpy.compat.py3k.sixu": "numpy.compat.sixu",
    "numpy.lib.scimath.arccos": "numpy.emath.arccos",
    "numpy.lib.scimath.arcsin": "numpy.emath.arcsin",
    "numpy.lib.scimath.arctanh": "numpy.emath.arctanh",
    "numpy.core.overrides.array_function_dispatch": "numpy.emath.array_function_dispatch",
    "numpy.lib.scimath.log": "numpy.emath.log",
    "numpy.lib.scimath.log10": "numpy.emath.log10",
    "numpy.lib.scimath.log2": "numpy.emath.log2",
    "numpy.lib.scimath.logn": "numpy.emath.logn",
    "numpy.lib.scimath.power": "numpy.emath.power",
    "numpy.lib.scimath.sqrt": "numpy.emath.sqrt",
    "numpy.core._ufunc_config.errstate.__init__": "numpy.errstate.__init__",
    "numpy.core._ufunc_config.errstate.__enter__": "numpy.errstate.__enter__",
    "numpy.core._ufunc_config.errstate.__exit__": "numpy.errstate.__exit__",
    "numpy.core.getlimits.finfo.__str__": "numpy.finfo.__str__",
    "numpy.core.getlimits.finfo.__repr__": "numpy.finfo.__repr__",
    "numpy.core.records.format_parser.__init__": "numpy.format_parser.__init__",
    "numpy.core.getlimits.iinfo.__init__": "numpy.iinfo.__init__",
    "numpy.core.getlimits.iinfo.__str__": "numpy.iinfo.__str__",
    "numpy.core.getlimits.iinfo.__repr__": "numpy.iinfo.__repr__",
    "numpy.lib.arrayterator.Arrayterator": "numpy.lib.Arrayterator",
    "numpy.lib._version.NumpyVersion": "numpy.lib.NumpyVersion",
    "numpy.ma.core.MAError": "numpy.ma.MAError",
    "numpy.ma.core.MaskError": "numpy.ma.MaskError",
    "numpy.ma.core.MaskedArray": "numpy.ma.MaskedArray",
    "numpy.ma.core.absolute": "numpy.ma.abs",
    "numpy.ma.core.add": "numpy.ma.add",
    "numpy.ma.core.all": "numpy.ma.all",
    "numpy.ma.core.allclose": "numpy.ma.allclose",
    "numpy.ma.core.allequal": "numpy.ma.allequal",
    "numpy.ma.core.angle": "numpy.ma.angle",
    "numpy.ma.core.anom": "numpy.ma.anom",
    "numpy.ma.core.any": "numpy.ma.any",
    "numpy.ma.core.append": "numpy.ma.append",
    "numpy.ma.extras.apply_along_axis": "numpy.ma.apply_along_axis",
    "numpy.ma.extras.apply_over_axes": "numpy.ma.apply_over_axes",
    "numpy.ma.core.arccos": "numpy.ma.arccos",
    "numpy.ma.core.arccosh": "numpy.ma.arccosh",
    "numpy.ma.core.arcsin": "numpy.ma.arcsin",
    "numpy.ma.core.arcsinh": "numpy.ma.arcsinh",
    "numpy.ma.core.arctan": "numpy.ma.arctan",
    "numpy.ma.core.arctan2": "numpy.ma.arctan2",
    "numpy.ma.core.arctanh": "numpy.ma.arctanh",
    "numpy.ma.core.argmax": "numpy.ma.argmax",
    "numpy.ma.core.argmin": "numpy.ma.argmin",
    "numpy.ma.core.argsort": "numpy.ma.argsort",
    "numpy.ma.core.array": "numpy.ma.array",
    "numpy.ma.core.asanyarray": "numpy.ma.asanyarray",
    "numpy.ma.core.asarray": "numpy.ma.asarray",
    "numpy.ma.extras.atleast_1d": "numpy.ma.atleast_1d",
    "numpy.ma.extras.atleast_2d": "numpy.ma.atleast_2d",
    "numpy.ma.extras.atleast_3d": "numpy.ma.atleast_3d",
    "numpy.ma.extras.average": "numpy.ma.average",
    "numpy.ma.core.bitwise_and": "numpy.ma.bitwise_and",
    "numpy.ma.core.bitwise_or": "numpy.ma.bitwise_or",
    "numpy.ma.core.bitwise_xor": "numpy.ma.bitwise_xor",
    "numpy.ma.core.ceil": "numpy.ma.ceil",
    "numpy.ma.core.choose": "numpy.ma.choose",
    "numpy.ma.extras.clump_masked": "numpy.ma.clump_masked",
    "numpy.ma.extras.clump_unmasked": "numpy.ma.clump_unmasked",
    "numpy.ma.extras.column_stack": "numpy.ma.column_stack",
    "numpy.ma.core.common_fill_value": "numpy.ma.common_fill_value",
    "numpy.ma.core.compress": "numpy.ma.compress",
    "numpy.ma.extras.compress_cols": "numpy.ma.compress_cols",
    "numpy.ma.extras.compress_nd": "numpy.ma.compress_nd",
    "numpy.ma.extras.compress_rowcols": "numpy.ma.compress_rowcols",
    "numpy.ma.extras.compress_rows": "numpy.ma.compress_rows",
    "numpy.ma.core.compressed": "numpy.ma.compressed",
    "numpy.ma.core.concatenate": "numpy.ma.concatenate",
    "numpy.ma.core.conjugate": "numpy.ma.conjugate",
    "numpy.ma.core.convolve": "numpy.ma.convolve",
    "numpy.ma.core.copy": "numpy.ma.copy",
    "numpy.ma.extras.corrcoef": "numpy.ma.corrcoef",
    "numpy.ma.core.correlate": "numpy.ma.correlate",
    "numpy.ma.core.cos": "numpy.ma.cos",
    "numpy.ma.core.cosh": "numpy.ma.cosh",
    "numpy.ma.core.count": "numpy.ma.count",
    "numpy.ma.extras.count_masked": "numpy.ma.count_masked",
    "numpy.ma.extras.cov": "numpy.ma.cov",
    "numpy.ma.core.cumprod": "numpy.ma.cumprod",
    "numpy.ma.core.cumsum": "numpy.ma.cumsum",
    "numpy.ma.core.default_fill_value": "numpy.ma.default_fill_value",
    "numpy.ma.core.diag": "numpy.ma.diag",
    "numpy.ma.extras.diagflat": "numpy.ma.diagflat",
    "numpy.ma.core.diagonal": "numpy.ma.diagonal",
    "numpy.ma.core.dot": "numpy.ma.dot",
    "numpy.ma.extras.dstack": "numpy.ma.dstack",
    "numpy.ma.extras.ediff1d": "numpy.ma.ediff1d",
    "numpy.ma.core.equal": "numpy.ma.equal",
    "numpy.ma.core.exp": "numpy.ma.exp",
    "numpy.ma.core.fabs": "numpy.ma.fabs",
    "numpy.ma.core.filled": "numpy.ma.filled",
    "numpy.ma.core.fix_invalid": "numpy.ma.fix_invalid",
    "numpy.ma.extras.flatnotmasked_contiguous": "numpy.ma.flatnotmasked_contiguous",
    "numpy.ma.extras.flatnotmasked_edges": "numpy.ma.flatnotmasked_edges",
    "numpy.ma.core.flatten_mask": "numpy.ma.flatten_mask",
    "numpy.ma.core.flatten_structured_array": "numpy.ma.flatten_structured_array",
    "numpy.ma.core.floor": "numpy.ma.floor",
    "numpy.ma.core.floor_divide": "numpy.ma.floor_divide",
    "numpy.ma.core.fmod": "numpy.ma.fmod",
    "numpy.ma.core.fromflex": "numpy.ma.fromflex",
    "numpy.ma.core.getdata": "numpy.ma.getdata",
    "numpy.ma.core.getmask": "numpy.ma.getmask",
    "numpy.ma.core.getmaskarray": "numpy.ma.getmaskarray",
    "numpy.ma.core.greater": "numpy.ma.greater",
    "numpy.ma.core.greater_equal": "numpy.ma.greater_equal",
    "numpy.ma.core.harden_mask": "numpy.ma.harden_mask",
    "numpy.ma.extras.hsplit": "numpy.ma.hsplit",
    "numpy.ma.extras.hstack": "numpy.ma.hstack",
    "numpy.ma.core.hypot": "numpy.ma.hypot",
    "numpy.ma.core.ids": "numpy.ma.ids",
    "numpy.ma.extras.in1d": "numpy.ma.in1d",
    "numpy.ma.core.inner": "numpy.ma.inner",
    "numpy.ma.extras.intersect1d": "numpy.ma.intersect1d",
    "numpy.ma.core.isMaskedArray": "numpy.ma.isMA",
    "numpy.ma.core.is_mask": "numpy.ma.is_mask",
    "numpy.ma.core.is_masked": "numpy.ma.is_masked",
    "numpy.ma.extras.isin": "numpy.ma.isin",
    "numpy.ma.core.left_shift": "numpy.ma.left_shift",
    "numpy.ma.core.less": "numpy.ma.less",
    "numpy.ma.core.less_equal": "numpy.ma.less_equal",
    "numpy.ma.core.log": "numpy.ma.log",
    "numpy.ma.core.log10": "numpy.ma.log10",
    "numpy.ma.core.log2": "numpy.ma.log2",
    "numpy.ma.core.logical_and": "numpy.ma.logical_and",
    "numpy.ma.core.logical_not": "numpy.ma.logical_not",
    "numpy.ma.core.logical_or": "numpy.ma.logical_or",
    "numpy.ma.core.logical_xor": "numpy.ma.logical_xor",
    "numpy.ma.core.make_mask": "numpy.ma.make_mask",
    "numpy.ma.core.make_mask_descr": "numpy.ma.make_mask_descr",
    "numpy.ma.core.make_mask_none": "numpy.ma.make_mask_none",
    "numpy.ma.extras.mask_cols": "numpy.ma.mask_cols",
    "numpy.ma.core.mask_or": "numpy.ma.mask_or",
    "numpy.ma.core.mask_rowcols": "numpy.ma.mask_rowcols",
    "numpy.ma.extras.mask_rows": "numpy.ma.mask_rows",
    "numpy.ma.extras.masked_all": "numpy.ma.masked_all",
    "numpy.ma.extras.masked_all_like": "numpy.ma.masked_all_like",
    "numpy.ma.core.masked_equal": "numpy.ma.masked_equal",
    "numpy.ma.core.masked_greater": "numpy.ma.masked_greater",
    "numpy.ma.core.masked_greater_equal": "numpy.ma.masked_greater_equal",
    "numpy.ma.core.masked_inside": "numpy.ma.masked_inside",
    "numpy.ma.core.masked_invalid": "numpy.ma.masked_invalid",
    "numpy.ma.core.masked_less": "numpy.ma.masked_less",
    "numpy.ma.core.masked_less_equal": "numpy.ma.masked_less_equal",
    "numpy.ma.core.masked_not_equal": "numpy.ma.masked_not_equal",
    "numpy.ma.core.masked_object": "numpy.ma.masked_object",
    "numpy.ma.core.masked_outside": "numpy.ma.masked_outside",
    "numpy.ma.core.masked_values": "numpy.ma.masked_values",
    "numpy.ma.core.masked_where": "numpy.ma.masked_where",
    "numpy.ma.core.max": "numpy.ma.max",
    "numpy.ma.core.maximum": "numpy.ma.maximum",
    "numpy.ma.core.maximum_fill_value": "numpy.ma.maximum_fill_value",
    "numpy.ma.core.mean": "numpy.ma.mean",
    "numpy.ma.extras.median": "numpy.ma.median",
    "numpy.ma.core.min": "numpy.ma.min",
    "numpy.ma.core.minimum": "numpy.ma.minimum",
    "numpy.ma.core.minimum_fill_value": "numpy.ma.minimum_fill_value",
    "numpy.ma.core.multiply": "numpy.ma.multiply",
    "numpy.ma.core.mvoid": "numpy.ma.mvoid",
    "numpy.ma.core.ndim": "numpy.ma.ndim",
    "numpy.ma.core.negative": "numpy.ma.negative",
    "numpy.ma.core.nonzero": "numpy.ma.nonzero",
    "numpy.ma.core.not_equal": "numpy.ma.not_equal",
    "numpy.ma.extras.notmasked_contiguous": "numpy.ma.notmasked_contiguous",
    "numpy.ma.extras.notmasked_edges": "numpy.ma.notmasked_edges",
    "numpy.ma.core.outer": "numpy.ma.outer",
    "numpy.ma.extras.polyfit": "numpy.ma.polyfit",
    "numpy.ma.core.power": "numpy.ma.power",
    "numpy.ma.core.ptp": "numpy.ma.ptp",
    "numpy.ma.core.put": "numpy.ma.put",
    "numpy.ma.core.putmask": "numpy.ma.putmask",
    "numpy.ma.core.ravel": "numpy.ma.ravel",
    "numpy.ma.core.repeat": "numpy.ma.repeat",
    "numpy.ma.core.reshape": "numpy.ma.reshape",
    "numpy.ma.core.resize": "numpy.ma.resize",
    "numpy.ma.core.right_shift": "numpy.ma.right_shift",
    "numpy.ma.extras.vstack": "numpy.ma.row_stack",
    "numpy.ma.core.set_fill_value": "numpy.ma.set_fill_value",
    "numpy.ma.extras.setdiff1d": "numpy.ma.setdiff1d",
    "numpy.ma.extras.setxor1d": "numpy.ma.setxor1d",
    "numpy.ma.core.shape": "numpy.ma.shape",
    "numpy.ma.core.sin": "numpy.ma.sin",
    "numpy.ma.core.sinh": "numpy.ma.sinh",
    "numpy.ma.core.size": "numpy.ma.size",
    "numpy.ma.core.soften_mask": "numpy.ma.soften_mask",
    "numpy.ma.core.sort": "numpy.ma.sort",
    "numpy.ma.core.sqrt": "numpy.ma.sqrt",
    "numpy.ma.extras.stack": "numpy.ma.stack",
    "numpy.ma.core.std": "numpy.ma.std",
    "numpy.ma.core.subtract": "numpy.ma.subtract",
    "numpy.ma.core.sum": "numpy.ma.sum",
    "numpy.ma.core.swapaxes": "numpy.ma.swapaxes",
    "numpy.ma.core.take": "numpy.ma.take",
    "numpy.ma.core.tan": "numpy.ma.tan",
    "numpy.ma.core.tanh": "numpy.ma.tanh",
    "numpy.ma.core.trace": "numpy.ma.trace",
    "numpy.ma.core.transpose": "numpy.ma.transpose",
    "numpy.ma.extras.union1d": "numpy.ma.union1d",
    "numpy.ma.extras.unique": "numpy.ma.unique",
    "numpy.ma.extras.vander": "numpy.ma.vander",
    "numpy.ma.core.var": "numpy.ma.var",
    "numpy.ma.core.where": "numpy.ma.where",
    "numpy.matrixlib.defmatrix.matrix.__array_finalize__": "numpy.matrix.__array_finalize__",
    "numpy.matrixlib.defmatrix.matrix.__getitem__": "numpy.matrix.__getitem__",
    "numpy.matrixlib.defmatrix.matrix.__mul__": "numpy.matrix.__mul__",
    "numpy.matrixlib.defmatrix.matrix.__rmul__": "numpy.matrix.__rmul__",
    "numpy.matrixlib.defmatrix.matrix.__imul__": "numpy.matrix.__imul__",
    "numpy.matrixlib.defmatrix.matrix.__pow__": "numpy.matrix.__pow__",
    "numpy.matrixlib.defmatrix.matrix.__ipow__": "numpy.matrix.__ipow__",
    "numpy.matrixlib.defmatrix.matrix.__rpow__": "numpy.matrix.__rpow__",
    "numpy.matrixlib.defmatrix.matrix.tolist": "numpy.matrix.tolist",
    "numpy.matrixlib.defmatrix.matrix.sum": "numpy.matrix.sum",
    "numpy.matrixlib.defmatrix.matrix.squeeze": "numpy.matrix.squeeze",
    "numpy.matrixlib.defmatrix.matrix.flatten": "numpy.matrix.flatten",
    "numpy.matrixlib.defmatrix.matrix.mean": "numpy.matrix.mean",
    "numpy.matrixlib.defmatrix.matrix.std": "numpy.matrix.std",
    "numpy.matrixlib.defmatrix.matrix.var": "numpy.matrix.var",
    "numpy.matrixlib.defmatrix.matrix.prod": "numpy.matrix.prod",
    "numpy.matrixlib.defmatrix.matrix.any": "numpy.matrix.any",
    "numpy.matrixlib.defmatrix.matrix.all": "numpy.matrix.all",
    "numpy.matrixlib.defmatrix.matrix.max": "numpy.matrix.max",
    "numpy.matrixlib.defmatrix.matrix.argmax": "numpy.matrix.argmax",
    "numpy.matrixlib.defmatrix.matrix.min": "numpy.matrix.min",
    "numpy.matrixlib.defmatrix.matrix.argmin": "numpy.matrix.argmin",
    "numpy.matrixlib.defmatrix.matrix.ptp": "numpy.matrix.ptp",
    "numpy.matrixlib.defmatrix.matrix.ravel": "numpy.matrix.ravel",
    "numpy.matrixlib.defmatrix.matrix.T": "numpy.matrix.getT",
    "numpy.matrixlib.defmatrix.matrix.A": "numpy.matrix.getA",
    "numpy.matrixlib.defmatrix.matrix.A1": "numpy.matrix.getA1",
    "numpy.matrixlib.defmatrix.matrix.H": "numpy.matrix.getH",
    "numpy.matrixlib.defmatrix.matrix.I": "numpy.matrix.getI",
    "numpy.core.memmap.memmap.__array_finalize__": "numpy.memmap.__array_finalize__",
    "numpy.core.memmap.memmap.flush": "numpy.memmap.flush",
    "numpy.core.memmap.memmap.__array_wrap__": "numpy.memmap.__array_wrap__",
    "numpy.core.memmap.memmap.__getitem__": "numpy.memmap.__getitem__",
    "numpy.lib.index_tricks.ndenumerate.__init__": "numpy.ndenumerate.__init__",
    "numpy.lib.index_tricks.ndenumerate.__next__": "numpy.ndenumerate.__next__",
    "numpy.lib.index_tricks.ndenumerate.__iter__": "numpy.ndenumerate.__iter__",
    "numpy.lib.index_tricks.ndindex.__init__": "numpy.ndindex.__init__",
    "numpy.lib.index_tricks.ndindex.__iter__": "numpy.ndindex.__iter__",
    "numpy.lib.index_tricks.ndindex.ndincr": "numpy.ndindex.ndincr",
    "numpy.lib.index_tricks.ndindex.__next__": "numpy.ndindex.__next__",
    "numpy.lib.polynomial.poly1d.__init__": "numpy.poly1d.__init__",
    "numpy.lib.polynomial.poly1d.__array__": "numpy.poly1d.__array__",
    "numpy.lib.polynomial.poly1d.__repr__": "numpy.poly1d.__repr__",
    "numpy.lib.polynomial.poly1d.__len__": "numpy.poly1d.__len__",
    "numpy.lib.polynomial.poly1d.__str__": "numpy.poly1d.__str__",
    "numpy.lib.polynomial.poly1d.__call__": "numpy.poly1d.__call__",
    "numpy.lib.polynomial.poly1d.__neg__": "numpy.poly1d.__neg__",
    "numpy.lib.polynomial.poly1d.__pos__": "numpy.poly1d.__pos__",
    "numpy.lib.polynomial.poly1d.__mul__": "numpy.poly1d.__mul__",
    "numpy.lib.polynomial.poly1d.__rmul__": "numpy.poly1d.__rmul__",
    "numpy.lib.polynomial.poly1d.__add__": "numpy.poly1d.__add__",
    "numpy.lib.polynomial.poly1d.__radd__": "numpy.poly1d.__radd__",
    "numpy.lib.polynomial.poly1d.__pow__": "numpy.poly1d.__pow__",
    "numpy.lib.polynomial.poly1d.__sub__": "numpy.poly1d.__sub__",
    "numpy.lib.polynomial.poly1d.__rsub__": "numpy.poly1d.__rsub__",
    "numpy.lib.polynomial.poly1d.__div__": "numpy.poly1d.__div__",
    "numpy.lib.polynomial.poly1d.__rdiv__": "numpy.poly1d.__rdiv__",
    "numpy.lib.polynomial.poly1d.__eq__": "numpy.poly1d.__eq__",
    "numpy.lib.polynomial.poly1d.__ne__": "numpy.poly1d.__ne__",
    "numpy.lib.polynomial.poly1d.__getitem__": "numpy.poly1d.__getitem__",
    "numpy.lib.polynomial.poly1d.__setitem__": "numpy.poly1d.__setitem__",
    "numpy.lib.polynomial.poly1d.__iter__": "numpy.poly1d.__iter__",
    "numpy.lib.polynomial.poly1d.integ": "numpy.poly1d.integ",
    "numpy.lib.polynomial.poly1d.deriv": "numpy.poly1d.deriv",
    "numpy.polynomial.chebyshev.Chebyshev": "numpy.polynomial.Chebyshev",
    "numpy.polynomial.hermite.Hermite": "numpy.polynomial.Hermite",
    "numpy.polynomial.hermite_e.HermiteE": "numpy.polynomial.HermiteE",
    "numpy.polynomial.laguerre.Laguerre": "numpy.polynomial.Laguerre",
    "numpy.polynomial.legendre.Legendre": "numpy.polynomial.Legendre",
    "numpy.polynomial.polynomial.Polynomial": "numpy.polynomial.Polynomial",
    "numpy.random.bit_generator.BitGenerator": "numpy.random.BitGenerator",
    "numpy.random._generator.Generator": "numpy.random.Generator",
    "numpy.random._mt19937.MT19937": "numpy.random.MT19937",
    "numpy.random._pcg64.PCG64": "numpy.random.PCG64",
    "numpy.random._pcg64.PCG64DXSM": "numpy.random.PCG64DXSM",
    "numpy.random._philox.Philox": "numpy.random.Philox",
    "numpy.random.mtrand.RandomState": "numpy.random.RandomState",
    "numpy.random._sfc64.SFC64": "numpy.random.SFC64",
    "numpy.random.bit_generator.SeedSequence": "numpy.random.SeedSequence",
    "numpy.random._generator.default_rng": "numpy.random.default_rng",
    "numpy.random.mtrand.ranf": "numpy.random.ranf",
    "numpy.random.mtrand.sample": "numpy.random.sample",
    "numpy.core.records.array": "numpy.rec.array",
    "numpy.core.records.find_duplicate": "numpy.rec.find_duplicate",
    "numpy.core.records.fromarrays": "numpy.rec.fromarrays",
    "numpy.core.records.fromfile": "numpy.rec.fromfile",
    "numpy.core.records.fromrecords": "numpy.rec.fromrecords",
    "numpy.core.records.fromstring": "numpy.rec.fromstring",
    "numpy.core.records.get_remaining_size": "numpy.rec.get_remaining_size",
    "numpy.core.records.recarray.__array_finalize__": "numpy.recarray.__array_finalize__",
    "numpy.core.records.recarray.__getattribute__": "numpy.recarray.__getattribute__",
    "numpy.core.records.recarray.__setattr__": "numpy.recarray.__setattr__",
    "numpy.core.records.recarray.__getitem__": "numpy.recarray.__getitem__",
    "numpy.core.records.recarray.__repr__": "numpy.recarray.__repr__",
    "numpy.core.records.recarray.field": "numpy.recarray.field",
    "numpy.core.records.record.__repr__": "numpy.record.__repr__",
    "numpy.core.records.record.__str__": "numpy.record.__str__",
    "numpy.core.records.record.__getattribute__": "numpy.record.__getattribute__",
    "numpy.core.records.record.__setattr__": "numpy.record.__setattr__",
    "numpy.core.records.record.__getitem__": "numpy.record.__getitem__",
    "numpy.core.records.record.pprint": "numpy.record.pprint",
    "numpy.testing._private.utils.IgnoreException": "numpy.testing.IgnoreException",
    "numpy.testing._private.utils.KnownFailureException": "numpy.testing.KnownFailureException",
    "numpy.testing._private.utils.assert_": "numpy.testing.assert_",
    "numpy.testing._private.utils.assert_allclose": "numpy.testing.assert_allclose",
    "numpy.testing._private.utils.assert_almost_equal": "numpy.testing.assert_almost_equal",
    "numpy.testing._private.utils.assert_approx_equal": "numpy.testing.assert_approx_equal",
    "numpy.testing._private.utils.assert_array_almost_equal": "numpy.testing.assert_array_almost_equal",
    "numpy.testing._private.utils.assert_array_almost_equal_nulp": "numpy.testing.assert_array_almost_equal_nulp",
    "numpy.testing._private.utils.assert_array_compare": "numpy.testing.assert_array_compare",
    "numpy.testing._private.utils.assert_array_equal": "numpy.testing.assert_array_equal",
    "numpy.testing._private.utils.assert_array_less": "numpy.testing.assert_array_less",
    "numpy.testing._private.utils.assert_array_max_ulp": "numpy.testing.assert_array_max_ulp",
    "numpy.testing._private.utils.assert_equal": "numpy.testing.assert_equal",
    "numpy.testing._private.utils.assert_no_gc_cycles": "numpy.testing.assert_no_gc_cycles",
    "numpy.testing._private.utils.assert_no_warnings": "numpy.testing.assert_no_warnings",
    "numpy.testing._private.utils.assert_raises": "numpy.testing.assert_raises",
    "numpy.testing._private.utils.assert_raises_regex": "numpy.testing.assert_raises_regex",
    "numpy.testing._private.utils.assert_string_equal": "numpy.testing.assert_string_equal",
    "numpy.testing._private.utils.assert_warns": "numpy.testing.assert_warns",
    "numpy.testing._private.utils.break_cycles": "numpy.testing.break_cycles",
    "numpy.testing._private.utils.build_err_msg": "numpy.testing.build_err_msg",
    "numpy.testing._private.utils.clear_and_catch_warnings": "numpy.testing.clear_and_catch_warnings",
    "numpy.testing._private.decorators": "numpy.testing.dec",
    "numpy.testing._private.utils.decorate_methods": "numpy.testing.decorate_methods",
    "numpy.testing._private.utils.jiffies": "numpy.testing.jiffies",
    "numpy.testing._private.utils.measure": "numpy.testing.measure",
    "numpy.testing._private.utils.memusage": "numpy.testing.memusage",
    "numpy.testing._private.utils.print_assert_equal": "numpy.testing.print_assert_equal",
    "numpy.testing._private.utils.raises": "numpy.testing.raises",
    "numpy.testing._private.nosetester.run_module_suite": "numpy.testing.run_module_suite",
    "numpy.testing._private.utils.rundocs": "numpy.testing.rundocs",
    "numpy.testing._private.utils.runstring": "numpy.testing.runstring",
    "numpy.testing._private.utils.suppress_warnings": "numpy.testing.suppress_warnings",
    "numpy.testing._private.utils.tempdir": "numpy.testing.tempdir",
    "numpy.testing._private.utils.temppath": "numpy.testing.temppath",
    "numpy.lib.function_base.vectorize.__init__": "numpy.vectorize.__init__",
    "numpy.lib.function_base.vectorize.__call__": "numpy.vectorize.__call__",
    "numpy.core.overrides.ArgSpec": "numpy.char.overrides.ArgSpec",
    "numpy.core.overrides.array_function_from_dispatcher": "numpy.char.overrides.array_function_from_dispatcher",
    "numpy.core._multiarray_umath.implement_array_function": "numpy.char.overrides.implement_array_function",
    "numpy.core.overrides.set_array_function_like_doc": "numpy.char.overrides.set_array_function_like_doc",
    "numpy.core.overrides.verify_matching_signatures": "numpy.char.overrides.verify_matching_signatures",
    "numpy.compat.py3k.contextlib_nullcontext.__init__": "numpy.compat.contextlib_nullcontext.__init__",
    "numpy.compat.py3k.contextlib_nullcontext.__enter__": "numpy.compat.contextlib_nullcontext.__enter__",
    "numpy.compat.py3k.contextlib_nullcontext.__exit__": "numpy.compat.contextlib_nullcontext.__exit__",
    "numpy.lib.arrayterator.Arrayterator.__init__": "numpy.lib.Arrayterator.__init__",
    "numpy.lib.arrayterator.Arrayterator.__getattr__": "numpy.lib.Arrayterator.__getattr__",
    "numpy.lib.arrayterator.Arrayterator.__getitem__": "numpy.lib.Arrayterator.__getitem__",
    "numpy.lib.arrayterator.Arrayterator.__array__": "numpy.lib.Arrayterator.__array__",
    "numpy.lib.arrayterator.Arrayterator.__iter__": "numpy.lib.Arrayterator.__iter__",
    "numpy.lib._version.NumpyVersion.__init__": "numpy.lib.NumpyVersion.__init__",
    "numpy.lib._version.NumpyVersion.__lt__": "numpy.lib.NumpyVersion.__lt__",
    "numpy.lib._version.NumpyVersion.__le__": "numpy.lib.NumpyVersion.__le__",
    "numpy.lib._version.NumpyVersion.__eq__": "numpy.lib.NumpyVersion.__eq__",
    "numpy.lib._version.NumpyVersion.__ne__": "numpy.lib.NumpyVersion.__ne__",
    "numpy.lib._version.NumpyVersion.__gt__": "numpy.lib.NumpyVersion.__gt__",
    "numpy.lib._version.NumpyVersion.__ge__": "numpy.lib.NumpyVersion.__ge__",
    "numpy.lib._version.NumpyVersion.__repr__": "numpy.lib.NumpyVersion.__repr__",
    "numpy.lib.stride_tricks.as_strided": "numpy.lib.index_tricks.as_strided",
    "numpy.ma.core.MaskedArray.__array_finalize__": "numpy.ma.MaskedArray.__array_finalize__",
    "numpy.ma.core.MaskedArray.__array_wrap__": "numpy.ma.MaskedArray.__array_wrap__",
    "numpy.ma.core.MaskedArray.view": "numpy.ma.MaskedArray.view",
    "numpy.ma.core.MaskedArray.__getitem__": "numpy.ma.MaskedArray.__getitem__",
    "numpy.ma.core.MaskedArray.__setitem__": "numpy.ma.MaskedArray.__setitem__",
    "numpy.ma.core.MaskedArray.__setmask__": "numpy.ma.MaskedArray.__setmask__",
    "numpy.ma.core.MaskedArray.harden_mask": "numpy.ma.MaskedArray.harden_mask",
    "numpy.ma.core.MaskedArray.soften_mask": "numpy.ma.MaskedArray.soften_mask",
    "numpy.ma.core.MaskedArray.unshare_mask": "numpy.ma.MaskedArray.unshare_mask",
    "numpy.ma.core.MaskedArray.shrink_mask": "numpy.ma.MaskedArray.shrink_mask",
    "numpy.ma.core.MaskedArray.filled": "numpy.ma.MaskedArray.filled",
    "numpy.ma.core.MaskedArray.compressed": "numpy.ma.MaskedArray.compressed",
    "numpy.ma.core.MaskedArray.compress": "numpy.ma.MaskedArray.compress",
    "numpy.ma.core.MaskedArray.__str__": "numpy.ma.MaskedArray.__str__",
    "numpy.ma.core.MaskedArray.__repr__": "numpy.ma.MaskedArray.__repr__",
    "numpy.ma.core.MaskedArray.__eq__": "numpy.ma.MaskedArray.__eq__",
    "numpy.ma.core.MaskedArray.__ne__": "numpy.ma.MaskedArray.__ne__",
    "numpy.ma.core.MaskedArray.__add__": "numpy.ma.MaskedArray.__add__",
    "numpy.ma.core.MaskedArray.__radd__": "numpy.ma.MaskedArray.__radd__",
    "numpy.ma.core.MaskedArray.__sub__": "numpy.ma.MaskedArray.__sub__",
    "numpy.ma.core.MaskedArray.__rsub__": "numpy.ma.MaskedArray.__rsub__",
    "numpy.ma.core.MaskedArray.__mul__": "numpy.ma.MaskedArray.__mul__",
    "numpy.ma.core.MaskedArray.__rmul__": "numpy.ma.MaskedArray.__rmul__",
    "numpy.ma.core.MaskedArray.__div__": "numpy.ma.MaskedArray.__div__",
    "numpy.ma.core.MaskedArray.__truediv__": "numpy.ma.MaskedArray.__truediv__",
    "numpy.ma.core.MaskedArray.__rtruediv__": "numpy.ma.MaskedArray.__rtruediv__",
    "numpy.ma.core.MaskedArray.__floordiv__": "numpy.ma.MaskedArray.__floordiv__",
    "numpy.ma.core.MaskedArray.__rfloordiv__": "numpy.ma.MaskedArray.__rfloordiv__",
    "numpy.ma.core.MaskedArray.__pow__": "numpy.ma.MaskedArray.__pow__",
    "numpy.ma.core.MaskedArray.__rpow__": "numpy.ma.MaskedArray.__rpow__",
    "numpy.ma.core.MaskedArray.__iadd__": "numpy.ma.MaskedArray.__iadd__",
    "numpy.ma.core.MaskedArray.__isub__": "numpy.ma.MaskedArray.__isub__",
    "numpy.ma.core.MaskedArray.__imul__": "numpy.ma.MaskedArray.__imul__",
    "numpy.ma.core.MaskedArray.__idiv__": "numpy.ma.MaskedArray.__idiv__",
    "numpy.ma.core.MaskedArray.__ifloordiv__": "numpy.ma.MaskedArray.__ifloordiv__",
    "numpy.ma.core.MaskedArray.__itruediv__": "numpy.ma.MaskedArray.__itruediv__",
    "numpy.ma.core.MaskedArray.__ipow__": "numpy.ma.MaskedArray.__ipow__",
    "numpy.ma.core.MaskedArray.__float__": "numpy.ma.MaskedArray.__float__",
    "numpy.ma.core.MaskedArray.__int__": "numpy.ma.MaskedArray.__int__",
    "numpy.ma.core.MaskedArray.imag": "numpy.ma.MaskedArray.get_imag",
    "numpy.ma.core.MaskedArray.real": "numpy.ma.MaskedArray.get_real",
    "numpy.ma.core.MaskedArray.count": "numpy.ma.MaskedArray.count",
    "numpy.ma.core.MaskedArray.ravel": "numpy.ma.MaskedArray.ravel",
    "numpy.ma.core.MaskedArray.reshape": "numpy.ma.MaskedArray.reshape",
    "numpy.ma.core.MaskedArray.resize": "numpy.ma.MaskedArray.resize",
    "numpy.ma.core.MaskedArray.put": "numpy.ma.MaskedArray.put",
    "numpy.ma.core.MaskedArray.ids": "numpy.ma.MaskedArray.ids",
    "numpy.ma.core.MaskedArray.iscontiguous": "numpy.ma.MaskedArray.iscontiguous",
    "numpy.ma.core.MaskedArray.all": "numpy.ma.MaskedArray.all",
    "numpy.ma.core.MaskedArray.any": "numpy.ma.MaskedArray.any",
    "numpy.ma.core.MaskedArray.nonzero": "numpy.ma.MaskedArray.nonzero",
    "numpy.ma.core.MaskedArray.trace": "numpy.ma.MaskedArray.trace",
    "numpy.ma.core.MaskedArray.dot": "numpy.ma.MaskedArray.dot",
    "numpy.ma.core.MaskedArray.sum": "numpy.ma.MaskedArray.sum",
    "numpy.ma.core.MaskedArray.cumsum": "numpy.ma.MaskedArray.cumsum",
    "numpy.ma.core.MaskedArray.prod": "numpy.ma.MaskedArray.prod",
    "numpy.ma.core.MaskedArray.cumprod": "numpy.ma.MaskedArray.cumprod",
    "numpy.ma.core.MaskedArray.mean": "numpy.ma.MaskedArray.mean",
    "numpy.ma.core.MaskedArray.anom": "numpy.ma.MaskedArray.anom",
    "numpy.ma.core.MaskedArray.var": "numpy.ma.MaskedArray.var",
    "numpy.ma.core.MaskedArray.std": "numpy.ma.MaskedArray.std",
    "numpy.ma.core.MaskedArray.round": "numpy.ma.MaskedArray.round",
    "numpy.ma.core.MaskedArray.argsort": "numpy.ma.MaskedArray.argsort",
    "numpy.ma.core.MaskedArray.argmin": "numpy.ma.MaskedArray.argmin",
    "numpy.ma.core.MaskedArray.argmax": "numpy.ma.MaskedArray.argmax",
    "numpy.ma.core.MaskedArray.sort": "numpy.ma.MaskedArray.sort",
    "numpy.ma.core.MaskedArray.min": "numpy.ma.MaskedArray.min",
    "numpy.ma.core.MaskedArray.mini": "numpy.ma.MaskedArray.mini",
    "numpy.ma.core.MaskedArray.max": "numpy.ma.MaskedArray.max",
    "numpy.ma.core.MaskedArray.ptp": "numpy.ma.MaskedArray.ptp",
    "numpy.ma.core.MaskedArray.partition": "numpy.ma.MaskedArray.partition",
    "numpy.ma.core.MaskedArray.argpartition": "numpy.ma.MaskedArray.argpartition",
    "numpy.ma.core.MaskedArray.take": "numpy.ma.MaskedArray.take",
    "numpy.ma.core.MaskedArray.tolist": "numpy.ma.MaskedArray.tolist",
    "numpy.ma.core.MaskedArray.tostring": "numpy.ma.MaskedArray.tostring",
    "numpy.ma.core.MaskedArray.tobytes": "numpy.ma.MaskedArray.tobytes",
    "numpy.ma.core.MaskedArray.tofile": "numpy.ma.MaskedArray.tofile",
    "numpy.ma.core.MaskedArray.toflex": "numpy.ma.MaskedArray.toflex",
    "numpy.ma.core.MaskedArray.__getstate__": "numpy.ma.MaskedArray.__getstate__",
    "numpy.ma.core.MaskedArray.__setstate__": "numpy.ma.MaskedArray.__setstate__",
    "numpy.ma.core.MaskedArray.__reduce__": "numpy.ma.MaskedArray.__reduce__",
    "numpy.ma.core.MaskedArray.__deepcopy__": "numpy.ma.MaskedArray.__deepcopy__",
    "numpy.ma.core.mvoid.__getitem__": "numpy.ma.mvoid.__getitem__",
    "numpy.ma.core.mvoid.__setitem__": "numpy.ma.mvoid.__setitem__",
    "numpy.ma.core.mvoid.__str__": "numpy.ma.mvoid.__str__",
    "numpy.ma.core.mvoid.__iter__": "numpy.ma.mvoid.__iter__",
    "numpy.ma.core.mvoid.__len__": "numpy.ma.mvoid.__len__",
    "numpy.ma.core.mvoid.filled": "numpy.ma.mvoid.filled",
    "numpy.ma.core.mvoid.tolist": "numpy.ma.mvoid.tolist",
    "numpy.polynomial.polyutils.trimcoef": "numpy.polynomial.chebyshev.chebtrim",
    "numpy.testing._private.utils.clear_and_catch_warnings.__init__": "numpy.testing.clear_and_catch_warnings.__init__",
    "numpy.testing._private.utils.clear_and_catch_warnings.__enter__": "numpy.testing.clear_and_catch_warnings.__enter__",
    "numpy.testing._private.utils.clear_and_catch_warnings.__exit__": "numpy.testing.clear_and_catch_warnings.__exit__",
    "numpy.testing._private.decorators.deprecated": "numpy.testing.dec.deprecated",
    "numpy.testing._private.decorators.knownfailureif": "numpy.testing.dec.knownfailureif",
    "numpy.testing._private.decorators.parametrize": "numpy.testing.dec.parametrize",
    "numpy.testing._private.decorators.setastest": "numpy.testing.dec.setastest",
    "numpy.testing._private.decorators.skipif": "numpy.testing.dec.skipif",
    "numpy.testing._private.decorators.slow": "numpy.testing.dec.slow",
    "numpy.testing._private.utils.suppress_warnings.__init__": "numpy.testing.suppress_warnings.__init__",
    "numpy.testing._private.utils.suppress_warnings.filter": "numpy.testing.suppress_warnings.filter",
    "numpy.testing._private.utils.suppress_warnings.record": "numpy.testing.suppress_warnings.record",
    "numpy.testing._private.utils.suppress_warnings.__enter__": "numpy.testing.suppress_warnings.__enter__",
    "numpy.testing._private.utils.suppress_warnings.__exit__": "numpy.testing.suppress_warnings.__exit__",
    "numpy.testing._private.utils.suppress_warnings.__call__": "numpy.testing.suppress_warnings.__call__",
    "numpy.ma.core.MaskedConstant.__iop__": "numpy.ma.core.MaskedConstant.__iadd__"
  },
  "module": "numpy"
}