{
  "_content": {
    "Attributes": {
      "children": [],
      "title": null
    },
    "Extended Summary": {
      "children": [
        {
          "data": {
            "inline": [
              {
                "data": {
                  "value": "Also returns a pytz.FixedOffset if an array of strings with the same timezone offset is passed and utc=True is not passed. Otherwise, None is returned"
                },
                "type": "Words"
              }
            ],
            "inner": []
          },
          "type": "Paragraph"
        },
        {
          "data": {
            "inline": [
              {
                "data": {
                  "value": "Handles datetime.date, datetime.datetime, np.datetime64 objects, numeric, strings"
                },
                "type": "Words"
              }
            ],
            "inner": []
          },
          "type": "Paragraph"
        }
      ],
      "title": null
    },
    "Methods": {
      "children": [],
      "title": null
    },
    "Notes": {
      "children": [],
      "title": null
    },
    "Other Parameters": {
      "children": [],
      "title": null
    },
    "Parameters": {
      "children": [
        {
          "data": {
            "desc": [
              {
                "data": {
                  "inline": [
                    {
                      "data": {
                        "value": "date-like objects to convert"
                      },
                      "type": "Words"
                    }
                  ],
                  "inner": []
                },
                "type": "Paragraph"
              }
            ],
            "param": "values",
            "type_": "ndarray of object"
          },
          "type": "Param"
        },
        {
          "data": {
            "desc": [
              {
                "data": {
                  "inline": [
                    {
                      "data": {
                        "value": "error behavior when parsing"
                      },
                      "type": "Words"
                    }
                  ],
                  "inner": []
                },
                "type": "Paragraph"
              }
            ],
            "param": "errors",
            "type_": "str, default 'raise'"
          },
          "type": "Param"
        },
        {
          "data": {
            "desc": [
              {
                "data": {
                  "inline": [
                    {
                      "data": {
                        "value": "dayfirst parsing behavior when encountering datetime strings"
                      },
                      "type": "Words"
                    }
                  ],
                  "inner": []
                },
                "type": "Paragraph"
              }
            ],
            "param": "dayfirst",
            "type_": "bool, default False"
          },
          "type": "Param"
        },
        {
          "data": {
            "desc": [
              {
                "data": {
                  "inline": [
                    {
                      "data": {
                        "value": "yearfirst parsing behavior when encountering datetime strings"
                      },
                      "type": "Words"
                    }
                  ],
                  "inner": []
                },
                "type": "Paragraph"
              }
            ],
            "param": "yearfirst",
            "type_": "bool, default False"
          },
          "type": "Param"
        },
        {
          "data": {
            "desc": [
              {
                "data": {
                  "inline": [
                    {
                      "data": {
                        "value": "indicator whether the dates should be UTC"
                      },
                      "type": "Words"
                    }
                  ],
                  "inner": []
                },
                "type": "Paragraph"
              }
            ],
            "param": "utc",
            "type_": "bool, default False"
          },
          "type": "Param"
        },
        {
          "data": {
            "desc": [
              {
                "data": {
                  "inline": [
                    {
                      "data": {
                        "value": "indicator whether the datetime string should be iso8601"
                      },
                      "type": "Words"
                    }
                  ],
                  "inner": []
                },
                "type": "Paragraph"
              }
            ],
            "param": "require_iso8601",
            "type_": "bool, default False"
          },
          "type": "Param"
        },
        {
          "data": {
            "desc": [
              {
                "data": {
                  "inline": [
                    {
                      "data": {
                        "value": "Whether to allow mixed datetimes and integers."
                      },
                      "type": "Words"
                    }
                  ],
                  "inner": []
                },
                "type": "Paragraph"
              }
            ],
            "param": "allow_mixed",
            "type_": "bool, default False"
          },
          "type": "Param"
        }
      ],
      "title": null
    },
    "Raises": {
      "children": [],
      "title": null
    },
    "Receives": {
      "children": [],
      "title": null
    },
    "Returns": {
      "children": [
        {
          "data": {
            "desc": [
              {
                "data": {
                  "inline": [
                    {
                      "data": {
                        "value": "May be datetime64[ns] or object dtype"
                      },
                      "type": "Words"
                    }
                  ],
                  "inner": []
                },
                "type": "Paragraph"
              }
            ],
            "param": "",
            "type_": "np.ndarray"
          },
          "type": "Param"
        },
        {
          "data": {
            "desc": [],
            "param": "",
            "type_": "tzinfo or None"
          },
          "type": "Param"
        }
      ],
      "title": null
    },
    "Summary": {
      "children": [
        {
          "data": {
            "children": [
              {
                "dd": [
                  {
                    "data": {
                      "value": [
                        {
                          "data": {
                            "inline": [
                              {
                                "data": {
                                  "value": "datetime64[ns] data"
                                },
                                "type": "Words"
                              }
                            ],
                            "inner": []
                          },
                          "type": "Paragraph"
                        },
                        {
                          "data": {
                            "inline": [
                              {
                                "data": {
                                  "value": "datetime.datetime objects, if OutOfBoundsDatetime or TypeError        is encountered"
                                },
                                "type": "Words"
                              }
                            ],
                            "inner": []
                          },
                          "type": "Paragraph"
                        }
                      ]
                    },
                    "type": "EnumeratedList"
                  }
                ],
                "dt": {
                  "inline": [
                    {
                      "data": {
                        "value": "Converts a 1D array of date-like values to a numpy array of either:"
                      },
                      "type": "Words"
                    }
                  ],
                  "inner": []
                }
              }
            ]
          },
          "type": "DefList"
        }
      ],
      "title": null
    },
    "Warnings": {
      "children": [],
      "title": null
    },
    "Warns": {
      "children": [],
      "title": null
    },
    "Yields": {
      "children": [],
      "title": null
    }
  },
  "aliases": [
    "pandas._libs.lib.array_to_datetime"
  ],
  "arbitrary": [],
  "example_section_data": {
    "children": [],
    "title": null
  },
  "item_file": null,
  "item_line": null,
  "item_type": "<class 'builtin_function_or_method'>",
  "ordered_sections": [
    "Summary",
    "Extended Summary",
    "Parameters",
    "Returns"
  ],
  "references": null,
  "refs": [],
  "see_also": [],
  "signature": null
}