{
  "_content": {
    "Attributes": {
      "children": [],
      "title": null
    },
    "Extended Summary": {
      "children": [
        {
          "data": {
            "inline": [
              {
                "data": {
                  "value": "Both missing values (-1 in .codes) and NA as a category are detected as null."
                },
                "type": "Words"
              }
            ],
            "inner": []
          },
          "type": "Paragraph"
        }
      ],
      "title": null
    },
    "Methods": {
      "children": [],
      "title": null
    },
    "Notes": {
      "children": [],
      "title": null
    },
    "Other Parameters": {
      "children": [],
      "title": null
    },
    "Parameters": {
      "children": [],
      "title": null
    },
    "Raises": {
      "children": [],
      "title": null
    },
    "Receives": {
      "children": [],
      "title": null
    },
    "Returns": {
      "children": [
        {
          "data": {
            "desc": [],
            "param": "",
            "type_": "np.ndarray[bool] of whether my values are not null"
          },
          "type": "Param"
        }
      ],
      "title": null
    },
    "Summary": {
      "children": [
        {
          "data": {
            "inline": [
              {
                "data": {
                  "value": "Inverse of isna"
                },
                "type": "Words"
              }
            ],
            "inner": []
          },
          "type": "Paragraph"
        }
      ],
      "title": null
    },
    "Warnings": {
      "children": [],
      "title": null
    },
    "Warns": {
      "children": [],
      "title": null
    },
    "Yields": {
      "children": [],
      "title": null
    }
  },
  "aliases": [
    "pandas.Categorical.notna"
  ],
  "arbitrary": [],
  "example_section_data": {
    "children": [],
    "title": null
  },
  "item_file": "/pandas/core/arrays/categorical.py",
  "item_line": 1599,
  "item_type": "<class 'function'>",
  "ordered_sections": [
    "Summary",
    "Extended Summary",
    "Returns",
    "See Also"
  ],
  "references": null,
  "refs": [
    "Categorical.isna",
    "notna",
    "notnull"
  ],
  "see_also": [
    {
      "descriptions": [
        {
          "inline": [
            {
              "data": {
                "value": "Top-level notna."
              },
              "type": "Words"
            }
          ],
          "inner": []
        }
      ],
      "name": {
        "exists": null,
        "name": "notna",
        "ref": null
      },
      "type": null
    },
    {
      "descriptions": [
        {
          "inline": [
            {
              "data": {
                "value": "Alias of notna."
              },
              "type": "Words"
            }
          ],
          "inner": []
        }
      ],
      "name": {
        "exists": null,
        "name": "notnull",
        "ref": null
      },
      "type": null
    },
    {
      "descriptions": [
        {
          "inline": [
            {
              "data": {
                "value": "Boolean inverse of Categorical.notna."
              },
              "type": "Words"
            }
          ],
          "inner": []
        }
      ],
      "name": {
        "exists": null,
        "name": "Categorical.isna",
        "ref": null
      },
      "type": null
    }
  ],
  "signature": "notna(self) -> 'np.ndarray'"
}