{
  "_content": {
    "Attributes": {
      "children": [],
      "title": null
    },
    "Extended Summary": {
      "children": [],
      "title": null
    },
    "Methods": {
      "children": [],
      "title": null
    },
    "Notes": {
      "children": [],
      "title": null
    },
    "Other Parameters": {
      "children": [],
      "title": null
    },
    "Parameters": {
      "children": [
        {
          "data": {
            "desc": [
              {
                "data": {
                  "inline": [
                    {
                      "data": {
                        "value": "Array of datetimes to be wrapped in an Index."
                      },
                      "type": "Words"
                    }
                  ],
                  "inner": []
                },
                "type": "Paragraph"
              }
            ],
            "param": "dt_array: 1-d array",
            "type_": ""
          },
          "type": "Param"
        },
        {
          "data": {
            "desc": [
              {
                "data": {
                  "inline": [
                    {
                      "data": {
                        "value": "None or 'utc'"
                      },
                      "type": "Words"
                    }
                  ],
                  "inner": []
                },
                "type": "Paragraph"
              }
            ],
            "param": "tz",
            "type_": "object"
          },
          "type": "Param"
        },
        {
          "data": {
            "desc": [
              {
                "data": {
                  "inline": [
                    {
                      "data": {
                        "value": "Name for a resulting index"
                      },
                      "type": "Words"
                    }
                  ],
                  "inner": []
                },
                "type": "Paragraph"
              }
            ],
            "param": "name",
            "type_": "string, default None"
          },
          "type": "Param"
        }
      ],
      "title": null
    },
    "Raises": {
      "children": [],
      "title": null
    },
    "Receives": {
      "children": [],
      "title": null
    },
    "Returns": {
      "children": [
        {
          "data": {
            "desc": [
              {
                "data": {
                  "value": [
                    {
                      "data": {
                        "inline": [
                          {
                            "data": {
                              "value": "DatetimeIndex if convertible to sole datetime64 type"
                            },
                            "type": "Words"
                          }
                        ],
                        "inner": []
                      },
                      "type": "Paragraph"
                    },
                    {
                      "data": {
                        "inline": [
                          {
                            "data": {
                              "value": "general Index otherwise"
                            },
                            "type": "Words"
                          }
                        ],
                        "inner": []
                      },
                      "type": "Paragraph"
                    }
                  ]
                },
                "type": "BulletList"
              }
            ],
            "param": "result",
            "type_": "datetime of converted dates"
          },
          "type": "Param"
        }
      ],
      "title": null
    },
    "Summary": {
      "children": [
        {
          "data": {
            "inline": [
              {
                "data": {
                  "value": "Properly boxes the ndarray of datetimes to DatetimeIndex if it is possible or to generic Index instead"
                },
                "type": "Words"
              }
            ],
            "inner": []
          },
          "type": "Paragraph"
        }
      ],
      "title": null
    },
    "Warnings": {
      "children": [],
      "title": null
    },
    "Warns": {
      "children": [],
      "title": null
    },
    "Yields": {
      "children": [],
      "title": null
    }
  },
  "aliases": [
    "pandas.core.tools.datetimes._box_as_indexlike"
  ],
  "arbitrary": [],
  "example_section_data": {
    "children": [],
    "title": null
  },
  "item_file": "/pandas/core/tools/datetimes.py",
  "item_line": 205,
  "item_type": "<class 'function'>",
  "ordered_sections": [
    "Summary",
    "Parameters",
    "Returns"
  ],
  "references": null,
  "refs": [],
  "see_also": [],
  "signature": "_box_as_indexlike(dt_array: 'ArrayLike', utc: 'bool | None' = None, name: 'Hashable' = None) -> 'Index'"
}