{
  "_content": {
    "Attributes": {
      "children": [],
      "title": null
    },
    "Extended Summary": {
      "children": [],
      "title": null
    },
    "Methods": {
      "children": [],
      "title": null
    },
    "Notes": {
      "children": [],
      "title": null
    },
    "Other Parameters": {
      "children": [],
      "title": null
    },
    "Parameters": {
      "children": [
        {
          "data": {
            "desc": [
              {
                "data": {
                  "inline": [
                    {
                      "data": {
                        "value": "When kind equals 'pandas' return pandas objects. When kind equals 'native' return native HDF5 Table objects."
                      },
                      "type": "Words"
                    }
                  ],
                  "inner": []
                },
                "type": "Paragraph"
              },
              {
                "data": {
                  "args0": [],
                  "directive_name": "versionadded",
                  "inner": {
                    "inline": [
                      {
                        "data": {
                          "value": "1.1.0 "
                        },
                        "type": "Words"
                      }
                    ],
                    "inner": []
                  }
                },
                "type": "BlockDirective"
              }
            ],
            "param": "include",
            "type_": "str, default 'pandas'"
          },
          "type": "Param"
        }
      ],
      "title": null
    },
    "Raises": {
      "children": [
        {
          "data": {
            "desc": [],
            "param": "",
            "type_": "raises ValueError if kind has an illegal value"
          },
          "type": "Param"
        }
      ],
      "title": null
    },
    "Receives": {
      "children": [],
      "title": null
    },
    "Returns": {
      "children": [
        {
          "data": {
            "desc": [
              {
                "data": {
                  "inline": [
                    {
                      "data": {
                        "value": "List of ABSOLUTE path-names (e.g. have the leading '/')."
                      },
                      "type": "Words"
                    }
                  ],
                  "inner": []
                },
                "type": "Paragraph"
              }
            ],
            "param": "",
            "type_": "list"
          },
          "type": "Param"
        }
      ],
      "title": null
    },
    "Summary": {
      "children": [
        {
          "data": {
            "inline": [
              {
                "data": {
                  "value": "Return a list of keys corresponding to objects stored in HDFStore."
                },
                "type": "Words"
              }
            ],
            "inner": []
          },
          "type": "Paragraph"
        }
      ],
      "title": null
    },
    "Warnings": {
      "children": [],
      "title": null
    },
    "Warns": {
      "children": [],
      "title": null
    },
    "Yields": {
      "children": [],
      "title": null
    }
  },
  "aliases": [
    "pandas.HDFStore.keys"
  ],
  "arbitrary": [],
  "example_section_data": {
    "children": [],
    "title": null
  },
  "item_file": "/pandas/io/pytables.py",
  "item_line": 651,
  "item_type": "<class 'function'>",
  "ordered_sections": [
    "Summary",
    "Parameters",
    "Returns",
    "Raises"
  ],
  "references": null,
  "refs": [],
  "see_also": [],
  "signature": "keys(self, include: 'str' = 'pandas') -> 'list[str]'"
}