{
  "_content": {
    "Attributes": {
      "children": [],
      "title": null
    },
    "Extended Summary": {
      "children": [],
      "title": null
    },
    "Methods": {
      "children": [],
      "title": null
    },
    "Notes": {
      "children": [],
      "title": null
    },
    "Other Parameters": {
      "children": [],
      "title": null
    },
    "Parameters": {
      "children": [],
      "title": null
    },
    "Raises": {
      "children": [],
      "title": null
    },
    "Receives": {
      "children": [],
      "title": null
    },
    "Returns": {
      "children": [],
      "title": null
    },
    "Summary": {
      "children": [
        {
          "data": {
            "inline": [
              {
                "data": {
                  "value": "DateOffset increments between the last business day of the year."
                },
                "type": "Words"
              }
            ],
            "inner": []
          },
          "type": "Paragraph"
        }
      ],
      "title": null
    },
    "Warnings": {
      "children": [],
      "title": null
    },
    "Warns": {
      "children": [],
      "title": null
    },
    "Yields": {
      "children": [],
      "title": null
    }
  },
  "aliases": [
    "pandas.offsets.BYearEnd"
  ],
  "arbitrary": [],
  "example_section_data": {
    "children": [
      {
        "data": {
          "ce_status": "compiled",
          "entries": [
            [
              "from",
              null,
              "kn"
            ],
            [
              " ",
              "",
              ""
            ],
            [
              "pandas",
              "pandas",
              "nn"
            ],
            [
              ".",
              "",
              "nn"
            ],
            [
              "tseries",
              "pandas.tseries",
              "nn"
            ],
            [
              ".",
              "",
              "nn"
            ],
            [
              "offsets",
              "pandas.tseries.offsets",
              "nn"
            ],
            [
              " ",
              "",
              ""
            ],
            [
              "import",
              null,
              "kn"
            ],
            [
              " ",
              "",
              ""
            ],
            [
              "BYearEnd",
              "pandas._libs.tslibs.offsets.BYearEnd",
              ""
            ],
            [
              "\n",
              "",
              ""
            ],
            [
              "ts",
              null,
              ""
            ],
            [
              " ",
              "",
              ""
            ],
            [
              "=",
              "",
              "o"
            ],
            [
              " ",
              "",
              ""
            ],
            [
              "pd",
              null,
              ""
            ],
            [
              ".",
              "",
              "o"
            ],
            [
              "Timestamp",
              null,
              ""
            ],
            [
              "(",
              "",
              ""
            ],
            [
              "'",
              "",
              "s1"
            ],
            [
              "2020-05-24 05:01:15",
              "",
              "s1"
            ],
            [
              "'",
              "",
              "s1"
            ],
            [
              ")",
              "",
              ""
            ],
            [
              "\n",
              "",
              ""
            ],
            [
              "ts",
              null,
              ""
            ],
            [
              " ",
              "",
              ""
            ],
            [
              "-",
              "",
              "o"
            ],
            [
              " ",
              "",
              ""
            ],
            [
              "BYearEnd",
              "pandas._libs.tslibs.offsets.BYearEnd",
              ""
            ],
            [
              "(",
              "",
              ""
            ],
            [
              ")",
              "",
              ""
            ]
          ],
          "out": "Timestamp('2019-12-31 05:01:15')"
        },
        "type": "Code"
      },
      {
        "data": {
          "ce_status": "compiled",
          "entries": [
            [
              "ts",
              null,
              ""
            ],
            [
              " ",
              "",
              ""
            ],
            [
              "+",
              "",
              "o"
            ],
            [
              " ",
              "",
              ""
            ],
            [
              "BYearEnd",
              "pandas._libs.tslibs.offsets.BYearEnd",
              ""
            ],
            [
              "(",
              "",
              ""
            ],
            [
              ")",
              "",
              ""
            ]
          ],
          "out": "Timestamp('2020-12-31 05:01:15')"
        },
        "type": "Code"
      },
      {
        "data": {
          "ce_status": "compiled",
          "entries": [
            [
              "ts",
              null,
              ""
            ],
            [
              " ",
              "",
              ""
            ],
            [
              "+",
              "",
              "o"
            ],
            [
              " ",
              "",
              ""
            ],
            [
              "BYearEnd",
              "pandas._libs.tslibs.offsets.BYearEnd",
              ""
            ],
            [
              "(",
              "",
              ""
            ],
            [
              "3",
              "",
              "mi"
            ],
            [
              ")",
              "",
              ""
            ]
          ],
          "out": "Timestamp('2022-12-30 05:01:15')"
        },
        "type": "Code"
      },
      {
        "data": {
          "ce_status": "compiled",
          "entries": [
            [
              "ts",
              null,
              ""
            ],
            [
              " ",
              "",
              ""
            ],
            [
              "+",
              "",
              "o"
            ],
            [
              " ",
              "",
              ""
            ],
            [
              "BYearEnd",
              "pandas._libs.tslibs.offsets.BYearEnd",
              ""
            ],
            [
              "(",
              "",
              ""
            ],
            [
              "-",
              "",
              "o"
            ],
            [
              "3",
              "",
              "mi"
            ],
            [
              ")",
              "",
              ""
            ]
          ],
          "out": "Timestamp('2017-12-29 05:01:15')"
        },
        "type": "Code"
      },
      {
        "data": {
          "ce_status": "compiled",
          "entries": [
            [
              "ts",
              null,
              ""
            ],
            [
              " ",
              "",
              ""
            ],
            [
              "+",
              "",
              "o"
            ],
            [
              " ",
              "",
              ""
            ],
            [
              "BYearEnd",
              "pandas._libs.tslibs.offsets.BYearEnd",
              ""
            ],
            [
              "(",
              "",
              ""
            ],
            [
              "month",
              null,
              ""
            ],
            [
              "=",
              "",
              "o"
            ],
            [
              "11",
              "",
              "mi"
            ],
            [
              ")",
              "",
              ""
            ]
          ],
          "out": "Timestamp('2020-11-30 05:01:15')"
        },
        "type": "Code"
      }
    ],
    "title": null
  },
  "item_file": "/pandas/_libs/tslibs/offsets.cpython-39-darwin.so",
  "item_line": null,
  "item_type": "<class 'type'>",
  "ordered_sections": [
    "Summary",
    "Examples"
  ],
  "references": null,
  "refs": [
    "pandas",
    "pandas._libs.tslibs.offsets.BYearEnd",
    "pandas.tseries",
    "pandas.tseries.offsets"
  ],
  "see_also": [],
  "signature": null
}