{
  "_content": {
    "Attributes": {
      "children": [],
      "title": null
    },
    "Extended Summary": {
      "children": [
        {
          "data": {
            "inline": [
              {
                "data": {
                  "value": "This method will parse the children and attributes of elements in xpath, conditionally for only elements, only attributes or both while optionally renaming node names."
                },
                "type": "Words"
              }
            ],
            "inner": []
          },
          "type": "Paragraph"
        }
      ],
      "title": null
    },
    "Methods": {
      "children": [],
      "title": null
    },
    "Notes": {
      "children": [
        {
          "data": {
            "inline": [
              {
                "data": {
                  "value": "Namespace URIs will be removed from return node values.Also, elements with missing children or attributes compared to siblings will have optional keys filled withi None values."
                },
                "type": "Words"
              }
            ],
            "inner": []
          },
          "type": "Paragraph"
        }
      ],
      "title": null
    },
    "Other Parameters": {
      "children": [],
      "title": null
    },
    "Parameters": {
      "children": [],
      "title": null
    },
    "Raises": {
      "children": [
        {
          "data": {
            "desc": [
              {
                "data": {
                  "value": [
                    {
                      "data": {
                        "inline": [
                          {
                            "data": {
                              "value": "If only elements and only attributes are specified."
                            },
                            "type": "Words"
                          }
                        ],
                        "inner": []
                      },
                      "type": "Paragraph"
                    }
                  ]
                },
                "type": "BulletList"
              }
            ],
            "param": "",
            "type_": "ValueError"
          },
          "type": "Param"
        }
      ],
      "title": null
    },
    "Receives": {
      "children": [],
      "title": null
    },
    "Returns": {
      "children": [],
      "title": null
    },
    "Summary": {
      "children": [
        {
          "data": {
            "inline": [
              {
                "data": {
                  "value": "Parse xml nodes."
                },
                "type": "Words"
              }
            ],
            "inner": []
          },
          "type": "Paragraph"
        }
      ],
      "title": null
    },
    "Warnings": {
      "children": [],
      "title": null
    },
    "Warns": {
      "children": [],
      "title": null
    },
    "Yields": {
      "children": [],
      "title": null
    }
  },
  "aliases": [
    "pandas.io.xml._XMLFrameParser._parse_nodes"
  ],
  "arbitrary": [],
  "example_section_data": {
    "children": [],
    "title": null
  },
  "item_file": "/pandas/io/xml.py",
  "item_line": 139,
  "item_type": "<class 'function'>",
  "ordered_sections": [
    "Summary",
    "Extended Summary",
    "Raises",
    "Notes"
  ],
  "references": null,
  "refs": [],
  "see_also": [],
  "signature": "_parse_nodes(self) -> 'list[dict[str, str | None]]'"
}