{
  "_content": {
    "Attributes": {
      "children": [
        {
          "data": {
            "desc": [],
            "param": "None",
            "type_": ""
          },
          "type": "Param"
        }
      ],
      "title": null
    },
    "Extended Summary": {
      "children": [
        {
          "data": {
            "args0": [],
            "directive_name": "warning",
            "inner": {
              "inline": [
                {
                  "data": {
                    "value": "TimedeltaArray is currently experimental, and its API may change without warning. In particular, : attr : `TimedeltaArray.dtype` is expected to change to be an instance of an ``ExtensionDtype`` subclass. "
                  },
                  "type": "Words"
                }
              ],
              "inner": []
            }
          },
          "type": "BlockDirective"
        }
      ],
      "title": null
    },
    "Methods": {
      "children": [
        {
          "data": {
            "desc": [],
            "param": "None",
            "type_": ""
          },
          "type": "Param"
        }
      ],
      "title": null
    },
    "Notes": {
      "children": [],
      "title": null
    },
    "Other Parameters": {
      "children": [],
      "title": null
    },
    "Parameters": {
      "children": [
        {
          "data": {
            "desc": [
              {
                "data": {
                  "inline": [
                    {
                      "data": {
                        "value": "The timedelta data."
                      },
                      "type": "Words"
                    }
                  ],
                  "inner": []
                },
                "type": "Paragraph"
              }
            ],
            "param": "values",
            "type_": "array-like"
          },
          "type": "Param"
        },
        {
          "data": {
            "desc": [
              {
                "data": {
                  "inline": [
                    {
                      "data": {
                        "value": "Currently, only "
                      },
                      "type": "Words"
                    },
                    {
                      "data": {
                        "value": [
                          "numpy.dtype(\"timedelta64[ns]\")"
                        ]
                      },
                      "type": "Verbatim"
                    },
                    {
                      "data": {
                        "value": " is accepted."
                      },
                      "type": "Words"
                    }
                  ],
                  "inner": []
                },
                "type": "Paragraph"
              }
            ],
            "param": "dtype",
            "type_": "numpy.dtype"
          },
          "type": "Param"
        },
        {
          "data": {
            "desc": [],
            "param": "freq",
            "type_": "Offset, optional"
          },
          "type": "Param"
        },
        {
          "data": {
            "desc": [
              {
                "data": {
                  "inline": [
                    {
                      "data": {
                        "value": "Whether to copy the underlying array of data."
                      },
                      "type": "Words"
                    }
                  ],
                  "inner": []
                },
                "type": "Paragraph"
              }
            ],
            "param": "copy",
            "type_": "bool, default False"
          },
          "type": "Param"
        }
      ],
      "title": null
    },
    "Raises": {
      "children": [],
      "title": null
    },
    "Receives": {
      "children": [],
      "title": null
    },
    "Returns": {
      "children": [],
      "title": null
    },
    "Summary": {
      "children": [
        {
          "data": {
            "inline": [
              {
                "data": {
                  "value": "Pandas ExtensionArray for timedelta data."
                },
                "type": "Words"
              }
            ],
            "inner": []
          },
          "type": "Paragraph"
        }
      ],
      "title": null
    },
    "Warnings": {
      "children": [],
      "title": null
    },
    "Warns": {
      "children": [],
      "title": null
    },
    "Yields": {
      "children": [],
      "title": null
    }
  },
  "aliases": [
    "pandas.TimedeltaIndex._data_cls"
  ],
  "arbitrary": [],
  "example_section_data": {
    "children": [],
    "title": null
  },
  "item_file": "/pandas/core/arrays/timedeltas.py",
  "item_line": 97,
  "item_type": "<class 'type'>",
  "ordered_sections": [
    "Summary",
    "Extended Summary",
    "Parameters",
    "Attributes",
    "Methods"
  ],
  "references": null,
  "refs": [],
  "see_also": [],
  "signature": "TimedeltaArray(values, dtype=dtype('<m8[ns]'), freq=<no_default>, copy: 'bool' = False)"
}