{
  "_content": {
    "Attributes": {
      "children": [],
      "title": null
    },
    "Extended Summary": {
      "children": [],
      "title": null
    },
    "Methods": {
      "children": [],
      "title": null
    },
    "Notes": {
      "children": [],
      "title": null
    },
    "Other Parameters": {
      "children": [],
      "title": null
    },
    "Parameters": {
      "children": [
        {
          "data": {
            "desc": [],
            "param": "mgrs_indexers",
            "type_": "list of (BlockManager, {axis: indexer,...}) tuples"
          },
          "type": "Param"
        },
        {
          "data": {
            "desc": [],
            "param": "axes",
            "type_": "list of Index"
          },
          "type": "Param"
        },
        {
          "data": {
            "desc": [],
            "param": "concat_axis",
            "type_": "int"
          },
          "type": "Param"
        },
        {
          "data": {
            "desc": [],
            "param": "copy",
            "type_": "bool"
          },
          "type": "Param"
        }
      ],
      "title": null
    },
    "Raises": {
      "children": [],
      "title": null
    },
    "Receives": {
      "children": [],
      "title": null
    },
    "Returns": {
      "children": [
        {
          "data": {
            "desc": [],
            "param": "",
            "type_": "BlockManager"
          },
          "type": "Param"
        }
      ],
      "title": null
    },
    "Summary": {
      "children": [
        {
          "data": {
            "inline": [
              {
                "data": {
                  "value": "Concatenate block managers into one."
                },
                "type": "Words"
              }
            ],
            "inner": []
          },
          "type": "Paragraph"
        }
      ],
      "title": null
    },
    "Warnings": {
      "children": [],
      "title": null
    },
    "Warns": {
      "children": [],
      "title": null
    },
    "Yields": {
      "children": [],
      "title": null
    }
  },
  "aliases": [
    "pandas.core.internals.concatenate_managers"
  ],
  "arbitrary": [],
  "example_section_data": {
    "children": [],
    "title": null
  },
  "item_file": "/pandas/core/internals/concat.py",
  "item_line": 174,
  "item_type": "<class 'function'>",
  "ordered_sections": [
    "Summary",
    "Parameters",
    "Returns"
  ],
  "references": null,
  "refs": [],
  "see_also": [],
  "signature": "concatenate_managers(mgrs_indexers, axes: 'list[Index]', concat_axis: 'int', copy: 'bool') -> 'Manager'"
}