{
  "_content": {
    "Attributes": {
      "children": [],
      "title": null
    },
    "Extended Summary": {
      "children": [
        {
          "data": {
            "children": [
              {
                "data": {
                  "children": [
                    {
                      "data": {
                        "value": "Previously, unused categories were dropped from the new categories."
                      },
                      "type": "Words"
                    }
                  ]
                },
                "type": "Paragraph"
              }
            ],
            "kind": "versionchanged",
            "title": "1.3.0"
          },
          "type": "Admonition"
        }
      ],
      "title": null
    },
    "Methods": {
      "children": [],
      "title": null
    },
    "Notes": {
      "children": [],
      "title": null
    },
    "Other Parameters": {
      "children": [],
      "title": null
    },
    "Parameters": {
      "children": [],
      "title": null
    },
    "Raises": {
      "children": [],
      "title": null
    },
    "Receives": {
      "children": [],
      "title": null
    },
    "Returns": {
      "children": [
        {
          "data": {
            "desc": [],
            "param": "",
            "type_": "Categorical"
          },
          "type": "Param"
        }
      ],
      "title": null
    },
    "Summary": {
      "children": [
        {
          "data": {
            "children": [
              {
                "data": {
                  "value": "Return the "
                },
                "type": "Words"
              },
              {
                "data": {
                  "value": [
                    "Categorical"
                  ]
                },
                "type": "Verbatim"
              },
              {
                "data": {
                  "value": " which "
                },
                "type": "Words"
              },
              {
                "data": {
                  "value": [
                    "categories"
                  ]
                },
                "type": "Verbatim"
              },
              {
                "data": {
                  "value": " and "
                },
                "type": "Words"
              },
              {
                "data": {
                  "value": [
                    "codes"
                  ]
                },
                "type": "Verbatim"
              },
              {
                "data": {
                  "value": " are unique."
                },
                "type": "Words"
              }
            ]
          },
          "type": "Paragraph"
        }
      ],
      "title": null
    },
    "Warnings": {
      "children": [],
      "title": null
    },
    "Warns": {
      "children": [],
      "title": null
    },
    "Yields": {
      "children": [],
      "title": null
    }
  },
  "aliases": [
    "pandas.Categorical.unique"
  ],
  "arbitrary": [],
  "example_section_data": {
    "children": [
      {
        "data": {
          "ce_status": "compiled",
          "entries": [
            [
              "pd",
              null,
              ""
            ],
            [
              ".",
              "",
              "o"
            ],
            [
              "Categorical",
              null,
              ""
            ],
            [
              "(",
              "",
              ""
            ],
            [
              "list",
              "builtins.list",
              "nb"
            ],
            [
              "(",
              "",
              ""
            ],
            [
              "\"",
              "",
              "s2"
            ],
            [
              "baabc",
              null,
              "s2"
            ],
            [
              "\"",
              "",
              "s2"
            ],
            [
              ")",
              "",
              ""
            ],
            [
              ")",
              "",
              ""
            ],
            [
              ".",
              "",
              "o"
            ],
            [
              "unique",
              null,
              ""
            ],
            [
              "(",
              "",
              ""
            ],
            [
              ")",
              "",
              ""
            ]
          ],
          "out": "['b', 'a', 'c']\nCategories (3, object): ['a', 'b', 'c']"
        },
        "type": "Code"
      },
      {
        "data": {
          "ce_status": "compiled",
          "entries": [
            [
              "pd",
              null,
              ""
            ],
            [
              ".",
              "",
              "o"
            ],
            [
              "Categorical",
              null,
              ""
            ],
            [
              "(",
              "",
              ""
            ],
            [
              "list",
              "builtins.list",
              "nb"
            ],
            [
              "(",
              "",
              ""
            ],
            [
              "\"",
              "",
              "s2"
            ],
            [
              "baab",
              null,
              "s2"
            ],
            [
              "\"",
              "",
              "s2"
            ],
            [
              ")",
              "",
              ""
            ],
            [
              ",",
              "",
              ""
            ],
            [
              " ",
              "",
              ""
            ],
            [
              "categories",
              null,
              ""
            ],
            [
              "=",
              "",
              "o"
            ],
            [
              "list",
              "builtins.list",
              "nb"
            ],
            [
              "(",
              "",
              ""
            ],
            [
              "\"",
              "",
              "s2"
            ],
            [
              "abc",
              null,
              "s2"
            ],
            [
              "\"",
              "",
              "s2"
            ],
            [
              ")",
              "",
              ""
            ],
            [
              ",",
              "",
              ""
            ],
            [
              " ",
              "",
              ""
            ],
            [
              "ordered",
              null,
              ""
            ],
            [
              "=",
              "",
              "o"
            ],
            [
              "True",
              null,
              "kc"
            ],
            [
              ")",
              "",
              ""
            ],
            [
              ".",
              "",
              "o"
            ],
            [
              "unique",
              null,
              ""
            ],
            [
              "(",
              "",
              ""
            ],
            [
              ")",
              "",
              ""
            ]
          ],
          "out": "['b', 'a']\nCategories (3, object): ['a' < 'b' < 'c']"
        },
        "type": "Code"
      }
    ],
    "title": null
  },
  "item_file": "/pandas/core/arrays/categorical.py",
  "item_line": 2278,
  "item_type": "<class 'function'>",
  "ordered_sections": [
    "Summary",
    "Extended Summary",
    "Returns",
    "See Also",
    "Examples"
  ],
  "references": null,
  "refs": [
    "CategoricalIndex.unique",
    "Series.unique",
    "builtins.list",
    "pandas.core.algorithms.unique"
  ],
  "see_also": [
    {
      "descriptions": [],
      "name": {
        "exists": true,
        "name": "pandas.unique",
        "ref": "pandas.core.algorithms.unique"
      },
      "type": null
    },
    {
      "descriptions": [],
      "name": {
        "exists": null,
        "name": "CategoricalIndex.unique",
        "ref": null
      },
      "type": null
    },
    {
      "descriptions": [
        {
          "children": [
            {
              "data": {
                "value": "Return unique values of Series object."
              },
              "type": "Words"
            }
          ]
        }
      ],
      "name": {
        "exists": true,
        "name": "Series.unique",
        "ref": "pandas.core.series.Series.unique"
      },
      "type": null
    }
  ],
  "signature": {
    "value": "unique(self)"
  }
}