{
  "_content": {
    "Attributes": {
      "children": [],
      "title": null
    },
    "Extended Summary": {
      "children": [],
      "title": null
    },
    "Methods": {
      "children": [],
      "title": null
    },
    "Notes": {
      "children": [],
      "title": null
    },
    "Other Parameters": {
      "children": [],
      "title": null
    },
    "Parameters": {
      "children": [
        {
          "data": {
            "children": [
              {
                "desc": [],
                "param": "arr",
                "type_": "array of i8"
              },
              {
                "desc": [
                  {
                    "data": {
                      "children": [
                        {
                          "data": {
                            "value": "convert to this timezone"
                          },
                          "type": "Words"
                        }
                      ]
                    },
                    "type": "Paragraph"
                  }
                ],
                "param": "tz",
                "type_": "str, optional"
              },
              {
                "desc": [
                  {
                    "data": {
                      "children": [
                        {
                          "data": {
                            "value": "freq to convert"
                          },
                          "type": "Words"
                        }
                      ]
                    },
                    "type": "Paragraph"
                  }
                ],
                "param": "freq",
                "type_": "str/Offset, optional"
              },
              {
                "desc": [
                  {
                    "data": {
                      "children": [
                        {
                          "data": {
                            "value": "Due to daylight saving time, one wall clock time can occur twice when shifting from summer to winter time; fold describes whether the datetime-like corresponds  to the first (0) or the second time (1) the wall clock hits the ambiguous time"
                          },
                          "type": "Words"
                        }
                      ]
                    },
                    "type": "Paragraph"
                  },
                  {
                    "data": {
                      "children": [],
                      "kind": "versionadded",
                      "title": "1.1.0"
                    },
                    "type": "Admonition"
                  }
                ],
                "param": "fold",
                "type_": "bint, default is 0"
              },
              {
                "desc": [
                  {
                    "data": {
                      "children": [
                        {
                          "children": [
                            {
                              "data": {
                                "children": [
                                  {
                                    "data": {
                                      "value": "If datetime, convert to datetime.datetime"
                                    },
                                    "type": "Words"
                                  }
                                ]
                              },
                              "type": "Paragraph"
                            }
                          ]
                        },
                        {
                          "children": [
                            {
                              "data": {
                                "children": [
                                  {
                                    "data": {
                                      "value": "If date, convert to datetime.date"
                                    },
                                    "type": "Words"
                                  }
                                ]
                              },
                              "type": "Paragraph"
                            }
                          ]
                        },
                        {
                          "children": [
                            {
                              "data": {
                                "children": [
                                  {
                                    "data": {
                                      "value": "If time, convert to datetime.time"
                                    },
                                    "type": "Words"
                                  }
                                ]
                              },
                              "type": "Paragraph"
                            }
                          ]
                        },
                        {
                          "children": [
                            {
                              "data": {
                                "children": [
                                  {
                                    "data": {
                                      "value": "If Timestamp, convert to pandas.Timestamp"
                                    },
                                    "type": "Words"
                                  }
                                ]
                              },
                              "type": "Paragraph"
                            }
                          ]
                        }
                      ]
                    },
                    "type": "BulletList"
                  }
                ],
                "param": "box",
                "type_": "{'datetime', 'timestamp', 'date', 'time'}, default 'datetime'"
              }
            ]
          },
          "type": "Parameters"
        }
      ],
      "title": null
    },
    "Raises": {
      "children": [],
      "title": null
    },
    "Receives": {
      "children": [],
      "title": null
    },
    "Returns": {
      "children": [
        {
          "data": {
            "children": [
              {
                "desc": [],
                "param": "",
                "type_": "ndarray[object] of type specified by box"
              }
            ]
          },
          "type": "Parameters"
        }
      ],
      "title": null
    },
    "Summary": {
      "children": [
        {
          "data": {
            "children": [
              {
                "data": {
                  "value": "Convert an i8 repr to an ndarray of datetimes, date, time or Timestamp."
                },
                "type": "Words"
              }
            ]
          },
          "type": "Paragraph"
        }
      ],
      "title": null
    },
    "Warnings": {
      "children": [],
      "title": null
    },
    "Warns": {
      "children": [],
      "title": null
    },
    "Yields": {
      "children": [],
      "title": null
    }
  },
  "aliases": [
    "pandas._libs.tslibs.ints_to_pydatetime"
  ],
  "arbitrary": [],
  "example_section_data": {
    "children": [],
    "title": null
  },
  "item_file": null,
  "item_line": null,
  "item_type": "<class 'builtin_function_or_method'>",
  "ordered_sections": [
    "Summary",
    "Parameters",
    "Returns"
  ],
  "references": null,
  "see_also": [],
  "signature": {
    "value": null
  }
}