{
  "_content": {
    "Attributes": {
      "children": [],
      "title": null
    },
    "Extended Summary": {
      "children": [
        {
          "data": {
            "children": [],
            "kind": "versionadded",
            "title": "1.0.0"
          },
          "type": "Admonition"
        }
      ],
      "title": null
    },
    "Methods": {
      "children": [],
      "title": null
    },
    "Notes": {
      "children": [
        {
          "data": {
            "children": [
              {
                "data": {
                  "value": "By default, "
                },
                "type": "Words"
              },
              {
                "data": {
                  "value": [
                    "convert_dtypes"
                  ]
                },
                "type": "Verbatim"
              },
              {
                "data": {
                  "value": " will attempt to convert a Series (or each Series in a DataFrame) to dtypes that support "
                },
                "type": "Words"
              },
              {
                "data": {
                  "value": [
                    "pd.NA"
                  ]
                },
                "type": "Verbatim"
              },
              {
                "data": {
                  "value": ". By using the options "
                },
                "type": "Words"
              },
              {
                "data": {
                  "value": [
                    "convert_string"
                  ]
                },
                "type": "Verbatim"
              },
              {
                "data": {
                  "value": ", "
                },
                "type": "Words"
              },
              {
                "data": {
                  "value": [
                    "convert_integer"
                  ]
                },
                "type": "Verbatim"
              },
              {
                "data": {
                  "value": ", "
                },
                "type": "Words"
              },
              {
                "data": {
                  "value": [
                    "convert_boolean"
                  ]
                },
                "type": "Verbatim"
              },
              {
                "data": {
                  "value": " and "
                },
                "type": "Words"
              },
              {
                "data": {
                  "value": [
                    "convert_boolean"
                  ]
                },
                "type": "Verbatim"
              },
              {
                "data": {
                  "value": ", it is possible to turn off individual conversions to "
                },
                "type": "Words"
              },
              {
                "data": {
                  "value": [
                    "StringDtype"
                  ]
                },
                "type": "Verbatim"
              },
              {
                "data": {
                  "value": ", the integer extension types, "
                },
                "type": "Words"
              },
              {
                "data": {
                  "value": [
                    "BooleanDtype"
                  ]
                },
                "type": "Verbatim"
              },
              {
                "data": {
                  "value": " or floating extension types, respectively."
                },
                "type": "Words"
              }
            ]
          },
          "type": "Paragraph"
        },
        {
          "data": {
            "children": [
              {
                "data": {
                  "value": "For object-dtyped columns, if "
                },
                "type": "Words"
              },
              {
                "data": {
                  "value": [
                    "infer_objects"
                  ]
                },
                "type": "Verbatim"
              },
              {
                "data": {
                  "value": " is "
                },
                "type": "Words"
              },
              {
                "data": {
                  "value": [
                    "True"
                  ]
                },
                "type": "Verbatim"
              },
              {
                "data": {
                  "value": ", use the inference rules as during normal Series/DataFrame construction.  Then, if possible, convert to "
                },
                "type": "Words"
              },
              {
                "data": {
                  "value": [
                    "StringDtype"
                  ]
                },
                "type": "Verbatim"
              },
              {
                "data": {
                  "value": ", "
                },
                "type": "Words"
              },
              {
                "data": {
                  "value": [
                    "BooleanDtype"
                  ]
                },
                "type": "Verbatim"
              },
              {
                "data": {
                  "value": " or an appropriate integer or floating extension type, otherwise leave as "
                },
                "type": "Words"
              },
              {
                "data": {
                  "value": [
                    "object"
                  ]
                },
                "type": "Verbatim"
              },
              {
                "data": {
                  "value": "."
                },
                "type": "Words"
              }
            ]
          },
          "type": "Paragraph"
        },
        {
          "data": {
            "children": [
              {
                "data": {
                  "value": "If the dtype is integer, convert to an appropriate integer extension type."
                },
                "type": "Words"
              }
            ]
          },
          "type": "Paragraph"
        },
        {
          "data": {
            "children": [
              {
                "data": {
                  "value": "If the dtype is numeric, and consists of all integers, convert to an appropriate integer extension type. Otherwise, convert to an appropriate floating extension type."
                },
                "type": "Words"
              }
            ]
          },
          "type": "Paragraph"
        },
        {
          "data": {
            "children": [
              {
                "data": {
                  "children": [
                    {
                      "data": {
                        "value": "Starting with pandas 1.2, this method also converts float columns to the nullable floating extension type."
                      },
                      "type": "Words"
                    }
                  ]
                },
                "type": "Paragraph"
              }
            ],
            "kind": "versionchanged",
            "title": "1.2"
          },
          "type": "Admonition"
        },
        {
          "data": {
            "children": [
              {
                "data": {
                  "value": "In the future, as new dtypes are added that support "
                },
                "type": "Words"
              },
              {
                "data": {
                  "value": [
                    "pd.NA"
                  ]
                },
                "type": "Verbatim"
              },
              {
                "data": {
                  "value": ", the results of this method will change to support those new dtypes."
                },
                "type": "Words"
              }
            ]
          },
          "type": "Paragraph"
        }
      ],
      "title": null
    },
    "Other Parameters": {
      "children": [],
      "title": null
    },
    "Parameters": {
      "children": [
        {
          "data": {
            "desc": [
              {
                "data": {
                  "children": [
                    {
                      "data": {
                        "value": "Whether object dtypes should be converted to the best possible types."
                      },
                      "type": "Words"
                    }
                  ]
                },
                "type": "Paragraph"
              }
            ],
            "param": "infer_objects",
            "type_": "bool, default True"
          },
          "type": "Param"
        },
        {
          "data": {
            "desc": [
              {
                "data": {
                  "children": [
                    {
                      "data": {
                        "value": "Whether object dtypes should be converted to "
                      },
                      "type": "Words"
                    },
                    {
                      "data": {
                        "value": [
                          "StringDtype()"
                        ]
                      },
                      "type": "Verbatim"
                    },
                    {
                      "data": {
                        "value": "."
                      },
                      "type": "Words"
                    }
                  ]
                },
                "type": "Paragraph"
              }
            ],
            "param": "convert_string",
            "type_": "bool, default True"
          },
          "type": "Param"
        },
        {
          "data": {
            "desc": [
              {
                "data": {
                  "children": [
                    {
                      "data": {
                        "value": "Whether, if possible, conversion can be done to integer extension types."
                      },
                      "type": "Words"
                    }
                  ]
                },
                "type": "Paragraph"
              }
            ],
            "param": "convert_integer",
            "type_": "bool, default True"
          },
          "type": "Param"
        },
        {
          "data": {
            "desc": [
              {
                "data": {
                  "children": [
                    {
                      "data": {
                        "value": "Whether object dtypes should be converted to "
                      },
                      "type": "Words"
                    },
                    {
                      "data": {
                        "value": [
                          "BooleanDtypes()"
                        ]
                      },
                      "type": "Verbatim"
                    },
                    {
                      "data": {
                        "value": "."
                      },
                      "type": "Words"
                    }
                  ]
                },
                "type": "Paragraph"
              }
            ],
            "param": "convert_boolean",
            "type_": "bool, defaults True"
          },
          "type": "Param"
        },
        {
          "data": {
            "desc": [
              {
                "data": {
                  "children": [
                    {
                      "data": {
                        "value": "Whether, if possible, conversion can be done to floating extension types. If "
                      },
                      "type": "Words"
                    },
                    {
                      "data": {
                        "exists": true,
                        "kind": "local",
                        "reference": {
                          "kind": "local",
                          "module": null,
                          "path": "convert_integer",
                          "version": null
                        },
                        "value": "convert_integer"
                      },
                      "type": "Link"
                    },
                    {
                      "data": {
                        "value": " is also True, preference will be give to integer dtypes if the floats can be faithfully casted to integers."
                      },
                      "type": "Words"
                    }
                  ]
                },
                "type": "Paragraph"
              },
              {
                "data": {
                  "children": [],
                  "kind": "versionadded",
                  "title": "1.2.0"
                },
                "type": "Admonition"
              }
            ],
            "param": "convert_floating",
            "type_": "bool, defaults True"
          },
          "type": "Param"
        }
      ],
      "title": null
    },
    "Raises": {
      "children": [],
      "title": null
    },
    "Receives": {
      "children": [],
      "title": null
    },
    "Returns": {
      "children": [
        {
          "data": {
            "desc": [
              {
                "data": {
                  "children": [
                    {
                      "data": {
                        "value": "Copy of input object with new dtype."
                      },
                      "type": "Words"
                    }
                  ]
                },
                "type": "Paragraph"
              }
            ],
            "param": "",
            "type_": "Series or DataFrame"
          },
          "type": "Param"
        }
      ],
      "title": null
    },
    "Summary": {
      "children": [
        {
          "data": {
            "children": [
              {
                "data": {
                  "value": "Convert columns to best possible dtypes using dtypes supporting "
                },
                "type": "Words"
              },
              {
                "data": {
                  "value": [
                    "pd.NA"
                  ]
                },
                "type": "Verbatim"
              },
              {
                "data": {
                  "value": "."
                },
                "type": "Words"
              }
            ]
          },
          "type": "Paragraph"
        }
      ],
      "title": null
    },
    "Warnings": {
      "children": [],
      "title": null
    },
    "Warns": {
      "children": [],
      "title": null
    },
    "Yields": {
      "children": [],
      "title": null
    }
  },
  "aliases": [
    "pandas.core.frame.NDFrame.convert_dtypes"
  ],
  "arbitrary": [],
  "example_section_data": {
    "children": [
      {
        "data": {
          "ce_status": "compiled",
          "entries": [
            [
              "df",
              null,
              ""
            ],
            [
              " ",
              "",
              ""
            ],
            [
              "=",
              "",
              "o"
            ],
            [
              " ",
              "",
              ""
            ],
            [
              "pd",
              null,
              ""
            ],
            [
              ".",
              "",
              "o"
            ],
            [
              "DataFrame",
              null,
              ""
            ],
            [
              "(",
              "",
              ""
            ],
            [
              "\n",
              "",
              ""
            ],
            [
              "    ",
              "",
              ""
            ],
            [
              "{",
              "",
              ""
            ],
            [
              "\n",
              "",
              ""
            ],
            [
              "        ",
              "",
              ""
            ],
            [
              "\"",
              "",
              "s2"
            ],
            [
              "a",
              null,
              "s2"
            ],
            [
              "\"",
              "",
              "s2"
            ],
            [
              ":",
              "",
              ""
            ],
            [
              " ",
              "",
              ""
            ],
            [
              "pd",
              null,
              ""
            ],
            [
              ".",
              "",
              "o"
            ],
            [
              "Series",
              null,
              ""
            ],
            [
              "(",
              "",
              ""
            ],
            [
              "[",
              "",
              ""
            ],
            [
              "1",
              "",
              "mi"
            ],
            [
              ",",
              "",
              ""
            ],
            [
              " ",
              "",
              ""
            ],
            [
              "2",
              "",
              "mi"
            ],
            [
              ",",
              "",
              ""
            ],
            [
              " ",
              "",
              ""
            ],
            [
              "3",
              "",
              "mi"
            ],
            [
              "]",
              "",
              ""
            ],
            [
              ",",
              "",
              ""
            ],
            [
              " ",
              "",
              ""
            ],
            [
              "dtype",
              null,
              ""
            ],
            [
              "=",
              "",
              "o"
            ],
            [
              "np",
              "numpy",
              ""
            ],
            [
              ".",
              "",
              "o"
            ],
            [
              "dtype",
              "numpy.dtype",
              ""
            ],
            [
              "(",
              "",
              ""
            ],
            [
              "\"",
              "",
              "s2"
            ],
            [
              "int32",
              null,
              "s2"
            ],
            [
              "\"",
              "",
              "s2"
            ],
            [
              ")",
              "",
              ""
            ],
            [
              ")",
              "",
              ""
            ],
            [
              ",",
              "",
              ""
            ],
            [
              "\n",
              "",
              ""
            ],
            [
              "        ",
              "",
              ""
            ],
            [
              "\"",
              "",
              "s2"
            ],
            [
              "b",
              null,
              "s2"
            ],
            [
              "\"",
              "",
              "s2"
            ],
            [
              ":",
              "",
              ""
            ],
            [
              " ",
              "",
              ""
            ],
            [
              "pd",
              null,
              ""
            ],
            [
              ".",
              "",
              "o"
            ],
            [
              "Series",
              null,
              ""
            ],
            [
              "(",
              "",
              ""
            ],
            [
              "[",
              "",
              ""
            ],
            [
              "\"",
              "",
              "s2"
            ],
            [
              "x",
              null,
              "s2"
            ],
            [
              "\"",
              "",
              "s2"
            ],
            [
              ",",
              "",
              ""
            ],
            [
              " ",
              "",
              ""
            ],
            [
              "\"",
              "",
              "s2"
            ],
            [
              "y",
              null,
              "s2"
            ],
            [
              "\"",
              "",
              "s2"
            ],
            [
              ",",
              "",
              ""
            ],
            [
              " ",
              "",
              ""
            ],
            [
              "\"",
              "",
              "s2"
            ],
            [
              "z",
              null,
              "s2"
            ],
            [
              "\"",
              "",
              "s2"
            ],
            [
              "]",
              "",
              ""
            ],
            [
              ",",
              "",
              ""
            ],
            [
              " ",
              "",
              ""
            ],
            [
              "dtype",
              null,
              ""
            ],
            [
              "=",
              "",
              "o"
            ],
            [
              "np",
              "numpy",
              ""
            ],
            [
              ".",
              "",
              "o"
            ],
            [
              "dtype",
              "numpy.dtype",
              ""
            ],
            [
              "(",
              "",
              ""
            ],
            [
              "\"",
              "",
              "s2"
            ],
            [
              "O",
              null,
              "s2"
            ],
            [
              "\"",
              "",
              "s2"
            ],
            [
              ")",
              "",
              ""
            ],
            [
              ")",
              "",
              ""
            ],
            [
              ",",
              "",
              ""
            ],
            [
              "\n",
              "",
              ""
            ],
            [
              "        ",
              "",
              ""
            ],
            [
              "\"",
              "",
              "s2"
            ],
            [
              "c",
              null,
              "s2"
            ],
            [
              "\"",
              "",
              "s2"
            ],
            [
              ":",
              "",
              ""
            ],
            [
              " ",
              "",
              ""
            ],
            [
              "pd",
              null,
              ""
            ],
            [
              ".",
              "",
              "o"
            ],
            [
              "Series",
              null,
              ""
            ],
            [
              "(",
              "",
              ""
            ],
            [
              "[",
              "",
              ""
            ],
            [
              "True",
              null,
              "kc"
            ],
            [
              ",",
              "",
              ""
            ],
            [
              " ",
              "",
              ""
            ],
            [
              "False",
              null,
              "kc"
            ],
            [
              ",",
              "",
              ""
            ],
            [
              " ",
              "",
              ""
            ],
            [
              "np",
              "numpy",
              ""
            ],
            [
              ".",
              "",
              "o"
            ],
            [
              "nan",
              "builtins.float",
              ""
            ],
            [
              "]",
              "",
              ""
            ],
            [
              ",",
              "",
              ""
            ],
            [
              " ",
              "",
              ""
            ],
            [
              "dtype",
              null,
              ""
            ],
            [
              "=",
              "",
              "o"
            ],
            [
              "np",
              "numpy",
              ""
            ],
            [
              ".",
              "",
              "o"
            ],
            [
              "dtype",
              "numpy.dtype",
              ""
            ],
            [
              "(",
              "",
              ""
            ],
            [
              "\"",
              "",
              "s2"
            ],
            [
              "O",
              null,
              "s2"
            ],
            [
              "\"",
              "",
              "s2"
            ],
            [
              ")",
              "",
              ""
            ],
            [
              ")",
              "",
              ""
            ],
            [
              ",",
              "",
              ""
            ],
            [
              "\n",
              "",
              ""
            ],
            [
              "        ",
              "",
              ""
            ],
            [
              "\"",
              "",
              "s2"
            ],
            [
              "d",
              null,
              "s2"
            ],
            [
              "\"",
              "",
              "s2"
            ],
            [
              ":",
              "",
              ""
            ],
            [
              " ",
              "",
              ""
            ],
            [
              "pd",
              null,
              ""
            ],
            [
              ".",
              "",
              "o"
            ],
            [
              "Series",
              null,
              ""
            ],
            [
              "(",
              "",
              ""
            ],
            [
              "[",
              "",
              ""
            ],
            [
              "\"",
              "",
              "s2"
            ],
            [
              "h",
              null,
              "s2"
            ],
            [
              "\"",
              "",
              "s2"
            ],
            [
              ",",
              "",
              ""
            ],
            [
              " ",
              "",
              ""
            ],
            [
              "\"",
              "",
              "s2"
            ],
            [
              "i",
              null,
              "s2"
            ],
            [
              "\"",
              "",
              "s2"
            ],
            [
              ",",
              "",
              ""
            ],
            [
              " ",
              "",
              ""
            ],
            [
              "np",
              "numpy",
              ""
            ],
            [
              ".",
              "",
              "o"
            ],
            [
              "nan",
              "builtins.float",
              ""
            ],
            [
              "]",
              "",
              ""
            ],
            [
              ",",
              "",
              ""
            ],
            [
              " ",
              "",
              ""
            ],
            [
              "dtype",
              null,
              ""
            ],
            [
              "=",
              "",
              "o"
            ],
            [
              "np",
              "numpy",
              ""
            ],
            [
              ".",
              "",
              "o"
            ],
            [
              "dtype",
              "numpy.dtype",
              ""
            ],
            [
              "(",
              "",
              ""
            ],
            [
              "\"",
              "",
              "s2"
            ],
            [
              "O",
              null,
              "s2"
            ],
            [
              "\"",
              "",
              "s2"
            ],
            [
              ")",
              "",
              ""
            ],
            [
              ")",
              "",
              ""
            ],
            [
              ",",
              "",
              ""
            ],
            [
              "\n",
              "",
              ""
            ],
            [
              "        ",
              "",
              ""
            ],
            [
              "\"",
              "",
              "s2"
            ],
            [
              "e",
              null,
              "s2"
            ],
            [
              "\"",
              "",
              "s2"
            ],
            [
              ":",
              "",
              ""
            ],
            [
              " ",
              "",
              ""
            ],
            [
              "pd",
              null,
              ""
            ],
            [
              ".",
              "",
              "o"
            ],
            [
              "Series",
              null,
              ""
            ],
            [
              "(",
              "",
              ""
            ],
            [
              "[",
              "",
              ""
            ],
            [
              "10",
              "",
              "mi"
            ],
            [
              ",",
              "",
              ""
            ],
            [
              " ",
              "",
              ""
            ],
            [
              "np",
              "numpy",
              ""
            ],
            [
              ".",
              "",
              "o"
            ],
            [
              "nan",
              "builtins.float",
              ""
            ],
            [
              ",",
              "",
              ""
            ],
            [
              " ",
              "",
              ""
            ],
            [
              "20",
              "",
              "mi"
            ],
            [
              "]",
              "",
              ""
            ],
            [
              ",",
              "",
              ""
            ],
            [
              " ",
              "",
              ""
            ],
            [
              "dtype",
              null,
              ""
            ],
            [
              "=",
              "",
              "o"
            ],
            [
              "np",
              "numpy",
              ""
            ],
            [
              ".",
              "",
              "o"
            ],
            [
              "dtype",
              "numpy.dtype",
              ""
            ],
            [
              "(",
              "",
              ""
            ],
            [
              "\"",
              "",
              "s2"
            ],
            [
              "float",
              null,
              "s2"
            ],
            [
              "\"",
              "",
              "s2"
            ],
            [
              ")",
              "",
              ""
            ],
            [
              ")",
              "",
              ""
            ],
            [
              ",",
              "",
              ""
            ],
            [
              "\n",
              "",
              ""
            ],
            [
              "        ",
              "",
              ""
            ],
            [
              "\"",
              "",
              "s2"
            ],
            [
              "f",
              null,
              "s2"
            ],
            [
              "\"",
              "",
              "s2"
            ],
            [
              ":",
              "",
              ""
            ],
            [
              " ",
              "",
              ""
            ],
            [
              "pd",
              null,
              ""
            ],
            [
              ".",
              "",
              "o"
            ],
            [
              "Series",
              null,
              ""
            ],
            [
              "(",
              "",
              ""
            ],
            [
              "[",
              "",
              ""
            ],
            [
              "np",
              "numpy",
              ""
            ],
            [
              ".",
              "",
              "o"
            ],
            [
              "nan",
              "builtins.float",
              ""
            ],
            [
              ",",
              "",
              ""
            ],
            [
              " ",
              "",
              ""
            ],
            [
              "100.5",
              "",
              "mf"
            ],
            [
              ",",
              "",
              ""
            ],
            [
              " ",
              "",
              ""
            ],
            [
              "200",
              "",
              "mi"
            ],
            [
              "]",
              "",
              ""
            ],
            [
              ",",
              "",
              ""
            ],
            [
              " ",
              "",
              ""
            ],
            [
              "dtype",
              null,
              ""
            ],
            [
              "=",
              "",
              "o"
            ],
            [
              "np",
              "numpy",
              ""
            ],
            [
              ".",
              "",
              "o"
            ],
            [
              "dtype",
              "numpy.dtype",
              ""
            ],
            [
              "(",
              "",
              ""
            ],
            [
              "\"",
              "",
              "s2"
            ],
            [
              "float",
              null,
              "s2"
            ],
            [
              "\"",
              "",
              "s2"
            ],
            [
              ")",
              "",
              ""
            ],
            [
              ")",
              "",
              ""
            ],
            [
              ",",
              "",
              ""
            ],
            [
              "\n",
              "",
              ""
            ],
            [
              "    ",
              "",
              ""
            ],
            [
              "}",
              "",
              ""
            ],
            [
              "\n",
              "",
              ""
            ],
            [
              ")",
              "",
              ""
            ]
          ],
          "out": ""
        },
        "type": "Code"
      },
      {
        "data": {
          "children": [
            {
              "data": {
                "value": "Start with a DataFrame with default dtypes."
              },
              "type": "Words"
            }
          ]
        },
        "type": "Paragraph"
      },
      {
        "data": {
          "ce_status": "compiled",
          "entries": [
            [
              "df",
              null,
              ""
            ]
          ],
          "out": "   a  b      c    d     e      f\n0  1  x   True    h  10.0    NaN\n1  2  y  False    i   NaN  100.5\n2  3  z    NaN  NaN  20.0  200.0"
        },
        "type": "Code"
      },
      {
        "data": {
          "ce_status": "compiled",
          "entries": [
            [
              "df",
              null,
              ""
            ],
            [
              ".",
              "",
              "o"
            ],
            [
              "dtypes",
              null,
              ""
            ]
          ],
          "out": "a      int32\nb     object\nc     object\nd     object\ne    float64\nf    float64\ndtype: object"
        },
        "type": "Code"
      },
      {
        "data": {
          "children": [
            {
              "data": {
                "value": "Convert the DataFrame to use best possible dtypes."
              },
              "type": "Words"
            }
          ]
        },
        "type": "Paragraph"
      },
      {
        "data": {
          "ce_status": "compiled",
          "entries": [
            [
              "dfn",
              null,
              ""
            ],
            [
              " ",
              "",
              ""
            ],
            [
              "=",
              "",
              "o"
            ],
            [
              " ",
              "",
              ""
            ],
            [
              "df",
              null,
              ""
            ],
            [
              ".",
              "",
              "o"
            ],
            [
              "convert_dtypes",
              null,
              ""
            ],
            [
              "(",
              "",
              ""
            ],
            [
              ")",
              "",
              ""
            ],
            [
              "\n",
              "",
              ""
            ],
            [
              "dfn",
              null,
              ""
            ]
          ],
          "out": "   a  b      c     d     e      f\n0  1  x   True     h    10   <NA>\n1  2  y  False     i  <NA>  100.5\n2  3  z   <NA>  <NA>    20  200.0"
        },
        "type": "Code"
      },
      {
        "data": {
          "ce_status": "compiled",
          "entries": [
            [
              "dfn",
              null,
              ""
            ],
            [
              ".",
              "",
              "o"
            ],
            [
              "dtypes",
              null,
              ""
            ]
          ],
          "out": "a      Int32\nb     string\nc    boolean\nd     string\ne      Int64\nf    Float64\ndtype: object"
        },
        "type": "Code"
      },
      {
        "data": {
          "children": [
            {
              "data": {
                "value": "Start with a Series of strings and missing data represented by "
              },
              "type": "Words"
            },
            {
              "data": {
                "value": [
                  "np.nan"
                ]
              },
              "type": "Verbatim"
            },
            {
              "data": {
                "value": "."
              },
              "type": "Words"
            }
          ]
        },
        "type": "Paragraph"
      },
      {
        "data": {
          "ce_status": "compiled",
          "entries": [
            [
              "s",
              null,
              ""
            ],
            [
              " ",
              "",
              ""
            ],
            [
              "=",
              "",
              "o"
            ],
            [
              " ",
              "",
              ""
            ],
            [
              "pd",
              null,
              ""
            ],
            [
              ".",
              "",
              "o"
            ],
            [
              "Series",
              null,
              ""
            ],
            [
              "(",
              "",
              ""
            ],
            [
              "[",
              "",
              ""
            ],
            [
              "\"",
              "",
              "s2"
            ],
            [
              "a",
              null,
              "s2"
            ],
            [
              "\"",
              "",
              "s2"
            ],
            [
              ",",
              "",
              ""
            ],
            [
              " ",
              "",
              ""
            ],
            [
              "\"",
              "",
              "s2"
            ],
            [
              "b",
              null,
              "s2"
            ],
            [
              "\"",
              "",
              "s2"
            ],
            [
              ",",
              "",
              ""
            ],
            [
              " ",
              "",
              ""
            ],
            [
              "np",
              "numpy",
              ""
            ],
            [
              ".",
              "",
              "o"
            ],
            [
              "nan",
              "builtins.float",
              ""
            ],
            [
              "]",
              "",
              ""
            ],
            [
              ")",
              "",
              ""
            ],
            [
              "\n",
              "",
              ""
            ],
            [
              "s",
              null,
              ""
            ]
          ],
          "out": "0      a\n1      b\n2    NaN\ndtype: object"
        },
        "type": "Code"
      },
      {
        "data": {
          "children": [
            {
              "data": {
                "value": "Obtain a Series with dtype "
              },
              "type": "Words"
            },
            {
              "data": {
                "value": [
                  "StringDtype"
                ]
              },
              "type": "Verbatim"
            },
            {
              "data": {
                "value": "."
              },
              "type": "Words"
            }
          ]
        },
        "type": "Paragraph"
      },
      {
        "data": {
          "ce_status": "compiled",
          "entries": [
            [
              "s",
              null,
              ""
            ],
            [
              ".",
              "",
              "o"
            ],
            [
              "convert_dtypes",
              null,
              ""
            ],
            [
              "(",
              "",
              ""
            ],
            [
              ")",
              "",
              ""
            ]
          ],
          "out": "0       a\n1       b\n2    <NA>\ndtype: string"
        },
        "type": "Code"
      }
    ],
    "title": null
  },
  "item_file": "/pandas/core/generic.py",
  "item_line": 6140,
  "item_type": "<class 'function'>",
  "ordered_sections": [
    "Summary",
    "Extended Summary",
    "Parameters",
    "Returns",
    "See Also",
    "Notes",
    "Examples"
  ],
  "references": null,
  "refs": [
    "builtins.float",
    "infer_objects",
    "numpy",
    "numpy.dtype",
    "to_datetime",
    "to_numeric",
    "to_timedelta"
  ],
  "see_also": [
    {
      "descriptions": [
        {
          "children": [
            {
              "data": {
                "value": "Infer dtypes of objects."
              },
              "type": "Words"
            }
          ]
        }
      ],
      "name": {
        "exists": true,
        "name": "infer_objects",
        "ref": "pandas.core.generic.NDFrame.infer_objects"
      },
      "type": null
    },
    {
      "descriptions": [
        {
          "children": [
            {
              "data": {
                "value": "Convert argument to datetime."
              },
              "type": "Words"
            }
          ]
        }
      ],
      "name": {
        "exists": true,
        "name": "to_datetime",
        "ref": "pandas.core.tools.datetimes.to_datetime"
      },
      "type": null
    },
    {
      "descriptions": [
        {
          "children": [
            {
              "data": {
                "value": "Convert argument to timedelta."
              },
              "type": "Words"
            }
          ]
        }
      ],
      "name": {
        "exists": true,
        "name": "to_timedelta",
        "ref": "pandas.core.tools.timedeltas.to_timedelta"
      },
      "type": null
    },
    {
      "descriptions": [
        {
          "children": [
            {
              "data": {
                "value": "Convert argument to a numeric type."
              },
              "type": "Words"
            }
          ]
        }
      ],
      "name": {
        "exists": true,
        "name": "to_numeric",
        "ref": "pandas.core.tools.numeric.to_numeric"
      },
      "type": null
    }
  ],
  "signature": {
    "value": "convert_dtypes(self: 'NDFrameT', infer_objects: 'bool_t' = True, convert_string: 'bool_t' = True, convert_integer: 'bool_t' = True, convert_boolean: 'bool_t' = True, convert_floating: 'bool_t' = True) -> 'NDFrameT'"
  }
}