{
  "_content": {
    "Attributes": {
      "children": [],
      "title": null
    },
    "Extended Summary": {
      "children": [
        {
          "data": {
            "children": [
              {
                "data": {
                  "value": "Return a boolean same-sized object indicating if the values are not NA. Non-missing values get mapped to "
                },
                "type": "Words"
              },
              {
                "data": {
                  "value": [
                    "True"
                  ]
                },
                "type": "Verbatim"
              },
              {
                "data": {
                  "value": ". Characters such as empty strings "
                },
                "type": "Words"
              },
              {
                "data": {
                  "value": [
                    "''"
                  ]
                },
                "type": "Verbatim"
              },
              {
                "data": {
                  "value": " or "
                },
                "type": "Words"
              },
              {
                "data": {
                  "value": [
                    "numpy.inf"
                  ]
                },
                "type": "Verbatim"
              },
              {
                "data": {
                  "value": " are not considered NA values (unless you set "
                },
                "type": "Words"
              },
              {
                "data": {
                  "value": [
                    "pandas.options.mode.use_inf_as_na = True"
                  ]
                },
                "type": "Verbatim"
              },
              {
                "data": {
                  "value": "). NA values, such as None or "
                },
                "type": "Words"
              },
              {
                "data": {
                  "value": [
                    "numpy.NaN"
                  ]
                },
                "type": "Verbatim"
              },
              {
                "data": {
                  "value": ", get mapped to "
                },
                "type": "Words"
              },
              {
                "data": {
                  "value": [
                    "False"
                  ]
                },
                "type": "Verbatim"
              },
              {
                "data": {
                  "value": " values."
                },
                "type": "Words"
              }
            ]
          },
          "type": "Paragraph"
        }
      ],
      "title": null
    },
    "Methods": {
      "children": [],
      "title": null
    },
    "Notes": {
      "children": [],
      "title": null
    },
    "Other Parameters": {
      "children": [],
      "title": null
    },
    "Parameters": {
      "children": [],
      "title": null
    },
    "Raises": {
      "children": [],
      "title": null
    },
    "Receives": {
      "children": [],
      "title": null
    },
    "Returns": {
      "children": [
        {
          "data": {
            "children": [
              {
                "desc": [
                  {
                    "data": {
                      "children": [
                        {
                          "data": {
                            "value": "Boolean array to indicate which entries are not NA."
                          },
                          "type": "Words"
                        }
                      ]
                    },
                    "type": "Paragraph"
                  }
                ],
                "param": "",
                "type_": "numpy.ndarray[bool]"
              }
            ]
          },
          "type": "Parameters"
        }
      ],
      "title": null
    },
    "Summary": {
      "children": [
        {
          "data": {
            "children": [
              {
                "data": {
                  "value": "Detect existing (non-missing) values."
                },
                "type": "Words"
              }
            ]
          },
          "type": "Paragraph"
        }
      ],
      "title": null
    },
    "Warnings": {
      "children": [],
      "title": null
    },
    "Warns": {
      "children": [],
      "title": null
    },
    "Yields": {
      "children": [],
      "title": null
    }
  },
  "aliases": [
    "pandas.Index.notna"
  ],
  "arbitrary": [],
  "example_section_data": {
    "children": [
      {
        "data": {
          "children": [
            {
              "data": {
                "value": "Show which entries in an Index are not NA. The result is an array."
              },
              "type": "Words"
            }
          ]
        },
        "type": "Paragraph"
      },
      {
        "data": {
          "ce_status": "compiled",
          "entries": [
            {
              "link": {
                "data": "idx",
                "type": "str"
              },
              "type": ""
            },
            {
              "link": {
                "data": " ",
                "type": "str"
              },
              "type": ""
            },
            {
              "link": {
                "data": "=",
                "type": "str"
              },
              "type": "o"
            },
            {
              "link": {
                "data": " ",
                "type": "str"
              },
              "type": ""
            },
            {
              "link": {
                "data": "pd",
                "type": "str"
              },
              "type": ""
            },
            {
              "link": {
                "data": ".",
                "type": "str"
              },
              "type": "o"
            },
            {
              "link": {
                "data": "Index",
                "type": "str"
              },
              "type": ""
            },
            {
              "link": {
                "data": "(",
                "type": "str"
              },
              "type": ""
            },
            {
              "link": {
                "data": "[",
                "type": "str"
              },
              "type": ""
            },
            {
              "link": {
                "data": "5.2",
                "type": "str"
              },
              "type": "mf"
            },
            {
              "link": {
                "data": ",",
                "type": "str"
              },
              "type": ""
            },
            {
              "link": {
                "data": " ",
                "type": "str"
              },
              "type": ""
            },
            {
              "link": {
                "data": "6.0",
                "type": "str"
              },
              "type": "mf"
            },
            {
              "link": {
                "data": ",",
                "type": "str"
              },
              "type": ""
            },
            {
              "link": {
                "data": " ",
                "type": "str"
              },
              "type": ""
            },
            {
              "link": {
                "data": {
                  "exists": true,
                  "kind": "module",
                  "reference": {
                    "kind": "module",
                    "module": "pandas",
                    "path": "pandas.compat.numpy",
                    "version": "1.4.1"
                  },
                  "value": "np"
                },
                "type": "Link"
              },
              "type": ""
            },
            {
              "link": {
                "data": ".",
                "type": "str"
              },
              "type": "o"
            },
            {
              "link": {
                "data": {
                  "exists": true,
                  "kind": "module",
                  "reference": {
                    "kind": "module",
                    "module": "builtins",
                    "path": "builtins.float",
                    "version": "*"
                  },
                  "value": "NaN"
                },
                "type": "Link"
              },
              "type": ""
            },
            {
              "link": {
                "data": "]",
                "type": "str"
              },
              "type": ""
            },
            {
              "link": {
                "data": ")",
                "type": "str"
              },
              "type": ""
            },
            {
              "link": {
                "data": "\n",
                "type": "str"
              },
              "type": ""
            },
            {
              "link": {
                "data": "idx",
                "type": "str"
              },
              "type": ""
            }
          ],
          "out": "Float64Index([5.2, 6.0, nan], dtype='float64')"
        },
        "type": "Code2"
      },
      {
        "data": {
          "ce_status": "compiled",
          "entries": [
            {
              "link": {
                "data": "idx",
                "type": "str"
              },
              "type": ""
            },
            {
              "link": {
                "data": ".",
                "type": "str"
              },
              "type": "o"
            },
            {
              "link": {
                "data": "notna",
                "type": "str"
              },
              "type": ""
            },
            {
              "link": {
                "data": "(",
                "type": "str"
              },
              "type": ""
            },
            {
              "link": {
                "data": ")",
                "type": "str"
              },
              "type": ""
            }
          ],
          "out": "array([ True,  True, False])"
        },
        "type": "Code2"
      },
      {
        "data": {
          "children": [
            {
              "data": {
                "value": "Empty strings are not considered NA values. None is considered a NA value."
              },
              "type": "Words"
            }
          ]
        },
        "type": "Paragraph"
      },
      {
        "data": {
          "ce_status": "compiled",
          "entries": [
            {
              "link": {
                "data": "idx",
                "type": "str"
              },
              "type": ""
            },
            {
              "link": {
                "data": " ",
                "type": "str"
              },
              "type": ""
            },
            {
              "link": {
                "data": "=",
                "type": "str"
              },
              "type": "o"
            },
            {
              "link": {
                "data": " ",
                "type": "str"
              },
              "type": ""
            },
            {
              "link": {
                "data": "pd",
                "type": "str"
              },
              "type": ""
            },
            {
              "link": {
                "data": ".",
                "type": "str"
              },
              "type": "o"
            },
            {
              "link": {
                "data": "Index",
                "type": "str"
              },
              "type": ""
            },
            {
              "link": {
                "data": "(",
                "type": "str"
              },
              "type": ""
            },
            {
              "link": {
                "data": "[",
                "type": "str"
              },
              "type": ""
            },
            {
              "link": {
                "data": "'",
                "type": "str"
              },
              "type": "s1"
            },
            {
              "link": {
                "data": "black",
                "type": "str"
              },
              "type": "s1"
            },
            {
              "link": {
                "data": "'",
                "type": "str"
              },
              "type": "s1"
            },
            {
              "link": {
                "data": ",",
                "type": "str"
              },
              "type": ""
            },
            {
              "link": {
                "data": " ",
                "type": "str"
              },
              "type": ""
            },
            {
              "link": {
                "data": "'",
                "type": "str"
              },
              "type": "s1"
            },
            {
              "link": {
                "data": "'",
                "type": "str"
              },
              "type": "s1"
            },
            {
              "link": {
                "data": ",",
                "type": "str"
              },
              "type": ""
            },
            {
              "link": {
                "data": " ",
                "type": "str"
              },
              "type": ""
            },
            {
              "link": {
                "data": "'",
                "type": "str"
              },
              "type": "s1"
            },
            {
              "link": {
                "data": "red",
                "type": "str"
              },
              "type": "s1"
            },
            {
              "link": {
                "data": "'",
                "type": "str"
              },
              "type": "s1"
            },
            {
              "link": {
                "data": ",",
                "type": "str"
              },
              "type": ""
            },
            {
              "link": {
                "data": " ",
                "type": "str"
              },
              "type": ""
            },
            {
              "link": {
                "data": "None",
                "type": "str"
              },
              "type": "kc"
            },
            {
              "link": {
                "data": "]",
                "type": "str"
              },
              "type": ""
            },
            {
              "link": {
                "data": ")",
                "type": "str"
              },
              "type": ""
            },
            {
              "link": {
                "data": "\n",
                "type": "str"
              },
              "type": ""
            },
            {
              "link": {
                "data": "idx",
                "type": "str"
              },
              "type": ""
            }
          ],
          "out": "Index(['black', '', 'red', None], dtype='object')"
        },
        "type": "Code2"
      },
      {
        "data": {
          "ce_status": "compiled",
          "entries": [
            {
              "link": {
                "data": "idx",
                "type": "str"
              },
              "type": ""
            },
            {
              "link": {
                "data": ".",
                "type": "str"
              },
              "type": "o"
            },
            {
              "link": {
                "data": "notna",
                "type": "str"
              },
              "type": ""
            },
            {
              "link": {
                "data": "(",
                "type": "str"
              },
              "type": ""
            },
            {
              "link": {
                "data": ")",
                "type": "str"
              },
              "type": ""
            }
          ],
          "out": "array([ True,  True,  True, False])"
        },
        "type": "Code2"
      }
    ],
    "title": null
  },
  "item_file": "/pandas/core/indexes/base.py",
  "item_line": 2735,
  "item_type": "<class 'function'>",
  "ordered_sections": [
    "Summary",
    "Extended Summary",
    "Returns",
    "See Also",
    "Examples"
  ],
  "references": null,
  "refs": [
    "Index.isna",
    "Index.notnull",
    "builtins.float",
    "notna",
    "numpy"
  ],
  "see_also": [
    {
      "descriptions": [
        {
          "children": [
            {
              "data": {
                "value": "Alias of notna."
              },
              "type": "Words"
            }
          ]
        }
      ],
      "name": {
        "exists": true,
        "kind": "module",
        "reference": {
          "kind": "to-resolve",
          "module": "current-module",
          "path": "Index.notnull",
          "version": "current-version"
        },
        "value": "Index.notnull"
      },
      "type": null
    },
    {
      "descriptions": [
        {
          "children": [
            {
              "data": {
                "value": "Inverse of notna."
              },
              "type": "Words"
            }
          ]
        }
      ],
      "name": {
        "exists": true,
        "kind": "module",
        "reference": {
          "kind": "module",
          "module": "pandas",
          "path": "pandas.core.indexes.base.Index.isna",
          "version": "1.4.1"
        },
        "value": "Index.isna"
      },
      "type": null
    },
    {
      "descriptions": [
        {
          "children": [
            {
              "data": {
                "value": "Top-level notna."
              },
              "type": "Words"
            }
          ]
        }
      ],
      "name": {
        "exists": true,
        "kind": "module",
        "reference": {
          "kind": "module",
          "module": "pandas",
          "path": "pandas.core.indexes.base.Index.notna",
          "version": "1.4.1"
        },
        "value": "notna"
      },
      "type": null
    }
  ],
  "signature": {
    "value": "notna(self) -> 'npt.NDArray[np.bool_]'"
  }
}