{
  "_content": {
    "Attributes": {
      "children": [],
      "title": null
    },
    "Extended Summary": {
      "children": [],
      "title": null
    },
    "Methods": {
      "children": [],
      "title": null
    },
    "Notes": {
      "children": [],
      "title": null
    },
    "Other Parameters": {
      "children": [],
      "title": null
    },
    "Parameters": {
      "children": [],
      "title": null
    },
    "Raises": {
      "children": [],
      "title": null
    },
    "Receives": {
      "children": [],
      "title": null
    },
    "Returns": {
      "children": [
        {
          "data": {
            "desc": [],
            "param": "",
            "type_": "Series or DataFrame"
          },
          "type": "Param"
        }
      ],
      "title": null
    },
    "Summary": {
      "children": [
        {
          "data": {
            "inline": [
              {
                "data": {
                  "value": "Cumulative min for each group."
                },
                "type": "Words"
              }
            ],
            "inner": []
          },
          "type": "Paragraph"
        }
      ],
      "title": null
    },
    "Warnings": {
      "children": [],
      "title": null
    },
    "Warns": {
      "children": [],
      "title": null
    },
    "Yields": {
      "children": [],
      "title": null
    }
  },
  "aliases": [
    "pandas.core.groupby.GroupBy.cummin"
  ],
  "arbitrary": [],
  "example_section_data": {
    "children": [],
    "title": null
  },
  "item_file": "/pandas/core/groupby/groupby.py",
  "item_line": 3228,
  "item_type": "<class 'function'>",
  "ordered_sections": [
    "Summary",
    "Returns",
    "See Also"
  ],
  "references": null,
  "refs": [
    "DataFrame.groupby",
    "Series.groupby"
  ],
  "see_also": [
    {
      "descriptions": [
        {
          "inline": [
            {
              "data": {
                "value": "Apply a function groupby to a Series."
              },
              "type": "Words"
            }
          ],
          "inner": []
        }
      ],
      "name": {
        "exists": null,
        "name": "Series.groupby",
        "ref": null
      },
      "type": null
    },
    {
      "descriptions": [
        {
          "inline": [
            {
              "data": {
                "value": "Apply a function groupby to each row or column of a DataFrame."
              },
              "type": "Words"
            }
          ],
          "inner": []
        }
      ],
      "name": {
        "exists": null,
        "name": "DataFrame.groupby",
        "ref": null
      },
      "type": null
    }
  ],
  "signature": {
    "value": "cummin(self, axis=0, **kwargs)"
  }
}