{
  "_content": {
    "Attributes": {
      "children": [],
      "title": null
    },
    "Extended Summary": {
      "children": [
        {
          "data": {
            "inline": [
              {
                "data": {
                  "value": "A named Series object is treated as a DataFrame with a single named column."
                },
                "type": "Words"
              }
            ],
            "inner": []
          },
          "type": "Paragraph"
        },
        {
          "data": {
            "inline": [
              {
                "data": {
                  "value": "The join is done on columns or indexes. If joining columns on columns, the DataFrame indexes "
                },
                "type": "Words"
              },
              {
                "data": {
                  "value": {
                    "value": "will be ignored"
                  }
                },
                "type": "Emph"
              },
              {
                "data": {
                  "value": ". Otherwise if joining indexes on indexes or indexes on a column or columns, the index will be passed on. When performing a cross merge, no column specifications to merge on are allowed."
                },
                "type": "Words"
              }
            ],
            "inner": []
          },
          "type": "Paragraph"
        },
        {
          "data": {
            "children": [
              {
                "inline": [
                  {
                    "data": {
                      "value": "If both key columns contain rows where the key is a null value, those rows will be matched against each other. This is different from usual SQL join behaviour and can lead to unexpected results. "
                    },
                    "type": "Words"
                  }
                ],
                "inner": []
              }
            ],
            "kind": "warning",
            "title": ""
          },
          "type": "Admonition"
        }
      ],
      "title": null
    },
    "Methods": {
      "children": [],
      "title": null
    },
    "Notes": {
      "children": [
        {
          "data": {
            "inline": [
              {
                "data": {
                  "value": "Support for specifying index levels as the "
                },
                "type": "Words"
              },
              {
                "data": {
                  "exists": true,
                  "kind": "local",
                  "reference": {
                    "kind": "local",
                    "module": null,
                    "path": "on",
                    "version": null
                  },
                  "value": "on"
                },
                "type": "Link"
              },
              {
                "data": {
                  "value": ", "
                },
                "type": "Words"
              },
              {
                "data": {
                  "exists": true,
                  "kind": "local",
                  "reference": {
                    "kind": "local",
                    "module": null,
                    "path": "left_on",
                    "version": null
                  },
                  "value": "left_on"
                },
                "type": "Link"
              },
              {
                "data": {
                  "value": ", and "
                },
                "type": "Words"
              },
              {
                "data": {
                  "exists": true,
                  "kind": "local",
                  "reference": {
                    "kind": "local",
                    "module": null,
                    "path": "right_on",
                    "version": null
                  },
                  "value": "right_on"
                },
                "type": "Link"
              },
              {
                "data": {
                  "value": " parameters was added in version 0.23.0 Support for merging named Series objects was added in version 0.24.0"
                },
                "type": "Words"
              }
            ],
            "inner": []
          },
          "type": "Paragraph"
        }
      ],
      "title": null
    },
    "Other Parameters": {
      "children": [],
      "title": null
    },
    "Parameters": {
      "children": [
        {
          "data": {
            "desc": [],
            "param": "left",
            "type_": "DataFrame"
          },
          "type": "Param"
        },
        {
          "data": {
            "desc": [
              {
                "data": {
                  "inline": [
                    {
                      "data": {
                        "value": "Object to merge with."
                      },
                      "type": "Words"
                    }
                  ],
                  "inner": []
                },
                "type": "Paragraph"
              }
            ],
            "param": "right",
            "type_": "DataFrame or named Series"
          },
          "type": "Param"
        },
        {
          "data": {
            "desc": [
              {
                "data": {
                  "inline": [
                    {
                      "data": {
                        "value": "Type of merge to be performed."
                      },
                      "type": "Words"
                    }
                  ],
                  "inner": []
                },
                "type": "Paragraph"
              },
              {
                "data": {
                  "value": [
                    {
                      "data": {
                        "inline": [
                          {
                            "data": {
                              "value": "left: use only keys from left frame, similar to a SQL left outer join;   preserve key order."
                            },
                            "type": "Words"
                          }
                        ],
                        "inner": []
                      },
                      "type": "Paragraph"
                    },
                    {
                      "data": {
                        "inline": [
                          {
                            "data": {
                              "value": "right: use only keys from right frame, similar to a SQL right outer join;   preserve key order."
                            },
                            "type": "Words"
                          }
                        ],
                        "inner": []
                      },
                      "type": "Paragraph"
                    },
                    {
                      "data": {
                        "inline": [
                          {
                            "data": {
                              "value": "outer: use union of keys from both frames, similar to a SQL full outer   join; sort keys lexicographically."
                            },
                            "type": "Words"
                          }
                        ],
                        "inner": []
                      },
                      "type": "Paragraph"
                    },
                    {
                      "data": {
                        "inline": [
                          {
                            "data": {
                              "value": "inner: use intersection of keys from both frames, similar to a SQL inner   join; preserve the order of the left keys."
                            },
                            "type": "Words"
                          }
                        ],
                        "inner": []
                      },
                      "type": "Paragraph"
                    },
                    {
                      "data": {
                        "inline": [
                          {
                            "data": {
                              "value": "cross: creates the cartesian product from both frames, preserves the order   of the left keys."
                            },
                            "type": "Words"
                          }
                        ],
                        "inner": []
                      },
                      "type": "Paragraph"
                    },
                    {
                      "data": {
                        "args0": [],
                        "directive_name": "versionadded",
                        "inner": {
                          "inline": [
                            {
                              "data": {
                                "value": "1.2.0 "
                              },
                              "type": "Words"
                            }
                          ],
                          "inner": []
                        }
                      },
                      "type": "BlockDirective"
                    }
                  ]
                },
                "type": "BulletList"
              }
            ],
            "param": "how",
            "type_": "{'left', 'right', 'outer', 'inner', 'cross'}, default 'inner'"
          },
          "type": "Param"
        },
        {
          "data": {
            "desc": [
              {
                "data": {
                  "inline": [
                    {
                      "data": {
                        "value": "Column or index level names to join on. These must be found in both DataFrames. If "
                      },
                      "type": "Words"
                    },
                    {
                      "data": {
                        "exists": true,
                        "kind": "local",
                        "reference": {
                          "kind": "local",
                          "module": null,
                          "path": "on",
                          "version": null
                        },
                        "value": "on"
                      },
                      "type": "Link"
                    },
                    {
                      "data": {
                        "value": " is None and not merging on indexes then this defaults to the intersection of the columns in both DataFrames."
                      },
                      "type": "Words"
                    }
                  ],
                  "inner": []
                },
                "type": "Paragraph"
              }
            ],
            "param": "on",
            "type_": "label or list"
          },
          "type": "Param"
        },
        {
          "data": {
            "desc": [
              {
                "data": {
                  "inline": [
                    {
                      "data": {
                        "value": "Column or index level names to join on in the left DataFrame. Can also be an array or list of arrays of the length of the left DataFrame. These arrays are treated as if they are columns."
                      },
                      "type": "Words"
                    }
                  ],
                  "inner": []
                },
                "type": "Paragraph"
              }
            ],
            "param": "left_on",
            "type_": "label or list, or array-like"
          },
          "type": "Param"
        },
        {
          "data": {
            "desc": [
              {
                "data": {
                  "inline": [
                    {
                      "data": {
                        "value": "Column or index level names to join on in the right DataFrame. Can also be an array or list of arrays of the length of the right DataFrame. These arrays are treated as if they are columns."
                      },
                      "type": "Words"
                    }
                  ],
                  "inner": []
                },
                "type": "Paragraph"
              }
            ],
            "param": "right_on",
            "type_": "label or list, or array-like"
          },
          "type": "Param"
        },
        {
          "data": {
            "desc": [
              {
                "data": {
                  "inline": [
                    {
                      "data": {
                        "value": "Use the index from the left DataFrame as the join key(s). If it is a MultiIndex, the number of keys in the other DataFrame (either the index or a number of columns) must match the number of levels."
                      },
                      "type": "Words"
                    }
                  ],
                  "inner": []
                },
                "type": "Paragraph"
              }
            ],
            "param": "left_index",
            "type_": "bool, default False"
          },
          "type": "Param"
        },
        {
          "data": {
            "desc": [
              {
                "data": {
                  "inline": [
                    {
                      "data": {
                        "value": "Use the index from the right DataFrame as the join key. Same caveats as left_index."
                      },
                      "type": "Words"
                    }
                  ],
                  "inner": []
                },
                "type": "Paragraph"
              }
            ],
            "param": "right_index",
            "type_": "bool, default False"
          },
          "type": "Param"
        },
        {
          "data": {
            "desc": [
              {
                "data": {
                  "inline": [
                    {
                      "data": {
                        "value": "Sort the join keys lexicographically in the result DataFrame. If False, the order of the join keys depends on the join type (how keyword)."
                      },
                      "type": "Words"
                    }
                  ],
                  "inner": []
                },
                "type": "Paragraph"
              }
            ],
            "param": "sort",
            "type_": "bool, default False"
          },
          "type": "Param"
        },
        {
          "data": {
            "desc": [
              {
                "data": {
                  "inline": [
                    {
                      "data": {
                        "value": "A length-2 sequence where each element is optionally a string indicating the suffix to add to overlapping column names in "
                      },
                      "type": "Words"
                    },
                    {
                      "data": {
                        "exists": true,
                        "kind": "local",
                        "reference": {
                          "kind": "local",
                          "module": null,
                          "path": "left",
                          "version": null
                        },
                        "value": "left"
                      },
                      "type": "Link"
                    },
                    {
                      "data": {
                        "value": " and "
                      },
                      "type": "Words"
                    },
                    {
                      "data": {
                        "exists": true,
                        "kind": "local",
                        "reference": {
                          "kind": "local",
                          "module": null,
                          "path": "right",
                          "version": null
                        },
                        "value": "right"
                      },
                      "type": "Link"
                    },
                    {
                      "data": {
                        "value": " respectively. Pass a value of "
                      },
                      "type": "Words"
                    },
                    {
                      "data": {
                        "value": [
                          "None"
                        ]
                      },
                      "type": "Verbatim"
                    },
                    {
                      "data": {
                        "value": " instead of a string to indicate that the column name from "
                      },
                      "type": "Words"
                    },
                    {
                      "data": {
                        "exists": true,
                        "kind": "local",
                        "reference": {
                          "kind": "local",
                          "module": null,
                          "path": "left",
                          "version": null
                        },
                        "value": "left"
                      },
                      "type": "Link"
                    },
                    {
                      "data": {
                        "value": " or "
                      },
                      "type": "Words"
                    },
                    {
                      "data": {
                        "exists": true,
                        "kind": "local",
                        "reference": {
                          "kind": "local",
                          "module": null,
                          "path": "right",
                          "version": null
                        },
                        "value": "right"
                      },
                      "type": "Link"
                    },
                    {
                      "data": {
                        "value": " should be left as-is, with no suffix. At least one of the values must not be None."
                      },
                      "type": "Words"
                    }
                  ],
                  "inner": []
                },
                "type": "Paragraph"
              }
            ],
            "param": "suffixes",
            "type_": "list-like, default is (\"_x\", \"_y\")"
          },
          "type": "Param"
        },
        {
          "data": {
            "desc": [
              {
                "data": {
                  "inline": [
                    {
                      "data": {
                        "value": "If False, avoid copy if possible."
                      },
                      "type": "Words"
                    }
                  ],
                  "inner": []
                },
                "type": "Paragraph"
              }
            ],
            "param": "copy",
            "type_": "bool, default True"
          },
          "type": "Param"
        },
        {
          "data": {
            "desc": [
              {
                "data": {
                  "inline": [
                    {
                      "data": {
                        "value": "If True, adds a column to the output DataFrame called \"_merge\" with information on the source of each row. The column can be given a different name by providing a string argument. The column will have a Categorical type with the value of \"left_only\" for observations whose merge key only appears in the left DataFrame, \"right_only\" for observations whose merge key only appears in the right DataFrame, and \"both\" if the observation's merge key is found in both DataFrames."
                      },
                      "type": "Words"
                    }
                  ],
                  "inner": []
                },
                "type": "Paragraph"
              }
            ],
            "param": "indicator",
            "type_": "bool or str, default False"
          },
          "type": "Param"
        },
        {
          "data": {
            "desc": [
              {
                "data": {
                  "inline": [
                    {
                      "data": {
                        "value": "If specified, checks if merge is of specified type."
                      },
                      "type": "Words"
                    }
                  ],
                  "inner": []
                },
                "type": "Paragraph"
              },
              {
                "data": {
                  "value": [
                    {
                      "data": {
                        "inline": [
                          {
                            "data": {
                              "value": "\"one_to_one\" or \"11\": check if merge keys are unique in both   left and right datasets."
                            },
                            "type": "Words"
                          }
                        ],
                        "inner": []
                      },
                      "type": "Paragraph"
                    },
                    {
                      "data": {
                        "inline": [
                          {
                            "data": {
                              "value": "\"one_to_many\" or \"1m\": check if merge keys are unique in left   dataset."
                            },
                            "type": "Words"
                          }
                        ],
                        "inner": []
                      },
                      "type": "Paragraph"
                    },
                    {
                      "data": {
                        "inline": [
                          {
                            "data": {
                              "value": "\"many_to_one\" or \"m1\": check if merge keys are unique in right   dataset."
                            },
                            "type": "Words"
                          }
                        ],
                        "inner": []
                      },
                      "type": "Paragraph"
                    },
                    {
                      "data": {
                        "inline": [
                          {
                            "data": {
                              "value": "\"many_to_many\" or \"mm\": allowed, but does not result in checks."
                            },
                            "type": "Words"
                          }
                        ],
                        "inner": []
                      },
                      "type": "Paragraph"
                    }
                  ]
                },
                "type": "BulletList"
              }
            ],
            "param": "validate",
            "type_": "str, optional"
          },
          "type": "Param"
        }
      ],
      "title": null
    },
    "Raises": {
      "children": [],
      "title": null
    },
    "Receives": {
      "children": [],
      "title": null
    },
    "Returns": {
      "children": [
        {
          "data": {
            "desc": [
              {
                "data": {
                  "inline": [
                    {
                      "data": {
                        "value": "A DataFrame of the two merged objects."
                      },
                      "type": "Words"
                    }
                  ],
                  "inner": []
                },
                "type": "Paragraph"
              }
            ],
            "param": "",
            "type_": "DataFrame"
          },
          "type": "Param"
        }
      ],
      "title": null
    },
    "Summary": {
      "children": [
        {
          "data": {
            "inline": [
              {
                "data": {
                  "value": "Merge DataFrame or named Series objects with a database-style join."
                },
                "type": "Words"
              }
            ],
            "inner": []
          },
          "type": "Paragraph"
        }
      ],
      "title": null
    },
    "Warnings": {
      "children": [],
      "title": null
    },
    "Warns": {
      "children": [],
      "title": null
    },
    "Yields": {
      "children": [],
      "title": null
    }
  },
  "aliases": [
    "pandas.merge"
  ],
  "arbitrary": [],
  "example_section_data": {
    "children": [
      {
        "data": {
          "ce_status": "compiled",
          "entries": [
            [
              "df1",
              null,
              ""
            ],
            [
              " ",
              "",
              ""
            ],
            [
              "=",
              "",
              "o"
            ],
            [
              " ",
              "",
              ""
            ],
            [
              "pd",
              null,
              ""
            ],
            [
              ".",
              "",
              "o"
            ],
            [
              "DataFrame",
              null,
              ""
            ],
            [
              "(",
              "",
              ""
            ],
            [
              "{",
              "",
              ""
            ],
            [
              "'",
              "",
              "s1"
            ],
            [
              "lkey",
              null,
              "s1"
            ],
            [
              "'",
              "",
              "s1"
            ],
            [
              ":",
              "",
              ""
            ],
            [
              " ",
              "",
              ""
            ],
            [
              "[",
              "",
              ""
            ],
            [
              "'",
              "",
              "s1"
            ],
            [
              "foo",
              null,
              "s1"
            ],
            [
              "'",
              "",
              "s1"
            ],
            [
              ",",
              "",
              ""
            ],
            [
              " ",
              "",
              ""
            ],
            [
              "'",
              "",
              "s1"
            ],
            [
              "bar",
              null,
              "s1"
            ],
            [
              "'",
              "",
              "s1"
            ],
            [
              ",",
              "",
              ""
            ],
            [
              " ",
              "",
              ""
            ],
            [
              "'",
              "",
              "s1"
            ],
            [
              "baz",
              null,
              "s1"
            ],
            [
              "'",
              "",
              "s1"
            ],
            [
              ",",
              "",
              ""
            ],
            [
              " ",
              "",
              ""
            ],
            [
              "'",
              "",
              "s1"
            ],
            [
              "foo",
              null,
              "s1"
            ],
            [
              "'",
              "",
              "s1"
            ],
            [
              "]",
              "",
              ""
            ],
            [
              ",",
              "",
              ""
            ],
            [
              "\n",
              "",
              ""
            ],
            [
              "                    ",
              "",
              ""
            ],
            [
              "'",
              "",
              "s1"
            ],
            [
              "value",
              null,
              "s1"
            ],
            [
              "'",
              "",
              "s1"
            ],
            [
              ":",
              "",
              ""
            ],
            [
              " ",
              "",
              ""
            ],
            [
              "[",
              "",
              ""
            ],
            [
              "1",
              "",
              "mi"
            ],
            [
              ",",
              "",
              ""
            ],
            [
              " ",
              "",
              ""
            ],
            [
              "2",
              "",
              "mi"
            ],
            [
              ",",
              "",
              ""
            ],
            [
              " ",
              "",
              ""
            ],
            [
              "3",
              "",
              "mi"
            ],
            [
              ",",
              "",
              ""
            ],
            [
              " ",
              "",
              ""
            ],
            [
              "5",
              "",
              "mi"
            ],
            [
              "]",
              "",
              ""
            ],
            [
              "}",
              "",
              ""
            ],
            [
              ")",
              "",
              ""
            ],
            [
              "\n",
              "",
              ""
            ],
            [
              "df2",
              null,
              ""
            ],
            [
              " ",
              "",
              ""
            ],
            [
              "=",
              "",
              "o"
            ],
            [
              " ",
              "",
              ""
            ],
            [
              "pd",
              null,
              ""
            ],
            [
              ".",
              "",
              "o"
            ],
            [
              "DataFrame",
              null,
              ""
            ],
            [
              "(",
              "",
              ""
            ],
            [
              "{",
              "",
              ""
            ],
            [
              "'",
              "",
              "s1"
            ],
            [
              "rkey",
              null,
              "s1"
            ],
            [
              "'",
              "",
              "s1"
            ],
            [
              ":",
              "",
              ""
            ],
            [
              " ",
              "",
              ""
            ],
            [
              "[",
              "",
              ""
            ],
            [
              "'",
              "",
              "s1"
            ],
            [
              "foo",
              null,
              "s1"
            ],
            [
              "'",
              "",
              "s1"
            ],
            [
              ",",
              "",
              ""
            ],
            [
              " ",
              "",
              ""
            ],
            [
              "'",
              "",
              "s1"
            ],
            [
              "bar",
              null,
              "s1"
            ],
            [
              "'",
              "",
              "s1"
            ],
            [
              ",",
              "",
              ""
            ],
            [
              " ",
              "",
              ""
            ],
            [
              "'",
              "",
              "s1"
            ],
            [
              "baz",
              null,
              "s1"
            ],
            [
              "'",
              "",
              "s1"
            ],
            [
              ",",
              "",
              ""
            ],
            [
              " ",
              "",
              ""
            ],
            [
              "'",
              "",
              "s1"
            ],
            [
              "foo",
              null,
              "s1"
            ],
            [
              "'",
              "",
              "s1"
            ],
            [
              "]",
              "",
              ""
            ],
            [
              ",",
              "",
              ""
            ],
            [
              "\n",
              "",
              ""
            ],
            [
              "                    ",
              "",
              ""
            ],
            [
              "'",
              "",
              "s1"
            ],
            [
              "value",
              null,
              "s1"
            ],
            [
              "'",
              "",
              "s1"
            ],
            [
              ":",
              "",
              ""
            ],
            [
              " ",
              "",
              ""
            ],
            [
              "[",
              "",
              ""
            ],
            [
              "5",
              "",
              "mi"
            ],
            [
              ",",
              "",
              ""
            ],
            [
              " ",
              "",
              ""
            ],
            [
              "6",
              "",
              "mi"
            ],
            [
              ",",
              "",
              ""
            ],
            [
              " ",
              "",
              ""
            ],
            [
              "7",
              "",
              "mi"
            ],
            [
              ",",
              "",
              ""
            ],
            [
              " ",
              "",
              ""
            ],
            [
              "8",
              "",
              "mi"
            ],
            [
              "]",
              "",
              ""
            ],
            [
              "}",
              "",
              ""
            ],
            [
              ")",
              "",
              ""
            ],
            [
              "\n",
              "",
              ""
            ],
            [
              "df1",
              null,
              ""
            ]
          ],
          "out": "    lkey value\n0   foo      1\n1   bar      2\n2   baz      3\n3   foo      5"
        },
        "type": "Code"
      },
      {
        "data": {
          "ce_status": "compiled",
          "entries": [
            [
              "df2",
              null,
              ""
            ]
          ],
          "out": "    rkey value\n0   foo      5\n1   bar      6\n2   baz      7\n3   foo      8"
        },
        "type": "Code"
      },
      {
        "data": {
          "inline": [
            {
              "data": {
                "value": "Merge df1 and df2 on the lkey and rkey columns. The value columns have the default suffixes, _x and _y, appended."
              },
              "type": "Words"
            }
          ],
          "inner": []
        },
        "type": "Paragraph"
      },
      {
        "data": {
          "ce_status": "compiled",
          "entries": [
            [
              "df1",
              null,
              ""
            ],
            [
              ".",
              "",
              "o"
            ],
            [
              "merge",
              null,
              ""
            ],
            [
              "(",
              "",
              ""
            ],
            [
              "df2",
              null,
              ""
            ],
            [
              ",",
              "",
              ""
            ],
            [
              " ",
              "",
              ""
            ],
            [
              "left_on",
              null,
              ""
            ],
            [
              "=",
              "",
              "o"
            ],
            [
              "'",
              "",
              "s1"
            ],
            [
              "lkey",
              null,
              "s1"
            ],
            [
              "'",
              "",
              "s1"
            ],
            [
              ",",
              "",
              ""
            ],
            [
              " ",
              "",
              ""
            ],
            [
              "right_on",
              null,
              ""
            ],
            [
              "=",
              "",
              "o"
            ],
            [
              "'",
              "",
              "s1"
            ],
            [
              "rkey",
              null,
              "s1"
            ],
            [
              "'",
              "",
              "s1"
            ],
            [
              ")",
              "",
              ""
            ]
          ],
          "out": "  lkey  value_x rkey  value_y\n0  foo        1  foo        5\n1  foo        1  foo        8\n2  foo        5  foo        5\n3  foo        5  foo        8\n4  bar        2  bar        6\n5  baz        3  baz        7"
        },
        "type": "Code"
      },
      {
        "data": {
          "inline": [
            {
              "data": {
                "value": "Merge DataFrames df1 and df2 with specified left and right suffixes appended to any overlapping columns."
              },
              "type": "Words"
            }
          ],
          "inner": []
        },
        "type": "Paragraph"
      },
      {
        "data": {
          "ce_status": "compiled",
          "entries": [
            [
              "df1",
              null,
              ""
            ],
            [
              ".",
              "",
              "o"
            ],
            [
              "merge",
              null,
              ""
            ],
            [
              "(",
              "",
              ""
            ],
            [
              "df2",
              null,
              ""
            ],
            [
              ",",
              "",
              ""
            ],
            [
              " ",
              "",
              ""
            ],
            [
              "left_on",
              null,
              ""
            ],
            [
              "=",
              "",
              "o"
            ],
            [
              "'",
              "",
              "s1"
            ],
            [
              "lkey",
              null,
              "s1"
            ],
            [
              "'",
              "",
              "s1"
            ],
            [
              ",",
              "",
              ""
            ],
            [
              " ",
              "",
              ""
            ],
            [
              "right_on",
              null,
              ""
            ],
            [
              "=",
              "",
              "o"
            ],
            [
              "'",
              "",
              "s1"
            ],
            [
              "rkey",
              null,
              "s1"
            ],
            [
              "'",
              "",
              "s1"
            ],
            [
              ",",
              "",
              ""
            ],
            [
              "\n",
              "",
              ""
            ],
            [
              "          ",
              "",
              ""
            ],
            [
              "suffixes",
              null,
              ""
            ],
            [
              "=",
              "",
              "o"
            ],
            [
              "(",
              "",
              ""
            ],
            [
              "'",
              "",
              "s1"
            ],
            [
              "_left",
              null,
              "s1"
            ],
            [
              "'",
              "",
              "s1"
            ],
            [
              ",",
              "",
              ""
            ],
            [
              " ",
              "",
              ""
            ],
            [
              "'",
              "",
              "s1"
            ],
            [
              "_right",
              null,
              "s1"
            ],
            [
              "'",
              "",
              "s1"
            ],
            [
              ")",
              "",
              ""
            ],
            [
              ")",
              "",
              ""
            ]
          ],
          "out": "  lkey  value_left rkey  value_right\n0  foo           1  foo            5\n1  foo           1  foo            8\n2  foo           5  foo            5\n3  foo           5  foo            8\n4  bar           2  bar            6\n5  baz           3  baz            7"
        },
        "type": "Code"
      },
      {
        "data": {
          "inline": [
            {
              "data": {
                "value": "Merge DataFrames df1 and df2, but raise an exception if the DataFrames have any overlapping columns."
              },
              "type": "Words"
            }
          ],
          "inner": []
        },
        "type": "Paragraph"
      },
      {
        "data": {
          "ce_status": "compiled",
          "entries": [
            [
              "df1",
              null,
              ""
            ],
            [
              ".",
              "",
              "o"
            ],
            [
              "merge",
              null,
              ""
            ],
            [
              "(",
              "",
              ""
            ],
            [
              "df2",
              null,
              ""
            ],
            [
              ",",
              "",
              ""
            ],
            [
              " ",
              "",
              ""
            ],
            [
              "left_on",
              null,
              ""
            ],
            [
              "=",
              "",
              "o"
            ],
            [
              "'",
              "",
              "s1"
            ],
            [
              "lkey",
              null,
              "s1"
            ],
            [
              "'",
              "",
              "s1"
            ],
            [
              ",",
              "",
              ""
            ],
            [
              " ",
              "",
              ""
            ],
            [
              "right_on",
              null,
              ""
            ],
            [
              "=",
              "",
              "o"
            ],
            [
              "'",
              "",
              "s1"
            ],
            [
              "rkey",
              null,
              "s1"
            ],
            [
              "'",
              "",
              "s1"
            ],
            [
              ",",
              "",
              ""
            ],
            [
              " ",
              "",
              ""
            ],
            [
              "suffixes",
              null,
              ""
            ],
            [
              "=",
              "",
              "o"
            ],
            [
              "(",
              "",
              ""
            ],
            [
              "False",
              null,
              "kc"
            ],
            [
              ",",
              "",
              ""
            ],
            [
              " ",
              "",
              ""
            ],
            [
              "False",
              null,
              "kc"
            ],
            [
              ")",
              "",
              ""
            ],
            [
              ")",
              "",
              ""
            ]
          ],
          "out": "Traceback (most recent call last):\n...\nValueError: columns overlap but no suffix specified:\n    Index(['value'], dtype='object')"
        },
        "type": "Code"
      },
      {
        "data": {
          "ce_status": "compiled",
          "entries": [
            [
              "df1",
              null,
              ""
            ],
            [
              " ",
              "",
              ""
            ],
            [
              "=",
              "",
              "o"
            ],
            [
              " ",
              "",
              ""
            ],
            [
              "pd",
              null,
              ""
            ],
            [
              ".",
              "",
              "o"
            ],
            [
              "DataFrame",
              null,
              ""
            ],
            [
              "(",
              "",
              ""
            ],
            [
              "{",
              "",
              ""
            ],
            [
              "'",
              "",
              "s1"
            ],
            [
              "a",
              null,
              "s1"
            ],
            [
              "'",
              "",
              "s1"
            ],
            [
              ":",
              "",
              ""
            ],
            [
              " ",
              "",
              ""
            ],
            [
              "[",
              "",
              ""
            ],
            [
              "'",
              "",
              "s1"
            ],
            [
              "foo",
              null,
              "s1"
            ],
            [
              "'",
              "",
              "s1"
            ],
            [
              ",",
              "",
              ""
            ],
            [
              " ",
              "",
              ""
            ],
            [
              "'",
              "",
              "s1"
            ],
            [
              "bar",
              null,
              "s1"
            ],
            [
              "'",
              "",
              "s1"
            ],
            [
              "]",
              "",
              ""
            ],
            [
              ",",
              "",
              ""
            ],
            [
              " ",
              "",
              ""
            ],
            [
              "'",
              "",
              "s1"
            ],
            [
              "b",
              null,
              "s1"
            ],
            [
              "'",
              "",
              "s1"
            ],
            [
              ":",
              "",
              ""
            ],
            [
              " ",
              "",
              ""
            ],
            [
              "[",
              "",
              ""
            ],
            [
              "1",
              "",
              "mi"
            ],
            [
              ",",
              "",
              ""
            ],
            [
              " ",
              "",
              ""
            ],
            [
              "2",
              "",
              "mi"
            ],
            [
              "]",
              "",
              ""
            ],
            [
              "}",
              "",
              ""
            ],
            [
              ")",
              "",
              ""
            ],
            [
              "\n",
              "",
              ""
            ],
            [
              "df2",
              null,
              ""
            ],
            [
              " ",
              "",
              ""
            ],
            [
              "=",
              "",
              "o"
            ],
            [
              " ",
              "",
              ""
            ],
            [
              "pd",
              null,
              ""
            ],
            [
              ".",
              "",
              "o"
            ],
            [
              "DataFrame",
              null,
              ""
            ],
            [
              "(",
              "",
              ""
            ],
            [
              "{",
              "",
              ""
            ],
            [
              "'",
              "",
              "s1"
            ],
            [
              "a",
              null,
              "s1"
            ],
            [
              "'",
              "",
              "s1"
            ],
            [
              ":",
              "",
              ""
            ],
            [
              " ",
              "",
              ""
            ],
            [
              "[",
              "",
              ""
            ],
            [
              "'",
              "",
              "s1"
            ],
            [
              "foo",
              null,
              "s1"
            ],
            [
              "'",
              "",
              "s1"
            ],
            [
              ",",
              "",
              ""
            ],
            [
              " ",
              "",
              ""
            ],
            [
              "'",
              "",
              "s1"
            ],
            [
              "baz",
              null,
              "s1"
            ],
            [
              "'",
              "",
              "s1"
            ],
            [
              "]",
              "",
              ""
            ],
            [
              ",",
              "",
              ""
            ],
            [
              " ",
              "",
              ""
            ],
            [
              "'",
              "",
              "s1"
            ],
            [
              "c",
              null,
              "s1"
            ],
            [
              "'",
              "",
              "s1"
            ],
            [
              ":",
              "",
              ""
            ],
            [
              " ",
              "",
              ""
            ],
            [
              "[",
              "",
              ""
            ],
            [
              "3",
              "",
              "mi"
            ],
            [
              ",",
              "",
              ""
            ],
            [
              " ",
              "",
              ""
            ],
            [
              "4",
              "",
              "mi"
            ],
            [
              "]",
              "",
              ""
            ],
            [
              "}",
              "",
              ""
            ],
            [
              ")",
              "",
              ""
            ],
            [
              "\n",
              "",
              ""
            ],
            [
              "df1",
              null,
              ""
            ]
          ],
          "out": "      a  b\n0   foo  1\n1   bar  2"
        },
        "type": "Code"
      },
      {
        "data": {
          "ce_status": "compiled",
          "entries": [
            [
              "df2",
              null,
              ""
            ]
          ],
          "out": "      a  c\n0   foo  3\n1   baz  4"
        },
        "type": "Code"
      },
      {
        "data": {
          "ce_status": "compiled",
          "entries": [
            [
              "df1",
              null,
              ""
            ],
            [
              ".",
              "",
              "o"
            ],
            [
              "merge",
              null,
              ""
            ],
            [
              "(",
              "",
              ""
            ],
            [
              "df2",
              null,
              ""
            ],
            [
              ",",
              "",
              ""
            ],
            [
              " ",
              "",
              ""
            ],
            [
              "how",
              null,
              ""
            ],
            [
              "=",
              "",
              "o"
            ],
            [
              "'",
              "",
              "s1"
            ],
            [
              "inner",
              null,
              "s1"
            ],
            [
              "'",
              "",
              "s1"
            ],
            [
              ",",
              "",
              ""
            ],
            [
              " ",
              "",
              ""
            ],
            [
              "on",
              null,
              ""
            ],
            [
              "=",
              "",
              "o"
            ],
            [
              "'",
              "",
              "s1"
            ],
            [
              "a",
              null,
              "s1"
            ],
            [
              "'",
              "",
              "s1"
            ],
            [
              ")",
              "",
              ""
            ]
          ],
          "out": "      a  b  c\n0   foo  1  3"
        },
        "type": "Code"
      },
      {
        "data": {
          "ce_status": "compiled",
          "entries": [
            [
              "df1",
              null,
              ""
            ],
            [
              ".",
              "",
              "o"
            ],
            [
              "merge",
              null,
              ""
            ],
            [
              "(",
              "",
              ""
            ],
            [
              "df2",
              null,
              ""
            ],
            [
              ",",
              "",
              ""
            ],
            [
              " ",
              "",
              ""
            ],
            [
              "how",
              null,
              ""
            ],
            [
              "=",
              "",
              "o"
            ],
            [
              "'",
              "",
              "s1"
            ],
            [
              "left",
              null,
              "s1"
            ],
            [
              "'",
              "",
              "s1"
            ],
            [
              ",",
              "",
              ""
            ],
            [
              " ",
              "",
              ""
            ],
            [
              "on",
              null,
              ""
            ],
            [
              "=",
              "",
              "o"
            ],
            [
              "'",
              "",
              "s1"
            ],
            [
              "a",
              null,
              "s1"
            ],
            [
              "'",
              "",
              "s1"
            ],
            [
              ")",
              "",
              ""
            ]
          ],
          "out": "      a  b  c\n0   foo  1  3.0\n1   bar  2  NaN"
        },
        "type": "Code"
      },
      {
        "data": {
          "ce_status": "compiled",
          "entries": [
            [
              "df1",
              null,
              ""
            ],
            [
              " ",
              "",
              ""
            ],
            [
              "=",
              "",
              "o"
            ],
            [
              " ",
              "",
              ""
            ],
            [
              "pd",
              null,
              ""
            ],
            [
              ".",
              "",
              "o"
            ],
            [
              "DataFrame",
              null,
              ""
            ],
            [
              "(",
              "",
              ""
            ],
            [
              "{",
              "",
              ""
            ],
            [
              "'",
              "",
              "s1"
            ],
            [
              "left",
              null,
              "s1"
            ],
            [
              "'",
              "",
              "s1"
            ],
            [
              ":",
              "",
              ""
            ],
            [
              " ",
              "",
              ""
            ],
            [
              "[",
              "",
              ""
            ],
            [
              "'",
              "",
              "s1"
            ],
            [
              "foo",
              null,
              "s1"
            ],
            [
              "'",
              "",
              "s1"
            ],
            [
              ",",
              "",
              ""
            ],
            [
              " ",
              "",
              ""
            ],
            [
              "'",
              "",
              "s1"
            ],
            [
              "bar",
              null,
              "s1"
            ],
            [
              "'",
              "",
              "s1"
            ],
            [
              "]",
              "",
              ""
            ],
            [
              "}",
              "",
              ""
            ],
            [
              ")",
              "",
              ""
            ],
            [
              "\n",
              "",
              ""
            ],
            [
              "df2",
              null,
              ""
            ],
            [
              " ",
              "",
              ""
            ],
            [
              "=",
              "",
              "o"
            ],
            [
              " ",
              "",
              ""
            ],
            [
              "pd",
              null,
              ""
            ],
            [
              ".",
              "",
              "o"
            ],
            [
              "DataFrame",
              null,
              ""
            ],
            [
              "(",
              "",
              ""
            ],
            [
              "{",
              "",
              ""
            ],
            [
              "'",
              "",
              "s1"
            ],
            [
              "right",
              null,
              "s1"
            ],
            [
              "'",
              "",
              "s1"
            ],
            [
              ":",
              "",
              ""
            ],
            [
              " ",
              "",
              ""
            ],
            [
              "[",
              "",
              ""
            ],
            [
              "7",
              "",
              "mi"
            ],
            [
              ",",
              "",
              ""
            ],
            [
              " ",
              "",
              ""
            ],
            [
              "8",
              "",
              "mi"
            ],
            [
              "]",
              "",
              ""
            ],
            [
              "}",
              "",
              ""
            ],
            [
              ")",
              "",
              ""
            ],
            [
              "\n",
              "",
              ""
            ],
            [
              "df1",
              null,
              ""
            ]
          ],
          "out": "    left\n0   foo\n1   bar"
        },
        "type": "Code"
      },
      {
        "data": {
          "ce_status": "compiled",
          "entries": [
            [
              "df2",
              null,
              ""
            ]
          ],
          "out": "    right\n0   7\n1   8"
        },
        "type": "Code"
      },
      {
        "data": {
          "ce_status": "compiled",
          "entries": [
            [
              "df1",
              null,
              ""
            ],
            [
              ".",
              "",
              "o"
            ],
            [
              "merge",
              null,
              ""
            ],
            [
              "(",
              "",
              ""
            ],
            [
              "df2",
              null,
              ""
            ],
            [
              ",",
              "",
              ""
            ],
            [
              " ",
              "",
              ""
            ],
            [
              "how",
              null,
              ""
            ],
            [
              "=",
              "",
              "o"
            ],
            [
              "'",
              "",
              "s1"
            ],
            [
              "cross",
              null,
              "s1"
            ],
            [
              "'",
              "",
              "s1"
            ],
            [
              ")",
              "",
              ""
            ]
          ],
          "out": "   left  right\n0   foo      7\n1   foo      8\n2   bar      7\n3   bar      8"
        },
        "type": "Code"
      }
    ],
    "title": null
  },
  "item_file": "/pandas/core/reshape/merge.py",
  "item_line": 90,
  "item_type": "<class 'function'>",
  "ordered_sections": [
    "Summary",
    "Extended Summary",
    "Parameters",
    "Returns",
    "See Also",
    "Notes",
    "Examples"
  ],
  "references": null,
  "refs": [
    "DataFrame.join",
    "merge_asof",
    "merge_ordered"
  ],
  "see_also": [
    {
      "descriptions": [
        {
          "inline": [
            {
              "data": {
                "value": "Merge with optional filling/interpolation."
              },
              "type": "Words"
            }
          ],
          "inner": []
        }
      ],
      "name": {
        "exists": null,
        "name": "merge_ordered",
        "ref": null
      },
      "type": null
    },
    {
      "descriptions": [
        {
          "inline": [
            {
              "data": {
                "value": "Merge on nearest keys."
              },
              "type": "Words"
            }
          ],
          "inner": []
        }
      ],
      "name": {
        "exists": null,
        "name": "merge_asof",
        "ref": null
      },
      "type": null
    },
    {
      "descriptions": [
        {
          "inline": [
            {
              "data": {
                "value": "Similar method using indices."
              },
              "type": "Words"
            }
          ],
          "inner": []
        }
      ],
      "name": {
        "exists": null,
        "name": "DataFrame.join",
        "ref": null
      },
      "type": null
    }
  ],
  "signature": {
    "value": "merge(left: 'DataFrame | Series', right: 'DataFrame | Series', how: 'str' = 'inner', on: 'IndexLabel | None' = None, left_on: 'IndexLabel | None' = None, right_on: 'IndexLabel | None' = None, left_index: 'bool' = False, right_index: 'bool' = False, sort: 'bool' = False, suffixes: 'Suffixes' = ('_x', '_y'), copy: 'bool' = True, indicator: 'bool' = False, validate: 'str | None' = None) -> 'DataFrame'"
  }
}