{
  "aliases": [
    "pandas.io.formats.info.SeriesTableBuilderNonVerbose._fill_non_empty_info"
  ],
  "arbitrary": [],
  "content": {
    "Attributes": {
      "children": [],
      "title": null
    },
    "Extended Summary": {
      "children": [],
      "title": null
    },
    "Methods": {
      "children": [],
      "title": null
    },
    "Notes": {
      "children": [],
      "title": null
    },
    "Other Parameters": {
      "children": [],
      "title": null
    },
    "Parameters": {
      "children": [],
      "title": null
    },
    "Raises": {
      "children": [],
      "title": null
    },
    "Receives": {
      "children": [],
      "title": null
    },
    "Returns": {
      "children": [],
      "title": null
    },
    "Summary": {
      "children": [
        {
          "data": {
            "children": [
              {
                "data": {
                  "value": "Add lines to the info table, pertaining to non-empty series."
                },
                "type": "Words"
              }
            ]
          },
          "type": "Paragraph"
        }
      ],
      "title": null
    },
    "Warnings": {
      "children": [],
      "title": null
    },
    "Warns": {
      "children": [],
      "title": null
    },
    "Yields": {
      "children": [],
      "title": null
    }
  },
  "example_section_data": {
    "children": [],
    "title": null
  },
  "item_file": "/pandas/io/formats/info.py",
  "item_line": 1053,
  "item_type": "<class 'function'>",
  "ordered_sections": [
    "Summary",
    "Extended Summary"
  ],
  "references": null,
  "see_also": [],
  "signature": {
    "value": "_fill_non_empty_info(self) -> 'None'"
  }
}