{
  "_content": {
    "Attributes": {
      "children": [],
      "title": null
    },
    "Extended Summary": {
      "children": [],
      "title": null
    },
    "Methods": {
      "children": [],
      "title": null
    },
    "Notes": {
      "children": [],
      "title": null
    },
    "Other Parameters": {
      "children": [],
      "title": null
    },
    "Parameters": {
      "children": [
        {
          "data": {
            "desc": [],
            "param": "left",
            "type_": "DataFrame"
          },
          "type": "Param"
        },
        {
          "data": {
            "desc": [],
            "param": "right",
            "type_": "DataFrame"
          },
          "type": "Param"
        },
        {
          "data": {
            "desc": [],
            "param": "op",
            "type_": "binary operator"
          },
          "type": "Param"
        }
      ],
      "title": null
    },
    "Raises": {
      "children": [],
      "title": null
    },
    "Receives": {
      "children": [],
      "title": null
    },
    "Returns": {
      "children": [
        {
          "data": {
            "desc": [],
            "param": "",
            "type_": "DataFrame"
          },
          "type": "Param"
        }
      ],
      "title": null
    },
    "Summary": {
      "children": [
        {
          "data": {
            "children": [
              {
                "data": {
                  "value": "For DataFrame-with-DataFrame operations that require reindexing, operate only on shared columns, then reindex."
                },
                "type": "Words"
              }
            ]
          },
          "type": "Paragraph"
        }
      ],
      "title": null
    },
    "Warnings": {
      "children": [],
      "title": null
    },
    "Warns": {
      "children": [],
      "title": null
    },
    "Yields": {
      "children": [],
      "title": null
    }
  },
  "aliases": [
    "pandas.core.ops.frame_arith_method_with_reindex"
  ],
  "arbitrary": [],
  "example_section_data": {
    "children": [],
    "title": null
  },
  "item_file": "/pandas/core/ops/__init__.py",
  "item_line": 344,
  "item_type": "<class 'function'>",
  "ordered_sections": [
    "Summary",
    "Parameters",
    "Returns"
  ],
  "references": null,
  "refs": [],
  "see_also": [],
  "signature": {
    "value": "frame_arith_method_with_reindex(left: 'DataFrame', right: 'DataFrame', op) -> 'DataFrame'"
  }
}