{
  "_content": {
    "Attributes": {
      "children": [],
      "title": null
    },
    "Extended Summary": {
      "children": [
        {
          "data": {
            "inline": [
              {
                "data": {
                  "value": "This is the same as "
                },
                "type": "Words"
              },
              {
                "data": {
                  "value": [
                    "or"
                  ]
                },
                "type": "Verbatim"
              },
              {
                "data": {
                  "value": ", with the following adjustments"
                },
                "type": "Words"
              }
            ],
            "inner": []
          },
          "type": "Paragraph"
        },
        {
          "data": {
            "value": [
              {
                "data": {
                  "inline": [
                    {
                      "data": {
                        "value": "True, True -> False"
                      },
                      "type": "Words"
                    }
                  ],
                  "inner": []
                },
                "type": "Paragraph"
              },
              {
                "data": {
                  "inline": [
                    {
                      "data": {
                        "value": "True, NA   -> NA"
                      },
                      "type": "Words"
                    }
                  ],
                  "inner": []
                },
                "type": "Paragraph"
              }
            ]
          },
          "type": "BulletList"
        }
      ],
      "title": null
    },
    "Methods": {
      "children": [],
      "title": null
    },
    "Notes": {
      "children": [],
      "title": null
    },
    "Other Parameters": {
      "children": [],
      "title": null
    },
    "Parameters": {
      "children": [
        {
          "data": {
            "desc": [
              {
                "data": {
                  "inline": [
                    {
                      "data": {
                        "value": "The values of the array."
                      },
                      "type": "Words"
                    }
                  ],
                  "inner": []
                },
                "type": "Paragraph"
              }
            ],
            "param": "left, right",
            "type_": "ndarray, NA, or bool"
          },
          "type": "Param"
        },
        {
          "data": {
            "desc": [
              {
                "data": {
                  "inline": [
                    {
                      "data": {
                        "value": "The masks. Only one of these may be None, which implies that the associated "
                      },
                      "type": "Words"
                    },
                    {
                      "data": {
                        "exists": true,
                        "kind": "local",
                        "reference": {
                          "kind": "local",
                          "module": null,
                          "path": "left",
                          "version": null
                        },
                        "value": "left"
                      },
                      "type": "Link"
                    },
                    {
                      "data": {
                        "value": " or "
                      },
                      "type": "Words"
                    },
                    {
                      "data": {
                        "exists": true,
                        "kind": "local",
                        "reference": {
                          "kind": "local",
                          "module": null,
                          "path": "right",
                          "version": null
                        },
                        "value": "right"
                      },
                      "type": "Link"
                    },
                    {
                      "data": {
                        "value": " value is a scalar."
                      },
                      "type": "Words"
                    }
                  ],
                  "inner": []
                },
                "type": "Paragraph"
              }
            ],
            "param": "left_mask, right_mask",
            "type_": "ndarray, optional"
          },
          "type": "Param"
        }
      ],
      "title": null
    },
    "Raises": {
      "children": [],
      "title": null
    },
    "Receives": {
      "children": [],
      "title": null
    },
    "Returns": {
      "children": [
        {
          "data": {
            "desc": [
              {
                "data": {
                  "inline": [
                    {
                      "data": {
                        "value": "The result of the logical xor, and the new mask."
                      },
                      "type": "Words"
                    }
                  ],
                  "inner": []
                },
                "type": "Paragraph"
              }
            ],
            "param": "",
            "type_": "result, mask: ndarray[bool]"
          },
          "type": "Param"
        }
      ],
      "title": null
    },
    "Summary": {
      "children": [
        {
          "data": {
            "inline": [
              {
                "data": {
                  "value": "Boolean "
                },
                "type": "Words"
              },
              {
                "data": {
                  "value": [
                    "xor"
                  ]
                },
                "type": "Verbatim"
              },
              {
                "data": {
                  "value": " using Kleene logic."
                },
                "type": "Words"
              }
            ],
            "inner": []
          },
          "type": "Paragraph"
        }
      ],
      "title": null
    },
    "Warnings": {
      "children": [],
      "title": null
    },
    "Warns": {
      "children": [],
      "title": null
    },
    "Yields": {
      "children": [],
      "title": null
    }
  },
  "aliases": [
    "pandas.core.ops.kleene_xor"
  ],
  "arbitrary": [],
  "example_section_data": {
    "children": [],
    "title": null
  },
  "item_file": "/pandas/core/ops/mask_ops.py",
  "item_line": 76,
  "item_type": "<class 'function'>",
  "ordered_sections": [
    "Summary",
    "Extended Summary",
    "Parameters",
    "Returns"
  ],
  "references": null,
  "refs": [],
  "see_also": [],
  "signature": {
    "value": "kleene_xor(left: 'bool | np.ndarray | libmissing.NAType', right: 'bool | np.ndarray | libmissing.NAType', left_mask: 'np.ndarray | None', right_mask: 'np.ndarray | None')"
  }
}