{
  "_content": {
    "Attributes": {
      "children": [],
      "title": null
    },
    "Extended Summary": {
      "children": [
        {
          "data": {
            "inline": [
              {
                "data": {
                  "value": "It is used by companies that desire that their fiscal year always end on the same day of the week."
                },
                "type": "Words"
              }
            ],
            "inner": []
          },
          "type": "Paragraph"
        },
        {
          "data": {
            "inline": [
              {
                "data": {
                  "value": "It is a method of managing accounting periods. It is a common calendar structure for some industries, such as retail, manufacturing and parking industry."
                },
                "type": "Words"
              }
            ],
            "inner": []
          },
          "type": "Paragraph"
        },
        {
          "data": {
            "inline": [
              {
                "data": {
                  "value": "For more information see: https://en.wikipedia.org/wiki/4-4-5_calendar"
                },
                "type": "Words"
              }
            ],
            "inner": []
          },
          "type": "Paragraph"
        },
        {
          "data": {
            "inline": [
              {
                "data": {
                  "value": "The year may either:"
                },
                "type": "Words"
              }
            ],
            "inner": []
          },
          "type": "Paragraph"
        },
        {
          "data": {
            "children": [
              {
                "value": [
                  {
                    "data": {
                      "inline": [
                        {
                          "data": {
                            "value": "end on the last X day of the Y month."
                          },
                          "type": "Words"
                        }
                      ],
                      "inner": []
                    },
                    "type": "Paragraph"
                  }
                ]
              },
              {
                "value": [
                  {
                    "data": {
                      "inline": [
                        {
                          "data": {
                            "value": "end on the last X day closest to the last day of the Y month."
                          },
                          "type": "Words"
                        }
                      ],
                      "inner": []
                    },
                    "type": "Paragraph"
                  }
                ]
              }
            ]
          },
          "type": "BulletList"
        },
        {
          "data": {
            "inline": [
              {
                "data": {
                  "value": "X is a specific day of the week. Y is a certain month of the year"
                },
                "type": "Words"
              }
            ],
            "inner": []
          },
          "type": "Paragraph"
        }
      ],
      "title": null
    },
    "Methods": {
      "children": [],
      "title": null
    },
    "Notes": {
      "children": [],
      "title": null
    },
    "Other Parameters": {
      "children": [],
      "title": null
    },
    "Parameters": {
      "children": [
        {
          "data": {
            "desc": [],
            "param": "n",
            "type_": "int"
          },
          "type": "Param"
        },
        {
          "data": {
            "desc": [
              {
                "data": {
                  "inline": [
                    {
                      "data": {
                        "value": "A specific integer for the day of the week."
                      },
                      "type": "Words"
                    }
                  ],
                  "inner": []
                },
                "type": "Paragraph"
              },
              {
                "data": {
                  "children": [
                    {
                      "value": [
                        {
                          "data": {
                            "inline": [
                              {
                                "data": {
                                  "value": "0 is Monday"
                                },
                                "type": "Words"
                              }
                            ],
                            "inner": []
                          },
                          "type": "Paragraph"
                        }
                      ]
                    },
                    {
                      "value": [
                        {
                          "data": {
                            "inline": [
                              {
                                "data": {
                                  "value": "1 is Tuesday"
                                },
                                "type": "Words"
                              }
                            ],
                            "inner": []
                          },
                          "type": "Paragraph"
                        }
                      ]
                    },
                    {
                      "value": [
                        {
                          "data": {
                            "inline": [
                              {
                                "data": {
                                  "value": "2 is Wednesday"
                                },
                                "type": "Words"
                              }
                            ],
                            "inner": []
                          },
                          "type": "Paragraph"
                        }
                      ]
                    },
                    {
                      "value": [
                        {
                          "data": {
                            "inline": [
                              {
                                "data": {
                                  "value": "3 is Thursday"
                                },
                                "type": "Words"
                              }
                            ],
                            "inner": []
                          },
                          "type": "Paragraph"
                        }
                      ]
                    },
                    {
                      "value": [
                        {
                          "data": {
                            "inline": [
                              {
                                "data": {
                                  "value": "4 is Friday"
                                },
                                "type": "Words"
                              }
                            ],
                            "inner": []
                          },
                          "type": "Paragraph"
                        }
                      ]
                    },
                    {
                      "value": [
                        {
                          "data": {
                            "inline": [
                              {
                                "data": {
                                  "value": "5 is Saturday"
                                },
                                "type": "Words"
                              }
                            ],
                            "inner": []
                          },
                          "type": "Paragraph"
                        }
                      ]
                    },
                    {
                      "value": [
                        {
                          "data": {
                            "inline": [
                              {
                                "data": {
                                  "value": "6 is Sunday."
                                },
                                "type": "Words"
                              }
                            ],
                            "inner": []
                          },
                          "type": "Paragraph"
                        }
                      ]
                    }
                  ]
                },
                "type": "BulletList"
              }
            ],
            "param": "weekday",
            "type_": "int {0, 1, ..., 6}, default 0"
          },
          "type": "Param"
        },
        {
          "data": {
            "desc": [
              {
                "data": {
                  "inline": [
                    {
                      "data": {
                        "value": "The month in which the fiscal year ends."
                      },
                      "type": "Words"
                    }
                  ],
                  "inner": []
                },
                "type": "Paragraph"
              }
            ],
            "param": "startingMonth",
            "type_": "int {1, 2, ... 12}, default 1"
          },
          "type": "Param"
        },
        {
          "data": {
            "desc": [
              {
                "data": {
                  "inline": [
                    {
                      "data": {
                        "value": "Method of employing 4-4-5 calendar."
                      },
                      "type": "Words"
                    }
                  ],
                  "inner": []
                },
                "type": "Paragraph"
              },
              {
                "data": {
                  "inline": [
                    {
                      "data": {
                        "value": "There are two options:"
                      },
                      "type": "Words"
                    }
                  ],
                  "inner": []
                },
                "type": "Paragraph"
              },
              {
                "data": {
                  "children": [
                    {
                      "value": [
                        {
                          "data": {
                            "inline": [
                              {
                                "data": {
                                  "value": "\"nearest\" means year end is "
                                },
                                "type": "Words"
                              },
                              {
                                "data": {
                                  "content": {
                                    "value": "weekday"
                                  }
                                },
                                "type": "Strong"
                              },
                              {
                                "data": {
                                  "value": " closest to last day of month in year."
                                },
                                "type": "Words"
                              }
                            ],
                            "inner": []
                          },
                          "type": "Paragraph"
                        }
                      ]
                    },
                    {
                      "value": [
                        {
                          "data": {
                            "inline": [
                              {
                                "data": {
                                  "value": "\"last\" means year end is final "
                                },
                                "type": "Words"
                              },
                              {
                                "data": {
                                  "content": {
                                    "value": "weekday"
                                  }
                                },
                                "type": "Strong"
                              },
                              {
                                "data": {
                                  "value": " of the final month in fiscal year."
                                },
                                "type": "Words"
                              }
                            ],
                            "inner": []
                          },
                          "type": "Paragraph"
                        }
                      ]
                    }
                  ]
                },
                "type": "BulletList"
              }
            ],
            "param": "variation",
            "type_": "str, default \"nearest\""
          },
          "type": "Param"
        }
      ],
      "title": null
    },
    "Raises": {
      "children": [],
      "title": null
    },
    "Receives": {
      "children": [],
      "title": null
    },
    "Returns": {
      "children": [],
      "title": null
    },
    "Summary": {
      "children": [
        {
          "data": {
            "inline": [
              {
                "data": {
                  "value": "Describes 52-53 week fiscal year. This is also known as a 4-4-5 calendar."
                },
                "type": "Words"
              }
            ],
            "inner": []
          },
          "type": "Paragraph"
        }
      ],
      "title": null
    },
    "Warnings": {
      "children": [],
      "title": null
    },
    "Warns": {
      "children": [],
      "title": null
    },
    "Yields": {
      "children": [],
      "title": null
    }
  },
  "aliases": [
    "pandas.offsets.FY5253"
  ],
  "arbitrary": [],
  "example_section_data": {
    "children": [],
    "title": null
  },
  "item_file": "/pandas/_libs/tslibs/offsets.cpython-39-darwin.so",
  "item_line": null,
  "item_type": "<class 'type'>",
  "ordered_sections": [
    "Summary",
    "Extended Summary",
    "Parameters"
  ],
  "references": null,
  "refs": [],
  "see_also": [],
  "signature": {
    "value": null
  }
}