{
  "aliases": [
    "networkx.approximation.treewidth"
  ],
  "arbitrary": [
    {
      "children": [
        {
          "data": {
            "children": [
              {
                "data": {
                  "value": "Functions for computing treewidth decomposition."
                },
                "type": "Words"
              }
            ]
          },
          "type": "Paragraph"
        },
        {
          "data": {
            "children": [
              {
                "data": {
                  "value": "Treewidth of an undirected graph is a number associated with the graph. It can be defined as the size of the largest vertex set (bag) in a tree decomposition of the graph minus one."
                },
                "type": "Words"
              }
            ]
          },
          "type": "Paragraph"
        },
        {
          "data": {
            "children": [
              {
                "data": {
                  "target": "https://en.wikipedia.org/wiki/Treewidth",
                  "value": "Wikipedia: Treewidth"
                },
                "type": "ExternalLink"
              }
            ]
          },
          "type": "Paragraph"
        },
        {
          "data": {
            "children": [
              {
                "data": {
                  "value": "The notions of treewidth and tree decomposition have gained their attractiveness partly because many graph and network problems that are intractable (e.g., NP-hard) on arbitrary graphs become efficiently solvable (e.g., with a linear time algorithm) when the treewidth of the input graphs is bounded by a constant  ."
                },
                "type": "Words"
              }
            ]
          },
          "type": "Paragraph"
        },
        {
          "data": {
            "children": [
              {
                "data": {
                  "value": "There are two different functions for computing a tree decomposition: "
                },
                "type": "Words"
              },
              {
                "data": {
                  "value": [
                    "treewidth_min_degree"
                  ]
                },
                "type": "Verbatim"
              },
              {
                "data": {
                  "value": " and "
                },
                "type": "Words"
              },
              {
                "data": {
                  "value": [
                    "treewidth_min_fill_in"
                  ]
                },
                "type": "Verbatim"
              },
              {
                "data": {
                  "value": "."
                },
                "type": "Words"
              }
            ]
          },
          "type": "Paragraph"
        },
        {
          "data": {
            "placeholder": "footnote",
            "value": ".. [1] Hans L. Bodlaender and Arie M. C. A. Koster. 2010. \"Treewidth\n      computations I.Upper bounds\". Inf. Comput. 208, 3 (March 2010),259-275.\n      http://dx.doi.org/10.1016/j.ic.2009.03.008"
          },
          "type": "Unimplemented"
        },
        {
          "data": {
            "placeholder": "footnote",
            "value": ".. [2] Hans L. Bodlaender. \"Discovering Treewidth\". Institute of Information\n      and Computing Sciences, Utrecht University.\n      Technical Report UU-CS-2005-018.\n      http://www.cs.uu.nl"
          },
          "type": "Unimplemented"
        },
        {
          "data": {
            "placeholder": "footnote",
            "value": ".. [3] K. Wang, Z. Lu, and J. Hicks *Treewidth*.\n      https://web.archive.org/web/20210507025929/http://web.eecs.utk.edu/~cphill25/cs594_spring2015_projects/treewidth.pdf"
          },
          "type": "Unimplemented"
        }
      ],
      "level": 0,
      "title": null
    }
  ],
  "content": {
    "Attributes": {
      "children": [],
      "level": 0,
      "title": null
    },
    "Extended Summary": {
      "children": [
        {
          "data": {
            "children": [
              {
                "data": {
                  "value": "Treewidth of an undirected graph is a number associated with the graph. It can be defined as the size of the largest vertex set (bag) in a tree decomposition of the graph minus one."
                },
                "type": "Words"
              }
            ]
          },
          "type": "Paragraph"
        },
        {
          "data": {
            "children": [
              {
                "data": {
                  "target": "https://en.wikipedia.org/wiki/Treewidth",
                  "value": "Wikipedia: Treewidth"
                },
                "type": "ExternalLink"
              }
            ]
          },
          "type": "Paragraph"
        },
        {
          "data": {
            "children": [
              {
                "data": {
                  "value": "The notions of treewidth and tree decomposition have gained their attractiveness partly because many graph and network problems that are intractable (e.g., NP-hard) on arbitrary graphs become efficiently solvable (e.g., with a linear time algorithm) when the treewidth of the input graphs is bounded by a constant  ."
                },
                "type": "Words"
              }
            ]
          },
          "type": "Paragraph"
        },
        {
          "data": {
            "children": [
              {
                "data": {
                  "value": "There are two different functions for computing a tree decomposition: "
                },
                "type": "Words"
              },
              {
                "data": {
                  "value": [
                    "treewidth_min_degree"
                  ]
                },
                "type": "Verbatim"
              },
              {
                "data": {
                  "value": " and "
                },
                "type": "Words"
              },
              {
                "data": {
                  "value": [
                    "treewidth_min_fill_in"
                  ]
                },
                "type": "Verbatim"
              },
              {
                "data": {
                  "value": "."
                },
                "type": "Words"
              }
            ]
          },
          "type": "Paragraph"
        },
        {
          "data": {
            "placeholder": "footnote",
            "value": ".. [1] Hans L. Bodlaender and Arie M. C. A. Koster. 2010. \"Treewidth\n      computations I.Upper bounds\". Inf. Comput. 208, 3 (March 2010),259-275.\n      http://dx.doi.org/10.1016/j.ic.2009.03.008"
          },
          "type": "Unimplemented"
        },
        {
          "data": {
            "placeholder": "footnote",
            "value": ".. [2] Hans L. Bodlaender. \"Discovering Treewidth\". Institute of Information\n      and Computing Sciences, Utrecht University.\n      Technical Report UU-CS-2005-018.\n      http://www.cs.uu.nl"
          },
          "type": "Unimplemented"
        },
        {
          "data": {
            "placeholder": "footnote",
            "value": ".. [3] K. Wang, Z. Lu, and J. Hicks *Treewidth*.\n      https://web.archive.org/web/20210507025929/http://web.eecs.utk.edu/~cphill25/cs594_spring2015_projects/treewidth.pdf"
          },
          "type": "Unimplemented"
        }
      ],
      "level": 0,
      "title": null
    },
    "Methods": {
      "children": [],
      "level": 0,
      "title": null
    },
    "Notes": {
      "children": [],
      "level": 0,
      "title": null
    },
    "Other Parameters": {
      "children": [],
      "level": 0,
      "title": null
    },
    "Parameters": {
      "children": [],
      "level": 0,
      "title": null
    },
    "Raises": {
      "children": [],
      "level": 0,
      "title": null
    },
    "Receives": {
      "children": [],
      "level": 0,
      "title": null
    },
    "Returns": {
      "children": [],
      "level": 0,
      "title": null
    },
    "Summary": {
      "children": [
        {
          "data": {
            "children": [
              {
                "data": {
                  "value": "Functions for computing treewidth decomposition."
                },
                "type": "Words"
              }
            ]
          },
          "type": "Paragraph"
        }
      ],
      "level": 0,
      "title": null
    },
    "Warnings": {
      "children": [],
      "level": 0,
      "title": null
    },
    "Warns": {
      "children": [],
      "level": 0,
      "title": null
    },
    "Yields": {
      "children": [],
      "level": 0,
      "title": null
    }
  },
  "example_section_data": {
    "children": [],
    "level": 0,
    "title": null
  },
  "item_file": "/networkx/algorithms/approximation/treewidth.py",
  "item_line": 0,
  "item_type": "<class 'module'>",
  "ordered_sections": [
    "Summary",
    "Extended Summary"
  ],
  "references": null,
  "see_also": [],
  "signature": {
    "value": null
  }
}