{
  "aliases": [
    "networkx.isomorphism.ismags.are_all_equal"
  ],
  "arbitrary": [],
  "content": {
    "Attributes": {
      "children": [],
      "level": 0,
      "title": null
    },
    "Extended Summary": {
      "children": [],
      "level": 0,
      "title": null
    },
    "Methods": {
      "children": [],
      "level": 0,
      "title": null
    },
    "Notes": {
      "children": [],
      "level": 0,
      "title": null
    },
    "Other Parameters": {
      "children": [],
      "level": 0,
      "title": null
    },
    "Parameters": {
      "children": [
        {
          "data": {
            "children": [
              {
                "desc": [
                  {
                    "data": {
                      "children": [
                        {
                          "data": {
                            "value": "The container whose elements will be checked."
                          },
                          "type": "Words"
                        }
                      ]
                    },
                    "type": "Paragraph"
                  }
                ],
                "param": "iterable: collections.abc.Iterable",
                "type_": ""
              }
            ]
          },
          "type": "Parameters"
        }
      ],
      "level": 0,
      "title": null
    },
    "Raises": {
      "children": [],
      "level": 0,
      "title": null
    },
    "Receives": {
      "children": [],
      "level": 0,
      "title": null
    },
    "Returns": {
      "children": [
        {
          "data": {
            "children": [
              {
                "desc": [
                  {
                    "data": {
                      "children": [
                        {
                          "data": {
                            "value": [
                              "True"
                            ]
                          },
                          "type": "Verbatim"
                        },
                        {
                          "data": {
                            "value": " iff all elements in "
                          },
                          "type": "Words"
                        },
                        {
                          "data": {
                            "exists": true,
                            "kind": "module",
                            "reference": {
                              "kind": "module",
                              "module": "networkx",
                              "path": "networkx.utils.misc.iterable",
                              "version": "2.8.2"
                            },
                            "value": "iterable"
                          },
                          "type": "Link"
                        },
                        {
                          "data": {
                            "value": " compare equal, "
                          },
                          "type": "Words"
                        },
                        {
                          "data": {
                            "value": [
                              "False"
                            ]
                          },
                          "type": "Verbatim"
                        },
                        {
                          "data": {
                            "value": " otherwise."
                          },
                          "type": "Words"
                        }
                      ]
                    },
                    "type": "Paragraph"
                  }
                ],
                "param": "",
                "type_": "bool"
              }
            ]
          },
          "type": "Parameters"
        }
      ],
      "level": 0,
      "title": null
    },
    "Summary": {
      "children": [
        {
          "data": {
            "children": [
              {
                "data": {
                  "value": "Returns "
                },
                "type": "Words"
              },
              {
                "data": {
                  "value": [
                    "True"
                  ]
                },
                "type": "Verbatim"
              },
              {
                "data": {
                  "value": " if and only if all elements in "
                },
                "type": "Words"
              },
              {
                "data": {
                  "exists": true,
                  "kind": "module",
                  "reference": {
                    "kind": "module",
                    "module": "networkx",
                    "path": "networkx.utils.misc.iterable",
                    "version": "2.8.2"
                  },
                  "value": "iterable"
                },
                "type": "Link"
              },
              {
                "data": {
                  "value": " are equal; and "
                },
                "type": "Words"
              },
              {
                "data": {
                  "value": [
                    "False"
                  ]
                },
                "type": "Verbatim"
              },
              {
                "data": {
                  "value": " otherwise."
                },
                "type": "Words"
              }
            ]
          },
          "type": "Paragraph"
        }
      ],
      "level": 0,
      "title": null
    },
    "Warnings": {
      "children": [],
      "level": 0,
      "title": null
    },
    "Warns": {
      "children": [],
      "level": 0,
      "title": null
    },
    "Yields": {
      "children": [],
      "level": 0,
      "title": null
    }
  },
  "example_section_data": {
    "children": [],
    "level": 0,
    "title": null
  },
  "item_file": "/networkx/algorithms/isomorphism/ismags.py",
  "item_line": 117,
  "item_type": "<class 'function'>",
  "ordered_sections": [
    "Summary",
    "Parameters",
    "Returns"
  ],
  "references": null,
  "see_also": [],
  "signature": {
    "value": "are_all_equal(iterable)"
  }
}