{
  "aliases": [
    "networkx.edge_expansion"
  ],
  "arbitrary": [],
  "content": {
    "Attributes": {
      "children": [],
      "level": 0,
      "title": null
    },
    "Extended Summary": {
      "children": [
        {
          "data": {
            "children": [
              {
                "data": {
                  "value": "The "
                },
                "type": "Words"
              },
              {
                "data": {
                  "value": {
                    "value": "edge expansion"
                  }
                },
                "type": "Emph"
              },
              {
                "data": {
                  "value": " is the quotient of the cut size and the smaller of the cardinalities of the two sets. [1]"
                },
                "type": "Words"
              }
            ]
          },
          "type": "Paragraph"
        }
      ],
      "level": 0,
      "title": null
    },
    "Methods": {
      "children": [],
      "level": 0,
      "title": null
    },
    "Notes": {
      "children": [],
      "level": 0,
      "title": null
    },
    "Other Parameters": {
      "children": [],
      "level": 0,
      "title": null
    },
    "Parameters": {
      "children": [
        {
          "data": {
            "children": [
              {
                "desc": [],
                "param": "G",
                "type_": "NetworkX graph"
              },
              {
                "desc": [
                  {
                    "data": {
                      "children": [
                        {
                          "data": {
                            "value": "A collection of nodes in "
                          },
                          "type": "Words"
                        },
                        {
                          "data": {
                            "exists": true,
                            "kind": "local",
                            "reference": {
                              "kind": "local",
                              "module": null,
                              "path": "G",
                              "version": null
                            },
                            "value": "G"
                          },
                          "type": "Link"
                        },
                        {
                          "data": {
                            "value": "."
                          },
                          "type": "Words"
                        }
                      ]
                    },
                    "type": "Paragraph"
                  }
                ],
                "param": "S",
                "type_": "collection"
              },
              {
                "desc": [
                  {
                    "data": {
                      "children": [
                        {
                          "data": {
                            "value": "A collection of nodes in "
                          },
                          "type": "Words"
                        },
                        {
                          "data": {
                            "exists": true,
                            "kind": "local",
                            "reference": {
                              "kind": "local",
                              "module": null,
                              "path": "G",
                              "version": null
                            },
                            "value": "G"
                          },
                          "type": "Link"
                        },
                        {
                          "data": {
                            "value": "."
                          },
                          "type": "Words"
                        }
                      ]
                    },
                    "type": "Paragraph"
                  }
                ],
                "param": "T",
                "type_": "collection"
              },
              {
                "desc": [
                  {
                    "data": {
                      "children": [
                        {
                          "data": {
                            "value": "Edge attribute key to use as weight. If not specified, edges have weight one."
                          },
                          "type": "Words"
                        }
                      ]
                    },
                    "type": "Paragraph"
                  }
                ],
                "param": "weight",
                "type_": "object"
              }
            ]
          },
          "type": "Parameters"
        }
      ],
      "level": 0,
      "title": null
    },
    "Raises": {
      "children": [],
      "level": 0,
      "title": null
    },
    "Receives": {
      "children": [],
      "level": 0,
      "title": null
    },
    "Returns": {
      "children": [
        {
          "data": {
            "children": [
              {
                "desc": [
                  {
                    "data": {
                      "children": [
                        {
                          "data": {
                            "value": "The edge expansion between the two sets "
                          },
                          "type": "Words"
                        },
                        {
                          "data": {
                            "exists": true,
                            "kind": "local",
                            "reference": {
                              "kind": "local",
                              "module": null,
                              "path": "S",
                              "version": null
                            },
                            "value": "S"
                          },
                          "type": "Link"
                        },
                        {
                          "data": {
                            "value": " and "
                          },
                          "type": "Words"
                        },
                        {
                          "data": {
                            "exists": true,
                            "kind": "local",
                            "reference": {
                              "kind": "local",
                              "module": null,
                              "path": "T",
                              "version": null
                            },
                            "value": "T"
                          },
                          "type": "Link"
                        },
                        {
                          "data": {
                            "value": "."
                          },
                          "type": "Words"
                        }
                      ]
                    },
                    "type": "Paragraph"
                  }
                ],
                "param": "",
                "type_": "number"
              }
            ]
          },
          "type": "Parameters"
        }
      ],
      "level": 0,
      "title": null
    },
    "Summary": {
      "children": [
        {
          "data": {
            "children": [
              {
                "data": {
                  "value": "Returns the edge expansion between two node sets."
                },
                "type": "Words"
              }
            ]
          },
          "type": "Paragraph"
        }
      ],
      "level": 0,
      "title": null
    },
    "Warnings": {
      "children": [],
      "level": 0,
      "title": null
    },
    "Warns": {
      "children": [],
      "level": 0,
      "title": null
    },
    "Yields": {
      "children": [],
      "level": 0,
      "title": null
    }
  },
  "example_section_data": {
    "children": [],
    "level": 0,
    "title": null
  },
  "item_file": "/networkx/algorithms/cuts.py",
  "item_line": 227,
  "item_type": "<class 'function'>",
  "ordered_sections": [
    "Summary",
    "Extended Summary",
    "Parameters",
    "Returns",
    "See Also",
    "References"
  ],
  "references": null,
  "see_also": [
    {
      "descriptions": [],
      "name": {
        "exists": true,
        "kind": "module",
        "reference": {
          "kind": "module",
          "module": "networkx",
          "path": "networkx.algorithms.cuts.boundary_expansion",
          "version": "2.8.2"
        },
        "value": "boundary_expansion"
      },
      "type": null
    },
    {
      "descriptions": [],
      "name": {
        "exists": true,
        "kind": "module",
        "reference": {
          "kind": "module",
          "module": "networkx",
          "path": "networkx.algorithms.cuts.mixing_expansion",
          "version": "2.8.2"
        },
        "value": "mixing_expansion"
      },
      "type": null
    },
    {
      "descriptions": [],
      "name": {
        "exists": true,
        "kind": "module",
        "reference": {
          "kind": "module",
          "module": "networkx",
          "path": "networkx.algorithms.cuts.node_expansion",
          "version": "2.8.2"
        },
        "value": "node_expansion"
      },
      "type": null
    }
  ],
  "signature": {
    "value": "edge_expansion(G, S, T=None, weight=None)"
  }
}