{
  "_content": {
    "Summary": {
      "children": [
        {
          "type": "Paragraph",
          "data": {
            "inline": [
              {
                "type": "Words",
                "data": {
                  "value": "A list with a short "
                }
              },
              {
                "type": "Verbatim",
                "data": {
                  "value": [
                    "repr()"
                  ]
                }
              },
              {
                "type": "Words",
                "data": {
                  "value": "."
                }
              }
            ],
            "inner": []
          }
        }
      ],
      "title": null
    },
    "Extended Summary": {
      "children": [
        {
          "type": "Paragraph",
          "data": {
            "inline": [
              {
                "type": "Words",
                "data": {
                  "value": "This is meant to be used for a homogeneous list of artists, so that they don't cause long, meaningless output."
                }
              }
            ],
            "inner": []
          }
        },
        {
          "type": "Paragraph",
          "data": {
            "inline": [
              {
                "type": "Words",
                "data": {
                  "value": "Instead of ::      "
                }
              }
            ],
            "inner": []
          }
        },
        {
          "type": "BlockVerbatim",
          "data": {
            "lines": {
              "_lines": [
                {
                  "_line": "[<matplotlib.lines.Line2D object at 0x7f5749fed3c8>,",
                  "_number": 0,
                  "_offset": 0
                },
                {
                  "_line": " <matplotlib.lines.Line2D object at 0x7f5749fed4e0>,",
                  "_number": 1,
                  "_offset": 0
                },
                {
                  "_line": " <matplotlib.lines.Line2D object at 0x7f5758016550>]",
                  "_number": 2,
                  "_offset": 0
                }
              ]
            }
          }
        },
        {
          "type": "Paragraph",
          "data": {
            "inline": [
              {
                "type": "Words",
                "data": {
                  "value": "one will get ::      "
                }
              }
            ],
            "inner": []
          }
        },
        {
          "type": "BlockVerbatim",
          "data": {
            "lines": {
              "_lines": [
                {
                  "_line": "<a list of 3 Line2D objects>",
                  "_number": 0,
                  "_offset": 0
                }
              ]
            }
          }
        },
        {
          "type": "Paragraph",
          "data": {
            "inline": [
              {
                "type": "Words",
                "data": {
                  "value": "If "
                }
              },
              {
                "type": "Verbatim",
                "data": {
                  "value": [
                    "self.type"
                  ]
                }
              },
              {
                "type": "Words",
                "data": {
                  "value": " is None, the type name is obtained from the first item in the list (if any)."
                }
              }
            ],
            "inner": []
          }
        }
      ],
      "title": null
    },
    "Parameters": {
      "children": [],
      "title": null
    },
    "Returns": {
      "children": [],
      "title": null
    },
    "Yields": {
      "children": [],
      "title": null
    },
    "Receives": {
      "children": [],
      "title": null
    },
    "Raises": {
      "children": [],
      "title": null
    },
    "Warns": {
      "children": [],
      "title": null
    },
    "Other Parameters": {
      "children": [],
      "title": null
    },
    "Attributes": {
      "children": [],
      "title": null
    },
    "Methods": {
      "children": [],
      "title": null
    },
    "Notes": {
      "children": [],
      "title": null
    },
    "Warnings": {
      "children": [],
      "title": null
    }
  },
  "refs": [],
  "ordered_sections": [
    "Summary",
    "Extended Summary"
  ],
  "item_file": "/Users/bussonniermatthias/miniconda3-intel/envs/papyri/lib/python3.9/site-packages/matplotlib/cbook/__init__.py",
  "item_line": 280,
  "item_type": "<class 'type'>",
  "aliases": [
    "matplotlib.cbook.silent_list"
  ],
  "example_section_data": {
    "children": [],
    "title": null
  },
  "see_also": [],
  "signature": "silent_list(type, seq=None)",
  "references": null,
  "arbitrary": []
}