{
  "_content": {
    "Summary": {
      "children": [
        {
          "type": "Paragraph",
          "data": {
            "inline": [
              {
                "type": "Words",
                "data": {
                  "value": "Return the label that matches the position, regardless of the value."
                }
              }
            ],
            "inner": []
          }
        }
      ],
      "title": null
    },
    "Extended Summary": {
      "children": [
        {
          "type": "Paragraph",
          "data": {
            "inline": [
              {
                "type": "Words",
                "data": {
                  "value": "For positions "
                }
              },
              {
                "type": "Verbatim",
                "data": {
                  "value": [
                    "pos < len(seq)"
                  ]
                }
              },
              {
                "type": "Words",
                "data": {
                  "value": ", return "
                }
              },
              {
                "type": "Verbatim",
                "data": {
                  "value": [
                    "seq[i]"
                  ]
                }
              },
              {
                "type": "Words",
                "data": {
                  "value": " regardless of "
                }
              },
              {
                "type": "Emph",
                "data": {
                  "value": {
                    "value": "x"
                  }
                }
              },
              {
                "type": "Words",
                "data": {
                  "value": ". Otherwise return empty string. "
                }
              },
              {
                "type": "Verbatim",
                "data": {
                  "value": [
                    "seq"
                  ]
                }
              },
              {
                "type": "Words",
                "data": {
                  "value": " is the sequence of strings that this object was initialized with."
                }
              }
            ],
            "inner": []
          }
        }
      ],
      "title": null
    },
    "Parameters": {
      "children": [],
      "title": null
    },
    "Returns": {
      "children": [],
      "title": null
    },
    "Yields": {
      "children": [],
      "title": null
    },
    "Receives": {
      "children": [],
      "title": null
    },
    "Raises": {
      "children": [],
      "title": null
    },
    "Warns": {
      "children": [],
      "title": null
    },
    "Other Parameters": {
      "children": [],
      "title": null
    },
    "Attributes": {
      "children": [],
      "title": null
    },
    "Methods": {
      "children": [],
      "title": null
    },
    "Notes": {
      "children": [],
      "title": null
    },
    "Warnings": {
      "children": [],
      "title": null
    }
  },
  "refs": [],
  "ordered_sections": [
    "Summary",
    "Extended Summary"
  ],
  "item_file": "/Users/bussonniermatthias/miniconda3-intel/envs/papyri/lib/python3.9/site-packages/matplotlib/ticker.py",
  "item_line": 360,
  "item_type": "<class 'function'>",
  "aliases": [
    "matplotlib.pyplot.FixedFormatter.__call__"
  ],
  "example_section_data": {
    "children": [],
    "title": null
  },
  "see_also": [],
  "signature": "__call__(self, x, pos=None)",
  "references": null,
  "arbitrary": []
}