{
  "_content": {
    "Summary": {
      "children": [
        {
          "type": "Paragraph",
          "data": {
            "inline": [
              {
                "type": "Words",
                "data": {
                  "value": "Read the data from the file named "
                }
              },
              {
                "type": "Emph",
                "data": {
                  "children": [
                    {
                      "value": "filename"
                    }
                  ]
                }
              },
              {
                "type": "Words",
                "data": {
                  "value": " and convert TeX's internal units to units of "
                }
              },
              {
                "type": "Emph",
                "data": {
                  "children": [
                    {
                      "value": "dpi"
                    }
                  ]
                }
              },
              {
                "type": "Words",
                "data": {
                  "value": " per inch. "
                }
              },
              {
                "type": "Emph",
                "data": {
                  "children": [
                    {
                      "value": "dpi"
                    }
                  ]
                }
              },
              {
                "type": "Words",
                "data": {
                  "value": " only sets the units and does not limit the resolution. Use None to return TeX's internal units."
                }
              }
            ],
            "inner": []
          }
        }
      ],
      "title": null
    },
    "Extended Summary": {
      "children": [],
      "title": null
    },
    "Parameters": {
      "children": [],
      "title": null
    },
    "Returns": {
      "children": [],
      "title": null
    },
    "Yields": {
      "children": [],
      "title": null
    },
    "Receives": {
      "children": [],
      "title": null
    },
    "Raises": {
      "children": [],
      "title": null
    },
    "Warns": {
      "children": [],
      "title": null
    },
    "Other Parameters": {
      "children": [],
      "title": null
    },
    "Attributes": {
      "children": [],
      "title": null
    },
    "Methods": {
      "children": [],
      "title": null
    },
    "Notes": {
      "children": [],
      "title": null
    },
    "Warnings": {
      "children": [],
      "title": null
    }
  },
  "refs": [],
  "ordered_sections": [
    "Summary",
    "Extended Summary"
  ],
  "item_file": "/Users/bussonniermatthias/miniconda3-intel/envs/papyri/lib/python3.9/site-packages/matplotlib/dviread.py",
  "item_line": 203,
  "item_type": "<class 'function'>",
  "aliases": [
    "matplotlib.dviread.Dvi.__init__"
  ],
  "example_section_data": {
    "children": [],
    "title": null
  },
  "see_also": [],
  "signature": "__init__(self, filename, dpi)",
  "references": null,
  "arbitrary": []
}