{
  "_content": {
    "Summary": {
      "children": [
        {
          "type": "Paragraph",
          "data": {
            "inline": [
              {
                "type": "Words",
                "data": {
                  "value": "Yield all finished futures at once rather than one-by-one"
                }
              }
            ],
            "inner": []
          }
        }
      ],
      "title": null
    },
    "Extended Summary": {
      "children": [
        {
          "type": "Paragraph",
          "data": {
            "inline": [
              {
                "type": "Words",
                "data": {
                  "value": "This returns an iterator of lists of futures or lists of (future, result) tuples rather than individual futures or individual (future, result) tuples.  It will yield these as soon as possible without waiting."
                }
              }
            ],
            "inner": []
          }
        }
      ],
      "title": null
    },
    "Parameters": {
      "children": [],
      "title": null
    },
    "Returns": {
      "children": [],
      "title": null
    },
    "Yields": {
      "children": [],
      "title": null
    },
    "Receives": {
      "children": [],
      "title": null
    },
    "Raises": {
      "children": [],
      "title": null
    },
    "Warns": {
      "children": [],
      "title": null
    },
    "Other Parameters": {
      "children": [],
      "title": null
    },
    "Attributes": {
      "children": [],
      "title": null
    },
    "Methods": {
      "children": [],
      "title": null
    },
    "Notes": {
      "children": [],
      "title": null
    },
    "Warnings": {
      "children": [],
      "title": null
    }
  },
  "refs": [],
  "ordered_sections": [
    "Summary",
    "Extended Summary",
    "Examples"
  ],
  "item_file": "/Users/bussonniermatthias/dev/distributed/distributed/client.py",
  "item_line": 4365,
  "item_type": "<class 'function'>",
  "aliases": [
    "distributed.as_completed.batches"
  ],
  "example_section_data": {
    "children": [
      {
        "type": "Code",
        "data": {
          "entries": [
            [
              "for",
              "",
              "k"
            ],
            [
              " ",
              "",
              ""
            ],
            [
              "batch",
              "",
              ""
            ],
            [
              " ",
              "",
              ""
            ],
            [
              "in",
              "",
              "ow"
            ],
            [
              " ",
              "",
              ""
            ],
            [
              "as_completed",
              "",
              ""
            ],
            [
              "(",
              "",
              ""
            ],
            [
              "futures",
              "",
              ""
            ],
            [
              ")",
              "",
              ""
            ],
            [
              ".",
              "",
              "o"
            ],
            [
              "batches",
              "",
              ""
            ],
            [
              "(",
              "",
              ""
            ],
            [
              ")",
              "",
              ""
            ],
            [
              ":",
              "",
              ""
            ],
            [
              "  ",
              "",
              ""
            ],
            [
              "# doctest: +SKIP",
              "",
              "c1"
            ],
            [
              "\n",
              "",
              ""
            ],
            [
              "    ",
              "",
              ""
            ],
            [
              "results",
              "",
              ""
            ],
            [
              " ",
              "",
              ""
            ],
            [
              "=",
              "",
              "o"
            ],
            [
              " ",
              "",
              ""
            ],
            [
              "client",
              "",
              ""
            ],
            [
              ".",
              "",
              "o"
            ],
            [
              "gather",
              "",
              ""
            ],
            [
              "(",
              "",
              ""
            ],
            [
              "batch",
              "",
              ""
            ],
            [
              ")",
              "",
              ""
            ],
            [
              "\n",
              "",
              ""
            ],
            [
              "    ",
              "",
              ""
            ],
            [
              "print",
              "",
              "nb"
            ],
            [
              "(",
              "",
              ""
            ],
            [
              "results",
              "",
              ""
            ],
            [
              ")",
              "",
              ""
            ]
          ],
          "out": "[4, 2]\n[1, 3, 7]\n[5]\n[6]",
          "ce_status": "compiled"
        }
      }
    ],
    "title": null
  },
  "see_also": [],
  "signature": "batches(self)",
  "references": null,
  "arbitrary": []
}