{
  "_content": {
    "Summary": {
      "children": [
        {
          "type": "Paragraph",
          "data": {
            "inline": [
              {
                "type": "Words",
                "data": {
                  "value": "Return name and spec for the next worker"
                }
              }
            ],
            "inner": []
          }
        }
      ],
      "title": null
    },
    "Extended Summary": {
      "children": [],
      "title": null
    },
    "Parameters": {
      "children": [],
      "title": null
    },
    "Returns": {
      "children": [
        {
          "type": "Param",
          "data": {
            "param": "",
            "type_": "d: dict mapping names to worker specs",
            "desc": []
          }
        }
      ],
      "title": null
    },
    "Yields": {
      "children": [],
      "title": null
    },
    "Receives": {
      "children": [],
      "title": null
    },
    "Raises": {
      "children": [],
      "title": null
    },
    "Warns": {
      "children": [],
      "title": null
    },
    "Other Parameters": {
      "children": [],
      "title": null
    },
    "Attributes": {
      "children": [],
      "title": null
    },
    "Methods": {
      "children": [],
      "title": null
    },
    "Notes": {
      "children": [],
      "title": null
    },
    "Warnings": {
      "children": [],
      "title": null
    }
  },
  "refs": [
    "scale"
  ],
  "ordered_sections": [
    "Summary",
    "Returns",
    "See Also"
  ],
  "item_file": "/Users/bussonniermatthias/dev/distributed/distributed/deploy/spec.py",
  "item_line": 498,
  "item_type": "<class 'function'>",
  "aliases": [
    "distributed.SpecCluster.new_worker_spec"
  ],
  "example_section_data": {
    "children": [],
    "title": null
  },
  "see_also": [
    {
      "name": {
        "name": "scale",
        "ref": null,
        "exists": null
      },
      "descriptions": [],
      "type": null
    }
  ],
  "signature": "new_worker_spec(self)",
  "references": null,
  "arbitrary": []
}