{
  "_content": {
    "Summary": {
      "children": [
        {
          "type": "Paragraph",
          "data": {
            "inline": [
              {
                "type": "Words",
                "data": {
                  "value": "Pull out Serialize objects from message"
                }
              }
            ],
            "inner": []
          }
        }
      ],
      "title": null
    },
    "Extended Summary": {
      "children": [
        {
          "type": "Paragraph",
          "data": {
            "inline": [
              {
                "type": "Words",
                "data": {
                  "value": "This also remove large bytestrings from the message into a second dictionary."
                }
              }
            ],
            "inner": []
          }
        }
      ],
      "title": null
    },
    "Parameters": {
      "children": [],
      "title": null
    },
    "Returns": {
      "children": [],
      "title": null
    },
    "Yields": {
      "children": [],
      "title": null
    },
    "Receives": {
      "children": [],
      "title": null
    },
    "Raises": {
      "children": [],
      "title": null
    },
    "Warns": {
      "children": [],
      "title": null
    },
    "Other Parameters": {
      "children": [],
      "title": null
    },
    "Attributes": {
      "children": [],
      "title": null
    },
    "Methods": {
      "children": [],
      "title": null
    },
    "Notes": {
      "children": [],
      "title": null
    },
    "Warnings": {
      "children": [],
      "title": null
    }
  },
  "refs": [],
  "ordered_sections": [
    "Summary",
    "Extended Summary",
    "Examples"
  ],
  "item_file": "/Users/bussonniermatthias/dev/distributed/distributed/protocol/serialize.py",
  "item_line": 434,
  "item_type": "<class 'function'>",
  "aliases": [
    "distributed.protocol.core.extract_serialize"
  ],
  "example_section_data": {
    "children": [
      {
        "type": "Code",
        "data": {
          "entries": [
            [
              "from",
              "",
              "kn"
            ],
            [
              " ",
              "",
              ""
            ],
            [
              "distributed",
              "",
              "nn"
            ],
            [
              ".",
              "",
              "nn"
            ],
            [
              "protocol",
              "",
              "nn"
            ],
            [
              " ",
              "",
              ""
            ],
            [
              "import",
              "",
              "kn"
            ],
            [
              " ",
              "",
              ""
            ],
            [
              "to_serialize",
              "",
              ""
            ],
            [
              "\n",
              "",
              ""
            ],
            [
              "\n",
              "",
              ""
            ],
            [
              "msg",
              "",
              ""
            ],
            [
              " ",
              "",
              ""
            ],
            [
              "=",
              "",
              "o"
            ],
            [
              " ",
              "",
              ""
            ],
            [
              "{",
              "",
              ""
            ],
            [
              "\"",
              "",
              "s2"
            ],
            [
              "op",
              "",
              "s2"
            ],
            [
              "\"",
              "",
              "s2"
            ],
            [
              ":",
              "",
              ""
            ],
            [
              " ",
              "",
              ""
            ],
            [
              "\"",
              "",
              "s2"
            ],
            [
              "update",
              "",
              "s2"
            ],
            [
              "\"",
              "",
              "s2"
            ],
            [
              ",",
              "",
              ""
            ],
            [
              " ",
              "",
              ""
            ],
            [
              "\"",
              "",
              "s2"
            ],
            [
              "data",
              "",
              "s2"
            ],
            [
              "\"",
              "",
              "s2"
            ],
            [
              ":",
              "",
              ""
            ],
            [
              " ",
              "",
              ""
            ],
            [
              "to_serialize",
              "",
              ""
            ],
            [
              "(",
              "",
              ""
            ],
            [
              "123",
              "",
              "mi"
            ],
            [
              ")",
              "",
              ""
            ],
            [
              "}",
              "",
              ""
            ],
            [
              "\n",
              "",
              ""
            ],
            [
              "extract_serialize",
              "",
              ""
            ],
            [
              "(",
              "",
              ""
            ],
            [
              "msg",
              "",
              ""
            ],
            [
              ")",
              "",
              ""
            ]
          ],
          "out": "({'op': 'update'}, {('data',): <Serialize: 123>}, set())",
          "ce_status": "compiled"
        }
      }
    ],
    "title": null
  },
  "see_also": [],
  "signature": "extract_serialize(x) -> tuple",
  "references": null,
  "arbitrary": []
}