{
  "_content": {
    "Summary": {
      "children": [
        {
          "type": "Paragraph",
          "data": {
            "inline": [
              {
                "type": "Words",
                "data": {
                  "value": "Return group values at the given quantile, a la numpy.percentile."
                }
              }
            ],
            "inner": []
          }
        }
      ],
      "title": null
    },
    "Extended Summary": {
      "children": [],
      "title": null
    },
    "Parameters": {
      "children": [
        {
          "type": "Param",
          "data": {
            "param": "q",
            "type_": "float or array-like, default 0.5 (50% quantile)",
            "desc": [
              {
                "type": "Paragraph",
                "data": {
                  "inline": [
                    {
                      "type": "Words",
                      "data": {
                        "value": "Value(s) between 0 and 1 providing the quantile(s) to compute."
                      }
                    }
                  ],
                  "inner": []
                }
              }
            ]
          }
        },
        {
          "type": "Param",
          "data": {
            "param": "interpolation",
            "type_": "{'linear', 'lower', 'higher', 'midpoint', 'nearest'}",
            "desc": [
              {
                "type": "Paragraph",
                "data": {
                  "inline": [
                    {
                      "type": "Words",
                      "data": {
                        "value": "Method to use when the desired quantile falls between two points."
                      }
                    }
                  ],
                  "inner": []
                }
              }
            ]
          }
        }
      ],
      "title": null
    },
    "Returns": {
      "children": [
        {
          "type": "Param",
          "data": {
            "param": "",
            "type_": "Series or DataFrame",
            "desc": [
              {
                "type": "Paragraph",
                "data": {
                  "inline": [
                    {
                      "type": "Words",
                      "data": {
                        "value": "Return type determined by caller of GroupBy object."
                      }
                    }
                  ],
                  "inner": []
                }
              }
            ]
          }
        }
      ],
      "title": null
    },
    "Yields": {
      "children": [],
      "title": null
    },
    "Receives": {
      "children": [],
      "title": null
    },
    "Raises": {
      "children": [],
      "title": null
    },
    "Warns": {
      "children": [],
      "title": null
    },
    "Other Parameters": {
      "children": [],
      "title": null
    },
    "Attributes": {
      "children": [],
      "title": null
    },
    "Methods": {
      "children": [],
      "title": null
    },
    "Notes": {
      "children": [],
      "title": null
    },
    "Warnings": {
      "children": [],
      "title": null
    }
  },
  "refs": [
    "DataFrame.quantile",
    "Series.quantile",
    "numpy.percentile"
  ],
  "ordered_sections": [
    "Summary",
    "Parameters",
    "Returns",
    "See Also",
    "Examples"
  ],
  "item_file": "/Users/bussonniermatthias/miniconda3-intel/envs/papyri/lib/python3.9/site-packages/pandas/core/groupby/groupby.py",
  "item_line": 2399,
  "item_type": "<class 'function'>",
  "aliases": [
    "pandas.core.groupby.GroupBy.quantile"
  ],
  "example_section_data": {
    "children": [
      {
        "type": "Code",
        "data": {
          "entries": [
            [
              "df",
              null,
              ""
            ],
            [
              " ",
              "",
              ""
            ],
            [
              "=",
              "",
              "o"
            ],
            [
              " ",
              "",
              ""
            ],
            [
              "pd",
              null,
              ""
            ],
            [
              ".",
              "",
              "o"
            ],
            [
              "DataFrame",
              null,
              ""
            ],
            [
              "(",
              "",
              ""
            ],
            [
              "[",
              "",
              ""
            ],
            [
              "\n",
              "",
              ""
            ],
            [
              "    ",
              "",
              ""
            ],
            [
              "[",
              "",
              ""
            ],
            [
              "'",
              "",
              "s1"
            ],
            [
              "a",
              null,
              "s1"
            ],
            [
              "'",
              "",
              "s1"
            ],
            [
              ",",
              "",
              ""
            ],
            [
              " ",
              "",
              ""
            ],
            [
              "1",
              "",
              "mi"
            ],
            [
              "]",
              "",
              ""
            ],
            [
              ",",
              "",
              ""
            ],
            [
              " ",
              "",
              ""
            ],
            [
              "[",
              "",
              ""
            ],
            [
              "'",
              "",
              "s1"
            ],
            [
              "a",
              null,
              "s1"
            ],
            [
              "'",
              "",
              "s1"
            ],
            [
              ",",
              "",
              ""
            ],
            [
              " ",
              "",
              ""
            ],
            [
              "2",
              "",
              "mi"
            ],
            [
              "]",
              "",
              ""
            ],
            [
              ",",
              "",
              ""
            ],
            [
              " ",
              "",
              ""
            ],
            [
              "[",
              "",
              ""
            ],
            [
              "'",
              "",
              "s1"
            ],
            [
              "a",
              null,
              "s1"
            ],
            [
              "'",
              "",
              "s1"
            ],
            [
              ",",
              "",
              ""
            ],
            [
              " ",
              "",
              ""
            ],
            [
              "3",
              "",
              "mi"
            ],
            [
              "]",
              "",
              ""
            ],
            [
              ",",
              "",
              ""
            ],
            [
              "\n",
              "",
              ""
            ],
            [
              "    ",
              "",
              ""
            ],
            [
              "[",
              "",
              ""
            ],
            [
              "'",
              "",
              "s1"
            ],
            [
              "b",
              null,
              "s1"
            ],
            [
              "'",
              "",
              "s1"
            ],
            [
              ",",
              "",
              ""
            ],
            [
              " ",
              "",
              ""
            ],
            [
              "1",
              "",
              "mi"
            ],
            [
              "]",
              "",
              ""
            ],
            [
              ",",
              "",
              ""
            ],
            [
              " ",
              "",
              ""
            ],
            [
              "[",
              "",
              ""
            ],
            [
              "'",
              "",
              "s1"
            ],
            [
              "b",
              null,
              "s1"
            ],
            [
              "'",
              "",
              "s1"
            ],
            [
              ",",
              "",
              ""
            ],
            [
              " ",
              "",
              ""
            ],
            [
              "3",
              "",
              "mi"
            ],
            [
              "]",
              "",
              ""
            ],
            [
              ",",
              "",
              ""
            ],
            [
              " ",
              "",
              ""
            ],
            [
              "[",
              "",
              ""
            ],
            [
              "'",
              "",
              "s1"
            ],
            [
              "b",
              null,
              "s1"
            ],
            [
              "'",
              "",
              "s1"
            ],
            [
              ",",
              "",
              ""
            ],
            [
              " ",
              "",
              ""
            ],
            [
              "5",
              "",
              "mi"
            ],
            [
              "]",
              "",
              ""
            ],
            [
              "\n",
              "",
              ""
            ],
            [
              "]",
              "",
              ""
            ],
            [
              ",",
              "",
              ""
            ],
            [
              " ",
              "",
              ""
            ],
            [
              "columns",
              null,
              ""
            ],
            [
              "=",
              "",
              "o"
            ],
            [
              "[",
              "",
              ""
            ],
            [
              "'",
              "",
              "s1"
            ],
            [
              "key",
              null,
              "s1"
            ],
            [
              "'",
              "",
              "s1"
            ],
            [
              ",",
              "",
              ""
            ],
            [
              " ",
              "",
              ""
            ],
            [
              "'",
              "",
              "s1"
            ],
            [
              "val",
              null,
              "s1"
            ],
            [
              "'",
              "",
              "s1"
            ],
            [
              "]",
              "",
              ""
            ],
            [
              ")",
              "",
              ""
            ],
            [
              "\n",
              "",
              ""
            ],
            [
              "df",
              null,
              ""
            ],
            [
              ".",
              "",
              "o"
            ],
            [
              "groupby",
              null,
              ""
            ],
            [
              "(",
              "",
              ""
            ],
            [
              "'",
              "",
              "s1"
            ],
            [
              "key",
              null,
              "s1"
            ],
            [
              "'",
              "",
              "s1"
            ],
            [
              ")",
              "",
              ""
            ],
            [
              ".",
              "",
              "o"
            ],
            [
              "quantile",
              null,
              ""
            ],
            [
              "(",
              "",
              ""
            ],
            [
              ")",
              "",
              ""
            ]
          ],
          "out": "    val\nkey\na    2.0\nb    3.0",
          "ce_status": "exception_in_exec"
        }
      }
    ],
    "title": null
  },
  "see_also": [
    {
      "name": {
        "name": "Series.quantile",
        "ref": null,
        "exists": null
      },
      "descriptions": [
        {
          "inline": [
            {
              "type": "Words",
              "data": {
                "value": "Similar method for Series."
              }
            }
          ],
          "inner": []
        }
      ],
      "type": null
    },
    {
      "name": {
        "name": "DataFrame.quantile",
        "ref": null,
        "exists": null
      },
      "descriptions": [
        {
          "inline": [
            {
              "type": "Words",
              "data": {
                "value": "Similar method for DataFrame."
              }
            }
          ],
          "inner": []
        }
      ],
      "type": null
    },
    {
      "name": {
        "name": "numpy.percentile",
        "ref": null,
        "exists": null
      },
      "descriptions": [
        {
          "inline": [
            {
              "type": "Words",
              "data": {
                "value": "NumPy method to compute qth percentile."
              }
            }
          ],
          "inner": []
        }
      ],
      "type": null
    }
  ],
  "signature": "quantile(self, q=0.5, interpolation: 'str' = 'linear')",
  "references": null,
  "arbitrary": []
}