{
  "_content": {
    "Summary": {
      "children": [
        {
          "type": "Paragraph",
          "data": {
            "inline": [
              {
                "type": "Words",
                "data": {
                  "value": "Extract raw XML data."
                }
              }
            ],
            "inner": []
          }
        }
      ],
      "title": null
    },
    "Extended Summary": {
      "children": [
        {
          "type": "DefList",
          "data": {
            "children": [
              {
                "lines": {
                  "_lines": []
                },
                "wh": {
                  "_lines": []
                },
                "ind": {
                  "_lines": []
                },
                "dt": {
                  "inline": [
                    {
                      "type": "Words",
                      "data": {
                        "value": "The method accepts three input types :"
                      }
                    }
                  ],
                  "inner": []
                },
                "dd": [
                  {
                    "type": "EnumeratedList",
                    "data": {
                      "value": [
                        {
                          "type": "Paragraph",
                          "data": {
                            "inline": [
                              {
                                "type": "Words",
                                "data": {
                                  "value": "filepath ( string - like)"
                                }
                              }
                            ],
                            "inner": []
                          }
                        },
                        {
                          "type": "Paragraph",
                          "data": {
                            "inline": [
                              {
                                "type": "Words",
                                "data": {
                                  "value": "file - like object ( e.g. open file object, StringIO)"
                                }
                              }
                            ],
                            "inner": []
                          }
                        },
                        {
                          "type": "Paragraph",
                          "data": {
                            "inline": [
                              {
                                "type": "Words",
                                "data": {
                                  "value": "XML string or bytes"
                                }
                              }
                            ],
                            "inner": []
                          }
                        }
                      ]
                    }
                  }
                ]
              }
            ]
          }
        },
        {
          "type": "Paragraph",
          "data": {
            "inline": [
              {
                "type": "Words",
                "data": {
                  "value": "This method turns ( 1) into ( 2) to simplify the rest of the processing. It returns input types ( 2) and ( 3) unchanged."
                }
              }
            ],
            "inner": []
          }
        }
      ],
      "title": null
    },
    "Parameters": {
      "children": [],
      "title": null
    },
    "Returns": {
      "children": [],
      "title": null
    },
    "Yields": {
      "children": [],
      "title": null
    },
    "Receives": {
      "children": [],
      "title": null
    },
    "Raises": {
      "children": [],
      "title": null
    },
    "Warns": {
      "children": [],
      "title": null
    },
    "Other Parameters": {
      "children": [],
      "title": null
    },
    "Attributes": {
      "children": [],
      "title": null
    },
    "Methods": {
      "children": [],
      "title": null
    },
    "Notes": {
      "children": [],
      "title": null
    },
    "Warnings": {
      "children": [],
      "title": null
    }
  },
  "refs": [],
  "ordered_sections": [
    "Summary",
    "Extended Summary"
  ],
  "item_file": "/Users/bussonniermatthias/miniconda3-intel/envs/papyri/lib/python3.9/site-packages/pandas/io/xml.py",
  "item_line": 577,
  "item_type": "<class 'function'>",
  "aliases": [
    "pandas.io.xml.get_data_from_filepath"
  ],
  "example_section_data": {
    "children": [],
    "title": null
  },
  "see_also": [],
  "signature": "get_data_from_filepath(filepath_or_buffer, encoding, compression, storage_options) -> 'str | bytes | Buffer'",
  "references": null,
  "arbitrary": []
}