{
  "_content": {
    "Summary": {
      "children": [
        {
          "type": "Paragraph",
          "data": {
            "inline": [
              {
                "type": "Words",
                "data": {
                  "value": "Compute join_index and indexers to conform data structures to the new index."
                }
              }
            ],
            "inner": []
          }
        }
      ],
      "title": null
    },
    "Extended Summary": {
      "children": [],
      "title": null
    },
    "Parameters": {
      "children": [
        {
          "type": "Param",
          "data": {
            "param": "other",
            "type_": "Index",
            "desc": []
          }
        },
        {
          "type": "Param",
          "data": {
            "param": "how",
            "type_": "{'left', 'right', 'inner', 'outer'}",
            "desc": []
          }
        },
        {
          "type": "Param",
          "data": {
            "param": "level",
            "type_": "int or level name, default None",
            "desc": []
          }
        },
        {
          "type": "Param",
          "data": {
            "param": "return_indexers",
            "type_": "bool, default False",
            "desc": []
          }
        },
        {
          "type": "Param",
          "data": {
            "param": "sort",
            "type_": "bool, default False",
            "desc": [
              {
                "type": "Paragraph",
                "data": {
                  "inline": [
                    {
                      "type": "Words",
                      "data": {
                        "value": "Sort the join keys lexicographically in the result Index. If False, the order of the join keys depends on the join type (how keyword)."
                      }
                    }
                  ],
                  "inner": []
                }
              }
            ]
          }
        }
      ],
      "title": null
    },
    "Returns": {
      "children": [
        {
          "type": "Param",
          "data": {
            "param": "",
            "type_": "join_index, (left_indexer, right_indexer)",
            "desc": []
          }
        }
      ],
      "title": null
    },
    "Yields": {
      "children": [],
      "title": null
    },
    "Receives": {
      "children": [],
      "title": null
    },
    "Raises": {
      "children": [],
      "title": null
    },
    "Warns": {
      "children": [],
      "title": null
    },
    "Other Parameters": {
      "children": [],
      "title": null
    },
    "Attributes": {
      "children": [],
      "title": null
    },
    "Methods": {
      "children": [],
      "title": null
    },
    "Notes": {
      "children": [],
      "title": null
    },
    "Warnings": {
      "children": [],
      "title": null
    }
  },
  "refs": [],
  "ordered_sections": [
    "Summary",
    "Parameters",
    "Returns"
  ],
  "item_file": "/Users/bussonniermatthias/miniconda3-intel/envs/papyri/lib/python3.9/site-packages/pandas/core/indexes/base.py",
  "item_line": 3918,
  "item_type": "<class 'function'>",
  "aliases": [
    "pandas.Index.join"
  ],
  "example_section_data": {
    "children": [],
    "title": null
  },
  "see_also": [],
  "signature": "join(self, other, how: 'str_t' = 'left', level=None, return_indexers: 'bool' = False, sort: 'bool' = False)",
  "references": null,
  "arbitrary": []
}