{
  "_content": {
    "Summary": {
      "children": [],
      "title": null
    },
    "Extended Summary": {
      "children": [],
      "title": null
    },
    "Parameters": {
      "children": [
        {
          "type": "Param",
          "data": {
            "param": "obj",
            "type_": "Series",
            "desc": []
          }
        },
        {
          "type": "Param",
          "data": {
            "param": "func",
            "type_": "function taking a Series and returning a scalar-like",
            "desc": []
          }
        },
        {
          "type": "Param",
          "data": {
            "param": "preserve_dtype",
            "type_": "bool",
            "desc": [
              {
                "type": "Paragraph",
                "data": {
                  "inline": [
                    {
                      "type": "Words",
                      "data": {
                        "value": "Whether the aggregation is known to be dtype-preserving."
                      }
                    }
                  ],
                  "inner": []
                }
              }
            ]
          }
        }
      ],
      "title": null
    },
    "Returns": {
      "children": [
        {
          "type": "Param",
          "data": {
            "param": "",
            "type_": "np.ndarray or ExtensionArray",
            "desc": []
          }
        }
      ],
      "title": null
    },
    "Yields": {
      "children": [],
      "title": null
    },
    "Receives": {
      "children": [],
      "title": null
    },
    "Raises": {
      "children": [],
      "title": null
    },
    "Warns": {
      "children": [],
      "title": null
    },
    "Other Parameters": {
      "children": [],
      "title": null
    },
    "Attributes": {
      "children": [],
      "title": null
    },
    "Methods": {
      "children": [],
      "title": null
    },
    "Notes": {
      "children": [],
      "title": null
    },
    "Warnings": {
      "children": [],
      "title": null
    }
  },
  "refs": [],
  "ordered_sections": [
    "Parameters",
    "Returns"
  ],
  "item_file": "/Users/bussonniermatthias/miniconda3-intel/envs/papyri/lib/python3.9/site-packages/pandas/core/groupby/ops.py",
  "item_line": 1008,
  "item_type": "<class 'function'>",
  "aliases": [
    "pandas.core.groupby.ops.BaseGrouper.agg_series"
  ],
  "example_section_data": {
    "children": [],
    "title": null
  },
  "see_also": [],
  "signature": "agg_series(self, obj: 'Series', func: 'F', preserve_dtype: 'bool' = False) -> 'ArrayLike'",
  "references": null,
  "arbitrary": []
}