{
  "_content": {
    "Attributes": {
      "children": [],
      "title": null
    },
    "Extended Summary": {
      "children": [],
      "title": null
    },
    "Methods": {
      "children": [],
      "title": null
    },
    "Notes": {
      "children": [],
      "title": null
    },
    "Other Parameters": {
      "children": [],
      "title": null
    },
    "Parameters": {
      "children": [
        {
          "data": {
            "desc": [],
            "param": "arr",
            "type_": "ndarray"
          },
          "type": "Param"
        },
        {
          "data": {
            "desc": [],
            "param": "kind",
            "type_": "{'block', 'integer'}"
          },
          "type": "Param"
        },
        {
          "data": {
            "desc": [],
            "param": "fill_value",
            "type_": "NaN or another value"
          },
          "type": "Param"
        },
        {
          "data": {
            "desc": [],
            "param": "dtype",
            "type_": "np.dtype, optional"
          },
          "type": "Param"
        },
        {
          "data": {
            "desc": [],
            "param": "copy",
            "type_": "bool, default False"
          },
          "type": "Param"
        }
      ],
      "title": null
    },
    "Raises": {
      "children": [],
      "title": null
    },
    "Receives": {
      "children": [],
      "title": null
    },
    "Returns": {
      "children": [
        {
          "data": {
            "desc": [],
            "param": "(sparse_values, index, fill_value)",
            "type_": "(ndarray, SparseIndex, Scalar)"
          },
          "type": "Param"
        }
      ],
      "title": null
    },
    "Summary": {
      "children": [
        {
          "data": {
            "inline": [
              {
                "data": {
                  "value": "Convert ndarray to sparse format"
                },
                "type": "Words"
              }
            ],
            "inner": []
          },
          "type": "Paragraph"
        }
      ],
      "title": null
    },
    "Warnings": {
      "children": [],
      "title": null
    },
    "Warns": {
      "children": [],
      "title": null
    },
    "Yields": {
      "children": [],
      "title": null
    }
  },
  "aliases": [
    "pandas.core.arrays.sparse.array.make_sparse"
  ],
  "arbitrary": [],
  "example_section_data": {
    "children": [],
    "title": null
  },
  "item_file": "/pandas/core/arrays/sparse/array.py",
  "item_line": 1564,
  "item_type": "<class 'function'>",
  "ordered_sections": [
    "Summary",
    "Parameters",
    "Returns"
  ],
  "references": null,
  "refs": [],
  "see_also": [],
  "signature": "make_sparse(arr: 'np.ndarray', kind='block', fill_value=None, dtype: 'NpDtype | None' = None)"
}