{
  "_content": {
    "Attributes": {
      "children": [],
      "title": null
    },
    "Extended Summary": {
      "children": [],
      "title": null
    },
    "Methods": {
      "children": [],
      "title": null
    },
    "Notes": {
      "children": [],
      "title": null
    },
    "Other Parameters": {
      "children": [],
      "title": null
    },
    "Parameters": {
      "children": [],
      "title": null
    },
    "Raises": {
      "children": [],
      "title": null
    },
    "Receives": {
      "children": [],
      "title": null
    },
    "Returns": {
      "children": [],
      "title": null
    },
    "Summary": {
      "children": [
        {
          "data": {
            "children": [
              {
                "dd": [
                  {
                    "data": {
                      "inline": [
                        {
                          "data": {
                            "value": "Series     Index     ExtensionArray"
                          },
                          "type": "Words"
                        }
                      ],
                      "inner": []
                    },
                    "type": "Paragraph"
                  }
                ],
                "dt": {
                  "inline": [
                    {
                      "data": {
                        "value": "Methods that can be shared by many array-like classes or subclasses:"
                      },
                      "type": "Words"
                    }
                  ],
                  "inner": []
                },
                "ind": {
                  "_lines": []
                },
                "lines": {
                  "_lines": []
                },
                "wh": {
                  "_lines": []
                }
              }
            ]
          },
          "type": "DefList"
        }
      ],
      "title": null
    },
    "Warnings": {
      "children": [],
      "title": null
    },
    "Warns": {
      "children": [],
      "title": null
    },
    "Yields": {
      "children": [],
      "title": null
    }
  },
  "aliases": [
    "pandas.core.arraylike"
  ],
  "arbitrary": [
    {
      "children": [
        {
          "data": {
            "children": [
              {
                "dd": [
                  {
                    "data": {
                      "inline": [
                        {
                          "data": {
                            "value": "Series     Index     ExtensionArray"
                          },
                          "type": "Words"
                        }
                      ],
                      "inner": []
                    },
                    "type": "Paragraph"
                  }
                ],
                "dt": {
                  "inline": [
                    {
                      "data": {
                        "value": "Methods that can be shared by many array-like classes or subclasses:"
                      },
                      "type": "Words"
                    }
                  ],
                  "inner": []
                },
                "ind": {
                  "_lines": []
                },
                "lines": {
                  "_lines": []
                },
                "wh": {
                  "_lines": []
                }
              }
            ]
          },
          "type": "DefList"
        }
      ],
      "title": null
    }
  ],
  "example_section_data": {
    "children": [],
    "title": null
  },
  "item_file": "/pandas/core/arraylike.py",
  "item_line": 0,
  "item_type": "<class 'module'>",
  "ordered_sections": [
    "Summary",
    "Extended Summary"
  ],
  "references": null,
  "refs": [],
  "see_also": [],
  "signature": null
}