{
  "_content": {
    "Summary": {
      "children": [
        {
          "type": "Paragraph",
          "data": {
            "inline": [
              {
                "type": "Words",
                "data": {
                  "value": "Shift values by desired number."
                }
              }
            ],
            "inner": []
          }
        }
      ],
      "title": null
    },
    "Extended Summary": {
      "children": [
        {
          "type": "Paragraph",
          "data": {
            "inline": [
              {
                "type": "Words",
                "data": {
                  "value": "Newly introduced missing values are filled with "
                }
              },
              {
                "type": "Verbatim",
                "data": {
                  "value": [
                    "self.dtype.na_value"
                  ]
                }
              },
              {
                "type": "Words",
                "data": {
                  "value": " ."
                }
              }
            ],
            "inner": []
          }
        }
      ],
      "title": null
    },
    "Parameters": {
      "children": [
        {
          "type": "Param",
          "data": {
            "param": "periods",
            "type_": "int, default 1",
            "desc": [
              {
                "type": "Paragraph",
                "data": {
                  "inline": [
                    {
                      "type": "Words",
                      "data": {
                        "value": "The number of periods to shift. Negative values are allowed for shifting backwards."
                      }
                    }
                  ],
                  "inner": []
                }
              }
            ]
          }
        },
        {
          "type": "Param",
          "data": {
            "param": "fill_value",
            "type_": "object, optional",
            "desc": [
              {
                "type": "Paragraph",
                "data": {
                  "inline": [
                    {
                      "type": "Words",
                      "data": {
                        "value": "The scalar value to use for newly introduced missing values. The default is "
                      }
                    },
                    {
                      "type": "Verbatim",
                      "data": {
                        "value": [
                          "self.dtype.na",
                          "_",
                          "value"
                        ]
                      }
                    },
                    {
                      "type": "Words",
                      "data": {
                        "value": "."
                      }
                    }
                  ],
                  "inner": []
                }
              }
            ]
          }
        }
      ],
      "title": null
    },
    "Returns": {
      "children": [
        {
          "type": "Param",
          "data": {
            "param": "",
            "type_": "ExtensionArray",
            "desc": [
              {
                "type": "Paragraph",
                "data": {
                  "inline": [
                    {
                      "type": "Words",
                      "data": {
                        "value": "Shifted."
                      }
                    }
                  ],
                  "inner": []
                }
              }
            ]
          }
        }
      ],
      "title": null
    },
    "Yields": {
      "children": [],
      "title": null
    },
    "Receives": {
      "children": [],
      "title": null
    },
    "Raises": {
      "children": [],
      "title": null
    },
    "Warns": {
      "children": [],
      "title": null
    },
    "Other Parameters": {
      "children": [],
      "title": null
    },
    "Attributes": {
      "children": [],
      "title": null
    },
    "Methods": {
      "children": [],
      "title": null
    },
    "Notes": {
      "children": [
        {
          "type": "Paragraph",
          "data": {
            "inline": [
              {
                "type": "Words",
                "data": {
                  "value": "If "
                }
              },
              {
                "type": "Verbatim",
                "data": {
                  "value": [
                    "self"
                  ]
                }
              },
              {
                "type": "Words",
                "data": {
                  "value": " is empty or "
                }
              },
              {
                "type": "Verbatim",
                "data": {
                  "value": [
                    "periods"
                  ]
                }
              },
              {
                "type": "Words",
                "data": {
                  "value": " is 0, a copy of "
                }
              },
              {
                "type": "Verbatim",
                "data": {
                  "value": [
                    "self"
                  ]
                }
              },
              {
                "type": "Words",
                "data": {
                  "value": " is returned."
                }
              }
            ],
            "inner": []
          }
        },
        {
          "type": "Paragraph",
          "data": {
            "inline": [
              {
                "type": "Words",
                "data": {
                  "value": "If "
                }
              },
              {
                "type": "Verbatim",
                "data": {
                  "value": [
                    "periods > len(self)"
                  ]
                }
              },
              {
                "type": "Words",
                "data": {
                  "value": " , then an array of size len ( self) is returned, with all values filled with "
                }
              },
              {
                "type": "Verbatim",
                "data": {
                  "value": [
                    "self.dtype.na_value"
                  ]
                }
              },
              {
                "type": "Words",
                "data": {
                  "value": " ."
                }
              }
            ],
            "inner": []
          }
        }
      ],
      "title": null
    },
    "Warnings": {
      "children": [],
      "title": null
    }
  },
  "refs": [],
  "ordered_sections": [
    "Summary",
    "Extended Summary",
    "Parameters",
    "Returns",
    "Notes"
  ],
  "item_file": "/Users/bussonniermatthias/miniconda3-intel/envs/papyri/lib/python3.9/site-packages/pandas/core/arrays/_mixins.py",
  "item_line": 167,
  "item_type": "<class 'function'>",
  "aliases": [
    "pandas.core.arrays._mixins.NDArrayBackedExtensionArray.shift"
  ],
  "example_section_data": {
    "children": [],
    "title": null
  },
  "see_also": [],
  "signature": "shift(self, periods=1, fill_value=None, axis=0)",
  "references": null,
  "arbitrary": []
}