{
  "_content": {
    "Summary": {
      "children": [
        {
          "type": "Paragraph",
          "data": {
            "inline": [
              {
                "type": "Words",
                "data": {
                  "value": "Compare to another Series/ DataFrame and show the differences."
                }
              }
            ],
            "inner": []
          }
        }
      ],
      "title": null
    },
    "Extended Summary": {
      "children": [
        {
          "type": "BlockDirective",
          "data": {
            "lines": {
              "_lines": []
            },
            "wh": {
              "_lines": []
            },
            "ind": {
              "_lines": []
            },
            "directive_name": "versionadded",
            "args0": [],
            "inner": {
              "inline": [
                {
                  "type": "Words",
                  "data": {
                    "value": "1.1.0 "
                  }
                }
              ],
              "inner": []
            }
          }
        }
      ],
      "title": null
    },
    "Parameters": {
      "children": [
        {
          "type": "Param",
          "data": {
            "param": "other",
            "type_": "Series/DataFrame",
            "desc": [
              {
                "type": "Paragraph",
                "data": {
                  "inline": [
                    {
                      "type": "Words",
                      "data": {
                        "value": "Object to compare with."
                      }
                    }
                  ],
                  "inner": []
                }
              }
            ]
          }
        },
        {
          "type": "Param",
          "data": {
            "param": "align_axis",
            "type_": "{0 or 'index', 1 or 'columns'}, default 1",
            "desc": [
              {
                "type": "Paragraph",
                "data": {
                  "inline": [
                    {
                      "type": "Words",
                      "data": {
                        "value": "Determine which axis to align the comparison on."
                      }
                    }
                  ],
                  "inner": []
                }
              },
              {
                "type": "DefList",
                "data": {
                  "children": [
                    {
                      "lines": {
                        "_lines": [
                          {
                            "_line": "* 0, or 'index' : Resulting differences are stacked vertically",
                            "_number": 2,
                            "_offset": 0
                          }
                        ]
                      },
                      "wh": {
                        "_lines": []
                      },
                      "ind": {
                        "_lines": [
                          {
                            "_line": "    with rows drawn alternately from self and other.",
                            "_number": 3,
                            "_offset": 4
                          }
                        ]
                      },
                      "dt": {
                        "inline": [
                          {
                            "type": "Words",
                            "data": {
                              "value": "* 0, or 'index' : Resulting differences are stacked vertically"
                            }
                          }
                        ],
                        "inner": []
                      },
                      "dd": [
                        {
                          "type": "Paragraph",
                          "data": {
                            "inline": [
                              {
                                "type": "Words",
                                "data": {
                                  "value": "with rows drawn alternately from self and other."
                                }
                              }
                            ],
                            "inner": []
                          }
                        }
                      ]
                    },
                    {
                      "lines": {
                        "_lines": [
                          {
                            "_line": "* 1, or 'columns' : Resulting differences are aligned horizontally",
                            "_number": 4,
                            "_offset": 0
                          }
                        ]
                      },
                      "wh": {
                        "_lines": []
                      },
                      "ind": {
                        "_lines": [
                          {
                            "_line": "    with columns drawn alternately from self and other.",
                            "_number": 5,
                            "_offset": 4
                          }
                        ]
                      },
                      "dt": {
                        "inline": [
                          {
                            "type": "Words",
                            "data": {
                              "value": "* 1, or 'columns' : Resulting differences are aligned horizontally"
                            }
                          }
                        ],
                        "inner": []
                      },
                      "dd": [
                        {
                          "type": "Paragraph",
                          "data": {
                            "inline": [
                              {
                                "type": "Words",
                                "data": {
                                  "value": "with columns drawn alternately from self and other."
                                }
                              }
                            ],
                            "inner": []
                          }
                        }
                      ]
                    }
                  ]
                }
              }
            ]
          }
        },
        {
          "type": "Param",
          "data": {
            "param": "keep_shape",
            "type_": "bool, default False",
            "desc": [
              {
                "type": "Paragraph",
                "data": {
                  "inline": [
                    {
                      "type": "Words",
                      "data": {
                        "value": "If true, all rows and columns are kept. Otherwise, only the ones with different values are kept."
                      }
                    }
                  ],
                  "inner": []
                }
              }
            ]
          }
        },
        {
          "type": "Param",
          "data": {
            "param": "keep_equal",
            "type_": "bool, default False",
            "desc": [
              {
                "type": "Paragraph",
                "data": {
                  "inline": [
                    {
                      "type": "Words",
                      "data": {
                        "value": "If true, the result keeps values that are equal. Otherwise, equal values are shown as NaNs."
                      }
                    }
                  ],
                  "inner": []
                }
              }
            ]
          }
        }
      ],
      "title": null
    },
    "Returns": {
      "children": [],
      "title": null
    },
    "Yields": {
      "children": [],
      "title": null
    },
    "Receives": {
      "children": [],
      "title": null
    },
    "Raises": {
      "children": [],
      "title": null
    },
    "Warns": {
      "children": [],
      "title": null
    },
    "Other Parameters": {
      "children": [],
      "title": null
    },
    "Attributes": {
      "children": [],
      "title": null
    },
    "Methods": {
      "children": [],
      "title": null
    },
    "Notes": {
      "children": [],
      "title": null
    },
    "Warnings": {
      "children": [],
      "title": null
    }
  },
  "refs": [],
  "ordered_sections": [
    "Summary",
    "Extended Summary",
    "Parameters"
  ],
  "item_file": "/Users/bussonniermatthias/miniconda3-intel/envs/papyri/lib/python3.9/site-packages/pandas/core/generic.py",
  "item_line": 8408,
  "item_type": "<class 'function'>",
  "aliases": [
    "pandas.core.frame.NDFrame.compare"
  ],
  "example_section_data": {
    "children": [],
    "title": null
  },
  "see_also": [],
  "signature": "compare(self, other, align_axis: 'Axis' = 1, keep_shape: 'bool_t' = False, keep_equal: 'bool_t' = False)",
  "references": null,
  "arbitrary": []
}