{
  "_content": {
    "Summary": {
      "children": [
        {
          "type": "Paragraph",
          "data": {
            "inline": [
              {
                "type": "Words",
                "data": {
                  "value": "Provide expanding transformations."
                }
              }
            ],
            "inner": []
          }
        }
      ],
      "title": null
    },
    "Extended Summary": {
      "children": [],
      "title": null
    },
    "Parameters": {
      "children": [
        {
          "type": "Param",
          "data": {
            "param": "min_periods",
            "type_": "int, default 1",
            "desc": [
              {
                "type": "Paragraph",
                "data": {
                  "inline": [
                    {
                      "type": "Words",
                      "data": {
                        "value": "Minimum number of observations in window required to have a value (otherwise result is NA)."
                      }
                    }
                  ],
                  "inner": []
                }
              }
            ]
          }
        },
        {
          "type": "Param",
          "data": {
            "param": "center",
            "type_": "bool, default False",
            "desc": [
              {
                "type": "Paragraph",
                "data": {
                  "inline": [
                    {
                      "type": "Words",
                      "data": {
                        "value": "Set the labels at the center of the window."
                      }
                    }
                  ],
                  "inner": []
                }
              }
            ]
          }
        },
        {
          "type": "Param",
          "data": {
            "param": "axis",
            "type_": "int or str, default 0",
            "desc": []
          }
        },
        {
          "type": "Param",
          "data": {
            "param": "method",
            "type_": "str {'single', 'table'}, default 'single'",
            "desc": [
              {
                "type": "Paragraph",
                "data": {
                  "inline": [
                    {
                      "type": "Words",
                      "data": {
                        "value": "Execute the rolling operation per single column or row ("
                      }
                    },
                    {
                      "type": "Verbatim",
                      "data": {
                        "value": [
                          "'single'"
                        ]
                      }
                    },
                    {
                      "type": "Words",
                      "data": {
                        "value": ") or over the entire object ("
                      }
                    },
                    {
                      "type": "Verbatim",
                      "data": {
                        "value": [
                          "'table'"
                        ]
                      }
                    },
                    {
                      "type": "Words",
                      "data": {
                        "value": ")."
                      }
                    }
                  ],
                  "inner": []
                }
              },
              {
                "type": "Paragraph",
                "data": {
                  "inline": [
                    {
                      "type": "Words",
                      "data": {
                        "value": "This argument is only implemented when specifying "
                      }
                    },
                    {
                      "type": "Verbatim",
                      "data": {
                        "value": [
                          "engine='numba'"
                        ]
                      }
                    },
                    {
                      "type": "Words",
                      "data": {
                        "value": " in the method call."
                      }
                    }
                  ],
                  "inner": []
                }
              },
              {
                "type": "BlockDirective",
                "data": {
                  "lines": {
                    "_lines": [
                      {
                        "_line": ".. versionadded:: 1.3.0",
                        "_number": 6,
                        "_offset": 0
                      }
                    ]
                  },
                  "wh": {
                    "_lines": []
                  },
                  "ind": {
                    "_lines": []
                  },
                  "directive_name": "versionadded",
                  "args0": [
                    " 1.3.0"
                  ],
                  "inner": null
                }
              }
            ]
          }
        }
      ],
      "title": null
    },
    "Returns": {
      "children": [
        {
          "type": "Param",
          "data": {
            "param": "",
            "type_": "a Window sub-classed for the particular operation",
            "desc": []
          }
        }
      ],
      "title": null
    },
    "Yields": {
      "children": [],
      "title": null
    },
    "Receives": {
      "children": [],
      "title": null
    },
    "Raises": {
      "children": [],
      "title": null
    },
    "Warns": {
      "children": [],
      "title": null
    },
    "Other Parameters": {
      "children": [],
      "title": null
    },
    "Attributes": {
      "children": [],
      "title": null
    },
    "Methods": {
      "children": [],
      "title": null
    },
    "Notes": {
      "children": [
        {
          "type": "Paragraph",
          "data": {
            "inline": [
              {
                "type": "Words",
                "data": {
                  "value": "By default, the result is set to the right edge of the window. This can be changed to the center of the window by setting "
                }
              },
              {
                "type": "Verbatim",
                "data": {
                  "value": [
                    "center=True"
                  ]
                }
              },
              {
                "type": "Words",
                "data": {
                  "value": " ."
                }
              }
            ],
            "inner": []
          }
        }
      ],
      "title": null
    },
    "Warnings": {
      "children": [],
      "title": null
    }
  },
  "refs": [
    "builtins.float",
    "ewm",
    "numpy",
    "rolling"
  ],
  "ordered_sections": [
    "Summary",
    "Parameters",
    "Returns",
    "See Also",
    "Notes",
    "Examples"
  ],
  "item_file": "/Users/bussonniermatthias/miniconda3-intel/envs/papyri/lib/python3.9/site-packages/pandas/core/generic.py",
  "item_line": 10880,
  "item_type": "<class 'function'>",
  "aliases": [
    "pandas.core.frame.NDFrame.expanding"
  ],
  "example_section_data": {
    "children": [
      {
        "type": "Code",
        "data": {
          "entries": [
            [
              "df",
              null,
              ""
            ],
            [
              " ",
              "",
              ""
            ],
            [
              "=",
              "",
              "o"
            ],
            [
              " ",
              "",
              ""
            ],
            [
              "pd",
              null,
              ""
            ],
            [
              ".",
              "",
              "o"
            ],
            [
              "DataFrame",
              null,
              ""
            ],
            [
              "(",
              "",
              ""
            ],
            [
              "{",
              "",
              ""
            ],
            [
              "\"",
              "",
              "s2"
            ],
            [
              "B",
              null,
              "s2"
            ],
            [
              "\"",
              "",
              "s2"
            ],
            [
              ":",
              "",
              ""
            ],
            [
              " ",
              "",
              ""
            ],
            [
              "[",
              "",
              ""
            ],
            [
              "0",
              "",
              "mi"
            ],
            [
              ",",
              "",
              ""
            ],
            [
              " ",
              "",
              ""
            ],
            [
              "1",
              "",
              "mi"
            ],
            [
              ",",
              "",
              ""
            ],
            [
              " ",
              "",
              ""
            ],
            [
              "2",
              "",
              "mi"
            ],
            [
              ",",
              "",
              ""
            ],
            [
              " ",
              "",
              ""
            ],
            [
              "np",
              "numpy",
              ""
            ],
            [
              ".",
              "",
              "o"
            ],
            [
              "nan",
              "builtins.float",
              ""
            ],
            [
              ",",
              "",
              ""
            ],
            [
              " ",
              "",
              ""
            ],
            [
              "4",
              "",
              "mi"
            ],
            [
              "]",
              "",
              ""
            ],
            [
              "}",
              "",
              ""
            ],
            [
              ")",
              "",
              ""
            ],
            [
              "\n",
              "",
              ""
            ],
            [
              "df",
              null,
              ""
            ]
          ],
          "out": "     B\n0  0.0\n1  1.0\n2  2.0\n3  NaN\n4  4.0",
          "ce_status": "exception_in_exec"
        }
      },
      {
        "type": "Code",
        "data": {
          "entries": [
            [
              "df",
              null,
              ""
            ],
            [
              ".",
              "",
              "o"
            ],
            [
              "expanding",
              null,
              ""
            ],
            [
              "(",
              "",
              ""
            ],
            [
              "2",
              "",
              "mi"
            ],
            [
              ")",
              "",
              ""
            ],
            [
              ".",
              "",
              "o"
            ],
            [
              "sum",
              null,
              ""
            ],
            [
              "(",
              "",
              ""
            ],
            [
              ")",
              "",
              ""
            ]
          ],
          "out": "     B\n0  NaN\n1  1.0\n2  3.0\n3  3.0\n4  7.0",
          "ce_status": "exception_in_exec"
        }
      }
    ],
    "title": null
  },
  "see_also": [
    {
      "name": {
        "name": "rolling",
        "ref": null,
        "exists": null
      },
      "descriptions": [
        {
          "inline": [
            {
              "type": "Words",
              "data": {
                "value": "Provides rolling window calculations."
              }
            }
          ],
          "inner": []
        }
      ],
      "type": null
    },
    {
      "name": {
        "name": "ewm",
        "ref": null,
        "exists": null
      },
      "descriptions": [
        {
          "inline": [
            {
              "type": "Words",
              "data": {
                "value": "Provides exponential weighted functions."
              }
            }
          ],
          "inner": []
        }
      ],
      "type": null
    }
  ],
  "signature": "expanding(self, min_periods: 'int' = 1, center: 'bool_t | None' = None, axis: 'Axis' = 0, method: 'str' = 'single') -> 'Expanding'",
  "references": null,
  "arbitrary": []
}