{
  "_content": {
    "Attributes": {
      "children": [],
      "title": null
    },
    "Extended Summary": {
      "children": [],
      "title": null
    },
    "Methods": {
      "children": [],
      "title": null
    },
    "Notes": {
      "children": [],
      "title": null
    },
    "Other Parameters": {
      "children": [],
      "title": null
    },
    "Parameters": {
      "children": [],
      "title": null
    },
    "Raises": {
      "children": [],
      "title": null
    },
    "Receives": {
      "children": [],
      "title": null
    },
    "Returns": {
      "children": [],
      "title": null
    },
    "Summary": {
      "children": [
        {
          "data": {
            "inline": [
              {
                "data": {
                  "value": "Creates window boundaries for fixed-length windows that include the current row."
                },
                "type": "Words"
              }
            ],
            "inner": []
          },
          "type": "Paragraph"
        }
      ],
      "title": null
    },
    "Warnings": {
      "children": [],
      "title": null
    },
    "Warns": {
      "children": [],
      "title": null
    },
    "Yields": {
      "children": [],
      "title": null
    }
  },
  "aliases": [
    "pandas.api.indexers.FixedForwardWindowIndexer"
  ],
  "arbitrary": [],
  "example_section_data": {
    "children": [
      {
        "data": {
          "ce_status": "exception_in_exec",
          "entries": [
            [
              "df",
              null,
              ""
            ],
            [
              " ",
              "",
              ""
            ],
            [
              "=",
              "",
              "o"
            ],
            [
              " ",
              "",
              ""
            ],
            [
              "pd",
              null,
              ""
            ],
            [
              ".",
              "",
              "o"
            ],
            [
              "DataFrame",
              null,
              ""
            ],
            [
              "(",
              "",
              ""
            ],
            [
              "{",
              "",
              ""
            ],
            [
              "'",
              "",
              "s1"
            ],
            [
              "B",
              null,
              "s1"
            ],
            [
              "'",
              "",
              "s1"
            ],
            [
              ":",
              "",
              ""
            ],
            [
              " ",
              "",
              ""
            ],
            [
              "[",
              "",
              ""
            ],
            [
              "0",
              "",
              "mi"
            ],
            [
              ",",
              "",
              ""
            ],
            [
              " ",
              "",
              ""
            ],
            [
              "1",
              "",
              "mi"
            ],
            [
              ",",
              "",
              ""
            ],
            [
              " ",
              "",
              ""
            ],
            [
              "2",
              "",
              "mi"
            ],
            [
              ",",
              "",
              ""
            ],
            [
              " ",
              "",
              ""
            ],
            [
              "np",
              "numpy",
              ""
            ],
            [
              ".",
              "",
              "o"
            ],
            [
              "nan",
              "builtins.float",
              ""
            ],
            [
              ",",
              "",
              ""
            ],
            [
              " ",
              "",
              ""
            ],
            [
              "4",
              "",
              "mi"
            ],
            [
              "]",
              "",
              ""
            ],
            [
              "}",
              "",
              ""
            ],
            [
              ")",
              "",
              ""
            ],
            [
              "\n",
              "",
              ""
            ],
            [
              "df",
              null,
              ""
            ]
          ],
          "out": "     B\n0  0.0\n1  1.0\n2  2.0\n3  NaN\n4  4.0"
        },
        "type": "Code"
      },
      {
        "data": {
          "ce_status": "exception_in_exec",
          "entries": [
            [
              "indexer",
              null,
              ""
            ],
            [
              " ",
              "",
              ""
            ],
            [
              "=",
              "",
              "o"
            ],
            [
              " ",
              "",
              ""
            ],
            [
              "pd",
              null,
              ""
            ],
            [
              ".",
              "",
              "o"
            ],
            [
              "api",
              null,
              ""
            ],
            [
              ".",
              "",
              "o"
            ],
            [
              "indexers",
              null,
              ""
            ],
            [
              ".",
              "",
              "o"
            ],
            [
              "FixedForwardWindowIndexer",
              null,
              ""
            ],
            [
              "(",
              "",
              ""
            ],
            [
              "window_size",
              null,
              ""
            ],
            [
              "=",
              "",
              "o"
            ],
            [
              "2",
              "",
              "mi"
            ],
            [
              ")",
              "",
              ""
            ],
            [
              "\n",
              "",
              ""
            ],
            [
              "df",
              null,
              ""
            ],
            [
              ".",
              "",
              "o"
            ],
            [
              "rolling",
              null,
              ""
            ],
            [
              "(",
              "",
              ""
            ],
            [
              "window",
              null,
              ""
            ],
            [
              "=",
              "",
              "o"
            ],
            [
              "indexer",
              null,
              ""
            ],
            [
              ",",
              "",
              ""
            ],
            [
              " ",
              "",
              ""
            ],
            [
              "min_periods",
              null,
              ""
            ],
            [
              "=",
              "",
              "o"
            ],
            [
              "1",
              "",
              "mi"
            ],
            [
              ")",
              "",
              ""
            ],
            [
              ".",
              "",
              "o"
            ],
            [
              "sum",
              null,
              ""
            ],
            [
              "(",
              "",
              ""
            ],
            [
              ")",
              "",
              ""
            ]
          ],
          "out": "     B\n0  1.0\n1  3.0\n2  2.0\n3  4.0\n4  4.0"
        },
        "type": "Code"
      }
    ],
    "title": null
  },
  "item_file": "/pandas/core/window/indexers.py",
  "item_line": 226,
  "item_type": "<class 'type'>",
  "ordered_sections": [
    "Summary",
    "Examples"
  ],
  "references": null,
  "refs": [
    "builtins.float",
    "numpy"
  ],
  "see_also": [],
  "signature": "FixedForwardWindowIndexer(index_array: 'np.ndarray | None' = None, window_size: 'int' = 0, **kwargs)"
}