{
  "_content": {
    "Attributes": {
      "children": [],
      "title": null
    },
    "Extended Summary": {
      "children": [],
      "title": null
    },
    "Methods": {
      "children": [],
      "title": null
    },
    "Notes": {
      "children": [
        {
          "data": {
            "inline": [
              {
                "data": {
                  "value": "For scalar "
                },
                "type": "Words"
              },
              {
                "data": {
                  "value": [
                    "item"
                  ]
                },
                "type": "Verbatim"
              },
              {
                "data": {
                  "value": ", return a scalar value suitable for the array's type. This should be an instance of "
                },
                "type": "Words"
              },
              {
                "data": {
                  "value": [
                    "self.dtype.type"
                  ]
                },
                "type": "Verbatim"
              },
              {
                "data": {
                  "value": "."
                },
                "type": "Words"
              }
            ],
            "inner": []
          },
          "type": "Paragraph"
        },
        {
          "data": {
            "inline": [
              {
                "data": {
                  "value": "For slice "
                },
                "type": "Words"
              },
              {
                "data": {
                  "value": [
                    "key"
                  ]
                },
                "type": "Verbatim"
              },
              {
                "data": {
                  "value": ", return an instance of "
                },
                "type": "Words"
              },
              {
                "data": {
                  "value": [
                    "ExtensionArray"
                  ]
                },
                "type": "Verbatim"
              },
              {
                "data": {
                  "value": ", even if the slice is length 0 or 1."
                },
                "type": "Words"
              }
            ],
            "inner": []
          },
          "type": "Paragraph"
        },
        {
          "data": {
            "inline": [
              {
                "data": {
                  "value": "For a boolean mask, return an instance of "
                },
                "type": "Words"
              },
              {
                "data": {
                  "value": [
                    "ExtensionArray"
                  ]
                },
                "type": "Verbatim"
              },
              {
                "data": {
                  "value": ", filtered to the values where "
                },
                "type": "Words"
              },
              {
                "data": {
                  "value": [
                    "item"
                  ]
                },
                "type": "Verbatim"
              },
              {
                "data": {
                  "value": " is True."
                },
                "type": "Words"
              }
            ],
            "inner": []
          },
          "type": "Paragraph"
        }
      ],
      "title": null
    },
    "Other Parameters": {
      "children": [],
      "title": null
    },
    "Parameters": {
      "children": [
        {
          "data": {
            "desc": [
              {
                "data": {
                  "value": [
                    {
                      "data": {
                        "inline": [
                          {
                            "data": {
                              "value": "int: The position in 'self' to get."
                            },
                            "type": "Words"
                          }
                        ],
                        "inner": []
                      },
                      "type": "Paragraph"
                    }
                  ]
                },
                "type": "BulletList"
              },
              {
                "data": {
                  "value": [
                    {
                      "data": {
                        "inline": [
                          {
                            "data": {
                              "value": "slice: A slice object, where 'start', 'stop', and 'step' are   integers or None"
                            },
                            "type": "Words"
                          }
                        ],
                        "inner": []
                      },
                      "type": "Paragraph"
                    }
                  ]
                },
                "type": "BulletList"
              },
              {
                "data": {
                  "value": [
                    {
                      "data": {
                        "inline": [
                          {
                            "data": {
                              "value": "ndarray: A 1-d boolean NumPy ndarray the same length as 'self'"
                            },
                            "type": "Words"
                          }
                        ],
                        "inner": []
                      },
                      "type": "Paragraph"
                    }
                  ]
                },
                "type": "BulletList"
              }
            ],
            "param": "item",
            "type_": "int, slice, or ndarray"
          },
          "type": "Param"
        }
      ],
      "title": null
    },
    "Raises": {
      "children": [],
      "title": null
    },
    "Receives": {
      "children": [],
      "title": null
    },
    "Returns": {
      "children": [
        {
          "data": {
            "desc": [],
            "param": "item",
            "type_": "scalar or ExtensionArray"
          },
          "type": "Param"
        }
      ],
      "title": null
    },
    "Summary": {
      "children": [
        {
          "data": {
            "inline": [
              {
                "data": {
                  "value": "Select a subset of self."
                },
                "type": "Words"
              }
            ],
            "inner": []
          },
          "type": "Paragraph"
        }
      ],
      "title": null
    },
    "Warnings": {
      "children": [],
      "title": null
    },
    "Warns": {
      "children": [],
      "title": null
    },
    "Yields": {
      "children": [],
      "title": null
    }
  },
  "aliases": [
    "pandas._testing.asserters.ExtensionArray.__getitem__"
  ],
  "arbitrary": [],
  "example_section_data": {
    "children": [],
    "title": null
  },
  "item_file": "/pandas/core/arrays/base.py",
  "item_line": 294,
  "item_type": "<class 'function'>",
  "ordered_sections": [
    "Summary",
    "Parameters",
    "Returns",
    "Notes"
  ],
  "references": null,
  "refs": [],
  "see_also": [],
  "signature": "__getitem__(self, item: 'PositionalIndexer') -> 'ExtensionArray | Any'"
}