{
  "_content": {
    "Attributes": {
      "children": [],
      "title": null
    },
    "Extended Summary": {
      "children": [],
      "title": null
    },
    "Methods": {
      "children": [],
      "title": null
    },
    "Notes": {
      "children": [],
      "title": null
    },
    "Other Parameters": {
      "children": [],
      "title": null
    },
    "Parameters": {
      "children": [
        {
          "data": {
            "desc": [],
            "param": "item",
            "type_": "object"
          },
          "type": "Param"
        }
      ],
      "title": null
    },
    "Raises": {
      "children": [],
      "title": null
    },
    "Receives": {
      "children": [],
      "title": null
    },
    "Returns": {
      "children": [
        {
          "data": {
            "desc": [
              {
                "data": {
                  "inline": [
                    {
                      "data": {
                        "value": "True if the item is an instance of a data-class, will return false if you pass the data class itself"
                      },
                      "type": "Words"
                    }
                  ],
                  "inner": []
                },
                "type": "Paragraph"
              }
            ],
            "param": "is_dataclass",
            "type_": "bool"
          },
          "type": "Param"
        }
      ],
      "title": null
    },
    "Summary": {
      "children": [
        {
          "data": {
            "inline": [
              {
                "data": {
                  "value": "Checks if the object is a data-class instance"
                },
                "type": "Words"
              }
            ],
            "inner": []
          },
          "type": "Paragraph"
        }
      ],
      "title": null
    },
    "Warnings": {
      "children": [],
      "title": null
    },
    "Warns": {
      "children": [],
      "title": null
    },
    "Yields": {
      "children": [],
      "title": null
    }
  },
  "aliases": [
    "pandas.core.frame.is_dataclass"
  ],
  "arbitrary": [],
  "example_section_data": {
    "children": [
      {
        "data": {
          "ce_status": "execed",
          "entries": [
            [
              "from",
              null,
              "kn"
            ],
            [
              " ",
              "",
              ""
            ],
            [
              "dataclasses",
              "dataclasses",
              "nn"
            ],
            [
              " ",
              "",
              ""
            ],
            [
              "import",
              null,
              "kn"
            ],
            [
              " ",
              "",
              ""
            ],
            [
              "dataclass",
              "dataclasses.dataclass",
              ""
            ],
            [
              "\n",
              "",
              ""
            ],
            [
              "@dataclass",
              "",
              "nd"
            ],
            [
              "\n",
              "",
              ""
            ],
            [
              "class",
              null,
              "k"
            ],
            [
              " ",
              "",
              ""
            ],
            [
              "Point",
              "__main__.Point",
              "nc"
            ],
            [
              ":",
              "",
              ""
            ],
            [
              "\n",
              "",
              ""
            ],
            [
              "    ",
              "",
              ""
            ],
            [
              "x",
              "builtins.int",
              ""
            ],
            [
              ":",
              "",
              ""
            ],
            [
              " ",
              "",
              ""
            ],
            [
              "int",
              "builtins.int",
              "nb"
            ],
            [
              "\n",
              "",
              ""
            ],
            [
              "    ",
              "",
              ""
            ],
            [
              "y",
              "builtins.int",
              ""
            ],
            [
              ":",
              "",
              ""
            ],
            [
              " ",
              "",
              ""
            ],
            [
              "int",
              "builtins.int",
              "nb"
            ]
          ],
          "out": ""
        },
        "type": "Code"
      },
      {
        "data": {
          "ce_status": "execed",
          "entries": [
            [
              "is_dataclass",
              "pandas.core.dtypes.inference.is_dataclass",
              ""
            ],
            [
              "(",
              "",
              ""
            ],
            [
              "Point",
              "__main__.Point",
              ""
            ],
            [
              ")",
              "",
              ""
            ]
          ],
          "out": "False"
        },
        "type": "Code"
      },
      {
        "data": {
          "ce_status": "execed",
          "entries": [
            [
              "is_dataclass",
              "pandas.core.dtypes.inference.is_dataclass",
              ""
            ],
            [
              "(",
              "",
              ""
            ],
            [
              "Point",
              "__main__.Point",
              ""
            ],
            [
              "(",
              "",
              ""
            ],
            [
              "0",
              "",
              "mi"
            ],
            [
              ",",
              "",
              ""
            ],
            [
              "2",
              "",
              "mi"
            ],
            [
              ")",
              "",
              ""
            ],
            [
              ")",
              "",
              ""
            ]
          ],
          "out": "True"
        },
        "type": "Code"
      }
    ],
    "title": null
  },
  "item_file": "/pandas/core/dtypes/inference.py",
  "item_line": 390,
  "item_type": "<class 'function'>",
  "ordered_sections": [
    "Summary",
    "Parameters",
    "Returns",
    "Examples"
  ],
  "references": null,
  "refs": [
    "__main__.Point",
    "builtins.int",
    "dataclasses",
    "dataclasses.dataclass",
    "pandas.core.dtypes.inference.is_dataclass"
  ],
  "see_also": [],
  "signature": "is_dataclass(item)"
}