{
  "_content": {
    "Summary": {
      "children": [
        {
          "type": "Paragraph",
          "data": {
            "inline": [
              {
                "type": "Words",
                "data": {
                  "value": "Reader using openpyxl engine."
                }
              }
            ],
            "inner": []
          }
        }
      ],
      "title": null
    },
    "Extended Summary": {
      "children": [],
      "title": null
    },
    "Parameters": {
      "children": [
        {
          "type": "Param",
          "data": {
            "param": "filepath_or_buffer",
            "type_": "str, path object or Workbook",
            "desc": [
              {
                "type": "Paragraph",
                "data": {
                  "inline": [
                    {
                      "type": "Words",
                      "data": {
                        "value": "Object to be parsed."
                      }
                    }
                  ],
                  "inner": []
                }
              }
            ]
          }
        },
        {
          "type": "Param",
          "data": {
            "param": "storage_options",
            "type_": "dict, optional",
            "desc": [
              {
                "type": "Paragraph",
                "data": {
                  "inline": [
                    {
                      "type": "Words",
                      "data": {
                        "value": "passed to fsspec for appropriate URLs (see "
                      }
                    },
                    {
                      "type": "Verbatim",
                      "data": {
                        "value": [
                          "_",
                          "get",
                          "_",
                          "filepath",
                          "_",
                          "or",
                          "_",
                          "buffer"
                        ]
                      }
                    },
                    {
                      "type": "Words",
                      "data": {
                        "value": ")"
                      }
                    }
                  ],
                  "inner": []
                }
              }
            ]
          }
        }
      ],
      "title": null
    },
    "Returns": {
      "children": [],
      "title": null
    },
    "Yields": {
      "children": [],
      "title": null
    },
    "Receives": {
      "children": [],
      "title": null
    },
    "Raises": {
      "children": [],
      "title": null
    },
    "Warns": {
      "children": [],
      "title": null
    },
    "Other Parameters": {
      "children": [],
      "title": null
    },
    "Attributes": {
      "children": [],
      "title": null
    },
    "Methods": {
      "children": [],
      "title": null
    },
    "Notes": {
      "children": [],
      "title": null
    },
    "Warnings": {
      "children": [],
      "title": null
    }
  },
  "refs": [],
  "ordered_sections": [
    "Summary",
    "Parameters"
  ],
  "item_file": "/Users/bussonniermatthias/miniconda3-intel/envs/papyri/lib/python3.9/site-packages/pandas/io/excel/_openpyxl.py",
  "item_line": 506,
  "item_type": "<class 'function'>",
  "aliases": [
    "pandas.ExcelFile.OpenpyxlReader.__init__"
  ],
  "example_section_data": {
    "children": [],
    "title": null
  },
  "see_also": [],
  "signature": "__init__(self, filepath_or_buffer: 'FilePathOrBuffer', storage_options: 'StorageOptions' = None) -> 'None'",
  "references": null,
  "arbitrary": []
}