{
  "_content": {
    "Summary": {
      "children": [
        {
          "type": "Paragraph",
          "data": {
            "inline": [
              {
                "type": "Words",
                "data": {
                  "value": "Access a single value for a row/ column label pair."
                }
              }
            ],
            "inner": []
          }
        }
      ],
      "title": null
    },
    "Extended Summary": {
      "children": [
        {
          "type": "Paragraph",
          "data": {
            "inline": [
              {
                "type": "Words",
                "data": {
                  "value": "Similar to "
                }
              },
              {
                "type": "Verbatim",
                "data": {
                  "value": [
                    "loc"
                  ]
                }
              },
              {
                "type": "Words",
                "data": {
                  "value": " , in that both provide label - based lookups. Use "
                }
              },
              {
                "type": "Verbatim",
                "data": {
                  "value": [
                    "at"
                  ]
                }
              },
              {
                "type": "Words",
                "data": {
                  "value": " if you only need to get or set a single value in a DataFrame or Series."
                }
              }
            ],
            "inner": []
          }
        }
      ],
      "title": null
    },
    "Parameters": {
      "children": [],
      "title": null
    },
    "Returns": {
      "children": [],
      "title": null
    },
    "Yields": {
      "children": [],
      "title": null
    },
    "Receives": {
      "children": [],
      "title": null
    },
    "Raises": {
      "children": [
        {
          "type": "Param",
          "data": {
            "param": "",
            "type_": "KeyError",
            "desc": [
              {
                "type": "Paragraph",
                "data": {
                  "inline": [
                    {
                      "type": "Words",
                      "data": {
                        "value": "If 'label' does not exist in DataFrame."
                      }
                    }
                  ],
                  "inner": []
                }
              }
            ]
          }
        }
      ],
      "title": null
    },
    "Warns": {
      "children": [],
      "title": null
    },
    "Other Parameters": {
      "children": [],
      "title": null
    },
    "Attributes": {
      "children": [],
      "title": null
    },
    "Methods": {
      "children": [],
      "title": null
    },
    "Notes": {
      "children": [],
      "title": null
    },
    "Warnings": {
      "children": [],
      "title": null
    }
  },
  "refs": [
    "DataFrame.iat",
    "DataFrame.loc",
    "Series.at"
  ],
  "ordered_sections": [
    "Summary",
    "Extended Summary",
    "Raises",
    "See Also",
    "Examples"
  ],
  "item_file": "/Users/bussonniermatthias/miniconda3-intel/envs/papyri/lib/python3.9/site-packages/pandas/core/indexing.py",
  "item_line": 2240,
  "item_type": "<class 'type'>",
  "aliases": [
    "pandas.core.indexing._AtIndexer"
  ],
  "example_section_data": {
    "children": [
      {
        "type": "Code",
        "data": {
          "entries": [
            [
              "df",
              null,
              ""
            ],
            [
              " ",
              "",
              ""
            ],
            [
              "=",
              "",
              "o"
            ],
            [
              " ",
              "",
              ""
            ],
            [
              "pd",
              null,
              ""
            ],
            [
              ".",
              "",
              "o"
            ],
            [
              "DataFrame",
              null,
              ""
            ],
            [
              "(",
              "",
              ""
            ],
            [
              "[",
              "",
              ""
            ],
            [
              "[",
              "",
              ""
            ],
            [
              "0",
              "",
              "mi"
            ],
            [
              ",",
              "",
              ""
            ],
            [
              " ",
              "",
              ""
            ],
            [
              "2",
              "",
              "mi"
            ],
            [
              ",",
              "",
              ""
            ],
            [
              " ",
              "",
              ""
            ],
            [
              "3",
              "",
              "mi"
            ],
            [
              "]",
              "",
              ""
            ],
            [
              ",",
              "",
              ""
            ],
            [
              " ",
              "",
              ""
            ],
            [
              "[",
              "",
              ""
            ],
            [
              "0",
              "",
              "mi"
            ],
            [
              ",",
              "",
              ""
            ],
            [
              " ",
              "",
              ""
            ],
            [
              "4",
              "",
              "mi"
            ],
            [
              ",",
              "",
              ""
            ],
            [
              " ",
              "",
              ""
            ],
            [
              "1",
              "",
              "mi"
            ],
            [
              "]",
              "",
              ""
            ],
            [
              ",",
              "",
              ""
            ],
            [
              " ",
              "",
              ""
            ],
            [
              "[",
              "",
              ""
            ],
            [
              "10",
              "",
              "mi"
            ],
            [
              ",",
              "",
              ""
            ],
            [
              " ",
              "",
              ""
            ],
            [
              "20",
              "",
              "mi"
            ],
            [
              ",",
              "",
              ""
            ],
            [
              " ",
              "",
              ""
            ],
            [
              "30",
              "",
              "mi"
            ],
            [
              "]",
              "",
              ""
            ],
            [
              "]",
              "",
              ""
            ],
            [
              ",",
              "",
              ""
            ],
            [
              "\n",
              "",
              ""
            ],
            [
              "                  ",
              "",
              ""
            ],
            [
              "index",
              null,
              ""
            ],
            [
              "=",
              "",
              "o"
            ],
            [
              "[",
              "",
              ""
            ],
            [
              "4",
              "",
              "mi"
            ],
            [
              ",",
              "",
              ""
            ],
            [
              " ",
              "",
              ""
            ],
            [
              "5",
              "",
              "mi"
            ],
            [
              ",",
              "",
              ""
            ],
            [
              " ",
              "",
              ""
            ],
            [
              "6",
              "",
              "mi"
            ],
            [
              "]",
              "",
              ""
            ],
            [
              ",",
              "",
              ""
            ],
            [
              " ",
              "",
              ""
            ],
            [
              "columns",
              null,
              ""
            ],
            [
              "=",
              "",
              "o"
            ],
            [
              "[",
              "",
              ""
            ],
            [
              "'",
              "",
              "s1"
            ],
            [
              "A",
              null,
              "s1"
            ],
            [
              "'",
              "",
              "s1"
            ],
            [
              ",",
              "",
              ""
            ],
            [
              " ",
              "",
              ""
            ],
            [
              "'",
              "",
              "s1"
            ],
            [
              "B",
              null,
              "s1"
            ],
            [
              "'",
              "",
              "s1"
            ],
            [
              ",",
              "",
              ""
            ],
            [
              " ",
              "",
              ""
            ],
            [
              "'",
              "",
              "s1"
            ],
            [
              "C",
              null,
              "s1"
            ],
            [
              "'",
              "",
              "s1"
            ],
            [
              "]",
              "",
              ""
            ],
            [
              ")",
              "",
              ""
            ],
            [
              "\n",
              "",
              ""
            ],
            [
              "df",
              null,
              ""
            ]
          ],
          "out": "    A   B   C\n4   0   2   3\n5   0   4   1\n6  10  20  30",
          "ce_status": "exception_in_exec"
        }
      },
      {
        "type": "Paragraph",
        "data": {
          "inline": [
            {
              "type": "Words",
              "data": {
                "value": "Get value at specified row/column pair"
              }
            }
          ],
          "inner": []
        }
      },
      {
        "type": "Code",
        "data": {
          "entries": [
            [
              "df",
              null,
              ""
            ],
            [
              ".",
              "",
              "o"
            ],
            [
              "at",
              null,
              ""
            ],
            [
              "[",
              "",
              ""
            ],
            [
              "4",
              "",
              "mi"
            ],
            [
              ",",
              "",
              ""
            ],
            [
              " ",
              "",
              ""
            ],
            [
              "'",
              "",
              "s1"
            ],
            [
              "B",
              null,
              "s1"
            ],
            [
              "'",
              "",
              "s1"
            ],
            [
              "]",
              "",
              ""
            ]
          ],
          "out": "2",
          "ce_status": "exception_in_exec"
        }
      },
      {
        "type": "Paragraph",
        "data": {
          "inline": [
            {
              "type": "Words",
              "data": {
                "value": "Set value at specified row/column pair"
              }
            }
          ],
          "inner": []
        }
      },
      {
        "type": "Code",
        "data": {
          "entries": [
            [
              "df",
              null,
              ""
            ],
            [
              ".",
              "",
              "o"
            ],
            [
              "at",
              null,
              ""
            ],
            [
              "[",
              "",
              ""
            ],
            [
              "4",
              "",
              "mi"
            ],
            [
              ",",
              "",
              ""
            ],
            [
              " ",
              "",
              ""
            ],
            [
              "'",
              "",
              "s1"
            ],
            [
              "B",
              null,
              "s1"
            ],
            [
              "'",
              "",
              "s1"
            ],
            [
              "]",
              "",
              ""
            ],
            [
              " ",
              "",
              ""
            ],
            [
              "=",
              "",
              "o"
            ],
            [
              " ",
              "",
              ""
            ],
            [
              "10",
              "",
              "mi"
            ],
            [
              "\n",
              "",
              ""
            ],
            [
              "df",
              null,
              ""
            ],
            [
              ".",
              "",
              "o"
            ],
            [
              "at",
              null,
              ""
            ],
            [
              "[",
              "",
              ""
            ],
            [
              "4",
              "",
              "mi"
            ],
            [
              ",",
              "",
              ""
            ],
            [
              " ",
              "",
              ""
            ],
            [
              "'",
              "",
              "s1"
            ],
            [
              "B",
              null,
              "s1"
            ],
            [
              "'",
              "",
              "s1"
            ],
            [
              "]",
              "",
              ""
            ]
          ],
          "out": "10",
          "ce_status": "exception_in_exec"
        }
      },
      {
        "type": "Paragraph",
        "data": {
          "inline": [
            {
              "type": "Words",
              "data": {
                "value": "Get value within a Series"
              }
            }
          ],
          "inner": []
        }
      },
      {
        "type": "Code",
        "data": {
          "entries": [
            [
              "df",
              null,
              ""
            ],
            [
              ".",
              "",
              "o"
            ],
            [
              "loc",
              null,
              ""
            ],
            [
              "[",
              "",
              ""
            ],
            [
              "5",
              "",
              "mi"
            ],
            [
              "]",
              "",
              ""
            ],
            [
              ".",
              "",
              "o"
            ],
            [
              "at",
              null,
              ""
            ],
            [
              "[",
              "",
              ""
            ],
            [
              "'",
              "",
              "s1"
            ],
            [
              "B",
              null,
              "s1"
            ],
            [
              "'",
              "",
              "s1"
            ],
            [
              "]",
              "",
              ""
            ]
          ],
          "out": "4",
          "ce_status": "exception_in_exec"
        }
      }
    ],
    "title": null
  },
  "see_also": [
    {
      "name": {
        "name": "DataFrame.iat",
        "ref": null,
        "exists": null
      },
      "descriptions": [
        {
          "inline": [
            {
              "type": "Words",
              "data": {
                "value": "Access a single value for a row/column pair by integer position."
              }
            }
          ],
          "inner": []
        }
      ],
      "type": null
    },
    {
      "name": {
        "name": "DataFrame.loc",
        "ref": null,
        "exists": null
      },
      "descriptions": [
        {
          "inline": [
            {
              "type": "Words",
              "data": {
                "value": "Access a group of rows and columns by label(s)."
              }
            }
          ],
          "inner": []
        }
      ],
      "type": null
    },
    {
      "name": {
        "name": "Series.at",
        "ref": null,
        "exists": null
      },
      "descriptions": [
        {
          "inline": [
            {
              "type": "Words",
              "data": {
                "value": "Access a single value using a label."
              }
            }
          ],
          "inner": []
        }
      ],
      "type": null
    }
  ],
  "signature": null,
  "references": null,
  "arbitrary": []
}