{
  "_content": {
    "Summary": {
      "children": [
        {
          "type": "Paragraph",
          "data": {
            "inline": [
              {
                "type": "Words",
                "data": {
                  "value": "Compute covariance with Series, excluding missing values."
                }
              }
            ],
            "inner": []
          }
        }
      ],
      "title": null
    },
    "Extended Summary": {
      "children": [],
      "title": null
    },
    "Parameters": {
      "children": [
        {
          "type": "Param",
          "data": {
            "param": "other",
            "type_": "Series",
            "desc": [
              {
                "type": "Paragraph",
                "data": {
                  "inline": [
                    {
                      "type": "Words",
                      "data": {
                        "value": "Series with which to compute the covariance."
                      }
                    }
                  ],
                  "inner": []
                }
              }
            ]
          }
        },
        {
          "type": "Param",
          "data": {
            "param": "min_periods",
            "type_": "int, optional",
            "desc": [
              {
                "type": "Paragraph",
                "data": {
                  "inline": [
                    {
                      "type": "Words",
                      "data": {
                        "value": "Minimum number of observations needed to have a valid result."
                      }
                    }
                  ],
                  "inner": []
                }
              }
            ]
          }
        },
        {
          "type": "Param",
          "data": {
            "param": "ddof",
            "type_": "int, default 1",
            "desc": [
              {
                "type": "Paragraph",
                "data": {
                  "inline": [
                    {
                      "type": "Words",
                      "data": {
                        "value": "Delta degrees of freedom.  The divisor used in calculations is "
                      }
                    },
                    {
                      "type": "Verbatim",
                      "data": {
                        "value": [
                          "N",
                          " ",
                          "-",
                          " ",
                          "ddof"
                        ]
                      }
                    },
                    {
                      "type": "Words",
                      "data": {
                        "value": ", where "
                      }
                    },
                    {
                      "type": "Verbatim",
                      "data": {
                        "value": [
                          "N"
                        ]
                      }
                    },
                    {
                      "type": "Words",
                      "data": {
                        "value": " represents the number of elements."
                      }
                    }
                  ],
                  "inner": []
                }
              },
              {
                "type": "BlockDirective",
                "data": {
                  "lines": {
                    "_lines": [
                      {
                        "_line": ".. versionadded:: 1.1.0",
                        "_number": 3,
                        "_offset": 0
                      }
                    ]
                  },
                  "wh": {
                    "_lines": []
                  },
                  "ind": {
                    "_lines": []
                  },
                  "directive_name": "versionadded",
                  "args0": [
                    " 1.1.0"
                  ],
                  "inner": null
                }
              }
            ]
          }
        }
      ],
      "title": null
    },
    "Returns": {
      "children": [
        {
          "type": "Param",
          "data": {
            "param": "",
            "type_": "float",
            "desc": [
              {
                "type": "Paragraph",
                "data": {
                  "inline": [
                    {
                      "type": "Words",
                      "data": {
                        "value": "Covariance between Series and other normalized by N-1 (unbiased estimator)."
                      }
                    }
                  ],
                  "inner": []
                }
              }
            ]
          }
        }
      ],
      "title": null
    },
    "Yields": {
      "children": [],
      "title": null
    },
    "Receives": {
      "children": [],
      "title": null
    },
    "Raises": {
      "children": [],
      "title": null
    },
    "Warns": {
      "children": [],
      "title": null
    },
    "Other Parameters": {
      "children": [],
      "title": null
    },
    "Attributes": {
      "children": [],
      "title": null
    },
    "Methods": {
      "children": [],
      "title": null
    },
    "Notes": {
      "children": [],
      "title": null
    },
    "Warnings": {
      "children": [],
      "title": null
    }
  },
  "refs": [
    "DataFrame.cov"
  ],
  "ordered_sections": [
    "Summary",
    "Parameters",
    "Returns",
    "See Also",
    "Examples"
  ],
  "item_file": "/Users/bussonniermatthias/miniconda3-intel/envs/papyri/lib/python3.9/site-packages/pandas/core/series.py",
  "item_line": 2518,
  "item_type": "<class 'function'>",
  "aliases": [
    "pandas.Series.cov"
  ],
  "example_section_data": {
    "children": [
      {
        "type": "Code",
        "data": {
          "entries": [
            [
              "s1",
              null,
              ""
            ],
            [
              " ",
              "",
              ""
            ],
            [
              "=",
              "",
              "o"
            ],
            [
              " ",
              "",
              ""
            ],
            [
              "pd",
              null,
              ""
            ],
            [
              ".",
              "",
              "o"
            ],
            [
              "Series",
              null,
              ""
            ],
            [
              "(",
              "",
              ""
            ],
            [
              "[",
              "",
              ""
            ],
            [
              "0.90010907",
              "",
              "mf"
            ],
            [
              ",",
              "",
              ""
            ],
            [
              " ",
              "",
              ""
            ],
            [
              "0.13484424",
              "",
              "mf"
            ],
            [
              ",",
              "",
              ""
            ],
            [
              " ",
              "",
              ""
            ],
            [
              "0.62036035",
              "",
              "mf"
            ],
            [
              "]",
              "",
              ""
            ],
            [
              ")",
              "",
              ""
            ],
            [
              "\n",
              "",
              ""
            ],
            [
              "s2",
              null,
              ""
            ],
            [
              " ",
              "",
              ""
            ],
            [
              "=",
              "",
              "o"
            ],
            [
              " ",
              "",
              ""
            ],
            [
              "pd",
              null,
              ""
            ],
            [
              ".",
              "",
              "o"
            ],
            [
              "Series",
              null,
              ""
            ],
            [
              "(",
              "",
              ""
            ],
            [
              "[",
              "",
              ""
            ],
            [
              "0.12528585",
              "",
              "mf"
            ],
            [
              ",",
              "",
              ""
            ],
            [
              " ",
              "",
              ""
            ],
            [
              "0.26962463",
              "",
              "mf"
            ],
            [
              ",",
              "",
              ""
            ],
            [
              " ",
              "",
              ""
            ],
            [
              "0.51111198",
              "",
              "mf"
            ],
            [
              "]",
              "",
              ""
            ],
            [
              ")",
              "",
              ""
            ],
            [
              "\n",
              "",
              ""
            ],
            [
              "s1",
              null,
              ""
            ],
            [
              ".",
              "",
              "o"
            ],
            [
              "cov",
              null,
              ""
            ],
            [
              "(",
              "",
              ""
            ],
            [
              "s2",
              null,
              ""
            ],
            [
              ")",
              "",
              ""
            ]
          ],
          "out": "-0.01685762652715874",
          "ce_status": "exception_in_exec"
        }
      }
    ],
    "title": null
  },
  "see_also": [
    {
      "name": {
        "name": "DataFrame.cov",
        "ref": null,
        "exists": null
      },
      "descriptions": [
        {
          "inline": [
            {
              "type": "Words",
              "data": {
                "value": "Compute pairwise covariance of columns."
              }
            }
          ],
          "inner": []
        }
      ],
      "type": null
    }
  ],
  "signature": "cov(self, other: 'Series', min_periods: 'int | None' = None, ddof: 'int | None' = 1) -> 'float'",
  "references": null,
  "arbitrary": []
}