{
  "_content": {
    "Attributes": {
      "children": [],
      "title": null
    },
    "Extended Summary": {
      "children": [
        {
          "data": {
            "children": [
              {
                "data": {
                  "value": "The vdot("
                },
                "type": "Words"
              },
              {
                "data": {
                  "exists": true,
                  "kind": "local",
                  "reference": {
                    "kind": "local",
                    "module": null,
                    "path": "a",
                    "version": null
                  },
                  "value": "a"
                },
                "type": "Link"
              },
              {
                "data": {
                  "value": ", "
                },
                "type": "Words"
              },
              {
                "data": {
                  "exists": true,
                  "kind": "local",
                  "reference": {
                    "kind": "local",
                    "module": null,
                    "path": "b",
                    "version": null
                  },
                  "value": "b"
                },
                "type": "Link"
              },
              {
                "data": {
                  "value": ") function handles complex numbers differently than dot("
                },
                "type": "Words"
              },
              {
                "data": {
                  "exists": true,
                  "kind": "local",
                  "reference": {
                    "kind": "local",
                    "module": null,
                    "path": "a",
                    "version": null
                  },
                  "value": "a"
                },
                "type": "Link"
              },
              {
                "data": {
                  "value": ", "
                },
                "type": "Words"
              },
              {
                "data": {
                  "exists": true,
                  "kind": "local",
                  "reference": {
                    "kind": "local",
                    "module": null,
                    "path": "b",
                    "version": null
                  },
                  "value": "b"
                },
                "type": "Link"
              },
              {
                "data": {
                  "value": ").  If the first argument is complex the complex conjugate of the first argument is used for the calculation of the dot product."
                },
                "type": "Words"
              }
            ]
          },
          "type": "Paragraph"
        },
        {
          "data": {
            "children": [
              {
                "data": {
                  "value": "Note that "
                },
                "type": "Words"
              },
              {
                "data": {
                  "exists": true,
                  "kind": "module",
                  "reference": {
                    "kind": "module",
                    "module": "numpy",
                    "path": "numpy.vdot",
                    "version": "1.22.3"
                  },
                  "value": "vdot"
                },
                "type": "Link"
              },
              {
                "data": {
                  "value": " handles multidimensional arrays differently than "
                },
                "type": "Words"
              },
              {
                "data": {
                  "exists": true,
                  "kind": "module",
                  "reference": {
                    "kind": "module",
                    "module": "numpy",
                    "path": "numpy.dot",
                    "version": "1.22.3"
                  },
                  "value": "dot"
                },
                "type": "Link"
              },
              {
                "data": {
                  "value": ": it does "
                },
                "type": "Words"
              },
              {
                "data": {
                  "value": {
                    "value": "not"
                  }
                },
                "type": "Emph"
              },
              {
                "data": {
                  "value": " perform a matrix product, but flattens input arguments to 1-D vectors first. Consequently, it should only be used for vectors."
                },
                "type": "Words"
              }
            ]
          },
          "type": "Paragraph"
        }
      ],
      "title": null
    },
    "Methods": {
      "children": [],
      "title": null
    },
    "Notes": {
      "children": [],
      "title": null
    },
    "Other Parameters": {
      "children": [],
      "title": null
    },
    "Parameters": {
      "children": [
        {
          "data": {
            "children": [
              {
                "desc": [
                  {
                    "data": {
                      "children": [
                        {
                          "data": {
                            "value": "If "
                          },
                          "type": "Words"
                        },
                        {
                          "data": {
                            "exists": true,
                            "kind": "local",
                            "reference": {
                              "kind": "local",
                              "module": null,
                              "path": "a",
                              "version": null
                            },
                            "value": "a"
                          },
                          "type": "Link"
                        },
                        {
                          "data": {
                            "value": " is complex the complex conjugate is taken before calculation of the dot product."
                          },
                          "type": "Words"
                        }
                      ]
                    },
                    "type": "Paragraph"
                  }
                ],
                "param": "a",
                "type_": "array_like"
              },
              {
                "desc": [
                  {
                    "data": {
                      "children": [
                        {
                          "data": {
                            "value": "Second argument to the dot product."
                          },
                          "type": "Words"
                        }
                      ]
                    },
                    "type": "Paragraph"
                  }
                ],
                "param": "b",
                "type_": "array_like"
              }
            ]
          },
          "type": "Parameters"
        }
      ],
      "title": null
    },
    "Raises": {
      "children": [],
      "title": null
    },
    "Receives": {
      "children": [],
      "title": null
    },
    "Returns": {
      "children": [
        {
          "data": {
            "children": [
              {
                "desc": [
                  {
                    "data": {
                      "children": [
                        {
                          "data": {
                            "value": "Dot product of "
                          },
                          "type": "Words"
                        },
                        {
                          "data": {
                            "exists": true,
                            "kind": "local",
                            "reference": {
                              "kind": "local",
                              "module": null,
                              "path": "a",
                              "version": null
                            },
                            "value": "a"
                          },
                          "type": "Link"
                        },
                        {
                          "data": {
                            "value": " and "
                          },
                          "type": "Words"
                        },
                        {
                          "data": {
                            "exists": true,
                            "kind": "local",
                            "reference": {
                              "kind": "local",
                              "module": null,
                              "path": "b",
                              "version": null
                            },
                            "value": "b"
                          },
                          "type": "Link"
                        },
                        {
                          "data": {
                            "value": ".  Can be an int, float, or complex depending on the types of "
                          },
                          "type": "Words"
                        },
                        {
                          "data": {
                            "exists": true,
                            "kind": "local",
                            "reference": {
                              "kind": "local",
                              "module": null,
                              "path": "a",
                              "version": null
                            },
                            "value": "a"
                          },
                          "type": "Link"
                        },
                        {
                          "data": {
                            "value": " and "
                          },
                          "type": "Words"
                        },
                        {
                          "data": {
                            "exists": true,
                            "kind": "local",
                            "reference": {
                              "kind": "local",
                              "module": null,
                              "path": "b",
                              "version": null
                            },
                            "value": "b"
                          },
                          "type": "Link"
                        },
                        {
                          "data": {
                            "value": "."
                          },
                          "type": "Words"
                        }
                      ]
                    },
                    "type": "Paragraph"
                  }
                ],
                "param": "output",
                "type_": "ndarray"
              }
            ]
          },
          "type": "Parameters"
        }
      ],
      "title": null
    },
    "Summary": {
      "children": [
        {
          "data": {
            "children": [
              {
                "data": {
                  "value": "Return the dot product of two vectors."
                },
                "type": "Words"
              }
            ]
          },
          "type": "Paragraph"
        }
      ],
      "title": null
    },
    "Warnings": {
      "children": [],
      "title": null
    },
    "Warns": {
      "children": [],
      "title": null
    },
    "Yields": {
      "children": [],
      "title": null
    }
  },
  "aliases": [
    "numpy.vdot"
  ],
  "arbitrary": [],
  "example_section_data": {
    "children": [
      {
        "data": {
          "ce_status": "execed",
          "entries": [
            {
              "link": {
                "data": {
                  "exists": true,
                  "kind": "module",
                  "reference": {
                    "kind": "module",
                    "module": "numpy",
                    "path": "numpy.ndarray",
                    "version": "1.22.3"
                  },
                  "value": "a"
                },
                "type": "Link"
              },
              "type": ""
            },
            {
              "link": {
                "data": " ",
                "type": "str"
              },
              "type": ""
            },
            {
              "link": {
                "data": "=",
                "type": "str"
              },
              "type": "o"
            },
            {
              "link": {
                "data": " ",
                "type": "str"
              },
              "type": ""
            },
            {
              "link": {
                "data": {
                  "exists": true,
                  "kind": "module",
                  "reference": {
                    "kind": "module",
                    "module": "numpy",
                    "path": "numpy",
                    "version": "1.22.3"
                  },
                  "value": "np"
                },
                "type": "Link"
              },
              "type": ""
            },
            {
              "link": {
                "data": ".",
                "type": "str"
              },
              "type": "o"
            },
            {
              "link": {
                "data": {
                  "exists": true,
                  "kind": "module",
                  "reference": {
                    "kind": "module",
                    "module": "numpy",
                    "path": "numpy.array",
                    "version": "1.22.3"
                  },
                  "value": "array"
                },
                "type": "Link"
              },
              "type": ""
            },
            {
              "link": {
                "data": "(",
                "type": "str"
              },
              "type": ""
            },
            {
              "link": {
                "data": "[",
                "type": "str"
              },
              "type": ""
            },
            {
              "link": {
                "data": "1",
                "type": "str"
              },
              "type": "mi"
            },
            {
              "link": {
                "data": "+",
                "type": "str"
              },
              "type": "o"
            },
            {
              "link": {
                "data": "2",
                "type": "str"
              },
              "type": "mi"
            },
            {
              "link": {
                "data": {
                  "exists": true,
                  "kind": "module",
                  "reference": {
                    "kind": "module",
                    "module": "builtins",
                    "path": "builtins.complex",
                    "version": "*"
                  },
                  "value": "j"
                },
                "type": "Link"
              },
              "type": ""
            },
            {
              "link": {
                "data": ",",
                "type": "str"
              },
              "type": ""
            },
            {
              "link": {
                "data": "3",
                "type": "str"
              },
              "type": "mi"
            },
            {
              "link": {
                "data": "+",
                "type": "str"
              },
              "type": "o"
            },
            {
              "link": {
                "data": "4",
                "type": "str"
              },
              "type": "mi"
            },
            {
              "link": {
                "data": {
                  "exists": true,
                  "kind": "module",
                  "reference": {
                    "kind": "module",
                    "module": "builtins",
                    "path": "builtins.complex",
                    "version": "*"
                  },
                  "value": "j"
                },
                "type": "Link"
              },
              "type": ""
            },
            {
              "link": {
                "data": "]",
                "type": "str"
              },
              "type": ""
            },
            {
              "link": {
                "data": ")",
                "type": "str"
              },
              "type": ""
            },
            {
              "link": {
                "data": "\n",
                "type": "str"
              },
              "type": ""
            },
            {
              "link": {
                "data": {
                  "exists": true,
                  "kind": "module",
                  "reference": {
                    "kind": "module",
                    "module": "numpy",
                    "path": "numpy.ndarray",
                    "version": "1.22.3"
                  },
                  "value": "b"
                },
                "type": "Link"
              },
              "type": ""
            },
            {
              "link": {
                "data": " ",
                "type": "str"
              },
              "type": ""
            },
            {
              "link": {
                "data": "=",
                "type": "str"
              },
              "type": "o"
            },
            {
              "link": {
                "data": " ",
                "type": "str"
              },
              "type": ""
            },
            {
              "link": {
                "data": {
                  "exists": true,
                  "kind": "module",
                  "reference": {
                    "kind": "module",
                    "module": "numpy",
                    "path": "numpy",
                    "version": "1.22.3"
                  },
                  "value": "np"
                },
                "type": "Link"
              },
              "type": ""
            },
            {
              "link": {
                "data": ".",
                "type": "str"
              },
              "type": "o"
            },
            {
              "link": {
                "data": {
                  "exists": true,
                  "kind": "module",
                  "reference": {
                    "kind": "module",
                    "module": "numpy",
                    "path": "numpy.array",
                    "version": "1.22.3"
                  },
                  "value": "array"
                },
                "type": "Link"
              },
              "type": ""
            },
            {
              "link": {
                "data": "(",
                "type": "str"
              },
              "type": ""
            },
            {
              "link": {
                "data": "[",
                "type": "str"
              },
              "type": ""
            },
            {
              "link": {
                "data": "5",
                "type": "str"
              },
              "type": "mi"
            },
            {
              "link": {
                "data": "+",
                "type": "str"
              },
              "type": "o"
            },
            {
              "link": {
                "data": "6",
                "type": "str"
              },
              "type": "mi"
            },
            {
              "link": {
                "data": {
                  "exists": true,
                  "kind": "module",
                  "reference": {
                    "kind": "module",
                    "module": "builtins",
                    "path": "builtins.complex",
                    "version": "*"
                  },
                  "value": "j"
                },
                "type": "Link"
              },
              "type": ""
            },
            {
              "link": {
                "data": ",",
                "type": "str"
              },
              "type": ""
            },
            {
              "link": {
                "data": "7",
                "type": "str"
              },
              "type": "mi"
            },
            {
              "link": {
                "data": "+",
                "type": "str"
              },
              "type": "o"
            },
            {
              "link": {
                "data": "8",
                "type": "str"
              },
              "type": "mi"
            },
            {
              "link": {
                "data": {
                  "exists": true,
                  "kind": "module",
                  "reference": {
                    "kind": "module",
                    "module": "builtins",
                    "path": "builtins.complex",
                    "version": "*"
                  },
                  "value": "j"
                },
                "type": "Link"
              },
              "type": ""
            },
            {
              "link": {
                "data": "]",
                "type": "str"
              },
              "type": ""
            },
            {
              "link": {
                "data": ")",
                "type": "str"
              },
              "type": ""
            },
            {
              "link": {
                "data": "\n",
                "type": "str"
              },
              "type": ""
            },
            {
              "link": {
                "data": {
                  "exists": true,
                  "kind": "module",
                  "reference": {
                    "kind": "module",
                    "module": "numpy",
                    "path": "numpy",
                    "version": "1.22.3"
                  },
                  "value": "np"
                },
                "type": "Link"
              },
              "type": ""
            },
            {
              "link": {
                "data": ".",
                "type": "str"
              },
              "type": "o"
            },
            {
              "link": {
                "data": {
                  "exists": true,
                  "kind": "module",
                  "reference": {
                    "kind": "module",
                    "module": "numpy",
                    "path": "numpy.core.multiarray.vdot",
                    "version": "*"
                  },
                  "value": "vdot"
                },
                "type": "Link"
              },
              "type": ""
            },
            {
              "link": {
                "data": "(",
                "type": "str"
              },
              "type": ""
            },
            {
              "link": {
                "data": {
                  "exists": true,
                  "kind": "module",
                  "reference": {
                    "kind": "module",
                    "module": "numpy",
                    "path": "numpy.ndarray",
                    "version": "1.22.3"
                  },
                  "value": "a"
                },
                "type": "Link"
              },
              "type": ""
            },
            {
              "link": {
                "data": ",",
                "type": "str"
              },
              "type": ""
            },
            {
              "link": {
                "data": " ",
                "type": "str"
              },
              "type": ""
            },
            {
              "link": {
                "data": {
                  "exists": true,
                  "kind": "module",
                  "reference": {
                    "kind": "module",
                    "module": "numpy",
                    "path": "numpy.ndarray",
                    "version": "1.22.3"
                  },
                  "value": "b"
                },
                "type": "Link"
              },
              "type": ""
            },
            {
              "link": {
                "data": ")",
                "type": "str"
              },
              "type": ""
            }
          ],
          "out": "(70-8j)"
        },
        "type": "Code2"
      },
      {
        "data": {
          "ce_status": "execed",
          "entries": [
            {
              "link": {
                "data": {
                  "exists": true,
                  "kind": "module",
                  "reference": {
                    "kind": "module",
                    "module": "numpy",
                    "path": "numpy",
                    "version": "1.22.3"
                  },
                  "value": "np"
                },
                "type": "Link"
              },
              "type": ""
            },
            {
              "link": {
                "data": ".",
                "type": "str"
              },
              "type": "o"
            },
            {
              "link": {
                "data": {
                  "exists": true,
                  "kind": "module",
                  "reference": {
                    "kind": "module",
                    "module": "numpy",
                    "path": "numpy.core.multiarray.vdot",
                    "version": "*"
                  },
                  "value": "vdot"
                },
                "type": "Link"
              },
              "type": ""
            },
            {
              "link": {
                "data": "(",
                "type": "str"
              },
              "type": ""
            },
            {
              "link": {
                "data": {
                  "exists": true,
                  "kind": "module",
                  "reference": {
                    "kind": "module",
                    "module": "numpy",
                    "path": "numpy.ndarray",
                    "version": "1.22.3"
                  },
                  "value": "b"
                },
                "type": "Link"
              },
              "type": ""
            },
            {
              "link": {
                "data": ",",
                "type": "str"
              },
              "type": ""
            },
            {
              "link": {
                "data": " ",
                "type": "str"
              },
              "type": ""
            },
            {
              "link": {
                "data": {
                  "exists": true,
                  "kind": "module",
                  "reference": {
                    "kind": "module",
                    "module": "numpy",
                    "path": "numpy.ndarray",
                    "version": "1.22.3"
                  },
                  "value": "a"
                },
                "type": "Link"
              },
              "type": ""
            },
            {
              "link": {
                "data": ")",
                "type": "str"
              },
              "type": ""
            }
          ],
          "out": "(70+8j)"
        },
        "type": "Code2"
      },
      {
        "data": {
          "children": [
            {
              "data": {
                "value": "Note that higher-dimensional arrays are flattened!"
              },
              "type": "Words"
            }
          ]
        },
        "type": "Paragraph"
      },
      {
        "data": {
          "ce_status": "execed",
          "entries": [
            {
              "link": {
                "data": {
                  "exists": true,
                  "kind": "module",
                  "reference": {
                    "kind": "module",
                    "module": "numpy",
                    "path": "numpy.ndarray",
                    "version": "1.22.3"
                  },
                  "value": "a"
                },
                "type": "Link"
              },
              "type": ""
            },
            {
              "link": {
                "data": " ",
                "type": "str"
              },
              "type": ""
            },
            {
              "link": {
                "data": "=",
                "type": "str"
              },
              "type": "o"
            },
            {
              "link": {
                "data": " ",
                "type": "str"
              },
              "type": ""
            },
            {
              "link": {
                "data": {
                  "exists": true,
                  "kind": "module",
                  "reference": {
                    "kind": "module",
                    "module": "numpy",
                    "path": "numpy",
                    "version": "1.22.3"
                  },
                  "value": "np"
                },
                "type": "Link"
              },
              "type": ""
            },
            {
              "link": {
                "data": ".",
                "type": "str"
              },
              "type": "o"
            },
            {
              "link": {
                "data": {
                  "exists": true,
                  "kind": "module",
                  "reference": {
                    "kind": "module",
                    "module": "numpy",
                    "path": "numpy.array",
                    "version": "1.22.3"
                  },
                  "value": "array"
                },
                "type": "Link"
              },
              "type": ""
            },
            {
              "link": {
                "data": "(",
                "type": "str"
              },
              "type": ""
            },
            {
              "link": {
                "data": "[",
                "type": "str"
              },
              "type": ""
            },
            {
              "link": {
                "data": "[",
                "type": "str"
              },
              "type": ""
            },
            {
              "link": {
                "data": "1",
                "type": "str"
              },
              "type": "mi"
            },
            {
              "link": {
                "data": ",",
                "type": "str"
              },
              "type": ""
            },
            {
              "link": {
                "data": " ",
                "type": "str"
              },
              "type": ""
            },
            {
              "link": {
                "data": "4",
                "type": "str"
              },
              "type": "mi"
            },
            {
              "link": {
                "data": "]",
                "type": "str"
              },
              "type": ""
            },
            {
              "link": {
                "data": ",",
                "type": "str"
              },
              "type": ""
            },
            {
              "link": {
                "data": " ",
                "type": "str"
              },
              "type": ""
            },
            {
              "link": {
                "data": "[",
                "type": "str"
              },
              "type": ""
            },
            {
              "link": {
                "data": "5",
                "type": "str"
              },
              "type": "mi"
            },
            {
              "link": {
                "data": ",",
                "type": "str"
              },
              "type": ""
            },
            {
              "link": {
                "data": " ",
                "type": "str"
              },
              "type": ""
            },
            {
              "link": {
                "data": "6",
                "type": "str"
              },
              "type": "mi"
            },
            {
              "link": {
                "data": "]",
                "type": "str"
              },
              "type": ""
            },
            {
              "link": {
                "data": "]",
                "type": "str"
              },
              "type": ""
            },
            {
              "link": {
                "data": ")",
                "type": "str"
              },
              "type": ""
            },
            {
              "link": {
                "data": "\n",
                "type": "str"
              },
              "type": ""
            },
            {
              "link": {
                "data": {
                  "exists": true,
                  "kind": "module",
                  "reference": {
                    "kind": "module",
                    "module": "numpy",
                    "path": "numpy.ndarray",
                    "version": "1.22.3"
                  },
                  "value": "b"
                },
                "type": "Link"
              },
              "type": ""
            },
            {
              "link": {
                "data": " ",
                "type": "str"
              },
              "type": ""
            },
            {
              "link": {
                "data": "=",
                "type": "str"
              },
              "type": "o"
            },
            {
              "link": {
                "data": " ",
                "type": "str"
              },
              "type": ""
            },
            {
              "link": {
                "data": {
                  "exists": true,
                  "kind": "module",
                  "reference": {
                    "kind": "module",
                    "module": "numpy",
                    "path": "numpy",
                    "version": "1.22.3"
                  },
                  "value": "np"
                },
                "type": "Link"
              },
              "type": ""
            },
            {
              "link": {
                "data": ".",
                "type": "str"
              },
              "type": "o"
            },
            {
              "link": {
                "data": {
                  "exists": true,
                  "kind": "module",
                  "reference": {
                    "kind": "module",
                    "module": "numpy",
                    "path": "numpy.array",
                    "version": "1.22.3"
                  },
                  "value": "array"
                },
                "type": "Link"
              },
              "type": ""
            },
            {
              "link": {
                "data": "(",
                "type": "str"
              },
              "type": ""
            },
            {
              "link": {
                "data": "[",
                "type": "str"
              },
              "type": ""
            },
            {
              "link": {
                "data": "[",
                "type": "str"
              },
              "type": ""
            },
            {
              "link": {
                "data": "4",
                "type": "str"
              },
              "type": "mi"
            },
            {
              "link": {
                "data": ",",
                "type": "str"
              },
              "type": ""
            },
            {
              "link": {
                "data": " ",
                "type": "str"
              },
              "type": ""
            },
            {
              "link": {
                "data": "1",
                "type": "str"
              },
              "type": "mi"
            },
            {
              "link": {
                "data": "]",
                "type": "str"
              },
              "type": ""
            },
            {
              "link": {
                "data": ",",
                "type": "str"
              },
              "type": ""
            },
            {
              "link": {
                "data": " ",
                "type": "str"
              },
              "type": ""
            },
            {
              "link": {
                "data": "[",
                "type": "str"
              },
              "type": ""
            },
            {
              "link": {
                "data": "2",
                "type": "str"
              },
              "type": "mi"
            },
            {
              "link": {
                "data": ",",
                "type": "str"
              },
              "type": ""
            },
            {
              "link": {
                "data": " ",
                "type": "str"
              },
              "type": ""
            },
            {
              "link": {
                "data": "2",
                "type": "str"
              },
              "type": "mi"
            },
            {
              "link": {
                "data": "]",
                "type": "str"
              },
              "type": ""
            },
            {
              "link": {
                "data": "]",
                "type": "str"
              },
              "type": ""
            },
            {
              "link": {
                "data": ")",
                "type": "str"
              },
              "type": ""
            },
            {
              "link": {
                "data": "\n",
                "type": "str"
              },
              "type": ""
            },
            {
              "link": {
                "data": {
                  "exists": true,
                  "kind": "module",
                  "reference": {
                    "kind": "module",
                    "module": "numpy",
                    "path": "numpy",
                    "version": "1.22.3"
                  },
                  "value": "np"
                },
                "type": "Link"
              },
              "type": ""
            },
            {
              "link": {
                "data": ".",
                "type": "str"
              },
              "type": "o"
            },
            {
              "link": {
                "data": {
                  "exists": true,
                  "kind": "module",
                  "reference": {
                    "kind": "module",
                    "module": "numpy",
                    "path": "numpy.core.multiarray.vdot",
                    "version": "*"
                  },
                  "value": "vdot"
                },
                "type": "Link"
              },
              "type": ""
            },
            {
              "link": {
                "data": "(",
                "type": "str"
              },
              "type": ""
            },
            {
              "link": {
                "data": {
                  "exists": true,
                  "kind": "module",
                  "reference": {
                    "kind": "module",
                    "module": "numpy",
                    "path": "numpy.ndarray",
                    "version": "1.22.3"
                  },
                  "value": "a"
                },
                "type": "Link"
              },
              "type": ""
            },
            {
              "link": {
                "data": ",",
                "type": "str"
              },
              "type": ""
            },
            {
              "link": {
                "data": " ",
                "type": "str"
              },
              "type": ""
            },
            {
              "link": {
                "data": {
                  "exists": true,
                  "kind": "module",
                  "reference": {
                    "kind": "module",
                    "module": "numpy",
                    "path": "numpy.ndarray",
                    "version": "1.22.3"
                  },
                  "value": "b"
                },
                "type": "Link"
              },
              "type": ""
            },
            {
              "link": {
                "data": ")",
                "type": "str"
              },
              "type": ""
            }
          ],
          "out": "30"
        },
        "type": "Code2"
      },
      {
        "data": {
          "ce_status": "execed",
          "entries": [
            {
              "link": {
                "data": {
                  "exists": true,
                  "kind": "module",
                  "reference": {
                    "kind": "module",
                    "module": "numpy",
                    "path": "numpy",
                    "version": "1.22.3"
                  },
                  "value": "np"
                },
                "type": "Link"
              },
              "type": ""
            },
            {
              "link": {
                "data": ".",
                "type": "str"
              },
              "type": "o"
            },
            {
              "link": {
                "data": {
                  "exists": true,
                  "kind": "module",
                  "reference": {
                    "kind": "module",
                    "module": "numpy",
                    "path": "numpy.core.multiarray.vdot",
                    "version": "*"
                  },
                  "value": "vdot"
                },
                "type": "Link"
              },
              "type": ""
            },
            {
              "link": {
                "data": "(",
                "type": "str"
              },
              "type": ""
            },
            {
              "link": {
                "data": {
                  "exists": true,
                  "kind": "module",
                  "reference": {
                    "kind": "module",
                    "module": "numpy",
                    "path": "numpy.ndarray",
                    "version": "1.22.3"
                  },
                  "value": "b"
                },
                "type": "Link"
              },
              "type": ""
            },
            {
              "link": {
                "data": ",",
                "type": "str"
              },
              "type": ""
            },
            {
              "link": {
                "data": " ",
                "type": "str"
              },
              "type": ""
            },
            {
              "link": {
                "data": {
                  "exists": true,
                  "kind": "module",
                  "reference": {
                    "kind": "module",
                    "module": "numpy",
                    "path": "numpy.ndarray",
                    "version": "1.22.3"
                  },
                  "value": "a"
                },
                "type": "Link"
              },
              "type": ""
            },
            {
              "link": {
                "data": ")",
                "type": "str"
              },
              "type": ""
            }
          ],
          "out": "30"
        },
        "type": "Code2"
      },
      {
        "data": {
          "ce_status": "execed",
          "entries": [
            {
              "link": {
                "data": "1",
                "type": "str"
              },
              "type": "mi"
            },
            {
              "link": {
                "data": "*",
                "type": "str"
              },
              "type": "o"
            },
            {
              "link": {
                "data": "4",
                "type": "str"
              },
              "type": "mi"
            },
            {
              "link": {
                "data": " ",
                "type": "str"
              },
              "type": ""
            },
            {
              "link": {
                "data": "+",
                "type": "str"
              },
              "type": "o"
            },
            {
              "link": {
                "data": " ",
                "type": "str"
              },
              "type": ""
            },
            {
              "link": {
                "data": "4",
                "type": "str"
              },
              "type": "mi"
            },
            {
              "link": {
                "data": "*",
                "type": "str"
              },
              "type": "o"
            },
            {
              "link": {
                "data": "1",
                "type": "str"
              },
              "type": "mi"
            },
            {
              "link": {
                "data": " ",
                "type": "str"
              },
              "type": ""
            },
            {
              "link": {
                "data": "+",
                "type": "str"
              },
              "type": "o"
            },
            {
              "link": {
                "data": " ",
                "type": "str"
              },
              "type": ""
            },
            {
              "link": {
                "data": "5",
                "type": "str"
              },
              "type": "mi"
            },
            {
              "link": {
                "data": "*",
                "type": "str"
              },
              "type": "o"
            },
            {
              "link": {
                "data": "2",
                "type": "str"
              },
              "type": "mi"
            },
            {
              "link": {
                "data": " ",
                "type": "str"
              },
              "type": ""
            },
            {
              "link": {
                "data": "+",
                "type": "str"
              },
              "type": "o"
            },
            {
              "link": {
                "data": " ",
                "type": "str"
              },
              "type": ""
            },
            {
              "link": {
                "data": "6",
                "type": "str"
              },
              "type": "mi"
            },
            {
              "link": {
                "data": "*",
                "type": "str"
              },
              "type": "o"
            },
            {
              "link": {
                "data": "2",
                "type": "str"
              },
              "type": "mi"
            }
          ],
          "out": "30"
        },
        "type": "Code2"
      }
    ],
    "title": null
  },
  "item_file": null,
  "item_line": null,
  "item_type": "<class 'function'>",
  "ordered_sections": [
    "Signature",
    "Summary",
    "Extended Summary",
    "Parameters",
    "Returns",
    "See Also",
    "Examples"
  ],
  "references": null,
  "see_also": [
    {
      "descriptions": [
        {
          "children": [
            {
              "data": {
                "value": "Return the dot product without using the complex conjugate of the first argument."
              },
              "type": "Words"
            }
          ]
        }
      ],
      "name": {
        "exists": true,
        "kind": "module",
        "reference": {
          "kind": "module",
          "module": "numpy",
          "path": "numpy.dot",
          "version": "1.22.3"
        },
        "value": "dot"
      },
      "type": null
    }
  ],
  "signature": {
    "value": "vdot(a, b, /)"
  }
}