{
  "_content": {
    "Attributes": {
      "children": [],
      "title": null
    },
    "Extended Summary": {
      "children": [],
      "title": null
    },
    "Methods": {
      "children": [],
      "title": null
    },
    "Notes": {
      "children": [],
      "title": null
    },
    "Other Parameters": {
      "children": [],
      "title": null
    },
    "Parameters": {
      "children": [
        {
          "data": {
            "desc": [
              {
                "data": {
                  "inline": [
                    {
                      "data": {
                        "value": "Array to be divided into sub-arrays."
                      },
                      "type": "Words"
                    }
                  ],
                  "inner": []
                },
                "type": "Paragraph"
              }
            ],
            "param": "ary",
            "type_": "ndarray"
          },
          "type": "Param"
        },
        {
          "data": {
            "desc": [
              {
                "data": {
                  "inline": [
                    {
                      "data": {
                        "value": "If "
                      },
                      "type": "Words"
                    },
                    {
                      "data": {
                        "exists": true,
                        "kind": "local",
                        "reference": {
                          "kind": "local",
                          "module": null,
                          "path": "indices_or_sections",
                          "version": null
                        },
                        "value": "indices_or_sections"
                      },
                      "type": "Link"
                    },
                    {
                      "data": {
                        "value": " is an integer, N, the array will be divided into N equal arrays along "
                      },
                      "type": "Words"
                    },
                    {
                      "data": {
                        "exists": true,
                        "kind": "local",
                        "reference": {
                          "kind": "local",
                          "module": null,
                          "path": "axis",
                          "version": null
                        },
                        "value": "axis"
                      },
                      "type": "Link"
                    },
                    {
                      "data": {
                        "value": ".  If such a split is not possible, an error is raised."
                      },
                      "type": "Words"
                    }
                  ],
                  "inner": []
                },
                "type": "Paragraph"
              },
              {
                "data": {
                  "inline": [
                    {
                      "data": {
                        "value": "If "
                      },
                      "type": "Words"
                    },
                    {
                      "data": {
                        "exists": true,
                        "kind": "local",
                        "reference": {
                          "kind": "local",
                          "module": null,
                          "path": "indices_or_sections",
                          "version": null
                        },
                        "value": "indices_or_sections"
                      },
                      "type": "Link"
                    },
                    {
                      "data": {
                        "value": " is a 1-D array of sorted integers, the entries indicate where along "
                      },
                      "type": "Words"
                    },
                    {
                      "data": {
                        "exists": true,
                        "kind": "local",
                        "reference": {
                          "kind": "local",
                          "module": null,
                          "path": "axis",
                          "version": null
                        },
                        "value": "axis"
                      },
                      "type": "Link"
                    },
                    {
                      "data": {
                        "value": " the array is split.  For example, "
                      },
                      "type": "Words"
                    },
                    {
                      "data": {
                        "value": [
                          "[2, 3]"
                        ]
                      },
                      "type": "Verbatim"
                    },
                    {
                      "data": {
                        "value": " would, for "
                      },
                      "type": "Words"
                    },
                    {
                      "data": {
                        "value": [
                          "axis=0"
                        ]
                      },
                      "type": "Verbatim"
                    },
                    {
                      "data": {
                        "value": ", result in"
                      },
                      "type": "Words"
                    }
                  ],
                  "inner": []
                },
                "type": "Paragraph"
              },
              {
                "data": {
                  "value": [
                    "- ary[:2]",
                    "- ary[2:3]",
                    "- ary[3:]"
                  ]
                },
                "type": "BlockQuote"
              },
              {
                "data": {
                  "inline": [
                    {
                      "data": {
                        "value": "If an index exceeds the dimension of the array along "
                      },
                      "type": "Words"
                    },
                    {
                      "data": {
                        "exists": true,
                        "kind": "local",
                        "reference": {
                          "kind": "local",
                          "module": null,
                          "path": "axis",
                          "version": null
                        },
                        "value": "axis"
                      },
                      "type": "Link"
                    },
                    {
                      "data": {
                        "value": ", an empty sub-array is returned correspondingly."
                      },
                      "type": "Words"
                    }
                  ],
                  "inner": []
                },
                "type": "Paragraph"
              }
            ],
            "param": "indices_or_sections",
            "type_": "int or 1-D array"
          },
          "type": "Param"
        },
        {
          "data": {
            "desc": [
              {
                "data": {
                  "inline": [
                    {
                      "data": {
                        "value": "The axis along which to split, default is 0."
                      },
                      "type": "Words"
                    }
                  ],
                  "inner": []
                },
                "type": "Paragraph"
              }
            ],
            "param": "axis",
            "type_": "int, optional"
          },
          "type": "Param"
        }
      ],
      "title": null
    },
    "Raises": {
      "children": [
        {
          "data": {
            "desc": [
              {
                "data": {
                  "inline": [
                    {
                      "data": {
                        "value": "If "
                      },
                      "type": "Words"
                    },
                    {
                      "data": {
                        "exists": true,
                        "kind": "local",
                        "reference": {
                          "kind": "local",
                          "module": null,
                          "path": "indices_or_sections",
                          "version": null
                        },
                        "value": "indices_or_sections"
                      },
                      "type": "Link"
                    },
                    {
                      "data": {
                        "value": " is given as an integer, but a split does not result in equal division."
                      },
                      "type": "Words"
                    }
                  ],
                  "inner": []
                },
                "type": "Paragraph"
              }
            ],
            "param": "",
            "type_": "ValueError"
          },
          "type": "Param"
        }
      ],
      "title": null
    },
    "Receives": {
      "children": [],
      "title": null
    },
    "Returns": {
      "children": [
        {
          "data": {
            "desc": [
              {
                "data": {
                  "inline": [
                    {
                      "data": {
                        "value": "A list of sub-arrays as views into "
                      },
                      "type": "Words"
                    },
                    {
                      "data": {
                        "exists": true,
                        "kind": "local",
                        "reference": {
                          "kind": "local",
                          "module": null,
                          "path": "ary",
                          "version": null
                        },
                        "value": "ary"
                      },
                      "type": "Link"
                    },
                    {
                      "data": {
                        "value": "."
                      },
                      "type": "Words"
                    }
                  ],
                  "inner": []
                },
                "type": "Paragraph"
              }
            ],
            "param": "sub-arrays",
            "type_": "list of ndarrays"
          },
          "type": "Param"
        }
      ],
      "title": null
    },
    "Summary": {
      "children": [
        {
          "data": {
            "inline": [
              {
                "data": {
                  "value": "Split an array into multiple sub-arrays as views into "
                },
                "type": "Words"
              },
              {
                "data": {
                  "exists": true,
                  "kind": "local",
                  "reference": {
                    "kind": "local",
                    "module": null,
                    "path": "ary",
                    "version": null
                  },
                  "value": "ary"
                },
                "type": "Link"
              },
              {
                "data": {
                  "value": "."
                },
                "type": "Words"
              }
            ],
            "inner": []
          },
          "type": "Paragraph"
        }
      ],
      "title": null
    },
    "Warnings": {
      "children": [],
      "title": null
    },
    "Warns": {
      "children": [],
      "title": null
    },
    "Yields": {
      "children": [],
      "title": null
    }
  },
  "aliases": [
    "numpy.split"
  ],
  "arbitrary": [],
  "example_section_data": {
    "children": [
      {
        "data": {
          "ce_status": "execed",
          "entries": [
            [
              "x",
              "numpy.ndarray",
              ""
            ],
            [
              " ",
              "",
              ""
            ],
            [
              "=",
              "",
              "o"
            ],
            [
              " ",
              "",
              ""
            ],
            [
              "np",
              "numpy",
              ""
            ],
            [
              ".",
              "",
              "o"
            ],
            [
              "arange",
              "numpy.arange",
              ""
            ],
            [
              "(",
              "",
              ""
            ],
            [
              "9.0",
              "",
              "mf"
            ],
            [
              ")",
              "",
              ""
            ],
            [
              "\n",
              "",
              ""
            ],
            [
              "np",
              "numpy",
              ""
            ],
            [
              ".",
              "",
              "o"
            ],
            [
              "split",
              "numpy.split",
              ""
            ],
            [
              "(",
              "",
              ""
            ],
            [
              "x",
              "numpy.ndarray",
              ""
            ],
            [
              ",",
              "",
              ""
            ],
            [
              " ",
              "",
              ""
            ],
            [
              "3",
              "",
              "mi"
            ],
            [
              ")",
              "",
              ""
            ]
          ],
          "out": "[array([0.,  1.,  2.]), array([3.,  4.,  5.]), array([6.,  7.,  8.])]"
        },
        "type": "Code"
      },
      {
        "data": {
          "ce_status": "execed",
          "entries": [
            [
              "x",
              "numpy.ndarray",
              ""
            ],
            [
              " ",
              "",
              ""
            ],
            [
              "=",
              "",
              "o"
            ],
            [
              " ",
              "",
              ""
            ],
            [
              "np",
              "numpy",
              ""
            ],
            [
              ".",
              "",
              "o"
            ],
            [
              "arange",
              "numpy.arange",
              ""
            ],
            [
              "(",
              "",
              ""
            ],
            [
              "8.0",
              "",
              "mf"
            ],
            [
              ")",
              "",
              ""
            ],
            [
              "\n",
              "",
              ""
            ],
            [
              "np",
              "numpy",
              ""
            ],
            [
              ".",
              "",
              "o"
            ],
            [
              "split",
              "numpy.split",
              ""
            ],
            [
              "(",
              "",
              ""
            ],
            [
              "x",
              "numpy.ndarray",
              ""
            ],
            [
              ",",
              "",
              ""
            ],
            [
              " ",
              "",
              ""
            ],
            [
              "[",
              "",
              ""
            ],
            [
              "3",
              "",
              "mi"
            ],
            [
              ",",
              "",
              ""
            ],
            [
              " ",
              "",
              ""
            ],
            [
              "5",
              "",
              "mi"
            ],
            [
              ",",
              "",
              ""
            ],
            [
              " ",
              "",
              ""
            ],
            [
              "6",
              "",
              "mi"
            ],
            [
              ",",
              "",
              ""
            ],
            [
              " ",
              "",
              ""
            ],
            [
              "10",
              "",
              "mi"
            ],
            [
              "]",
              "",
              ""
            ],
            [
              ")",
              "",
              ""
            ]
          ],
          "out": "[array([0.,  1.,  2.]),\n array([3.,  4.]),\n array([5.]),\n array([6.,  7.]),\n array([], dtype=float64)]"
        },
        "type": "Code"
      }
    ],
    "title": null
  },
  "item_file": "/numpy/lib/shape_base.py",
  "item_line": 799,
  "item_type": "<class 'function'>",
  "ordered_sections": [
    "Summary",
    "Parameters",
    "Returns",
    "Raises",
    "See Also",
    "Examples"
  ],
  "references": null,
  "refs": [
    "array_split",
    "concatenate",
    "dsplit",
    "dstack",
    "hsplit",
    "hstack",
    "numpy",
    "numpy.arange",
    "numpy.ndarray",
    "numpy.split",
    "stack",
    "vsplit",
    "vstack"
  ],
  "see_also": [
    {
      "descriptions": [
        {
          "inline": [
            {
              "data": {
                "value": "Split an array into multiple sub-arrays of equal or near-equal size.  Does not raise an exception if an equal division cannot be made."
              },
              "type": "Words"
            }
          ],
          "inner": []
        }
      ],
      "name": {
        "exists": true,
        "name": "array_split",
        "ref": "numpy.array_split"
      },
      "type": null
    },
    {
      "descriptions": [
        {
          "inline": [
            {
              "data": {
                "value": "Split array into multiple sub-arrays horizontally (column-wise)."
              },
              "type": "Words"
            }
          ],
          "inner": []
        }
      ],
      "name": {
        "exists": true,
        "name": "hsplit",
        "ref": "numpy.hsplit"
      },
      "type": null
    },
    {
      "descriptions": [
        {
          "inline": [
            {
              "data": {
                "value": "Split array into multiple sub-arrays vertically (row wise)."
              },
              "type": "Words"
            }
          ],
          "inner": []
        }
      ],
      "name": {
        "exists": true,
        "name": "vsplit",
        "ref": "numpy.vsplit"
      },
      "type": null
    },
    {
      "descriptions": [
        {
          "inline": [
            {
              "data": {
                "value": "Split array into multiple sub-arrays along the 3rd axis (depth)."
              },
              "type": "Words"
            }
          ],
          "inner": []
        }
      ],
      "name": {
        "exists": true,
        "name": "dsplit",
        "ref": "numpy.dsplit"
      },
      "type": null
    },
    {
      "descriptions": [
        {
          "inline": [
            {
              "data": {
                "value": "Join a sequence of arrays along an existing axis."
              },
              "type": "Words"
            }
          ],
          "inner": []
        }
      ],
      "name": {
        "exists": true,
        "name": "concatenate",
        "ref": "numpy.concatenate"
      },
      "type": null
    },
    {
      "descriptions": [
        {
          "inline": [
            {
              "data": {
                "value": "Join a sequence of arrays along a new axis."
              },
              "type": "Words"
            }
          ],
          "inner": []
        }
      ],
      "name": {
        "exists": true,
        "name": "stack",
        "ref": "numpy.stack"
      },
      "type": null
    },
    {
      "descriptions": [
        {
          "inline": [
            {
              "data": {
                "value": "Stack arrays in sequence horizontally (column wise)."
              },
              "type": "Words"
            }
          ],
          "inner": []
        }
      ],
      "name": {
        "exists": true,
        "name": "hstack",
        "ref": "numpy.hstack"
      },
      "type": null
    },
    {
      "descriptions": [
        {
          "inline": [
            {
              "data": {
                "value": "Stack arrays in sequence vertically (row wise)."
              },
              "type": "Words"
            }
          ],
          "inner": []
        }
      ],
      "name": {
        "exists": true,
        "name": "vstack",
        "ref": "numpy.vstack"
      },
      "type": null
    },
    {
      "descriptions": [
        {
          "inline": [
            {
              "data": {
                "value": "Stack arrays in sequence depth wise (along third dimension)."
              },
              "type": "Words"
            }
          ],
          "inner": []
        }
      ],
      "name": {
        "exists": true,
        "name": "dstack",
        "ref": "numpy.dstack"
      },
      "type": null
    }
  ],
  "signature": {
    "value": "split(ary, indices_or_sections, axis=0)"
  }
}