{
  "_content": {
    "Attributes": {
      "children": [],
      "title": null
    },
    "Extended Summary": {
      "children": [],
      "title": null
    },
    "Methods": {
      "children": [],
      "title": null
    },
    "Notes": {
      "children": [],
      "title": null
    },
    "Other Parameters": {
      "children": [],
      "title": null
    },
    "Parameters": {
      "children": [
        {
          "data": {
            "desc": [
              {
                "data": {
                  "inline": [
                    {
                      "data": {
                        "value": "Input data, in any form that can be converted to an array.  This includes lists, lists of tuples, tuples, tuples of tuples, tuples of lists and ndarrays.  Success requires no NaNs or Infs."
                      },
                      "type": "Words"
                    }
                  ],
                  "inner": []
                },
                "type": "Paragraph"
              }
            ],
            "param": "a",
            "type_": "array_like"
          },
          "type": "Param"
        },
        {
          "data": {
            "desc": [
              {
                "data": {
                  "inline": [
                    {
                      "data": {
                        "value": "By default, the data-type is inferred from the input data."
                      },
                      "type": "Words"
                    }
                  ],
                  "inner": []
                },
                "type": "Paragraph"
              }
            ],
            "param": "dtype",
            "type_": "data-type, optional"
          },
          "type": "Param"
        },
        {
          "data": {
            "desc": [
              {
                "data": {
                  "inline": [
                    {
                      "data": {
                        "value": "Memory layout.  'A' and 'K' depend on the order of input array a. 'C' row-major (C-style), 'F' column-major (Fortran-style) memory representation. 'A' (any) means 'F' if "
                      },
                      "type": "Words"
                    },
                    {
                      "data": {
                        "exists": true,
                        "kind": "local",
                        "reference": {
                          "kind": "local",
                          "module": null,
                          "path": "a",
                          "version": null
                        },
                        "value": "a"
                      },
                      "type": "Link"
                    },
                    {
                      "data": {
                        "value": " is Fortran contiguous, 'C' otherwise 'K' (keep) preserve input order Defaults to 'C'."
                      },
                      "type": "Words"
                    }
                  ],
                  "inner": []
                },
                "type": "Paragraph"
              }
            ],
            "param": "order",
            "type_": "{'C', 'F', 'A', 'K'}, optional"
          },
          "type": "Param"
        }
      ],
      "title": null
    },
    "Raises": {
      "children": [
        {
          "data": {
            "desc": [
              {
                "data": {
                  "inline": [
                    {
                      "data": {
                        "value": "Raises ValueError if "
                      },
                      "type": "Words"
                    },
                    {
                      "data": {
                        "exists": true,
                        "kind": "local",
                        "reference": {
                          "kind": "local",
                          "module": null,
                          "path": "a",
                          "version": null
                        },
                        "value": "a"
                      },
                      "type": "Link"
                    },
                    {
                      "data": {
                        "value": " contains NaN (Not a Number) or Inf (Infinity)."
                      },
                      "type": "Words"
                    }
                  ],
                  "inner": []
                },
                "type": "Paragraph"
              }
            ],
            "param": "",
            "type_": "ValueError"
          },
          "type": "Param"
        }
      ],
      "title": null
    },
    "Receives": {
      "children": [],
      "title": null
    },
    "Returns": {
      "children": [
        {
          "data": {
            "desc": [
              {
                "data": {
                  "inline": [
                    {
                      "data": {
                        "value": "Array interpretation of "
                      },
                      "type": "Words"
                    },
                    {
                      "data": {
                        "exists": true,
                        "kind": "local",
                        "reference": {
                          "kind": "local",
                          "module": null,
                          "path": "a",
                          "version": null
                        },
                        "value": "a"
                      },
                      "type": "Link"
                    },
                    {
                      "data": {
                        "value": ".  No copy is performed if the input is already an ndarray.  If "
                      },
                      "type": "Words"
                    },
                    {
                      "data": {
                        "exists": true,
                        "kind": "local",
                        "reference": {
                          "kind": "local",
                          "module": null,
                          "path": "a",
                          "version": null
                        },
                        "value": "a"
                      },
                      "type": "Link"
                    },
                    {
                      "data": {
                        "value": " is a subclass of ndarray, a base class ndarray is returned."
                      },
                      "type": "Words"
                    }
                  ],
                  "inner": []
                },
                "type": "Paragraph"
              }
            ],
            "param": "out",
            "type_": "ndarray"
          },
          "type": "Param"
        }
      ],
      "title": null
    },
    "Summary": {
      "children": [
        {
          "data": {
            "inline": [
              {
                "data": {
                  "value": "Convert the input to an array, checking for NaNs or Infs."
                },
                "type": "Words"
              }
            ],
            "inner": []
          },
          "type": "Paragraph"
        }
      ],
      "title": null
    },
    "Warnings": {
      "children": [],
      "title": null
    },
    "Warns": {
      "children": [],
      "title": null
    },
    "Yields": {
      "children": [],
      "title": null
    }
  },
  "aliases": [
    "numpy.asarray_chkfinite"
  ],
  "arbitrary": [],
  "example_section_data": {
    "children": [
      {
        "data": {
          "inline": [
            {
              "data": {
                "value": "Convert a list into an array.  If all elements are finite "
              },
              "type": "Words"
            },
            {
              "data": {
                "value": [
                  "asarray_chkfinite"
                ]
              },
              "type": "Verbatim"
            },
            {
              "data": {
                "value": " is identical to "
              },
              "type": "Words"
            },
            {
              "data": {
                "value": [
                  "asarray"
                ]
              },
              "type": "Verbatim"
            },
            {
              "data": {
                "value": "."
              },
              "type": "Words"
            }
          ],
          "inner": []
        },
        "type": "Paragraph"
      },
      {
        "data": {
          "ce_status": "execed",
          "entries": [
            [
              "a",
              "builtins.list",
              ""
            ],
            [
              " ",
              "",
              ""
            ],
            [
              "=",
              "",
              "o"
            ],
            [
              " ",
              "",
              ""
            ],
            [
              "[",
              "",
              ""
            ],
            [
              "1",
              "",
              "mi"
            ],
            [
              ",",
              "",
              ""
            ],
            [
              " ",
              "",
              ""
            ],
            [
              "2",
              "",
              "mi"
            ],
            [
              "]",
              "",
              ""
            ],
            [
              "\n",
              "",
              ""
            ],
            [
              "np",
              "numpy",
              ""
            ],
            [
              ".",
              "",
              "o"
            ],
            [
              "asarray_chkfinite",
              "numpy.asarray_chkfinite",
              ""
            ],
            [
              "(",
              "",
              ""
            ],
            [
              "a",
              "builtins.list",
              ""
            ],
            [
              ",",
              "",
              ""
            ],
            [
              " ",
              "",
              ""
            ],
            [
              "dtype",
              null,
              ""
            ],
            [
              "=",
              "",
              "o"
            ],
            [
              "float",
              "builtins.float",
              "nb"
            ],
            [
              ")",
              "",
              ""
            ]
          ],
          "out": "array([1., 2.])"
        },
        "type": "Code"
      },
      {
        "data": {
          "inline": [
            {
              "data": {
                "value": "Raises ValueError if array_like contains Nans or Infs."
              },
              "type": "Words"
            }
          ],
          "inner": []
        },
        "type": "Paragraph"
      },
      {
        "data": {
          "ce_status": "execed",
          "entries": [
            [
              "a",
              "builtins.list",
              ""
            ],
            [
              " ",
              "",
              ""
            ],
            [
              "=",
              "",
              "o"
            ],
            [
              " ",
              "",
              ""
            ],
            [
              "[",
              "",
              ""
            ],
            [
              "1",
              "",
              "mi"
            ],
            [
              ",",
              "",
              ""
            ],
            [
              " ",
              "",
              ""
            ],
            [
              "2",
              "",
              "mi"
            ],
            [
              ",",
              "",
              ""
            ],
            [
              " ",
              "",
              ""
            ],
            [
              "np",
              "numpy",
              ""
            ],
            [
              ".",
              "",
              "o"
            ],
            [
              "inf",
              "builtins.float",
              ""
            ],
            [
              "]",
              "",
              ""
            ],
            [
              "\n",
              "",
              ""
            ],
            [
              "try",
              null,
              "k"
            ],
            [
              ":",
              "",
              ""
            ],
            [
              "\n",
              "",
              ""
            ],
            [
              "    ",
              "",
              ""
            ],
            [
              "np",
              "numpy",
              ""
            ],
            [
              ".",
              "",
              "o"
            ],
            [
              "asarray_chkfinite",
              "numpy.asarray_chkfinite",
              ""
            ],
            [
              "(",
              "",
              ""
            ],
            [
              "a",
              "builtins.list",
              ""
            ],
            [
              ")",
              "",
              ""
            ],
            [
              "\n",
              "",
              ""
            ],
            [
              "except",
              null,
              "k"
            ],
            [
              " ",
              "",
              ""
            ],
            [
              "ValueError",
              "builtins.ValueError",
              "ne"
            ],
            [
              ":",
              "",
              ""
            ],
            [
              "\n",
              "",
              ""
            ],
            [
              "    ",
              "",
              ""
            ],
            [
              "print",
              "builtins.print",
              "nb"
            ],
            [
              "(",
              "",
              ""
            ],
            [
              "'",
              "",
              "s1"
            ],
            [
              "ValueError",
              null,
              "s1"
            ],
            [
              "'",
              "",
              "s1"
            ],
            [
              ")",
              "",
              ""
            ]
          ],
          "out": "...\nValueError"
        },
        "type": "Code"
      }
    ],
    "title": null
  },
  "item_file": "/numpy/lib/function_base.py",
  "item_line": 537,
  "item_type": "<class 'function'>",
  "ordered_sections": [
    "Summary",
    "Parameters",
    "Returns",
    "Raises",
    "See Also",
    "Examples"
  ],
  "references": null,
  "refs": [
    "asanyarray",
    "asarray",
    "ascontiguousarray",
    "asfarray",
    "asfortranarray",
    "builtins.ValueError",
    "builtins.float",
    "builtins.list",
    "builtins.print",
    "fromfunction",
    "fromiter",
    "numpy",
    "numpy.asarray_chkfinite"
  ],
  "see_also": [
    {
      "descriptions": [
        {
          "inline": [
            {
              "data": {
                "value": "Create and array."
              },
              "type": "Words"
            }
          ],
          "inner": []
        }
      ],
      "name": {
        "exists": true,
        "name": "asarray",
        "ref": "numpy.asarray"
      },
      "type": null
    },
    {
      "descriptions": [
        {
          "inline": [
            {
              "data": {
                "value": "Similar function which passes through subclasses."
              },
              "type": "Words"
            }
          ],
          "inner": []
        }
      ],
      "name": {
        "exists": true,
        "name": "asanyarray",
        "ref": "numpy.asanyarray"
      },
      "type": null
    },
    {
      "descriptions": [
        {
          "inline": [
            {
              "data": {
                "value": "Convert input to a contiguous array."
              },
              "type": "Words"
            }
          ],
          "inner": []
        }
      ],
      "name": {
        "exists": true,
        "name": "ascontiguousarray",
        "ref": "numpy.ascontiguousarray"
      },
      "type": null
    },
    {
      "descriptions": [
        {
          "inline": [
            {
              "data": {
                "value": "Convert input to a floating point ndarray."
              },
              "type": "Words"
            }
          ],
          "inner": []
        }
      ],
      "name": {
        "exists": true,
        "name": "asfarray",
        "ref": "numpy.asfarray"
      },
      "type": null
    },
    {
      "descriptions": [
        {
          "inline": [
            {
              "data": {
                "value": "Convert input to an ndarray with column-major memory order."
              },
              "type": "Words"
            }
          ],
          "inner": []
        }
      ],
      "name": {
        "exists": true,
        "name": "asfortranarray",
        "ref": "numpy.asfortranarray"
      },
      "type": null
    },
    {
      "descriptions": [
        {
          "inline": [
            {
              "data": {
                "value": "Create an array from an iterator."
              },
              "type": "Words"
            }
          ],
          "inner": []
        }
      ],
      "name": {
        "exists": true,
        "name": "fromiter",
        "ref": "numpy.fromiter"
      },
      "type": null
    },
    {
      "descriptions": [
        {
          "inline": [
            {
              "data": {
                "value": "Construct an array by executing a function on grid positions."
              },
              "type": "Words"
            }
          ],
          "inner": []
        }
      ],
      "name": {
        "exists": true,
        "name": "fromfunction",
        "ref": "numpy.fromfunction"
      },
      "type": null
    }
  ],
  "signature": {
    "value": "asarray_chkfinite(a, dtype=None, order=None)"
  }
}