{
  "_content": {
    "Attributes": {
      "children": [],
      "title": null
    },
    "Extended Summary": {
      "children": [
        {
          "data": {
            "children": [
              {
                "body": [
                  {
                    "data": {
                      "inline": [
                        {
                          "data": {
                            "value": [
                              "'f'"
                            ]
                          },
                          "type": "Verbatim"
                        }
                      ],
                      "inner": []
                    },
                    "type": "Paragraph"
                  }
                ],
                "name": [
                  {
                    "data": {
                      "value": "Charactercode"
                    },
                    "type": "Words"
                  }
                ]
              },
              {
                "body": [
                  {
                    "data": {
                      "inline": [
                        {
                          "data": {
                            "exists": true,
                            "kind": "module",
                            "reference": {
                              "kind": "api",
                              "module": "numpy",
                              "path": "numpy.float32",
                              "version": "*"
                            },
                            "value": "numpy.single"
                          },
                          "type": "Link"
                        }
                      ],
                      "inner": []
                    },
                    "type": "Paragraph"
                  }
                ],
                "name": [
                  {
                    "data": {
                      "value": "Canonicalname"
                    },
                    "type": "Words"
                  }
                ]
              },
              {
                "body": [
                  {
                    "data": {
                      "inline": [
                        {
                          "data": {
                            "exists": true,
                            "kind": "module",
                            "reference": {
                              "kind": "module",
                              "module": "numpy",
                              "path": "numpy.float32",
                              "version": "1.22.3"
                            },
                            "value": "numpy.float32"
                          },
                          "type": "Link"
                        },
                        {
                          "data": {
                            "value": ": 32-bit-precision floating-point number type: sign bit, 8 bits exponent, 23 bits mantissa."
                          },
                          "type": "Words"
                        }
                      ],
                      "inner": []
                    },
                    "type": "Paragraph"
                  }
                ],
                "name": [
                  {
                    "data": {
                      "value": "Aliasonthisplatform(Darwinarm64)"
                    },
                    "type": "Words"
                  }
                ]
              }
            ]
          },
          "type": "FieldList"
        }
      ],
      "title": null
    },
    "Methods": {
      "children": [],
      "title": null
    },
    "Notes": {
      "children": [],
      "title": null
    },
    "Other Parameters": {
      "children": [],
      "title": null
    },
    "Parameters": {
      "children": [],
      "title": null
    },
    "Raises": {
      "children": [],
      "title": null
    },
    "Receives": {
      "children": [],
      "title": null
    },
    "Returns": {
      "children": [],
      "title": null
    },
    "Summary": {
      "children": [
        {
          "data": {
            "inline": [
              {
                "data": {
                  "value": "Single-precision floating-point number type, compatible with C "
                },
                "type": "Words"
              },
              {
                "data": {
                  "value": [
                    "float"
                  ]
                },
                "type": "Verbatim"
              },
              {
                "data": {
                  "value": "."
                },
                "type": "Words"
              }
            ],
            "inner": []
          },
          "type": "Paragraph"
        }
      ],
      "title": null
    },
    "Warnings": {
      "children": [],
      "title": null
    },
    "Warns": {
      "children": [],
      "title": null
    },
    "Yields": {
      "children": [],
      "title": null
    }
  },
  "aliases": [
    "numpy.float32"
  ],
  "arbitrary": [],
  "example_section_data": {
    "children": [],
    "title": null
  },
  "item_file": "/numpy/__init__.py",
  "item_line": null,
  "item_type": "<class 'type'>",
  "ordered_sections": [
    "Summary",
    "Extended Summary"
  ],
  "references": null,
  "refs": [],
  "see_also": [],
  "signature": {
    "value": null
  }
}