{
  "_content": {
    "Attributes": {
      "children": [],
      "title": null
    },
    "Extended Summary": {
      "children": [
        {
          "data": {
            "children": [
              {
                "data": {
                  "value": "Each row in the text file must have the same number of values."
                },
                "type": "Words"
              }
            ]
          },
          "type": "Paragraph"
        }
      ],
      "title": null
    },
    "Methods": {
      "children": [],
      "title": null
    },
    "Notes": {
      "children": [
        {
          "data": {
            "children": [
              {
                "data": {
                  "value": "This function aims to be a fast reader for simply formatted files.  The "
                },
                "type": "Words"
              },
              {
                "data": {
                  "exists": true,
                  "kind": "module",
                  "reference": {
                    "kind": "module",
                    "module": "numpy",
                    "path": "numpy.genfromtxt",
                    "version": "1.22.3"
                  },
                  "value": "genfromtxt"
                },
                "type": "Link"
              },
              {
                "data": {
                  "value": " function provides more sophisticated handling of, e.g., lines with missing values."
                },
                "type": "Words"
              }
            ]
          },
          "type": "Paragraph"
        },
        {
          "data": {
            "children": [],
            "kind": "versionadded",
            "title": "1.10.0"
          },
          "type": "Admonition"
        },
        {
          "data": {
            "children": [
              {
                "data": {
                  "value": "The strings produced by the Python float.hex method can be used as input for floats."
                },
                "type": "Words"
              }
            ]
          },
          "type": "Paragraph"
        }
      ],
      "title": null
    },
    "Other Parameters": {
      "children": [],
      "title": null
    },
    "Parameters": {
      "children": [
        {
          "data": {
            "desc": [
              {
                "data": {
                  "children": [
                    {
                      "data": {
                        "value": "File, filename, list, or generator to read.  If the filename extension is "
                      },
                      "type": "Words"
                    },
                    {
                      "data": {
                        "value": [
                          ".gz"
                        ]
                      },
                      "type": "Verbatim"
                    },
                    {
                      "data": {
                        "value": " or "
                      },
                      "type": "Words"
                    },
                    {
                      "data": {
                        "value": [
                          ".bz2"
                        ]
                      },
                      "type": "Verbatim"
                    },
                    {
                      "data": {
                        "value": ", the file is first decompressed. Note that generators must return bytes or strings. The strings in a list or produced by a generator are treated as lines."
                      },
                      "type": "Words"
                    }
                  ]
                },
                "type": "Paragraph"
              }
            ],
            "param": "fname",
            "type_": "file, str, pathlib.Path, list of str, generator"
          },
          "type": "Param"
        },
        {
          "data": {
            "desc": [
              {
                "data": {
                  "children": [
                    {
                      "data": {
                        "value": "Data-type of the resulting array; default: float.  If this is a structured data-type, the resulting array will be 1-dimensional, and each row will be interpreted as an element of the array.  In this case, the number of columns used must match the number of fields in the data-type."
                      },
                      "type": "Words"
                    }
                  ]
                },
                "type": "Paragraph"
              }
            ],
            "param": "dtype",
            "type_": "data-type, optional"
          },
          "type": "Param"
        },
        {
          "data": {
            "desc": [
              {
                "data": {
                  "children": [
                    {
                      "data": {
                        "value": "The characters or list of characters used to indicate the start of a comment. None implies no comments. For backwards compatibility, byte strings will be decoded as 'latin1'. The default is '#'."
                      },
                      "type": "Words"
                    }
                  ]
                },
                "type": "Paragraph"
              }
            ],
            "param": "comments",
            "type_": "str or sequence of str, optional"
          },
          "type": "Param"
        },
        {
          "data": {
            "desc": [
              {
                "data": {
                  "children": [
                    {
                      "data": {
                        "value": "The string used to separate values. For backwards compatibility, byte strings will be decoded as 'latin1'. The default is whitespace."
                      },
                      "type": "Words"
                    }
                  ]
                },
                "type": "Paragraph"
              }
            ],
            "param": "delimiter",
            "type_": "str, optional"
          },
          "type": "Param"
        },
        {
          "data": {
            "desc": [
              {
                "data": {
                  "children": [
                    {
                      "data": {
                        "value": "A dictionary mapping column number to a function that will parse the column string into the desired value.  E.g., if column 0 is a date string: "
                      },
                      "type": "Words"
                    },
                    {
                      "data": {
                        "value": [
                          "converters = {0: datestr2num}"
                        ]
                      },
                      "type": "Verbatim"
                    },
                    {
                      "data": {
                        "value": ".  Converters can also be used to provide a default value for missing data (but see also "
                      },
                      "type": "Words"
                    },
                    {
                      "data": {
                        "exists": true,
                        "kind": "module",
                        "reference": {
                          "kind": "module",
                          "module": "numpy",
                          "path": "numpy.genfromtxt",
                          "version": "1.22.3"
                        },
                        "value": "genfromtxt"
                      },
                      "type": "Link"
                    },
                    {
                      "data": {
                        "value": "): "
                      },
                      "type": "Words"
                    },
                    {
                      "data": {
                        "value": [
                          "converters = {3: lambda s: float(s.strip() or 0)}"
                        ]
                      },
                      "type": "Verbatim"
                    },
                    {
                      "data": {
                        "value": ". Default: None."
                      },
                      "type": "Words"
                    }
                  ]
                },
                "type": "Paragraph"
              }
            ],
            "param": "converters",
            "type_": "dict, optional"
          },
          "type": "Param"
        },
        {
          "data": {
            "desc": [
              {
                "data": {
                  "children": [
                    {
                      "data": {
                        "value": "Skip the first "
                      },
                      "type": "Words"
                    },
                    {
                      "data": {
                        "exists": true,
                        "kind": "local",
                        "reference": {
                          "kind": "local",
                          "module": null,
                          "path": "skiprows",
                          "version": null
                        },
                        "value": "skiprows"
                      },
                      "type": "Link"
                    },
                    {
                      "data": {
                        "value": " lines, including comments; default: 0."
                      },
                      "type": "Words"
                    }
                  ]
                },
                "type": "Paragraph"
              }
            ],
            "param": "skiprows",
            "type_": "int, optional"
          },
          "type": "Param"
        },
        {
          "data": {
            "desc": [
              {
                "data": {
                  "children": [
                    {
                      "data": {
                        "value": "Which columns to read, with 0 being the first. For example, "
                      },
                      "type": "Words"
                    },
                    {
                      "data": {
                        "value": [
                          "usecols = (1,4,5)"
                        ]
                      },
                      "type": "Verbatim"
                    },
                    {
                      "data": {
                        "value": " will extract the 2nd, 5th and 6th columns. The default, None, results in all columns being read."
                      },
                      "type": "Words"
                    }
                  ]
                },
                "type": "Paragraph"
              },
              {
                "data": {
                  "children": [
                    {
                      "data": {
                        "children": [
                          {
                            "data": {
                              "value": "When a single column has to be read it is possible to use an integer instead of a tuple. E.g "
                            },
                            "type": "Words"
                          },
                          {
                            "data": {
                              "value": [
                                "usecols = 3"
                              ]
                            },
                            "type": "Verbatim"
                          },
                          {
                            "data": {
                              "value": " reads the fourth column the same way as "
                            },
                            "type": "Words"
                          },
                          {
                            "data": {
                              "value": [
                                "usecols = (3,)"
                              ]
                            },
                            "type": "Verbatim"
                          },
                          {
                            "data": {
                              "value": " would."
                            },
                            "type": "Words"
                          }
                        ]
                      },
                      "type": "Paragraph"
                    }
                  ],
                  "kind": "versionchanged",
                  "title": "1.11.0"
                },
                "type": "Admonition"
              }
            ],
            "param": "usecols",
            "type_": "int or sequence, optional"
          },
          "type": "Param"
        },
        {
          "data": {
            "desc": [
              {
                "data": {
                  "children": [
                    {
                      "data": {
                        "value": "If True, the returned array is transposed, so that arguments may be unpacked using "
                      },
                      "type": "Words"
                    },
                    {
                      "data": {
                        "value": [
                          "x, y, z = loadtxt(...)"
                        ]
                      },
                      "type": "Verbatim"
                    },
                    {
                      "data": {
                        "value": ".  When used with a structured data-type, arrays are returned for each field. Default is False."
                      },
                      "type": "Words"
                    }
                  ]
                },
                "type": "Paragraph"
              }
            ],
            "param": "unpack",
            "type_": "bool, optional"
          },
          "type": "Param"
        },
        {
          "data": {
            "desc": [
              {
                "data": {
                  "children": [
                    {
                      "data": {
                        "value": "The returned array will have at least "
                      },
                      "type": "Words"
                    },
                    {
                      "data": {
                        "exists": true,
                        "kind": "local",
                        "reference": {
                          "kind": "local",
                          "module": null,
                          "path": "ndmin",
                          "version": null
                        },
                        "value": "ndmin"
                      },
                      "type": "Link"
                    },
                    {
                      "data": {
                        "value": " dimensions. Otherwise mono-dimensional axes will be squeezed. Legal values: 0 (default), 1 or 2."
                      },
                      "type": "Words"
                    }
                  ]
                },
                "type": "Paragraph"
              },
              {
                "data": {
                  "children": [],
                  "kind": "versionadded",
                  "title": "1.6.0"
                },
                "type": "Admonition"
              }
            ],
            "param": "ndmin",
            "type_": "int, optional"
          },
          "type": "Param"
        },
        {
          "data": {
            "desc": [
              {
                "data": {
                  "children": [
                    {
                      "data": {
                        "value": "Encoding used to decode the inputfile. Does not apply to input streams. The special value 'bytes' enables backward compatibility workarounds that ensures you receive byte arrays as results if possible and passes 'latin1' encoded strings to converters. Override this value to receive unicode arrays and pass strings as input to converters.  If set to None the system default is used. The default value is 'bytes'."
                      },
                      "type": "Words"
                    }
                  ]
                },
                "type": "Paragraph"
              },
              {
                "data": {
                  "children": [],
                  "kind": "versionadded",
                  "title": "1.14.0"
                },
                "type": "Admonition"
              }
            ],
            "param": "encoding",
            "type_": "str, optional"
          },
          "type": "Param"
        },
        {
          "data": {
            "desc": [
              {
                "data": {
                  "children": [
                    {
                      "data": {
                        "value": "Read "
                      },
                      "type": "Words"
                    },
                    {
                      "data": {
                        "exists": true,
                        "kind": "local",
                        "reference": {
                          "kind": "local",
                          "module": null,
                          "path": "max_rows",
                          "version": null
                        },
                        "value": "max_rows"
                      },
                      "type": "Link"
                    },
                    {
                      "data": {
                        "value": " lines of content after "
                      },
                      "type": "Words"
                    },
                    {
                      "data": {
                        "exists": true,
                        "kind": "local",
                        "reference": {
                          "kind": "local",
                          "module": null,
                          "path": "skiprows",
                          "version": null
                        },
                        "value": "skiprows"
                      },
                      "type": "Link"
                    },
                    {
                      "data": {
                        "value": " lines. The default is to read all the lines."
                      },
                      "type": "Words"
                    }
                  ]
                },
                "type": "Paragraph"
              },
              {
                "data": {
                  "children": [],
                  "kind": "versionadded",
                  "title": "1.16.0"
                },
                "type": "Admonition"
              }
            ],
            "param": "max_rows",
            "type_": "int, optional"
          },
          "type": "Param"
        },
        {
          "data": {
            "desc": [
              {
                "data": {
                  "children": [
                    {
                      "data": {
                        "value": "Reference object to allow the creation of arrays which are not NumPy arrays. If an array-like passed in as "
                      },
                      "type": "Words"
                    },
                    {
                      "data": {
                        "value": [
                          "like"
                        ]
                      },
                      "type": "Verbatim"
                    },
                    {
                      "data": {
                        "value": " supports the "
                      },
                      "type": "Words"
                    },
                    {
                      "data": {
                        "value": [
                          "__array_function__"
                        ]
                      },
                      "type": "Verbatim"
                    },
                    {
                      "data": {
                        "value": " protocol, the result will be defined by it. In this case, it ensures the creation of an array object compatible with that passed in via this argument."
                      },
                      "type": "Words"
                    }
                  ]
                },
                "type": "Paragraph"
              },
              {
                "data": {
                  "children": [],
                  "kind": "versionadded",
                  "title": "1.20.0"
                },
                "type": "Admonition"
              }
            ],
            "param": "like",
            "type_": "array_like"
          },
          "type": "Param"
        }
      ],
      "title": null
    },
    "Raises": {
      "children": [],
      "title": null
    },
    "Receives": {
      "children": [],
      "title": null
    },
    "Returns": {
      "children": [
        {
          "data": {
            "desc": [
              {
                "data": {
                  "children": [
                    {
                      "data": {
                        "value": "Data read from the text file."
                      },
                      "type": "Words"
                    }
                  ]
                },
                "type": "Paragraph"
              }
            ],
            "param": "out",
            "type_": "ndarray"
          },
          "type": "Param"
        }
      ],
      "title": null
    },
    "Summary": {
      "children": [
        {
          "data": {
            "children": [
              {
                "data": {
                  "value": "Load data from a text file."
                },
                "type": "Words"
              }
            ]
          },
          "type": "Paragraph"
        }
      ],
      "title": null
    },
    "Warnings": {
      "children": [],
      "title": null
    },
    "Warns": {
      "children": [],
      "title": null
    },
    "Yields": {
      "children": [],
      "title": null
    }
  },
  "aliases": [
    "numpy.loadtxt",
    "numpy.lib.npyio._loadtxt_with_like",
    "numpy.lib.npyio.loadtxt"
  ],
  "arbitrary": [],
  "example_section_data": {
    "children": [
      {
        "data": {
          "ce_status": "execed",
          "entries": [
            [
              "from",
              null,
              "kn"
            ],
            [
              " ",
              "",
              ""
            ],
            [
              "io",
              "io",
              "nn"
            ],
            [
              " ",
              "",
              ""
            ],
            [
              "import",
              null,
              "kn"
            ],
            [
              " ",
              "",
              ""
            ],
            [
              "StringIO",
              "io.StringIO",
              ""
            ],
            [
              "   ",
              "",
              ""
            ],
            [
              "# StringIO behaves like a file object",
              "",
              "c1"
            ],
            [
              "\n",
              "",
              ""
            ],
            [
              "c",
              "io.StringIO",
              ""
            ],
            [
              " ",
              "",
              ""
            ],
            [
              "=",
              "",
              "o"
            ],
            [
              " ",
              "",
              ""
            ],
            [
              "StringIO",
              "io.StringIO",
              ""
            ],
            [
              "(",
              "",
              ""
            ],
            [
              "\"",
              "",
              "s2"
            ],
            [
              "0 1",
              "",
              "s2"
            ],
            [
              "\\n",
              "",
              "se"
            ],
            [
              "2 3",
              "",
              "s2"
            ],
            [
              "\"",
              "",
              "s2"
            ],
            [
              ")",
              "",
              ""
            ],
            [
              "\n",
              "",
              ""
            ],
            [
              "np",
              "numpy",
              ""
            ],
            [
              ".",
              "",
              "o"
            ],
            [
              "loadtxt",
              "numpy.loadtxt",
              ""
            ],
            [
              "(",
              "",
              ""
            ],
            [
              "c",
              "io.StringIO",
              ""
            ],
            [
              ")",
              "",
              ""
            ]
          ],
          "out": "array([[0., 1.],\n       [2., 3.]])"
        },
        "type": "Code"
      },
      {
        "data": {
          "ce_status": "execed",
          "entries": [
            [
              "d",
              "io.StringIO",
              ""
            ],
            [
              " ",
              "",
              ""
            ],
            [
              "=",
              "",
              "o"
            ],
            [
              " ",
              "",
              ""
            ],
            [
              "StringIO",
              "io.StringIO",
              ""
            ],
            [
              "(",
              "",
              ""
            ],
            [
              "\"",
              "",
              "s2"
            ],
            [
              "M 21 72",
              "",
              "s2"
            ],
            [
              "\\n",
              "",
              "se"
            ],
            [
              "F 35 58",
              "",
              "s2"
            ],
            [
              "\"",
              "",
              "s2"
            ],
            [
              ")",
              "",
              ""
            ],
            [
              "\n",
              "",
              ""
            ],
            [
              "np",
              "numpy",
              ""
            ],
            [
              ".",
              "",
              "o"
            ],
            [
              "loadtxt",
              "numpy.loadtxt",
              ""
            ],
            [
              "(",
              "",
              ""
            ],
            [
              "d",
              "io.StringIO",
              ""
            ],
            [
              ",",
              "",
              ""
            ],
            [
              " ",
              "",
              ""
            ],
            [
              "dtype",
              null,
              ""
            ],
            [
              "=",
              "",
              "o"
            ],
            [
              "{",
              "",
              ""
            ],
            [
              "'",
              "",
              "s1"
            ],
            [
              "names",
              null,
              "s1"
            ],
            [
              "'",
              "",
              "s1"
            ],
            [
              ":",
              "",
              ""
            ],
            [
              " ",
              "",
              ""
            ],
            [
              "(",
              "",
              ""
            ],
            [
              "'",
              "",
              "s1"
            ],
            [
              "gender",
              null,
              "s1"
            ],
            [
              "'",
              "",
              "s1"
            ],
            [
              ",",
              "",
              ""
            ],
            [
              " ",
              "",
              ""
            ],
            [
              "'",
              "",
              "s1"
            ],
            [
              "age",
              null,
              "s1"
            ],
            [
              "'",
              "",
              "s1"
            ],
            [
              ",",
              "",
              ""
            ],
            [
              " ",
              "",
              ""
            ],
            [
              "'",
              "",
              "s1"
            ],
            [
              "weight",
              null,
              "s1"
            ],
            [
              "'",
              "",
              "s1"
            ],
            [
              ")",
              "",
              ""
            ],
            [
              ",",
              "",
              ""
            ],
            [
              "\n",
              "",
              ""
            ],
            [
              "                     ",
              "",
              ""
            ],
            [
              "'",
              "",
              "s1"
            ],
            [
              "formats",
              null,
              "s1"
            ],
            [
              "'",
              "",
              "s1"
            ],
            [
              ":",
              "",
              ""
            ],
            [
              " ",
              "",
              ""
            ],
            [
              "(",
              "",
              ""
            ],
            [
              "'",
              "",
              "s1"
            ],
            [
              "S1",
              null,
              "s1"
            ],
            [
              "'",
              "",
              "s1"
            ],
            [
              ",",
              "",
              ""
            ],
            [
              " ",
              "",
              ""
            ],
            [
              "'",
              "",
              "s1"
            ],
            [
              "i4",
              null,
              "s1"
            ],
            [
              "'",
              "",
              "s1"
            ],
            [
              ",",
              "",
              ""
            ],
            [
              " ",
              "",
              ""
            ],
            [
              "'",
              "",
              "s1"
            ],
            [
              "f4",
              null,
              "s1"
            ],
            [
              "'",
              "",
              "s1"
            ],
            [
              ")",
              "",
              ""
            ],
            [
              "}",
              "",
              ""
            ],
            [
              ")",
              "",
              ""
            ]
          ],
          "out": "array([(b'M', 21, 72.), (b'F', 35, 58.)],\n      dtype=[('gender', 'S1'), ('age', '<i4'), ('weight', '<f4')])"
        },
        "type": "Code"
      },
      {
        "data": {
          "ce_status": "execed",
          "entries": [
            [
              "c",
              "io.StringIO",
              ""
            ],
            [
              " ",
              "",
              ""
            ],
            [
              "=",
              "",
              "o"
            ],
            [
              " ",
              "",
              ""
            ],
            [
              "StringIO",
              "io.StringIO",
              ""
            ],
            [
              "(",
              "",
              ""
            ],
            [
              "\"",
              "",
              "s2"
            ],
            [
              "1,0,2",
              "",
              "s2"
            ],
            [
              "\\n",
              "",
              "se"
            ],
            [
              "3,0,4",
              "",
              "s2"
            ],
            [
              "\"",
              "",
              "s2"
            ],
            [
              ")",
              "",
              ""
            ],
            [
              "\n",
              "",
              ""
            ],
            [
              "x",
              null,
              ""
            ],
            [
              ",",
              "",
              ""
            ],
            [
              " ",
              "",
              ""
            ],
            [
              "y",
              null,
              ""
            ],
            [
              " ",
              "",
              ""
            ],
            [
              "=",
              "",
              "o"
            ],
            [
              " ",
              "",
              ""
            ],
            [
              "np",
              "numpy",
              ""
            ],
            [
              ".",
              "",
              "o"
            ],
            [
              "loadtxt",
              "numpy.loadtxt",
              ""
            ],
            [
              "(",
              "",
              ""
            ],
            [
              "c",
              "io.StringIO",
              ""
            ],
            [
              ",",
              "",
              ""
            ],
            [
              " ",
              "",
              ""
            ],
            [
              "delimiter",
              null,
              ""
            ],
            [
              "=",
              "",
              "o"
            ],
            [
              "'",
              "",
              "s1"
            ],
            [
              ",",
              "",
              "s1"
            ],
            [
              "'",
              "",
              "s1"
            ],
            [
              ",",
              "",
              ""
            ],
            [
              " ",
              "",
              ""
            ],
            [
              "usecols",
              null,
              ""
            ],
            [
              "=",
              "",
              "o"
            ],
            [
              "(",
              "",
              ""
            ],
            [
              "0",
              "",
              "mi"
            ],
            [
              ",",
              "",
              ""
            ],
            [
              " ",
              "",
              ""
            ],
            [
              "2",
              "",
              "mi"
            ],
            [
              ")",
              "",
              ""
            ],
            [
              ",",
              "",
              ""
            ],
            [
              " ",
              "",
              ""
            ],
            [
              "unpack",
              null,
              ""
            ],
            [
              "=",
              "",
              "o"
            ],
            [
              "True",
              null,
              "kc"
            ],
            [
              ")",
              "",
              ""
            ],
            [
              "\n",
              "",
              ""
            ],
            [
              "x",
              "numpy.ndarray",
              ""
            ]
          ],
          "out": "array([1., 3.])"
        },
        "type": "Code"
      },
      {
        "data": {
          "ce_status": "execed",
          "entries": [
            [
              "y",
              "numpy.ndarray",
              ""
            ]
          ],
          "out": "array([2., 4.])"
        },
        "type": "Code"
      },
      {
        "data": {
          "children": [
            {
              "data": {
                "value": "This example shows how "
              },
              "type": "Words"
            },
            {
              "data": {
                "exists": true,
                "kind": "local",
                "reference": {
                  "kind": "local",
                  "module": null,
                  "path": "converters",
                  "version": null
                },
                "value": "converters"
              },
              "type": "Link"
            },
            {
              "data": {
                "value": " can be used to convert a field with a trailing minus sign into a negative number."
              },
              "type": "Words"
            }
          ]
        },
        "type": "Paragraph"
      },
      {
        "data": {
          "ce_status": "execed",
          "entries": [
            [
              "s",
              "io.StringIO",
              ""
            ],
            [
              " ",
              "",
              ""
            ],
            [
              "=",
              "",
              "o"
            ],
            [
              " ",
              "",
              ""
            ],
            [
              "StringIO",
              "io.StringIO",
              ""
            ],
            [
              "(",
              "",
              ""
            ],
            [
              "'",
              "",
              "s1"
            ],
            [
              "10.01 31.25-",
              "",
              "s1"
            ],
            [
              "\\n",
              "",
              "se"
            ],
            [
              "19.22 64.31",
              "",
              "s1"
            ],
            [
              "\\n",
              "",
              "se"
            ],
            [
              "17.57- 63.94",
              "",
              "s1"
            ],
            [
              "'",
              "",
              "s1"
            ],
            [
              ")",
              "",
              ""
            ],
            [
              "\n",
              "",
              ""
            ],
            [
              "def",
              null,
              "k"
            ],
            [
              " ",
              "",
              ""
            ],
            [
              "conv",
              "__main__.conv",
              "nf"
            ],
            [
              "(",
              "",
              ""
            ],
            [
              "fld",
              null,
              ""
            ],
            [
              ")",
              "",
              ""
            ],
            [
              ":",
              "",
              ""
            ],
            [
              "\n",
              "",
              ""
            ],
            [
              "    ",
              "",
              ""
            ],
            [
              "return",
              null,
              "k"
            ],
            [
              " ",
              "",
              ""
            ],
            [
              "-",
              "",
              "o"
            ],
            [
              "float",
              "builtins.float",
              "nb"
            ],
            [
              "(",
              "",
              ""
            ],
            [
              "fld",
              null,
              ""
            ],
            [
              "[",
              "",
              ""
            ],
            [
              ":",
              "",
              ""
            ],
            [
              "-",
              "",
              "o"
            ],
            [
              "1",
              "",
              "mi"
            ],
            [
              "]",
              "",
              ""
            ],
            [
              ")",
              "",
              ""
            ],
            [
              " ",
              "",
              ""
            ],
            [
              "if",
              null,
              "k"
            ],
            [
              " ",
              "",
              ""
            ],
            [
              "fld",
              null,
              ""
            ],
            [
              ".",
              "",
              "o"
            ],
            [
              "endswith",
              null,
              ""
            ],
            [
              "(",
              "",
              ""
            ],
            [
              "b",
              "builtins.bytes",
              "sa"
            ],
            [
              "'",
              "",
              "s1"
            ],
            [
              "-",
              "",
              "s1"
            ],
            [
              "'",
              "",
              "s1"
            ],
            [
              ")",
              "",
              ""
            ],
            [
              " ",
              "",
              ""
            ],
            [
              "else",
              null,
              "k"
            ],
            [
              " ",
              "",
              ""
            ],
            [
              "float",
              "builtins.float",
              "nb"
            ],
            [
              "(",
              "",
              ""
            ],
            [
              "fld",
              null,
              ""
            ],
            [
              ")",
              "",
              ""
            ]
          ],
          "out": "..."
        },
        "type": "Code"
      },
      {
        "data": {
          "ce_status": "execed",
          "entries": [
            [
              "np",
              "numpy",
              ""
            ],
            [
              ".",
              "",
              "o"
            ],
            [
              "loadtxt",
              "numpy.loadtxt",
              ""
            ],
            [
              "(",
              "",
              ""
            ],
            [
              "s",
              "io.StringIO",
              ""
            ],
            [
              ",",
              "",
              ""
            ],
            [
              " ",
              "",
              ""
            ],
            [
              "converters",
              null,
              ""
            ],
            [
              "=",
              "",
              "o"
            ],
            [
              "{",
              "",
              ""
            ],
            [
              "0",
              "",
              "mi"
            ],
            [
              ":",
              "",
              ""
            ],
            [
              " ",
              "",
              ""
            ],
            [
              "conv",
              "__main__.conv",
              ""
            ],
            [
              ",",
              "",
              ""
            ],
            [
              " ",
              "",
              ""
            ],
            [
              "1",
              "",
              "mi"
            ],
            [
              ":",
              "",
              ""
            ],
            [
              " ",
              "",
              ""
            ],
            [
              "conv",
              "__main__.conv",
              ""
            ],
            [
              "}",
              "",
              ""
            ],
            [
              ")",
              "",
              ""
            ]
          ],
          "out": "array([[ 10.01, -31.25],\n       [ 19.22,  64.31],\n       [-17.57,  63.94]])"
        },
        "type": "Code"
      }
    ],
    "title": null
  },
  "item_file": "/numpy/lib/npyio.py",
  "item_line": 829,
  "item_type": "<class 'function'>",
  "ordered_sections": [
    "Summary",
    "Extended Summary",
    "Parameters",
    "Returns",
    "See Also",
    "Notes",
    "Examples"
  ],
  "references": null,
  "refs": [
    "__main__.conv",
    "builtins.bytes",
    "builtins.float",
    "fromregex",
    "fromstring",
    "genfromtxt",
    "io",
    "_io.StringIO",
    "load",
    "numpy",
    "numpy.loadtxt",
    "numpy.ndarray",
    "scipy.io.matlab._mio.loadmat"
  ],
  "see_also": [
    {
      "descriptions": [],
      "name": {
        "exists": true,
        "name": "load",
        "ref": "numpy.load"
      },
      "type": null
    },
    {
      "descriptions": [],
      "name": {
        "exists": true,
        "name": "fromstring",
        "ref": "numpy.fromstring"
      },
      "type": null
    },
    {
      "descriptions": [],
      "name": {
        "exists": true,
        "name": "fromregex",
        "ref": "numpy.fromregex"
      },
      "type": null
    },
    {
      "descriptions": [
        {
          "children": [
            {
              "data": {
                "value": "Load data with missing values handled as specified."
              },
              "type": "Words"
            }
          ]
        }
      ],
      "name": {
        "exists": true,
        "name": "genfromtxt",
        "ref": "numpy.genfromtxt"
      },
      "type": null
    },
    {
      "descriptions": [
        {
          "children": [
            {
              "data": {
                "value": "reads MATLAB data files"
              },
              "type": "Words"
            }
          ]
        }
      ],
      "name": {
        "exists": null,
        "name": "scipy.io.loadmat",
        "ref": "scipy.io.matlab._mio.loadmat"
      },
      "type": null
    }
  ],
  "signature": {
    "value": "loadtxt(fname, dtype=<class 'float'>, comments='#', delimiter=None, converters=None, skiprows=0, usecols=None, unpack=False, ndmin=0, encoding='bytes', max_rows=None, *, like=None)"
  }
}