{
  "_content": {
    "Attributes": {
      "children": [],
      "title": null
    },
    "Extended Summary": {
      "children": [
        {
          "data": {
            "inline": [
              {
                "data": {
                  "value": "Returns the median of the array elements."
                },
                "type": "Words"
              }
            ],
            "inner": []
          },
          "type": "Paragraph"
        },
        {
          "data": {
            "children": [
              {
                "inline": [
                  {
                    "data": {
                      "value": "1.9.0 "
                    },
                    "type": "Words"
                  }
                ],
                "inner": []
              }
            ],
            "kind": "versionadded",
            "title": "TODO"
          },
          "type": "Admonition"
        }
      ],
      "title": null
    },
    "Methods": {
      "children": [],
      "title": null
    },
    "Notes": {
      "children": [
        {
          "data": {
            "inline": [
              {
                "data": {
                  "value": "Given a vector "
                },
                "type": "Words"
              },
              {
                "data": {
                  "value": [
                    "V"
                  ]
                },
                "type": "Verbatim"
              },
              {
                "data": {
                  "value": " of length "
                },
                "type": "Words"
              },
              {
                "data": {
                  "value": [
                    "N"
                  ]
                },
                "type": "Verbatim"
              },
              {
                "data": {
                  "value": ", the median of "
                },
                "type": "Words"
              },
              {
                "data": {
                  "value": [
                    "V"
                  ]
                },
                "type": "Verbatim"
              },
              {
                "data": {
                  "value": " is the middle value of a sorted copy of "
                },
                "type": "Words"
              },
              {
                "data": {
                  "value": [
                    "V"
                  ]
                },
                "type": "Verbatim"
              },
              {
                "data": {
                  "value": ", "
                },
                "type": "Words"
              },
              {
                "data": {
                  "value": [
                    "V_sorted"
                  ]
                },
                "type": "Verbatim"
              },
              {
                "data": {
                  "value": " - i.e., "
                },
                "type": "Words"
              },
              {
                "data": {
                  "value": [
                    "V_sorted[(N-1)/2]"
                  ]
                },
                "type": "Verbatim"
              },
              {
                "data": {
                  "value": ", when "
                },
                "type": "Words"
              },
              {
                "data": {
                  "value": [
                    "N"
                  ]
                },
                "type": "Verbatim"
              },
              {
                "data": {
                  "value": " is odd and the average of the two middle values of "
                },
                "type": "Words"
              },
              {
                "data": {
                  "value": [
                    "V_sorted"
                  ]
                },
                "type": "Verbatim"
              },
              {
                "data": {
                  "value": " when "
                },
                "type": "Words"
              },
              {
                "data": {
                  "value": [
                    "N"
                  ]
                },
                "type": "Verbatim"
              },
              {
                "data": {
                  "value": " is even."
                },
                "type": "Words"
              }
            ],
            "inner": []
          },
          "type": "Paragraph"
        }
      ],
      "title": null
    },
    "Other Parameters": {
      "children": [],
      "title": null
    },
    "Parameters": {
      "children": [
        {
          "data": {
            "desc": [
              {
                "data": {
                  "inline": [
                    {
                      "data": {
                        "value": "Input array or object that can be converted to an array."
                      },
                      "type": "Words"
                    }
                  ],
                  "inner": []
                },
                "type": "Paragraph"
              }
            ],
            "param": "a",
            "type_": "array_like"
          },
          "type": "Param"
        },
        {
          "data": {
            "desc": [
              {
                "data": {
                  "inline": [
                    {
                      "data": {
                        "value": "Axis or axes along which the medians are computed. The default is to compute the median along a flattened version of the array. A sequence of axes is supported since version 1.9.0."
                      },
                      "type": "Words"
                    }
                  ],
                  "inner": []
                },
                "type": "Paragraph"
              }
            ],
            "param": "axis",
            "type_": "{int, sequence of int, None}, optional"
          },
          "type": "Param"
        },
        {
          "data": {
            "desc": [
              {
                "data": {
                  "inline": [
                    {
                      "data": {
                        "value": "Alternative output array in which to place the result. It must have the same shape and buffer length as the expected output, but the type (of the output) will be cast if necessary."
                      },
                      "type": "Words"
                    }
                  ],
                  "inner": []
                },
                "type": "Paragraph"
              }
            ],
            "param": "out",
            "type_": "ndarray, optional"
          },
          "type": "Param"
        },
        {
          "data": {
            "desc": [
              {
                "data": {
                  "inline": [
                    {
                      "data": {
                        "value": "If True, then allow use of memory of input array "
                      },
                      "type": "Words"
                    },
                    {
                      "data": {
                        "exists": true,
                        "kind": "local",
                        "reference": {
                          "kind": "local",
                          "module": null,
                          "path": "a",
                          "version": null
                        },
                        "value": "a"
                      },
                      "type": "Link"
                    },
                    {
                      "data": {
                        "value": " for calculations. The input array will be modified by the call to "
                      },
                      "type": "Words"
                    },
                    {
                      "data": {
                        "exists": true,
                        "kind": "local",
                        "reference": {
                          "kind": "local",
                          "module": null,
                          "path": "median",
                          "version": null
                        },
                        "value": "median"
                      },
                      "type": "Link"
                    },
                    {
                      "data": {
                        "value": ". This will save memory when you do not need to preserve the contents of the input array. Treat the input as undefined, but it will probably be fully or partially sorted. Default is False. If "
                      },
                      "type": "Words"
                    },
                    {
                      "data": {
                        "exists": true,
                        "kind": "local",
                        "reference": {
                          "kind": "local",
                          "module": null,
                          "path": "overwrite_input",
                          "version": null
                        },
                        "value": "overwrite_input"
                      },
                      "type": "Link"
                    },
                    {
                      "data": {
                        "value": " is "
                      },
                      "type": "Words"
                    },
                    {
                      "data": {
                        "value": [
                          "True"
                        ]
                      },
                      "type": "Verbatim"
                    },
                    {
                      "data": {
                        "value": " and "
                      },
                      "type": "Words"
                    },
                    {
                      "data": {
                        "exists": true,
                        "kind": "local",
                        "reference": {
                          "kind": "local",
                          "module": null,
                          "path": "a",
                          "version": null
                        },
                        "value": "a"
                      },
                      "type": "Link"
                    },
                    {
                      "data": {
                        "value": " is not already an "
                      },
                      "type": "Words"
                    },
                    {
                      "data": {
                        "exists": true,
                        "kind": "module",
                        "reference": {
                          "kind": "module",
                          "module": "numpy",
                          "path": "numpy.ndarray",
                          "version": "1.22.3"
                        },
                        "value": "ndarray"
                      },
                      "type": "Link"
                    },
                    {
                      "data": {
                        "value": ", an error will be raised."
                      },
                      "type": "Words"
                    }
                  ],
                  "inner": []
                },
                "type": "Paragraph"
              }
            ],
            "param": "overwrite_input",
            "type_": "bool, optional"
          },
          "type": "Param"
        },
        {
          "data": {
            "desc": [
              {
                "data": {
                  "inline": [
                    {
                      "data": {
                        "value": "If this is set to True, the axes which are reduced are left in the result as dimensions with size one. With this option, the result will broadcast correctly against the original "
                      },
                      "type": "Words"
                    },
                    {
                      "data": {
                        "exists": true,
                        "kind": "local",
                        "reference": {
                          "kind": "local",
                          "module": null,
                          "path": "a",
                          "version": null
                        },
                        "value": "a"
                      },
                      "type": "Link"
                    },
                    {
                      "data": {
                        "value": "."
                      },
                      "type": "Words"
                    }
                  ],
                  "inner": []
                },
                "type": "Paragraph"
              },
              {
                "data": {
                  "inline": [
                    {
                      "data": {
                        "value": "If this is anything but the default value it will be passed through (in the special case of an empty array) to the "
                      },
                      "type": "Words"
                    },
                    {
                      "data": {
                        "exists": true,
                        "kind": "module",
                        "reference": {
                          "kind": "module",
                          "module": "numpy",
                          "path": "numpy.mean",
                          "version": "1.22.3"
                        },
                        "value": "mean"
                      },
                      "type": "Link"
                    },
                    {
                      "data": {
                        "value": " function of the underlying array.  If the array is a sub-class and "
                      },
                      "type": "Words"
                    },
                    {
                      "data": {
                        "exists": true,
                        "kind": "module",
                        "reference": {
                          "kind": "module",
                          "module": "numpy",
                          "path": "numpy.mean",
                          "version": "1.22.3"
                        },
                        "value": "mean"
                      },
                      "type": "Link"
                    },
                    {
                      "data": {
                        "value": " does not have the kwarg "
                      },
                      "type": "Words"
                    },
                    {
                      "data": {
                        "exists": true,
                        "kind": "local",
                        "reference": {
                          "kind": "local",
                          "module": null,
                          "path": "keepdims",
                          "version": null
                        },
                        "value": "keepdims"
                      },
                      "type": "Link"
                    },
                    {
                      "data": {
                        "value": " this will raise a RuntimeError."
                      },
                      "type": "Words"
                    }
                  ],
                  "inner": []
                },
                "type": "Paragraph"
              }
            ],
            "param": "keepdims",
            "type_": "bool, optional"
          },
          "type": "Param"
        }
      ],
      "title": null
    },
    "Raises": {
      "children": [],
      "title": null
    },
    "Receives": {
      "children": [],
      "title": null
    },
    "Returns": {
      "children": [
        {
          "data": {
            "desc": [
              {
                "data": {
                  "inline": [
                    {
                      "data": {
                        "value": "A new array holding the result. If the input contains integers or floats smaller than "
                      },
                      "type": "Words"
                    },
                    {
                      "data": {
                        "value": [
                          "float64"
                        ]
                      },
                      "type": "Verbatim"
                    },
                    {
                      "data": {
                        "value": ", then the output data-type is "
                      },
                      "type": "Words"
                    },
                    {
                      "data": {
                        "value": [
                          "np.float64"
                        ]
                      },
                      "type": "Verbatim"
                    },
                    {
                      "data": {
                        "value": ".  Otherwise, the data-type of the output is the same as that of the input. If "
                      },
                      "type": "Words"
                    },
                    {
                      "data": {
                        "exists": true,
                        "kind": "local",
                        "reference": {
                          "kind": "local",
                          "module": null,
                          "path": "out",
                          "version": null
                        },
                        "value": "out"
                      },
                      "type": "Link"
                    },
                    {
                      "data": {
                        "value": " is specified, that array is returned instead."
                      },
                      "type": "Words"
                    }
                  ],
                  "inner": []
                },
                "type": "Paragraph"
              }
            ],
            "param": "median",
            "type_": "ndarray"
          },
          "type": "Param"
        }
      ],
      "title": null
    },
    "Summary": {
      "children": [
        {
          "data": {
            "inline": [
              {
                "data": {
                  "value": "Compute the median along the specified axis, while ignoring NaNs."
                },
                "type": "Words"
              }
            ],
            "inner": []
          },
          "type": "Paragraph"
        }
      ],
      "title": null
    },
    "Warnings": {
      "children": [],
      "title": null
    },
    "Warns": {
      "children": [],
      "title": null
    },
    "Yields": {
      "children": [],
      "title": null
    }
  },
  "aliases": [
    "numpy.nanmedian"
  ],
  "arbitrary": [],
  "example_section_data": {
    "children": [
      {
        "data": {
          "ce_status": "execed",
          "entries": [
            [
              "a",
              "numpy.ndarray",
              ""
            ],
            [
              " ",
              "",
              ""
            ],
            [
              "=",
              "",
              "o"
            ],
            [
              " ",
              "",
              ""
            ],
            [
              "np",
              "numpy",
              ""
            ],
            [
              ".",
              "",
              "o"
            ],
            [
              "array",
              "numpy.array",
              ""
            ],
            [
              "(",
              "",
              ""
            ],
            [
              "[",
              "",
              ""
            ],
            [
              "[",
              "",
              ""
            ],
            [
              "10.0",
              "",
              "mf"
            ],
            [
              ",",
              "",
              ""
            ],
            [
              " ",
              "",
              ""
            ],
            [
              "7",
              "",
              "mi"
            ],
            [
              ",",
              "",
              ""
            ],
            [
              " ",
              "",
              ""
            ],
            [
              "4",
              "",
              "mi"
            ],
            [
              "]",
              "",
              ""
            ],
            [
              ",",
              "",
              ""
            ],
            [
              " ",
              "",
              ""
            ],
            [
              "[",
              "",
              ""
            ],
            [
              "3",
              "",
              "mi"
            ],
            [
              ",",
              "",
              ""
            ],
            [
              " ",
              "",
              ""
            ],
            [
              "2",
              "",
              "mi"
            ],
            [
              ",",
              "",
              ""
            ],
            [
              " ",
              "",
              ""
            ],
            [
              "1",
              "",
              "mi"
            ],
            [
              "]",
              "",
              ""
            ],
            [
              "]",
              "",
              ""
            ],
            [
              ")",
              "",
              ""
            ],
            [
              "\n",
              "",
              ""
            ],
            [
              "a",
              "numpy.ndarray",
              ""
            ],
            [
              "[",
              "",
              ""
            ],
            [
              "0",
              "",
              "mi"
            ],
            [
              ",",
              "",
              ""
            ],
            [
              " ",
              "",
              ""
            ],
            [
              "1",
              "",
              "mi"
            ],
            [
              "]",
              "",
              ""
            ],
            [
              " ",
              "",
              ""
            ],
            [
              "=",
              "",
              "o"
            ],
            [
              " ",
              "",
              ""
            ],
            [
              "np",
              "numpy",
              ""
            ],
            [
              ".",
              "",
              "o"
            ],
            [
              "nan",
              "builtins.float",
              ""
            ],
            [
              "\n",
              "",
              ""
            ],
            [
              "a",
              "numpy.ndarray",
              ""
            ]
          ],
          "out": "array([[10., nan,  4.],\n       [ 3.,  2.,  1.]])"
        },
        "type": "Code"
      },
      {
        "data": {
          "ce_status": "execed",
          "entries": [
            [
              "np",
              "numpy",
              ""
            ],
            [
              ".",
              "",
              "o"
            ],
            [
              "median",
              "numpy.median",
              ""
            ],
            [
              "(",
              "",
              ""
            ],
            [
              "a",
              "numpy.ndarray",
              ""
            ],
            [
              ")",
              "",
              ""
            ]
          ],
          "out": "nan"
        },
        "type": "Code"
      },
      {
        "data": {
          "ce_status": "execed",
          "entries": [
            [
              "np",
              "numpy",
              ""
            ],
            [
              ".",
              "",
              "o"
            ],
            [
              "nanmedian",
              "numpy.nanmedian",
              ""
            ],
            [
              "(",
              "",
              ""
            ],
            [
              "a",
              "numpy.ndarray",
              ""
            ],
            [
              ")",
              "",
              ""
            ]
          ],
          "out": "3.0"
        },
        "type": "Code"
      },
      {
        "data": {
          "ce_status": "execed",
          "entries": [
            [
              "np",
              "numpy",
              ""
            ],
            [
              ".",
              "",
              "o"
            ],
            [
              "nanmedian",
              "numpy.nanmedian",
              ""
            ],
            [
              "(",
              "",
              ""
            ],
            [
              "a",
              "numpy.ndarray",
              ""
            ],
            [
              ",",
              "",
              ""
            ],
            [
              " ",
              "",
              ""
            ],
            [
              "axis",
              null,
              ""
            ],
            [
              "=",
              "",
              "o"
            ],
            [
              "0",
              "",
              "mi"
            ],
            [
              ")",
              "",
              ""
            ]
          ],
          "out": "array([6.5, 2. , 2.5])"
        },
        "type": "Code"
      },
      {
        "data": {
          "ce_status": "execed",
          "entries": [
            [
              "np",
              "numpy",
              ""
            ],
            [
              ".",
              "",
              "o"
            ],
            [
              "median",
              "numpy.median",
              ""
            ],
            [
              "(",
              "",
              ""
            ],
            [
              "a",
              "numpy.ndarray",
              ""
            ],
            [
              ",",
              "",
              ""
            ],
            [
              " ",
              "",
              ""
            ],
            [
              "axis",
              null,
              ""
            ],
            [
              "=",
              "",
              "o"
            ],
            [
              "1",
              "",
              "mi"
            ],
            [
              ")",
              "",
              ""
            ]
          ],
          "out": "array([nan,  2.])"
        },
        "type": "Code"
      },
      {
        "data": {
          "ce_status": "execed",
          "entries": [
            [
              "b",
              null,
              ""
            ],
            [
              " ",
              "",
              ""
            ],
            [
              "=",
              "",
              "o"
            ],
            [
              " ",
              "",
              ""
            ],
            [
              "a",
              "numpy.ndarray",
              ""
            ],
            [
              ".",
              "",
              "o"
            ],
            [
              "copy",
              "numpy._ArrayOrScalarCommon.copy",
              ""
            ],
            [
              "(",
              "",
              ""
            ],
            [
              ")",
              "",
              ""
            ],
            [
              "\n",
              "",
              ""
            ],
            [
              "np",
              "numpy",
              ""
            ],
            [
              ".",
              "",
              "o"
            ],
            [
              "nanmedian",
              "numpy.nanmedian",
              ""
            ],
            [
              "(",
              "",
              ""
            ],
            [
              "b",
              "numpy.ndarray",
              ""
            ],
            [
              ",",
              "",
              ""
            ],
            [
              " ",
              "",
              ""
            ],
            [
              "axis",
              null,
              ""
            ],
            [
              "=",
              "",
              "o"
            ],
            [
              "1",
              "",
              "mi"
            ],
            [
              ",",
              "",
              ""
            ],
            [
              " ",
              "",
              ""
            ],
            [
              "overwrite_input",
              null,
              ""
            ],
            [
              "=",
              "",
              "o"
            ],
            [
              "True",
              null,
              "kc"
            ],
            [
              ")",
              "",
              ""
            ]
          ],
          "out": "array([7.,  2.])"
        },
        "type": "Code"
      },
      {
        "data": {
          "ce_status": "execed",
          "entries": [
            [
              "assert",
              null,
              "k"
            ],
            [
              " ",
              "",
              ""
            ],
            [
              "not",
              null,
              "ow"
            ],
            [
              " ",
              "",
              ""
            ],
            [
              "np",
              "numpy",
              ""
            ],
            [
              ".",
              "",
              "o"
            ],
            [
              "all",
              "numpy.all",
              ""
            ],
            [
              "(",
              "",
              ""
            ],
            [
              "a",
              "numpy.ndarray",
              ""
            ],
            [
              "==",
              "",
              "o"
            ],
            [
              "b",
              "numpy.ndarray",
              ""
            ],
            [
              ")",
              "",
              ""
            ],
            [
              "\n",
              "",
              ""
            ],
            [
              "b",
              null,
              ""
            ],
            [
              " ",
              "",
              ""
            ],
            [
              "=",
              "",
              "o"
            ],
            [
              " ",
              "",
              ""
            ],
            [
              "a",
              "numpy.ndarray",
              ""
            ],
            [
              ".",
              "",
              "o"
            ],
            [
              "copy",
              "numpy._ArrayOrScalarCommon.copy",
              ""
            ],
            [
              "(",
              "",
              ""
            ],
            [
              ")",
              "",
              ""
            ],
            [
              "\n",
              "",
              ""
            ],
            [
              "np",
              "numpy",
              ""
            ],
            [
              ".",
              "",
              "o"
            ],
            [
              "nanmedian",
              "numpy.nanmedian",
              ""
            ],
            [
              "(",
              "",
              ""
            ],
            [
              "b",
              "numpy.ndarray",
              ""
            ],
            [
              ",",
              "",
              ""
            ],
            [
              " ",
              "",
              ""
            ],
            [
              "axis",
              null,
              ""
            ],
            [
              "=",
              "",
              "o"
            ],
            [
              "None",
              null,
              "kc"
            ],
            [
              ",",
              "",
              ""
            ],
            [
              " ",
              "",
              ""
            ],
            [
              "overwrite_input",
              null,
              ""
            ],
            [
              "=",
              "",
              "o"
            ],
            [
              "True",
              null,
              "kc"
            ],
            [
              ")",
              "",
              ""
            ]
          ],
          "out": "3.0"
        },
        "type": "Code"
      },
      {
        "data": {
          "ce_status": "execed",
          "entries": [
            [
              "assert",
              null,
              "k"
            ],
            [
              " ",
              "",
              ""
            ],
            [
              "not",
              null,
              "ow"
            ],
            [
              " ",
              "",
              ""
            ],
            [
              "np",
              "numpy",
              ""
            ],
            [
              ".",
              "",
              "o"
            ],
            [
              "all",
              "numpy.all",
              ""
            ],
            [
              "(",
              "",
              ""
            ],
            [
              "a",
              "numpy.ndarray",
              ""
            ],
            [
              "==",
              "",
              "o"
            ],
            [
              "b",
              "numpy.ndarray",
              ""
            ],
            [
              ")",
              "",
              ""
            ]
          ],
          "out": ""
        },
        "type": "Code"
      }
    ],
    "title": null
  },
  "item_file": "/numpy/lib/nanfunctions.py",
  "item_line": 1127,
  "item_type": "<class 'function'>",
  "ordered_sections": [
    "Summary",
    "Extended Summary",
    "Parameters",
    "Returns",
    "See Also",
    "Notes",
    "Examples"
  ],
  "references": null,
  "refs": [
    "builtins.float",
    "mean",
    "median",
    "numpy",
    "numpy._ArrayOrScalarCommon.copy",
    "numpy.all",
    "numpy.array",
    "numpy.median",
    "numpy.nanmedian",
    "numpy.ndarray",
    "percentile"
  ],
  "see_also": [
    {
      "descriptions": [],
      "name": {
        "exists": true,
        "name": "mean",
        "ref": "numpy.mean"
      },
      "type": null
    },
    {
      "descriptions": [],
      "name": {
        "exists": true,
        "name": "median",
        "ref": "numpy.median"
      },
      "type": null
    },
    {
      "descriptions": [],
      "name": {
        "exists": true,
        "name": "percentile",
        "ref": "numpy.percentile"
      },
      "type": null
    }
  ],
  "signature": {
    "value": "nanmedian(a, axis=None, out=None, overwrite_input=False, keepdims=<no value>)"
  }
}