{
  "_content": {
    "Attributes": {
      "children": [],
      "title": null
    },
    "Extended Summary": {
      "children": [],
      "title": null
    },
    "Methods": {
      "children": [],
      "title": null
    },
    "Notes": {
      "children": [],
      "title": null
    },
    "Other Parameters": {
      "children": [],
      "title": null
    },
    "Parameters": {
      "children": [
        {
          "data": {
            "desc": [
              {
                "data": {
                  "children": [
                    {
                      "data": {
                        "value": "Input array."
                      },
                      "type": "Words"
                    }
                  ]
                },
                "type": "Paragraph"
              }
            ],
            "param": "a",
            "type_": "array_like"
          },
          "type": "Param"
        },
        {
          "data": {
            "desc": [
              {
                "data": {
                  "children": [
                    {
                      "data": {
                        "value": "The number of repetitions for each element.  "
                      },
                      "type": "Words"
                    },
                    {
                      "data": {
                        "exists": true,
                        "kind": "local",
                        "reference": {
                          "kind": "local",
                          "module": null,
                          "path": "repeats",
                          "version": null
                        },
                        "value": "repeats"
                      },
                      "type": "Link"
                    },
                    {
                      "data": {
                        "value": " is broadcasted to fit the shape of the given axis."
                      },
                      "type": "Words"
                    }
                  ]
                },
                "type": "Paragraph"
              }
            ],
            "param": "repeats",
            "type_": "int or array of ints"
          },
          "type": "Param"
        },
        {
          "data": {
            "desc": [
              {
                "data": {
                  "children": [
                    {
                      "data": {
                        "value": "The axis along which to repeat values.  By default, use the flattened input array, and return a flat output array."
                      },
                      "type": "Words"
                    }
                  ]
                },
                "type": "Paragraph"
              }
            ],
            "param": "axis",
            "type_": "int, optional"
          },
          "type": "Param"
        }
      ],
      "title": null
    },
    "Raises": {
      "children": [],
      "title": null
    },
    "Receives": {
      "children": [],
      "title": null
    },
    "Returns": {
      "children": [
        {
          "data": {
            "desc": [
              {
                "data": {
                  "children": [
                    {
                      "data": {
                        "value": "Output array which has the same shape as "
                      },
                      "type": "Words"
                    },
                    {
                      "data": {
                        "exists": true,
                        "kind": "local",
                        "reference": {
                          "kind": "local",
                          "module": null,
                          "path": "a",
                          "version": null
                        },
                        "value": "a"
                      },
                      "type": "Link"
                    },
                    {
                      "data": {
                        "value": ", except along the given axis."
                      },
                      "type": "Words"
                    }
                  ]
                },
                "type": "Paragraph"
              }
            ],
            "param": "repeated_array",
            "type_": "ndarray"
          },
          "type": "Param"
        }
      ],
      "title": null
    },
    "Summary": {
      "children": [
        {
          "data": {
            "children": [
              {
                "data": {
                  "value": "Repeat elements of an array."
                },
                "type": "Words"
              }
            ]
          },
          "type": "Paragraph"
        }
      ],
      "title": null
    },
    "Warnings": {
      "children": [],
      "title": null
    },
    "Warns": {
      "children": [],
      "title": null
    },
    "Yields": {
      "children": [],
      "title": null
    }
  },
  "aliases": [
    "numpy.repeat"
  ],
  "arbitrary": [],
  "example_section_data": {
    "children": [
      {
        "data": {
          "ce_status": "execed",
          "entries": [
            [
              "np",
              "numpy",
              ""
            ],
            [
              ".",
              "",
              "o"
            ],
            [
              "repeat",
              "numpy.repeat",
              ""
            ],
            [
              "(",
              "",
              ""
            ],
            [
              "3",
              "",
              "mi"
            ],
            [
              ",",
              "",
              ""
            ],
            [
              " ",
              "",
              ""
            ],
            [
              "4",
              "",
              "mi"
            ],
            [
              ")",
              "",
              ""
            ]
          ],
          "out": "array([3, 3, 3, 3])"
        },
        "type": "Code"
      },
      {
        "data": {
          "ce_status": "execed",
          "entries": [
            [
              "x",
              "numpy.ndarray",
              ""
            ],
            [
              " ",
              "",
              ""
            ],
            [
              "=",
              "",
              "o"
            ],
            [
              " ",
              "",
              ""
            ],
            [
              "np",
              "numpy",
              ""
            ],
            [
              ".",
              "",
              "o"
            ],
            [
              "array",
              "numpy.array",
              ""
            ],
            [
              "(",
              "",
              ""
            ],
            [
              "[",
              "",
              ""
            ],
            [
              "[",
              "",
              ""
            ],
            [
              "1",
              "",
              "mi"
            ],
            [
              ",",
              "",
              ""
            ],
            [
              "2",
              "",
              "mi"
            ],
            [
              "]",
              "",
              ""
            ],
            [
              ",",
              "",
              ""
            ],
            [
              "[",
              "",
              ""
            ],
            [
              "3",
              "",
              "mi"
            ],
            [
              ",",
              "",
              ""
            ],
            [
              "4",
              "",
              "mi"
            ],
            [
              "]",
              "",
              ""
            ],
            [
              "]",
              "",
              ""
            ],
            [
              ")",
              "",
              ""
            ],
            [
              "\n",
              "",
              ""
            ],
            [
              "np",
              "numpy",
              ""
            ],
            [
              ".",
              "",
              "o"
            ],
            [
              "repeat",
              "numpy.repeat",
              ""
            ],
            [
              "(",
              "",
              ""
            ],
            [
              "x",
              "numpy.ndarray",
              ""
            ],
            [
              ",",
              "",
              ""
            ],
            [
              " ",
              "",
              ""
            ],
            [
              "2",
              "",
              "mi"
            ],
            [
              ")",
              "",
              ""
            ]
          ],
          "out": "array([1, 1, 2, 2, 3, 3, 4, 4])"
        },
        "type": "Code"
      },
      {
        "data": {
          "ce_status": "execed",
          "entries": [
            [
              "np",
              "numpy",
              ""
            ],
            [
              ".",
              "",
              "o"
            ],
            [
              "repeat",
              "numpy.repeat",
              ""
            ],
            [
              "(",
              "",
              ""
            ],
            [
              "x",
              "numpy.ndarray",
              ""
            ],
            [
              ",",
              "",
              ""
            ],
            [
              " ",
              "",
              ""
            ],
            [
              "3",
              "",
              "mi"
            ],
            [
              ",",
              "",
              ""
            ],
            [
              " ",
              "",
              ""
            ],
            [
              "axis",
              null,
              ""
            ],
            [
              "=",
              "",
              "o"
            ],
            [
              "1",
              "",
              "mi"
            ],
            [
              ")",
              "",
              ""
            ]
          ],
          "out": "array([[1, 1, 1, 2, 2, 2],\n       [3, 3, 3, 4, 4, 4]])"
        },
        "type": "Code"
      },
      {
        "data": {
          "ce_status": "execed",
          "entries": [
            [
              "np",
              "numpy",
              ""
            ],
            [
              ".",
              "",
              "o"
            ],
            [
              "repeat",
              "numpy.repeat",
              ""
            ],
            [
              "(",
              "",
              ""
            ],
            [
              "x",
              "numpy.ndarray",
              ""
            ],
            [
              ",",
              "",
              ""
            ],
            [
              " ",
              "",
              ""
            ],
            [
              "[",
              "",
              ""
            ],
            [
              "1",
              "",
              "mi"
            ],
            [
              ",",
              "",
              ""
            ],
            [
              " ",
              "",
              ""
            ],
            [
              "2",
              "",
              "mi"
            ],
            [
              "]",
              "",
              ""
            ],
            [
              ",",
              "",
              ""
            ],
            [
              " ",
              "",
              ""
            ],
            [
              "axis",
              null,
              ""
            ],
            [
              "=",
              "",
              "o"
            ],
            [
              "0",
              "",
              "mi"
            ],
            [
              ")",
              "",
              ""
            ]
          ],
          "out": "array([[1, 2],\n       [3, 4],\n       [3, 4]])"
        },
        "type": "Code"
      }
    ],
    "title": null
  },
  "item_file": "/numpy/core/fromnumeric.py",
  "item_line": 436,
  "item_type": "<class 'function'>",
  "ordered_sections": [
    "Summary",
    "Parameters",
    "Returns",
    "See Also",
    "Examples"
  ],
  "references": null,
  "refs": [
    "numpy",
    "numpy.array",
    "numpy.ndarray",
    "numpy.repeat",
    "tile",
    "unique"
  ],
  "see_also": [
    {
      "descriptions": [
        {
          "children": [
            {
              "data": {
                "value": "Tile an array."
              },
              "type": "Words"
            }
          ]
        }
      ],
      "name": {
        "exists": true,
        "name": "tile",
        "ref": "numpy.tile"
      },
      "type": null
    },
    {
      "descriptions": [
        {
          "children": [
            {
              "data": {
                "value": "Find the unique elements of an array."
              },
              "type": "Words"
            }
          ]
        }
      ],
      "name": {
        "exists": true,
        "name": "unique",
        "ref": "numpy.unique"
      },
      "type": null
    }
  ],
  "signature": {
    "value": "repeat(a, repeats, axis=None)"
  }
}