{
  "_content": {
    "Attributes": {
      "children": [],
      "title": null
    },
    "Extended Summary": {
      "children": [],
      "title": null
    },
    "Methods": {
      "children": [],
      "title": null
    },
    "Notes": {
      "children": [],
      "title": null
    },
    "Other Parameters": {
      "children": [],
      "title": null
    },
    "Parameters": {
      "children": [],
      "title": null
    },
    "Raises": {
      "children": [],
      "title": null
    },
    "Receives": {
      "children": [],
      "title": null
    },
    "Returns": {
      "children": [],
      "title": null
    },
    "Summary": {
      "children": [
        {
          "data": {
            "children": [
              {
                "data": {
                  "value": "Returns true for each element if the element is a titlecased string and there is at least one character, false otherwise."
                },
                "type": "Words"
              }
            ]
          },
          "type": "Paragraph"
        }
      ],
      "title": null
    },
    "Warnings": {
      "children": [],
      "title": null
    },
    "Warns": {
      "children": [],
      "title": null
    },
    "Yields": {
      "children": [],
      "title": null
    }
  },
  "aliases": [
    "numpy.chararray.istitle"
  ],
  "arbitrary": [],
  "example_section_data": {
    "children": [],
    "title": null
  },
  "item_file": "/numpy/core/defchararray.py",
  "item_line": 2310,
  "item_type": "<class 'function'>",
  "ordered_sections": [
    "Summary",
    "See Also"
  ],
  "references": null,
  "refs": [
    "char.istitle"
  ],
  "see_also": [
    {
      "descriptions": [],
      "name": {
        "exists": true,
        "name": "char.istitle",
        "ref": "numpy.char.istitle"
      },
      "type": null
    }
  ],
  "signature": {
    "value": "istitle(self)"
  }
}