{
  "aliases": [
    "numpy.distutils.misc_util.Configuration.add_extension"
  ],
  "arbitrary": [],
  "content": {
    "Attributes": {
      "children": [],
      "title": null
    },
    "Extended Summary": {
      "children": [
        {
          "data": {
            "children": [
              {
                "data": {
                  "value": "Create and add an Extension instance to the ext_modules list. This method also takes the following optional keyword arguments that are passed on to the Extension constructor."
                },
                "type": "Words"
              }
            ]
          },
          "type": "Paragraph"
        }
      ],
      "title": null
    },
    "Methods": {
      "children": [],
      "title": null
    },
    "Notes": {
      "children": [
        {
          "data": {
            "children": [
              {
                "data": {
                  "value": "The self.paths(...) method is applied to all lists that may contain paths."
                },
                "type": "Words"
              }
            ]
          },
          "type": "Paragraph"
        }
      ],
      "title": null
    },
    "Other Parameters": {
      "children": [],
      "title": null
    },
    "Parameters": {
      "children": [
        {
          "data": {
            "children": [
              {
                "desc": [
                  {
                    "data": {
                      "children": [
                        {
                          "data": {
                            "value": "name of the extension"
                          },
                          "type": "Words"
                        }
                      ]
                    },
                    "type": "Paragraph"
                  }
                ],
                "param": "name",
                "type_": "str"
              },
              {
                "desc": [
                  {
                    "data": {
                      "children": [
                        {
                          "data": {
                            "value": "list of the sources. The list of sources may contain functions (called source generators) which must take an extension instance and a build directory as inputs and return a source file or list of source files or None. If None is returned then no sources are generated. If the Extension instance has no sources after processing all source generators, then no extension module is built."
                          },
                          "type": "Words"
                        }
                      ]
                    },
                    "type": "Paragraph"
                  }
                ],
                "param": "sources",
                "type_": "seq"
              },
              {
                "desc": [],
                "param": "include_dirs",
                "type_": ""
              },
              {
                "desc": [],
                "param": "define_macros",
                "type_": ""
              },
              {
                "desc": [],
                "param": "undef_macros",
                "type_": ""
              },
              {
                "desc": [],
                "param": "library_dirs",
                "type_": ""
              },
              {
                "desc": [],
                "param": "libraries",
                "type_": ""
              },
              {
                "desc": [],
                "param": "runtime_library_dirs",
                "type_": ""
              },
              {
                "desc": [],
                "param": "extra_objects",
                "type_": ""
              },
              {
                "desc": [],
                "param": "extra_compile_args",
                "type_": ""
              },
              {
                "desc": [],
                "param": "extra_link_args",
                "type_": ""
              },
              {
                "desc": [],
                "param": "extra_f77_compile_args",
                "type_": ""
              },
              {
                "desc": [],
                "param": "extra_f90_compile_args",
                "type_": ""
              },
              {
                "desc": [],
                "param": "export_symbols",
                "type_": ""
              },
              {
                "desc": [],
                "param": "swig_opts",
                "type_": ""
              },
              {
                "desc": [
                  {
                    "data": {
                      "children": [
                        {
                          "data": {
                            "value": "The depends list contains paths to files or directories that the sources of the extension module depend on. If any path in the depends list is newer than the extension module, then the module will be rebuilt."
                          },
                          "type": "Words"
                        }
                      ]
                    },
                    "type": "Paragraph"
                  }
                ],
                "param": "depends",
                "type_": ""
              },
              {
                "desc": [],
                "param": "language",
                "type_": ""
              },
              {
                "desc": [],
                "param": "f2py_options",
                "type_": ""
              },
              {
                "desc": [],
                "param": "module_dirs",
                "type_": ""
              },
              {
                "desc": [
                  {
                    "data": {
                      "children": [
                        {
                          "data": {
                            "value": "dict or list of dict of keywords to be appended to keywords."
                          },
                          "type": "Words"
                        }
                      ]
                    },
                    "type": "Paragraph"
                  }
                ],
                "param": "extra_info",
                "type_": "dict or list"
              }
            ]
          },
          "type": "Parameters"
        }
      ],
      "title": null
    },
    "Raises": {
      "children": [],
      "title": null
    },
    "Receives": {
      "children": [],
      "title": null
    },
    "Returns": {
      "children": [],
      "title": null
    },
    "Summary": {
      "children": [
        {
          "data": {
            "children": [
              {
                "data": {
                  "value": "Add extension to configuration."
                },
                "type": "Words"
              }
            ]
          },
          "type": "Paragraph"
        }
      ],
      "title": null
    },
    "Warnings": {
      "children": [],
      "title": null
    },
    "Warns": {
      "children": [],
      "title": null
    },
    "Yields": {
      "children": [],
      "title": null
    }
  },
  "example_section_data": {
    "children": [],
    "title": null
  },
  "item_file": "/numpy/distutils/misc_util.py",
  "item_line": 1446,
  "item_type": "<class 'function'>",
  "ordered_sections": [
    "Summary",
    "Extended Summary",
    "Parameters",
    "Notes"
  ],
  "references": null,
  "see_also": [],
  "signature": {
    "value": "add_extension(self, name, sources, **kw)"
  }
}