{
  "_content": {
    "Attributes": {
      "children": [],
      "title": null
    },
    "Extended Summary": {
      "children": [
        {
          "data": {
            "inline": [
              {
                "data": {
                  "value": "Most C libraries used with "
                },
                "type": "Words"
              },
              {
                "data": {
                  "exists": true,
                  "kind": "module",
                  "reference": {
                    "kind": "module",
                    "module": "numpy",
                    "path": "numpy.distutils",
                    "version": "1.22.3"
                  },
                  "value": "distutils"
                },
                "type": "Link"
              },
              {
                "data": {
                  "value": " are only used to build python extensions, but libraries built through this method will be installed so that they can be reused by third-party packages."
                },
                "type": "Words"
              }
            ],
            "inner": []
          },
          "type": "Paragraph"
        }
      ],
      "title": null
    },
    "Methods": {
      "children": [],
      "title": null
    },
    "Notes": {
      "children": [
        {
          "data": {
            "inline": [
              {
                "data": {
                  "value": "The best way to encode the options required to link against the specified C libraries is to use a \"libname.ini\" file, and use "
                },
                "type": "Words"
              },
              {
                "data": {
                  "exists": true,
                  "kind": "module",
                  "reference": {
                    "kind": "module",
                    "module": "numpy",
                    "path": "numpy.distutils.misc_util.get_info",
                    "version": "1.22.3"
                  },
                  "value": "get_info"
                },
                "type": "Link"
              },
              {
                "data": {
                  "value": " to retrieve the required options (see "
                },
                "type": "Words"
              },
              {
                "data": {
                  "exists": true,
                  "kind": "module",
                  "reference": {
                    "kind": "module",
                    "module": "numpy",
                    "path": "numpy.distutils.misc_util.Configuration.add_npy_pkg_config",
                    "version": "1.22.3"
                  },
                  "value": "add_npy_pkg_config"
                },
                "type": "Link"
              },
              {
                "data": {
                  "value": " for more information)."
                },
                "type": "Words"
              }
            ],
            "inner": []
          },
          "type": "Paragraph"
        }
      ],
      "title": null
    },
    "Other Parameters": {
      "children": [],
      "title": null
    },
    "Parameters": {
      "children": [
        {
          "data": {
            "desc": [
              {
                "data": {
                  "inline": [
                    {
                      "data": {
                        "value": "Name of the installed library."
                      },
                      "type": "Words"
                    }
                  ],
                  "inner": []
                },
                "type": "Paragraph"
              }
            ],
            "param": "name",
            "type_": "str"
          },
          "type": "Param"
        },
        {
          "data": {
            "desc": [
              {
                "data": {
                  "inline": [
                    {
                      "data": {
                        "value": "List of the library's source files. See "
                      },
                      "type": "Words"
                    },
                    {
                      "data": {
                        "exists": true,
                        "kind": "module",
                        "reference": {
                          "kind": "module",
                          "module": "numpy",
                          "path": "numpy.distutils.misc_util.Configuration.add_library",
                          "version": "1.22.3"
                        },
                        "value": "add_library"
                      },
                      "type": "Link"
                    },
                    {
                      "data": {
                        "value": " for details."
                      },
                      "type": "Words"
                    }
                  ],
                  "inner": []
                },
                "type": "Paragraph"
              }
            ],
            "param": "sources",
            "type_": "sequence"
          },
          "type": "Param"
        },
        {
          "data": {
            "desc": [
              {
                "data": {
                  "inline": [
                    {
                      "data": {
                        "value": "Path to install the library, relative to the current sub-package."
                      },
                      "type": "Words"
                    }
                  ],
                  "inner": []
                },
                "type": "Paragraph"
              }
            ],
            "param": "install_dir",
            "type_": "str"
          },
          "type": "Param"
        },
        {
          "data": {
            "desc": [
              {
                "data": {
                  "inline": [
                    {
                      "data": {
                        "value": "The following keys are allowed:"
                      },
                      "type": "Words"
                    }
                  ],
                  "inner": []
                },
                "type": "Paragraph"
              },
              {
                "data": {
                  "value": [
                    "* depends",
                    "* macros",
                    "* include_dirs",
                    "* extra_compiler_args",
                    "* extra_f77_compile_args",
                    "* extra_f90_compile_args",
                    "* f2py_options",
                    "* language"
                  ]
                },
                "type": "BlockQuote"
              }
            ],
            "param": "build_info",
            "type_": "dict, optional"
          },
          "type": "Param"
        }
      ],
      "title": null
    },
    "Raises": {
      "children": [],
      "title": null
    },
    "Receives": {
      "children": [],
      "title": null
    },
    "Returns": {
      "children": [
        {
          "data": {
            "desc": [],
            "param": "",
            "type_": "None"
          },
          "type": "Param"
        }
      ],
      "title": null
    },
    "Summary": {
      "children": [
        {
          "data": {
            "inline": [
              {
                "data": {
                  "value": "Similar to add_library, but the specified library is installed."
                },
                "type": "Words"
              }
            ],
            "inner": []
          },
          "type": "Paragraph"
        }
      ],
      "title": null
    },
    "Warnings": {
      "children": [],
      "title": null
    },
    "Warns": {
      "children": [],
      "title": null
    },
    "Yields": {
      "children": [],
      "title": null
    }
  },
  "aliases": [
    "numpy.distutils.misc_util.Configuration.add_installed_library"
  ],
  "arbitrary": [],
  "example_section_data": {
    "children": [],
    "title": null
  },
  "item_file": "/numpy/distutils/misc_util.py",
  "item_line": 1601,
  "item_type": "<class 'function'>",
  "ordered_sections": [
    "Summary",
    "Extended Summary",
    "Parameters",
    "Returns",
    "See Also",
    "Notes"
  ],
  "references": null,
  "refs": [
    "add_library",
    "add_npy_pkg_config",
    "get_info"
  ],
  "see_also": [
    {
      "descriptions": [],
      "name": {
        "exists": null,
        "name": "add_library",
        "ref": null
      },
      "type": null
    },
    {
      "descriptions": [],
      "name": {
        "exists": null,
        "name": "add_npy_pkg_config",
        "ref": null
      },
      "type": null
    },
    {
      "descriptions": [],
      "name": {
        "exists": null,
        "name": "get_info",
        "ref": null
      },
      "type": null
    }
  ],
  "signature": {
    "value": "add_installed_library(self, name, sources, install_dir, build_info=None)"
  }
}