{
  "_content": {
    "Attributes": {
      "children": [],
      "title": null
    },
    "Extended Summary": {
      "children": [
        {
          "data": {
            "children": [
              {
                "data": {
                  "value": "Return an empty masked array of the same shape and dtype as the array "
                },
                "type": "Words"
              },
              {
                "data": {
                  "exists": true,
                  "kind": "local",
                  "reference": {
                    "kind": "local",
                    "module": null,
                    "path": "arr",
                    "version": null
                  },
                  "value": "arr"
                },
                "type": "Link"
              },
              {
                "data": {
                  "value": ", where all the data are masked."
                },
                "type": "Words"
              }
            ]
          },
          "type": "Paragraph"
        }
      ],
      "title": null
    },
    "Methods": {
      "children": [],
      "title": null
    },
    "Notes": {
      "children": [],
      "title": null
    },
    "Other Parameters": {
      "children": [],
      "title": null
    },
    "Parameters": {
      "children": [
        {
          "data": {
            "desc": [
              {
                "data": {
                  "children": [
                    {
                      "data": {
                        "value": "An array describing the shape and dtype of the required MaskedArray."
                      },
                      "type": "Words"
                    }
                  ]
                },
                "type": "Paragraph"
              }
            ],
            "param": "arr",
            "type_": "ndarray"
          },
          "type": "Param"
        }
      ],
      "title": null
    },
    "Raises": {
      "children": [
        {
          "data": {
            "desc": [
              {
                "data": {
                  "children": [
                    {
                      "data": {
                        "value": "If "
                      },
                      "type": "Words"
                    },
                    {
                      "data": {
                        "exists": true,
                        "kind": "local",
                        "reference": {
                          "kind": "local",
                          "module": null,
                          "path": "arr",
                          "version": null
                        },
                        "value": "arr"
                      },
                      "type": "Link"
                    },
                    {
                      "data": {
                        "value": " doesn't have a shape attribute (i.e. not an ndarray)"
                      },
                      "type": "Words"
                    }
                  ]
                },
                "type": "Paragraph"
              }
            ],
            "param": "",
            "type_": "AttributeError"
          },
          "type": "Param"
        }
      ],
      "title": null
    },
    "Receives": {
      "children": [],
      "title": null
    },
    "Returns": {
      "children": [
        {
          "data": {
            "desc": [
              {
                "data": {
                  "children": [
                    {
                      "data": {
                        "value": "A masked array with all data masked."
                      },
                      "type": "Words"
                    }
                  ]
                },
                "type": "Paragraph"
              }
            ],
            "param": "a",
            "type_": "MaskedArray"
          },
          "type": "Param"
        }
      ],
      "title": null
    },
    "Summary": {
      "children": [
        {
          "data": {
            "children": [
              {
                "data": {
                  "value": "Empty masked array with the properties of an existing array."
                },
                "type": "Words"
              }
            ]
          },
          "type": "Paragraph"
        }
      ],
      "title": null
    },
    "Warnings": {
      "children": [],
      "title": null
    },
    "Warns": {
      "children": [],
      "title": null
    },
    "Yields": {
      "children": [],
      "title": null
    }
  },
  "aliases": [
    "numpy.ma.masked_all_like"
  ],
  "arbitrary": [],
  "example_section_data": {
    "children": [
      {
        "data": {
          "ce_status": "execed",
          "entries": [
            [
              "import",
              null,
              "kn"
            ],
            [
              " ",
              "",
              ""
            ],
            [
              "numpy",
              "numpy",
              "nn"
            ],
            [
              ".",
              "",
              "nn"
            ],
            [
              "ma",
              "numpy.ma",
              "nn"
            ],
            [
              " ",
              "",
              ""
            ],
            [
              "as",
              null,
              "k"
            ],
            [
              " ",
              "",
              ""
            ],
            [
              "ma",
              "numpy.ma",
              "nn"
            ],
            [
              "\n",
              "",
              ""
            ],
            [
              "arr",
              "numpy.ndarray",
              ""
            ],
            [
              " ",
              "",
              ""
            ],
            [
              "=",
              "",
              "o"
            ],
            [
              " ",
              "",
              ""
            ],
            [
              "np",
              "numpy",
              ""
            ],
            [
              ".",
              "",
              "o"
            ],
            [
              "zeros",
              "numpy.zeros",
              ""
            ],
            [
              "(",
              "",
              ""
            ],
            [
              "(",
              "",
              ""
            ],
            [
              "2",
              "",
              "mi"
            ],
            [
              ",",
              "",
              ""
            ],
            [
              " ",
              "",
              ""
            ],
            [
              "3",
              "",
              "mi"
            ],
            [
              ")",
              "",
              ""
            ],
            [
              ",",
              "",
              ""
            ],
            [
              " ",
              "",
              ""
            ],
            [
              "dtype",
              null,
              ""
            ],
            [
              "=",
              "",
              "o"
            ],
            [
              "np",
              "numpy",
              ""
            ],
            [
              ".",
              "",
              "o"
            ],
            [
              "float32",
              "numpy.floating",
              ""
            ],
            [
              ")",
              "",
              ""
            ],
            [
              "\n",
              "",
              ""
            ],
            [
              "arr",
              "numpy.ndarray",
              ""
            ]
          ],
          "out": "array([[0., 0., 0.],\n       [0., 0., 0.]], dtype=float32)"
        },
        "type": "Code"
      },
      {
        "data": {
          "ce_status": "execed",
          "entries": [
            [
              "ma",
              "numpy.ma",
              ""
            ],
            [
              ".",
              "",
              "o"
            ],
            [
              "masked_all_like",
              "numpy.ma.extras.masked_all_like",
              ""
            ],
            [
              "(",
              "",
              ""
            ],
            [
              "arr",
              "numpy.ndarray",
              ""
            ],
            [
              ")",
              "",
              ""
            ]
          ],
          "out": "masked_array(\n  data=[[--, --, --],\n        [--, --, --]],\n  mask=[[ True,  True,  True],\n        [ True,  True,  True]],\n  fill_value=1e+20,\n  dtype=float32)"
        },
        "type": "Code"
      },
      {
        "data": {
          "children": [
            {
              "data": {
                "value": "The dtype of the masked array matches the dtype of "
              },
              "type": "Words"
            },
            {
              "data": {
                "exists": true,
                "kind": "local",
                "reference": {
                  "kind": "local",
                  "module": null,
                  "path": "arr",
                  "version": null
                },
                "value": "arr"
              },
              "type": "Link"
            },
            {
              "data": {
                "value": "."
              },
              "type": "Words"
            }
          ]
        },
        "type": "Paragraph"
      },
      {
        "data": {
          "ce_status": "execed",
          "entries": [
            [
              "arr",
              "numpy.ndarray",
              ""
            ],
            [
              ".",
              "",
              "o"
            ],
            [
              "dtype",
              "numpy.ndarray.dtype",
              ""
            ]
          ],
          "out": "dtype('float32')"
        },
        "type": "Code"
      },
      {
        "data": {
          "ce_status": "execed",
          "entries": [
            [
              "ma",
              "numpy.ma",
              ""
            ],
            [
              ".",
              "",
              "o"
            ],
            [
              "masked_all_like",
              "numpy.ma.extras.masked_all_like",
              ""
            ],
            [
              "(",
              "",
              ""
            ],
            [
              "arr",
              "numpy.ndarray",
              ""
            ],
            [
              ")",
              "",
              ""
            ],
            [
              ".",
              "",
              "o"
            ],
            [
              "dtype",
              null,
              ""
            ]
          ],
          "out": "dtype('float32')"
        },
        "type": "Code"
      }
    ],
    "title": null
  },
  "item_file": "/numpy/ma/extras.py",
  "item_line": 156,
  "item_type": "<class 'function'>",
  "ordered_sections": [
    "Summary",
    "Extended Summary",
    "Parameters",
    "Returns",
    "Raises",
    "See Also",
    "Examples"
  ],
  "references": null,
  "refs": [
    "masked_all",
    "numpy",
    "numpy.floating",
    "numpy.ma",
    "numpy.ma.extras.masked_all_like",
    "numpy.ndarray",
    "numpy.ndarray.dtype",
    "numpy.zeros"
  ],
  "see_also": [
    {
      "descriptions": [
        {
          "children": [
            {
              "data": {
                "value": "Empty masked array with all elements masked."
              },
              "type": "Words"
            }
          ]
        }
      ],
      "name": {
        "exists": true,
        "name": "masked_all",
        "ref": "numpy.ma.extras.masked_all"
      },
      "type": null
    }
  ],
  "signature": {
    "value": "masked_all_like(arr)"
  }
}