{
  "_content": {
    "Attributes": {
      "children": [],
      "title": null
    },
    "Extended Summary": {
      "children": [
        {
          "data": {
            "children": [
              {
                "data": {
                  "value": "The complex conjugate of a complex number is obtained by changing the sign of its imaginary part."
                },
                "type": "Words"
              }
            ]
          },
          "type": "Paragraph"
        }
      ],
      "title": null
    },
    "Methods": {
      "children": [],
      "title": null
    },
    "Notes": {
      "children": [
        {
          "data": {
            "children": [
              {
                "data": {
                  "exists": true,
                  "kind": "module",
                  "reference": {
                    "kind": "module",
                    "module": "numpy",
                    "path": "numpy.ma.core.conjugate",
                    "version": "1.22.3"
                  },
                  "value": "conj"
                },
                "type": "Link"
              },
              {
                "data": {
                  "value": " is an alias for "
                },
                "type": "Words"
              },
              {
                "data": {
                  "exists": true,
                  "kind": "module",
                  "reference": {
                    "kind": "module",
                    "module": "numpy",
                    "path": "numpy.ma.core.conjugate",
                    "version": "1.22.3"
                  },
                  "value": "conjugate"
                },
                "type": "Link"
              },
              {
                "data": {
                  "value": ":"
                },
                "type": "Words"
              }
            ]
          },
          "type": "Paragraph"
        },
        {
          "data": {
            "value": ">>> np.conj is np.conjugate\nTrue"
          },
          "type": "BlockVerbatim"
        }
      ],
      "title": null
    },
    "Other Parameters": {
      "children": [],
      "title": null
    },
    "Parameters": {
      "children": [
        {
          "data": {
            "desc": [
              {
                "data": {
                  "children": [
                    {
                      "data": {
                        "value": "Input value."
                      },
                      "type": "Words"
                    }
                  ]
                },
                "type": "Paragraph"
              }
            ],
            "param": "x",
            "type_": "array_like"
          },
          "type": "Param"
        },
        {
          "data": {
            "desc": [
              {
                "data": {
                  "children": [
                    {
                      "data": {
                        "value": "A location into which the result is stored. If provided, it must have a shape that the inputs broadcast to. If not provided or None, a freshly-allocated array is returned. A tuple (possible only as a keyword argument) must have length equal to the number of outputs."
                      },
                      "type": "Words"
                    }
                  ]
                },
                "type": "Paragraph"
              }
            ],
            "param": "out",
            "type_": "ndarray, None, or tuple of ndarray and None, optional"
          },
          "type": "Param"
        },
        {
          "data": {
            "desc": [
              {
                "data": {
                  "children": [
                    {
                      "data": {
                        "value": "This condition is broadcast over the input. At locations where the condition is True, the "
                      },
                      "type": "Words"
                    },
                    {
                      "data": {
                        "exists": true,
                        "kind": "local",
                        "reference": {
                          "kind": "local",
                          "module": null,
                          "path": "out",
                          "version": null
                        },
                        "value": "out"
                      },
                      "type": "Link"
                    },
                    {
                      "data": {
                        "value": " array will be set to the ufunc result. Elsewhere, the "
                      },
                      "type": "Words"
                    },
                    {
                      "data": {
                        "exists": true,
                        "kind": "local",
                        "reference": {
                          "kind": "local",
                          "module": null,
                          "path": "out",
                          "version": null
                        },
                        "value": "out"
                      },
                      "type": "Link"
                    },
                    {
                      "data": {
                        "value": " array will retain its original value. Note that if an uninitialized "
                      },
                      "type": "Words"
                    },
                    {
                      "data": {
                        "exists": true,
                        "kind": "local",
                        "reference": {
                          "kind": "local",
                          "module": null,
                          "path": "out",
                          "version": null
                        },
                        "value": "out"
                      },
                      "type": "Link"
                    },
                    {
                      "data": {
                        "value": " array is created via the default "
                      },
                      "type": "Words"
                    },
                    {
                      "data": {
                        "value": [
                          "out=None"
                        ]
                      },
                      "type": "Verbatim"
                    },
                    {
                      "data": {
                        "value": ", locations within it where the condition is False will remain uninitialized."
                      },
                      "type": "Words"
                    }
                  ]
                },
                "type": "Paragraph"
              }
            ],
            "param": "where",
            "type_": "array_like, optional"
          },
          "type": "Param"
        },
        {
          "data": {
            "desc": [
              {
                "data": {
                  "children": [
                    {
                      "data": {
                        "value": "For other keyword-only arguments, see the "
                      },
                      "type": "Words"
                    },
                    {
                      "data": {
                        "value": [
                          "ufunc docs <ufuncs.kwargs>"
                        ]
                      },
                      "type": "Verbatim"
                    },
                    {
                      "data": {
                        "value": "."
                      },
                      "type": "Words"
                    }
                  ]
                },
                "type": "Paragraph"
              }
            ],
            "param": "**kwargs",
            "type_": ""
          },
          "type": "Param"
        }
      ],
      "title": null
    },
    "Raises": {
      "children": [],
      "title": null
    },
    "Receives": {
      "children": [],
      "title": null
    },
    "Returns": {
      "children": [
        {
          "data": {
            "desc": [
              {
                "data": {
                  "children": [
                    {
                      "data": {
                        "value": "The complex conjugate of "
                      },
                      "type": "Words"
                    },
                    {
                      "data": {
                        "exists": true,
                        "kind": "local",
                        "reference": {
                          "kind": "local",
                          "module": null,
                          "path": "x",
                          "version": null
                        },
                        "value": "x"
                      },
                      "type": "Link"
                    },
                    {
                      "data": {
                        "value": ", with same dtype as "
                      },
                      "type": "Words"
                    },
                    {
                      "data": {
                        "exists": true,
                        "kind": "local",
                        "reference": {
                          "kind": "local",
                          "module": null,
                          "path": "y",
                          "version": null
                        },
                        "value": "y"
                      },
                      "type": "Link"
                    },
                    {
                      "data": {
                        "value": ". This is a scalar if "
                      },
                      "type": "Words"
                    },
                    {
                      "data": {
                        "exists": true,
                        "kind": "local",
                        "reference": {
                          "kind": "local",
                          "module": null,
                          "path": "x",
                          "version": null
                        },
                        "value": "x"
                      },
                      "type": "Link"
                    },
                    {
                      "data": {
                        "value": " is a scalar."
                      },
                      "type": "Words"
                    }
                  ]
                },
                "type": "Paragraph"
              }
            ],
            "param": "y",
            "type_": "ndarray"
          },
          "type": "Param"
        }
      ],
      "title": null
    },
    "Summary": {
      "children": [
        {
          "data": {
            "children": [
              {
                "data": {
                  "value": "Return the complex conjugate, element-wise."
                },
                "type": "Words"
              }
            ]
          },
          "type": "Paragraph"
        }
      ],
      "title": null
    },
    "Warnings": {
      "children": [],
      "title": null
    },
    "Warns": {
      "children": [],
      "title": null
    },
    "Yields": {
      "children": [],
      "title": null
    }
  },
  "aliases": [
    "numpy.ma.conjugate"
  ],
  "arbitrary": [],
  "example_section_data": {
    "children": [
      {
        "data": {
          "ce_status": "compiled",
          "entries": [
            [
              "np",
              "numpy",
              ""
            ],
            [
              ".",
              "",
              "o"
            ],
            [
              "conjugate",
              "numpy.ufunc",
              ""
            ],
            [
              "(",
              "",
              ""
            ],
            [
              "1",
              "",
              "mi"
            ],
            [
              "+",
              "",
              "o"
            ],
            [
              "2",
              "",
              "mi"
            ],
            [
              "j",
              "builtins.complex",
              ""
            ],
            [
              ")",
              "",
              ""
            ]
          ],
          "out": "(1-2j)"
        },
        "type": "Code"
      },
      {
        "data": {
          "ce_status": "compiled",
          "entries": [
            [
              "x",
              "builtins.complex",
              ""
            ],
            [
              " ",
              "",
              ""
            ],
            [
              "=",
              "",
              "o"
            ],
            [
              " ",
              "",
              ""
            ],
            [
              "np",
              "numpy",
              ""
            ],
            [
              ".",
              "",
              "o"
            ],
            [
              "eye",
              "numpy.eye",
              ""
            ],
            [
              "(",
              "",
              ""
            ],
            [
              "2",
              "",
              "mi"
            ],
            [
              ")",
              "",
              ""
            ],
            [
              " ",
              "",
              ""
            ],
            [
              "+",
              "",
              "o"
            ],
            [
              " ",
              "",
              ""
            ],
            [
              "1",
              "",
              "mi"
            ],
            [
              "j",
              "builtins.complex",
              ""
            ],
            [
              " ",
              "",
              ""
            ],
            [
              "*",
              "",
              "o"
            ],
            [
              " ",
              "",
              ""
            ],
            [
              "np",
              "numpy",
              ""
            ],
            [
              ".",
              "",
              "o"
            ],
            [
              "eye",
              "numpy.eye",
              ""
            ],
            [
              "(",
              "",
              ""
            ],
            [
              "2",
              "",
              "mi"
            ],
            [
              ")",
              "",
              ""
            ],
            [
              "\n",
              "",
              ""
            ],
            [
              "np",
              "numpy",
              ""
            ],
            [
              ".",
              "",
              "o"
            ],
            [
              "conjugate",
              "numpy.conjugate",
              ""
            ],
            [
              "(",
              "",
              ""
            ],
            [
              "x",
              "builtins.complex",
              ""
            ],
            [
              ")",
              "",
              ""
            ]
          ],
          "out": "array([[ 1.-1.j,  0.-0.j],\n       [ 0.-0.j,  1.-1.j]])"
        },
        "type": "Code"
      }
    ],
    "title": null
  },
  "item_file": "/numpy/ma/core.py",
  "item_line": null,
  "item_type": "<class 'numpy.ma.core._MaskedUnaryOperation'>",
  "ordered_sections": [
    "Signature",
    "Summary",
    "Extended Summary",
    "Parameters",
    "Returns",
    "Notes",
    "Examples"
  ],
  "references": null,
  "refs": [
    "builtins.complex",
    "numpy",
    "numpy.conjugate",
    "numpy.eye",
    "numpy.ufunc"
  ],
  "see_also": [],
  "signature": {
    "value": "conjugate(x, /, out=None, *, where=True, casting='same_kind', order='K', dtype=None, subok=True[, signature, extobj])"
  }
}