{
  "_content": {
    "Attributes": {
      "children": [],
      "title": null
    },
    "Extended Summary": {
      "children": [
        {
          "data": {
            "children": [
              {
                "data": {
                  "children": [
                    {
                      "data": {
                        "value": "This method does nothing, except raise a ValueError exception. A     masked array does not own its data and therefore cannot safely be     resized in place. Use the "
                      },
                      "type": "Words"
                    },
                    {
                      "data": {
                        "exists": true,
                        "kind": "module",
                        "reference": {
                          "kind": "api",
                          "module": "numpy",
                          "path": "numpy.ma.core.resize",
                          "version": "*"
                        },
                        "value": "numpy.ma.resize"
                      },
                      "type": "Link"
                    },
                    {
                      "data": {
                        "value": " function instead."
                      },
                      "type": "Words"
                    }
                  ]
                },
                "type": "Paragraph"
              }
            ]
          },
          "type": "BlockQuote"
        },
        {
          "data": {
            "children": [
              {
                "data": {
                  "value": "This method is difficult to implement safely and may be deprecated in future releases of NumPy."
                },
                "type": "Words"
              }
            ]
          },
          "type": "Paragraph"
        }
      ],
      "title": null
    },
    "Methods": {
      "children": [],
      "title": null
    },
    "Notes": {
      "children": [],
      "title": null
    },
    "Other Parameters": {
      "children": [],
      "title": null
    },
    "Parameters": {
      "children": [],
      "title": null
    },
    "Raises": {
      "children": [],
      "title": null
    },
    "Receives": {
      "children": [],
      "title": null
    },
    "Returns": {
      "children": [],
      "title": null
    },
    "Summary": {
      "children": [
        {
          "data": {
            "children": [],
            "kind": "warning",
            "title": ""
          },
          "type": "Admonition"
        }
      ],
      "title": null
    },
    "Warnings": {
      "children": [],
      "title": null
    },
    "Warns": {
      "children": [],
      "title": null
    },
    "Yields": {
      "children": [],
      "title": null
    }
  },
  "aliases": [
    "numpy.ma.MaskedArray.resize"
  ],
  "arbitrary": [],
  "example_section_data": {
    "children": [],
    "title": null
  },
  "item_file": "/numpy/ma/core.py",
  "item_line": 4662,
  "item_type": "<class 'function'>",
  "ordered_sections": [
    "Summary",
    "Extended Summary"
  ],
  "references": null,
  "see_also": [],
  "signature": {
    "value": "resize(self, newshape, refcheck=True, order=False)"
  }
}