{
  "aliases": [
    "numpy.dual.eigvalsh"
  ],
  "arbitrary": [],
  "content": {
    "Attributes": {
      "children": [],
      "title": null
    },
    "Extended Summary": {
      "children": [
        {
          "data": {
            "children": [
              {
                "data": {
                  "value": "Main difference from eigh: the eigenvectors are not computed."
                },
                "type": "Words"
              }
            ]
          },
          "type": "Paragraph"
        }
      ],
      "title": null
    },
    "Methods": {
      "children": [],
      "title": null
    },
    "Notes": {
      "children": [
        {
          "data": {
            "children": [],
            "kind": "versionadded",
            "title": "1.8.0"
          },
          "type": "Admonition"
        },
        {
          "data": {
            "children": [
              {
                "data": {
                  "value": "Broadcasting rules apply, see the "
                },
                "type": "Words"
              },
              {
                "data": {
                  "exists": true,
                  "kind": "module",
                  "reference": {
                    "kind": "module",
                    "module": "numpy",
                    "path": "numpy.linalg",
                    "version": "1.22.3"
                  },
                  "value": "numpy.linalg"
                },
                "type": "Link"
              },
              {
                "data": {
                  "value": " documentation for details."
                },
                "type": "Words"
              }
            ]
          },
          "type": "Paragraph"
        },
        {
          "data": {
            "children": [
              {
                "data": {
                  "value": "The eigenvalues are computed using LAPACK routines "
                },
                "type": "Words"
              },
              {
                "data": {
                  "value": [
                    "_syevd"
                  ]
                },
                "type": "Verbatim"
              },
              {
                "data": {
                  "value": ", "
                },
                "type": "Words"
              },
              {
                "data": {
                  "value": [
                    "_heevd"
                  ]
                },
                "type": "Verbatim"
              },
              {
                "data": {
                  "value": "."
                },
                "type": "Words"
              }
            ]
          },
          "type": "Paragraph"
        }
      ],
      "title": null
    },
    "Other Parameters": {
      "children": [],
      "title": null
    },
    "Parameters": {
      "children": [
        {
          "data": {
            "children": [
              {
                "desc": [
                  {
                    "data": {
                      "children": [
                        {
                          "data": {
                            "value": "A complex- or real-valued matrix whose eigenvalues are to be computed."
                          },
                          "type": "Words"
                        }
                      ]
                    },
                    "type": "Paragraph"
                  }
                ],
                "param": "a",
                "type_": "(..., M, M) array_like"
              },
              {
                "desc": [
                  {
                    "data": {
                      "children": [
                        {
                          "data": {
                            "value": "Specifies whether the calculation is done with the lower triangular part of "
                          },
                          "type": "Words"
                        },
                        {
                          "data": {
                            "exists": true,
                            "kind": "local",
                            "reference": {
                              "kind": "local",
                              "module": null,
                              "path": "a",
                              "version": null
                            },
                            "value": "a"
                          },
                          "type": "Link"
                        },
                        {
                          "data": {
                            "value": " ('L', default) or the upper triangular part ('U'). Irrespective of this value only the real parts of the diagonal will be considered in the computation to preserve the notion of a Hermitian matrix. It therefore follows that the imaginary part of the diagonal will always be treated as zero."
                          },
                          "type": "Words"
                        }
                      ]
                    },
                    "type": "Paragraph"
                  }
                ],
                "param": "UPLO",
                "type_": "{'L', 'U'}, optional"
              }
            ]
          },
          "type": "Parameters"
        }
      ],
      "title": null
    },
    "Raises": {
      "children": [
        {
          "data": {
            "children": [
              {
                "desc": [
                  {
                    "data": {
                      "children": [
                        {
                          "data": {
                            "value": "If the eigenvalue computation does not converge."
                          },
                          "type": "Words"
                        }
                      ]
                    },
                    "type": "Paragraph"
                  }
                ],
                "param": "",
                "type_": "LinAlgError"
              }
            ]
          },
          "type": "Parameters"
        }
      ],
      "title": null
    },
    "Receives": {
      "children": [],
      "title": null
    },
    "Returns": {
      "children": [
        {
          "data": {
            "children": [
              {
                "desc": [
                  {
                    "data": {
                      "children": [
                        {
                          "data": {
                            "value": "The eigenvalues in ascending order, each repeated according to its multiplicity."
                          },
                          "type": "Words"
                        }
                      ]
                    },
                    "type": "Paragraph"
                  }
                ],
                "param": "w",
                "type_": "(..., M,) ndarray"
              }
            ]
          },
          "type": "Parameters"
        }
      ],
      "title": null
    },
    "Summary": {
      "children": [
        {
          "data": {
            "children": [
              {
                "data": {
                  "value": "Compute the eigenvalues of a complex Hermitian or real symmetric matrix."
                },
                "type": "Words"
              }
            ]
          },
          "type": "Paragraph"
        }
      ],
      "title": null
    },
    "Warnings": {
      "children": [],
      "title": null
    },
    "Warns": {
      "children": [],
      "title": null
    },
    "Yields": {
      "children": [],
      "title": null
    }
  },
  "example_section_data": {
    "children": [
      {
        "data": {
          "ce_status": "execed",
          "entries": [
            {
              "link": {
                "data": "from",
                "type": "str"
              },
              "type": "kn"
            },
            {
              "link": {
                "data": " ",
                "type": "str"
              },
              "type": ""
            },
            {
              "link": {
                "data": {
                  "exists": true,
                  "kind": "module",
                  "reference": {
                    "kind": "module",
                    "module": "numpy",
                    "path": "numpy",
                    "version": "1.22.3"
                  },
                  "value": "numpy"
                },
                "type": "Link"
              },
              "type": "nn"
            },
            {
              "link": {
                "data": " ",
                "type": "str"
              },
              "type": ""
            },
            {
              "link": {
                "data": "import",
                "type": "str"
              },
              "type": "kn"
            },
            {
              "link": {
                "data": " ",
                "type": "str"
              },
              "type": ""
            },
            {
              "link": {
                "data": {
                  "exists": true,
                  "kind": "module",
                  "reference": {
                    "kind": "module",
                    "module": "numpy",
                    "path": "numpy.linalg",
                    "version": "1.22.3"
                  },
                  "value": "linalg"
                },
                "type": "Link"
              },
              "type": ""
            },
            {
              "link": {
                "data": " ",
                "type": "str"
              },
              "type": ""
            },
            {
              "link": {
                "data": "as",
                "type": "str"
              },
              "type": "k"
            },
            {
              "link": {
                "data": " ",
                "type": "str"
              },
              "type": ""
            },
            {
              "link": {
                "data": {
                  "exists": true,
                  "kind": "module",
                  "reference": {
                    "kind": "module",
                    "module": "numpy",
                    "path": "numpy.linalg",
                    "version": "1.22.3"
                  },
                  "value": "LA"
                },
                "type": "Link"
              },
              "type": ""
            },
            {
              "link": {
                "data": "\n",
                "type": "str"
              },
              "type": ""
            },
            {
              "link": {
                "data": {
                  "exists": true,
                  "kind": "module",
                  "reference": {
                    "kind": "module",
                    "module": "numpy",
                    "path": "numpy.ndarray",
                    "version": "1.22.3"
                  },
                  "value": "a"
                },
                "type": "Link"
              },
              "type": ""
            },
            {
              "link": {
                "data": " ",
                "type": "str"
              },
              "type": ""
            },
            {
              "link": {
                "data": "=",
                "type": "str"
              },
              "type": "o"
            },
            {
              "link": {
                "data": " ",
                "type": "str"
              },
              "type": ""
            },
            {
              "link": {
                "data": {
                  "exists": true,
                  "kind": "module",
                  "reference": {
                    "kind": "module",
                    "module": "numpy",
                    "path": "numpy",
                    "version": "1.22.3"
                  },
                  "value": "np"
                },
                "type": "Link"
              },
              "type": ""
            },
            {
              "link": {
                "data": ".",
                "type": "str"
              },
              "type": "o"
            },
            {
              "link": {
                "data": {
                  "exists": true,
                  "kind": "module",
                  "reference": {
                    "kind": "module",
                    "module": "numpy",
                    "path": "numpy.array",
                    "version": "1.22.3"
                  },
                  "value": "array"
                },
                "type": "Link"
              },
              "type": ""
            },
            {
              "link": {
                "data": "(",
                "type": "str"
              },
              "type": ""
            },
            {
              "link": {
                "data": "[",
                "type": "str"
              },
              "type": ""
            },
            {
              "link": {
                "data": "[",
                "type": "str"
              },
              "type": ""
            },
            {
              "link": {
                "data": "1",
                "type": "str"
              },
              "type": "mi"
            },
            {
              "link": {
                "data": ",",
                "type": "str"
              },
              "type": ""
            },
            {
              "link": {
                "data": " ",
                "type": "str"
              },
              "type": ""
            },
            {
              "link": {
                "data": "-",
                "type": "str"
              },
              "type": "o"
            },
            {
              "link": {
                "data": "2",
                "type": "str"
              },
              "type": "mi"
            },
            {
              "link": {
                "data": {
                  "exists": true,
                  "kind": "module",
                  "reference": {
                    "kind": "module",
                    "module": "builtins",
                    "path": "builtins.complex",
                    "version": "*"
                  },
                  "value": "j"
                },
                "type": "Link"
              },
              "type": ""
            },
            {
              "link": {
                "data": "]",
                "type": "str"
              },
              "type": ""
            },
            {
              "link": {
                "data": ",",
                "type": "str"
              },
              "type": ""
            },
            {
              "link": {
                "data": " ",
                "type": "str"
              },
              "type": ""
            },
            {
              "link": {
                "data": "[",
                "type": "str"
              },
              "type": ""
            },
            {
              "link": {
                "data": "2",
                "type": "str"
              },
              "type": "mi"
            },
            {
              "link": {
                "data": {
                  "exists": true,
                  "kind": "module",
                  "reference": {
                    "kind": "module",
                    "module": "builtins",
                    "path": "builtins.complex",
                    "version": "*"
                  },
                  "value": "j"
                },
                "type": "Link"
              },
              "type": ""
            },
            {
              "link": {
                "data": ",",
                "type": "str"
              },
              "type": ""
            },
            {
              "link": {
                "data": " ",
                "type": "str"
              },
              "type": ""
            },
            {
              "link": {
                "data": "5",
                "type": "str"
              },
              "type": "mi"
            },
            {
              "link": {
                "data": "]",
                "type": "str"
              },
              "type": ""
            },
            {
              "link": {
                "data": "]",
                "type": "str"
              },
              "type": ""
            },
            {
              "link": {
                "data": ")",
                "type": "str"
              },
              "type": ""
            },
            {
              "link": {
                "data": "\n",
                "type": "str"
              },
              "type": ""
            },
            {
              "link": {
                "data": {
                  "exists": true,
                  "kind": "module",
                  "reference": {
                    "kind": "module",
                    "module": "numpy",
                    "path": "numpy.linalg",
                    "version": "1.22.3"
                  },
                  "value": "LA"
                },
                "type": "Link"
              },
              "type": ""
            },
            {
              "link": {
                "data": ".",
                "type": "str"
              },
              "type": "o"
            },
            {
              "link": {
                "data": {
                  "exists": true,
                  "kind": "module",
                  "reference": {
                    "kind": "module",
                    "module": "numpy",
                    "path": "numpy.linalg.linalg.eigvalsh",
                    "version": "*"
                  },
                  "value": "eigvalsh"
                },
                "type": "Link"
              },
              "type": ""
            },
            {
              "link": {
                "data": "(",
                "type": "str"
              },
              "type": ""
            },
            {
              "link": {
                "data": {
                  "exists": true,
                  "kind": "module",
                  "reference": {
                    "kind": "module",
                    "module": "numpy",
                    "path": "numpy.ndarray",
                    "version": "1.22.3"
                  },
                  "value": "a"
                },
                "type": "Link"
              },
              "type": ""
            },
            {
              "link": {
                "data": ")",
                "type": "str"
              },
              "type": ""
            }
          ],
          "out": "array([ 0.17157288,  5.82842712]) # may vary"
        },
        "type": "Code2"
      },
      {
        "data": {
          "ce_status": "execed",
          "entries": [
            {
              "link": {
                "data": "# demonstrate the treatment of the imaginary part of the diagonal",
                "type": "str"
              },
              "type": "c1"
            },
            {
              "link": {
                "data": "\n",
                "type": "str"
              },
              "type": ""
            },
            {
              "link": {
                "data": {
                  "exists": true,
                  "kind": "module",
                  "reference": {
                    "kind": "module",
                    "module": "numpy",
                    "path": "numpy.ndarray",
                    "version": "1.22.3"
                  },
                  "value": "a"
                },
                "type": "Link"
              },
              "type": ""
            },
            {
              "link": {
                "data": " ",
                "type": "str"
              },
              "type": ""
            },
            {
              "link": {
                "data": "=",
                "type": "str"
              },
              "type": "o"
            },
            {
              "link": {
                "data": " ",
                "type": "str"
              },
              "type": ""
            },
            {
              "link": {
                "data": {
                  "exists": true,
                  "kind": "module",
                  "reference": {
                    "kind": "module",
                    "module": "numpy",
                    "path": "numpy",
                    "version": "1.22.3"
                  },
                  "value": "np"
                },
                "type": "Link"
              },
              "type": ""
            },
            {
              "link": {
                "data": ".",
                "type": "str"
              },
              "type": "o"
            },
            {
              "link": {
                "data": {
                  "exists": true,
                  "kind": "module",
                  "reference": {
                    "kind": "module",
                    "module": "numpy",
                    "path": "numpy.array",
                    "version": "1.22.3"
                  },
                  "value": "array"
                },
                "type": "Link"
              },
              "type": ""
            },
            {
              "link": {
                "data": "(",
                "type": "str"
              },
              "type": ""
            },
            {
              "link": {
                "data": "[",
                "type": "str"
              },
              "type": ""
            },
            {
              "link": {
                "data": "[",
                "type": "str"
              },
              "type": ""
            },
            {
              "link": {
                "data": "5",
                "type": "str"
              },
              "type": "mi"
            },
            {
              "link": {
                "data": "+",
                "type": "str"
              },
              "type": "o"
            },
            {
              "link": {
                "data": "2",
                "type": "str"
              },
              "type": "mi"
            },
            {
              "link": {
                "data": {
                  "exists": true,
                  "kind": "module",
                  "reference": {
                    "kind": "module",
                    "module": "builtins",
                    "path": "builtins.complex",
                    "version": "*"
                  },
                  "value": "j"
                },
                "type": "Link"
              },
              "type": ""
            },
            {
              "link": {
                "data": ",",
                "type": "str"
              },
              "type": ""
            },
            {
              "link": {
                "data": " ",
                "type": "str"
              },
              "type": ""
            },
            {
              "link": {
                "data": "9",
                "type": "str"
              },
              "type": "mi"
            },
            {
              "link": {
                "data": "-",
                "type": "str"
              },
              "type": "o"
            },
            {
              "link": {
                "data": "2",
                "type": "str"
              },
              "type": "mi"
            },
            {
              "link": {
                "data": {
                  "exists": true,
                  "kind": "module",
                  "reference": {
                    "kind": "module",
                    "module": "builtins",
                    "path": "builtins.complex",
                    "version": "*"
                  },
                  "value": "j"
                },
                "type": "Link"
              },
              "type": ""
            },
            {
              "link": {
                "data": "]",
                "type": "str"
              },
              "type": ""
            },
            {
              "link": {
                "data": ",",
                "type": "str"
              },
              "type": ""
            },
            {
              "link": {
                "data": " ",
                "type": "str"
              },
              "type": ""
            },
            {
              "link": {
                "data": "[",
                "type": "str"
              },
              "type": ""
            },
            {
              "link": {
                "data": "0",
                "type": "str"
              },
              "type": "mi"
            },
            {
              "link": {
                "data": "+",
                "type": "str"
              },
              "type": "o"
            },
            {
              "link": {
                "data": "2",
                "type": "str"
              },
              "type": "mi"
            },
            {
              "link": {
                "data": {
                  "exists": true,
                  "kind": "module",
                  "reference": {
                    "kind": "module",
                    "module": "builtins",
                    "path": "builtins.complex",
                    "version": "*"
                  },
                  "value": "j"
                },
                "type": "Link"
              },
              "type": ""
            },
            {
              "link": {
                "data": ",",
                "type": "str"
              },
              "type": ""
            },
            {
              "link": {
                "data": " ",
                "type": "str"
              },
              "type": ""
            },
            {
              "link": {
                "data": "2",
                "type": "str"
              },
              "type": "mi"
            },
            {
              "link": {
                "data": "-",
                "type": "str"
              },
              "type": "o"
            },
            {
              "link": {
                "data": "1",
                "type": "str"
              },
              "type": "mi"
            },
            {
              "link": {
                "data": {
                  "exists": true,
                  "kind": "module",
                  "reference": {
                    "kind": "module",
                    "module": "builtins",
                    "path": "builtins.complex",
                    "version": "*"
                  },
                  "value": "j"
                },
                "type": "Link"
              },
              "type": ""
            },
            {
              "link": {
                "data": "]",
                "type": "str"
              },
              "type": ""
            },
            {
              "link": {
                "data": "]",
                "type": "str"
              },
              "type": ""
            },
            {
              "link": {
                "data": ")",
                "type": "str"
              },
              "type": ""
            },
            {
              "link": {
                "data": "\n",
                "type": "str"
              },
              "type": ""
            },
            {
              "link": {
                "data": {
                  "exists": true,
                  "kind": "module",
                  "reference": {
                    "kind": "module",
                    "module": "numpy",
                    "path": "numpy.ndarray",
                    "version": "1.22.3"
                  },
                  "value": "a"
                },
                "type": "Link"
              },
              "type": ""
            }
          ],
          "out": "array([[5.+2.j, 9.-2.j],\n       [0.+2.j, 2.-1.j]])"
        },
        "type": "Code2"
      },
      {
        "data": {
          "ce_status": "execed",
          "entries": [
            {
              "link": {
                "data": "# with UPLO='L' this is numerically equivalent to using LA.eigvals()",
                "type": "str"
              },
              "type": "c1"
            },
            {
              "link": {
                "data": "\n",
                "type": "str"
              },
              "type": ""
            },
            {
              "link": {
                "data": "# with:",
                "type": "str"
              },
              "type": "c1"
            },
            {
              "link": {
                "data": "\n",
                "type": "str"
              },
              "type": ""
            },
            {
              "link": {
                "data": {
                  "exists": true,
                  "kind": "module",
                  "reference": {
                    "kind": "module",
                    "module": "numpy",
                    "path": "numpy.ndarray",
                    "version": "1.22.3"
                  },
                  "value": "b"
                },
                "type": "Link"
              },
              "type": ""
            },
            {
              "link": {
                "data": " ",
                "type": "str"
              },
              "type": ""
            },
            {
              "link": {
                "data": "=",
                "type": "str"
              },
              "type": "o"
            },
            {
              "link": {
                "data": " ",
                "type": "str"
              },
              "type": ""
            },
            {
              "link": {
                "data": {
                  "exists": true,
                  "kind": "module",
                  "reference": {
                    "kind": "module",
                    "module": "numpy",
                    "path": "numpy",
                    "version": "1.22.3"
                  },
                  "value": "np"
                },
                "type": "Link"
              },
              "type": ""
            },
            {
              "link": {
                "data": ".",
                "type": "str"
              },
              "type": "o"
            },
            {
              "link": {
                "data": {
                  "exists": true,
                  "kind": "module",
                  "reference": {
                    "kind": "module",
                    "module": "numpy",
                    "path": "numpy.array",
                    "version": "1.22.3"
                  },
                  "value": "array"
                },
                "type": "Link"
              },
              "type": ""
            },
            {
              "link": {
                "data": "(",
                "type": "str"
              },
              "type": ""
            },
            {
              "link": {
                "data": "[",
                "type": "str"
              },
              "type": ""
            },
            {
              "link": {
                "data": "[",
                "type": "str"
              },
              "type": ""
            },
            {
              "link": {
                "data": "5.",
                "type": "str"
              },
              "type": "mf"
            },
            {
              "link": {
                "data": "+",
                "type": "str"
              },
              "type": "o"
            },
            {
              "link": {
                "data": "0.",
                "type": "str"
              },
              "type": "mf"
            },
            {
              "link": {
                "data": {
                  "exists": true,
                  "kind": "module",
                  "reference": {
                    "kind": "module",
                    "module": "builtins",
                    "path": "builtins.complex",
                    "version": "*"
                  },
                  "value": "j"
                },
                "type": "Link"
              },
              "type": ""
            },
            {
              "link": {
                "data": ",",
                "type": "str"
              },
              "type": ""
            },
            {
              "link": {
                "data": " ",
                "type": "str"
              },
              "type": ""
            },
            {
              "link": {
                "data": "0.",
                "type": "str"
              },
              "type": "mf"
            },
            {
              "link": {
                "data": "-",
                "type": "str"
              },
              "type": "o"
            },
            {
              "link": {
                "data": "2.",
                "type": "str"
              },
              "type": "mf"
            },
            {
              "link": {
                "data": {
                  "exists": true,
                  "kind": "module",
                  "reference": {
                    "kind": "module",
                    "module": "builtins",
                    "path": "builtins.complex",
                    "version": "*"
                  },
                  "value": "j"
                },
                "type": "Link"
              },
              "type": ""
            },
            {
              "link": {
                "data": "]",
                "type": "str"
              },
              "type": ""
            },
            {
              "link": {
                "data": ",",
                "type": "str"
              },
              "type": ""
            },
            {
              "link": {
                "data": " ",
                "type": "str"
              },
              "type": ""
            },
            {
              "link": {
                "data": "[",
                "type": "str"
              },
              "type": ""
            },
            {
              "link": {
                "data": "0.",
                "type": "str"
              },
              "type": "mf"
            },
            {
              "link": {
                "data": "+",
                "type": "str"
              },
              "type": "o"
            },
            {
              "link": {
                "data": "2.",
                "type": "str"
              },
              "type": "mf"
            },
            {
              "link": {
                "data": {
                  "exists": true,
                  "kind": "module",
                  "reference": {
                    "kind": "module",
                    "module": "builtins",
                    "path": "builtins.complex",
                    "version": "*"
                  },
                  "value": "j"
                },
                "type": "Link"
              },
              "type": ""
            },
            {
              "link": {
                "data": ",",
                "type": "str"
              },
              "type": ""
            },
            {
              "link": {
                "data": " ",
                "type": "str"
              },
              "type": ""
            },
            {
              "link": {
                "data": "2.",
                "type": "str"
              },
              "type": "mf"
            },
            {
              "link": {
                "data": "-",
                "type": "str"
              },
              "type": "o"
            },
            {
              "link": {
                "data": "0.",
                "type": "str"
              },
              "type": "mf"
            },
            {
              "link": {
                "data": {
                  "exists": true,
                  "kind": "module",
                  "reference": {
                    "kind": "module",
                    "module": "builtins",
                    "path": "builtins.complex",
                    "version": "*"
                  },
                  "value": "j"
                },
                "type": "Link"
              },
              "type": ""
            },
            {
              "link": {
                "data": "]",
                "type": "str"
              },
              "type": ""
            },
            {
              "link": {
                "data": "]",
                "type": "str"
              },
              "type": ""
            },
            {
              "link": {
                "data": ")",
                "type": "str"
              },
              "type": ""
            },
            {
              "link": {
                "data": "\n",
                "type": "str"
              },
              "type": ""
            },
            {
              "link": {
                "data": {
                  "exists": true,
                  "kind": "module",
                  "reference": {
                    "kind": "module",
                    "module": "numpy",
                    "path": "numpy.ndarray",
                    "version": "1.22.3"
                  },
                  "value": "b"
                },
                "type": "Link"
              },
              "type": ""
            }
          ],
          "out": "array([[5.+0.j, 0.-2.j],\n       [0.+2.j, 2.+0.j]])"
        },
        "type": "Code2"
      },
      {
        "data": {
          "ce_status": "execed",
          "entries": [
            {
              "link": {
                "data": {
                  "exists": true,
                  "kind": "module",
                  "reference": {
                    "kind": "module",
                    "module": "numpy",
                    "path": "numpy.ndarray",
                    "version": "1.22.3"
                  },
                  "value": "wa"
                },
                "type": "Link"
              },
              "type": ""
            },
            {
              "link": {
                "data": " ",
                "type": "str"
              },
              "type": ""
            },
            {
              "link": {
                "data": "=",
                "type": "str"
              },
              "type": "o"
            },
            {
              "link": {
                "data": " ",
                "type": "str"
              },
              "type": ""
            },
            {
              "link": {
                "data": {
                  "exists": true,
                  "kind": "module",
                  "reference": {
                    "kind": "module",
                    "module": "numpy",
                    "path": "numpy.linalg",
                    "version": "1.22.3"
                  },
                  "value": "LA"
                },
                "type": "Link"
              },
              "type": ""
            },
            {
              "link": {
                "data": ".",
                "type": "str"
              },
              "type": "o"
            },
            {
              "link": {
                "data": {
                  "exists": true,
                  "kind": "module",
                  "reference": {
                    "kind": "module",
                    "module": "numpy",
                    "path": "numpy.linalg.linalg.eigvalsh",
                    "version": "*"
                  },
                  "value": "eigvalsh"
                },
                "type": "Link"
              },
              "type": ""
            },
            {
              "link": {
                "data": "(",
                "type": "str"
              },
              "type": ""
            },
            {
              "link": {
                "data": {
                  "exists": true,
                  "kind": "module",
                  "reference": {
                    "kind": "module",
                    "module": "numpy",
                    "path": "numpy.ndarray",
                    "version": "1.22.3"
                  },
                  "value": "a"
                },
                "type": "Link"
              },
              "type": ""
            },
            {
              "link": {
                "data": ")",
                "type": "str"
              },
              "type": ""
            },
            {
              "link": {
                "data": "\n",
                "type": "str"
              },
              "type": ""
            },
            {
              "link": {
                "data": "wb",
                "type": "str"
              },
              "type": ""
            },
            {
              "link": {
                "data": " ",
                "type": "str"
              },
              "type": ""
            },
            {
              "link": {
                "data": "=",
                "type": "str"
              },
              "type": "o"
            },
            {
              "link": {
                "data": " ",
                "type": "str"
              },
              "type": ""
            },
            {
              "link": {
                "data": {
                  "exists": true,
                  "kind": "module",
                  "reference": {
                    "kind": "module",
                    "module": "numpy",
                    "path": "numpy.linalg",
                    "version": "1.22.3"
                  },
                  "value": "LA"
                },
                "type": "Link"
              },
              "type": ""
            },
            {
              "link": {
                "data": ".",
                "type": "str"
              },
              "type": "o"
            },
            {
              "link": {
                "data": {
                  "exists": true,
                  "kind": "module",
                  "reference": {
                    "kind": "module",
                    "module": "numpy",
                    "path": "numpy.linalg.linalg.eigvals",
                    "version": "*"
                  },
                  "value": "eigvals"
                },
                "type": "Link"
              },
              "type": ""
            },
            {
              "link": {
                "data": "(",
                "type": "str"
              },
              "type": ""
            },
            {
              "link": {
                "data": {
                  "exists": true,
                  "kind": "module",
                  "reference": {
                    "kind": "module",
                    "module": "numpy",
                    "path": "numpy.ndarray",
                    "version": "1.22.3"
                  },
                  "value": "b"
                },
                "type": "Link"
              },
              "type": ""
            },
            {
              "link": {
                "data": ")",
                "type": "str"
              },
              "type": ""
            },
            {
              "link": {
                "data": "\n",
                "type": "str"
              },
              "type": ""
            },
            {
              "link": {
                "data": {
                  "exists": true,
                  "kind": "module",
                  "reference": {
                    "kind": "module",
                    "module": "numpy",
                    "path": "numpy.ndarray",
                    "version": "1.22.3"
                  },
                  "value": "wa"
                },
                "type": "Link"
              },
              "type": ""
            },
            {
              "link": {
                "data": ";",
                "type": "str"
              },
              "type": ""
            },
            {
              "link": {
                "data": " ",
                "type": "str"
              },
              "type": ""
            },
            {
              "link": {
                "data": {
                  "exists": true,
                  "kind": "module",
                  "reference": {
                    "kind": "module",
                    "module": "numpy",
                    "path": "numpy.ndarray",
                    "version": "1.22.3"
                  },
                  "value": "wb"
                },
                "type": "Link"
              },
              "type": ""
            }
          ],
          "out": "array([1., 6.])\narray([6.+0.j, 1.+0.j])"
        },
        "type": "Code2"
      }
    ],
    "title": null
  },
  "item_file": "/numpy/linalg/linalg.py",
  "item_line": 1072,
  "item_type": "<class 'function'>",
  "ordered_sections": [
    "Summary",
    "Extended Summary",
    "Parameters",
    "Returns",
    "Raises",
    "See Also",
    "Notes",
    "Examples"
  ],
  "references": null,
  "see_also": [
    {
      "descriptions": [
        {
          "children": [
            {
              "data": {
                "value": "eigenvalues and eigenvectors of real symmetric or complex Hermitian (conjugate symmetric) arrays."
              },
              "type": "Words"
            }
          ]
        }
      ],
      "name": {
        "exists": true,
        "kind": "module",
        "reference": {
          "kind": "module",
          "module": "numpy",
          "path": "numpy.linalg.eigh",
          "version": "1.22.3"
        },
        "value": "eigh"
      },
      "type": null
    },
    {
      "descriptions": [
        {
          "children": [
            {
              "data": {
                "value": "eigenvalues of general real or complex arrays."
              },
              "type": "Words"
            }
          ]
        }
      ],
      "name": {
        "exists": true,
        "kind": "module",
        "reference": {
          "kind": "module",
          "module": "numpy",
          "path": "numpy.linalg.eigvals",
          "version": "1.22.3"
        },
        "value": "eigvals"
      },
      "type": null
    },
    {
      "descriptions": [
        {
          "children": [
            {
              "data": {
                "value": "eigenvalues and right eigenvectors of general real or complex arrays."
              },
              "type": "Words"
            }
          ]
        }
      ],
      "name": {
        "exists": true,
        "kind": "module",
        "reference": {
          "kind": "module",
          "module": "numpy",
          "path": "numpy.linalg.eig",
          "version": "1.22.3"
        },
        "value": "eig"
      },
      "type": null
    },
    {
      "descriptions": [
        {
          "children": [
            {
              "data": {
                "value": "Similar function in SciPy."
              },
              "type": "Words"
            }
          ]
        }
      ],
      "name": {
        "exists": true,
        "kind": "module",
        "reference": {
          "kind": "to-resolve",
          "module": "current-module",
          "path": "scipy.linalg.eigvalsh",
          "version": "current-version"
        },
        "value": "scipy.linalg.eigvalsh"
      },
      "type": null
    }
  ],
  "signature": {
    "value": "eigvalsh(a, UPLO='L')"
  }
}