{
  "_content": {
    "Attributes": {
      "children": [],
      "title": null
    },
    "Extended Summary": {
      "children": [],
      "title": null
    },
    "Methods": {
      "children": [],
      "title": null
    },
    "Notes": {
      "children": [
        {
          "data": {
            "children": [
              {
                "data": {
                  "value": "This is really just "
                },
                "type": "Words"
              },
              {
                "data": {
                  "exists": true,
                  "kind": "module",
                  "reference": {
                    "kind": "module",
                    "module": "numpy",
                    "path": "numpy.fft.rfftn",
                    "version": "1.22.3"
                  },
                  "value": "rfftn"
                },
                "type": "Link"
              },
              {
                "data": {
                  "value": " with different default behavior. For more details see "
                },
                "type": "Words"
              },
              {
                "data": {
                  "exists": true,
                  "kind": "module",
                  "reference": {
                    "kind": "module",
                    "module": "numpy",
                    "path": "numpy.fft.rfftn",
                    "version": "1.22.3"
                  },
                  "value": "rfftn"
                },
                "type": "Link"
              },
              {
                "data": {
                  "value": "."
                },
                "type": "Words"
              }
            ]
          },
          "type": "Paragraph"
        }
      ],
      "title": null
    },
    "Other Parameters": {
      "children": [],
      "title": null
    },
    "Parameters": {
      "children": [
        {
          "data": {
            "desc": [
              {
                "data": {
                  "children": [
                    {
                      "data": {
                        "value": "Input array, taken to be real."
                      },
                      "type": "Words"
                    }
                  ]
                },
                "type": "Paragraph"
              }
            ],
            "param": "a",
            "type_": "array"
          },
          "type": "Param"
        },
        {
          "data": {
            "desc": [
              {
                "data": {
                  "children": [
                    {
                      "data": {
                        "value": "Shape of the FFT."
                      },
                      "type": "Words"
                    }
                  ]
                },
                "type": "Paragraph"
              }
            ],
            "param": "s",
            "type_": "sequence of ints, optional"
          },
          "type": "Param"
        },
        {
          "data": {
            "desc": [
              {
                "data": {
                  "children": [
                    {
                      "data": {
                        "value": "Axes over which to compute the FFT."
                      },
                      "type": "Words"
                    }
                  ]
                },
                "type": "Paragraph"
              }
            ],
            "param": "axes",
            "type_": "sequence of ints, optional"
          },
          "type": "Param"
        },
        {
          "data": {
            "desc": [
              {
                "data": {
                  "children": [],
                  "kind": "versionadded",
                  "title": "1.10.0"
                },
                "type": "Admonition"
              },
              {
                "data": {
                  "children": [
                    {
                      "data": {
                        "value": "Normalization mode (see "
                      },
                      "type": "Words"
                    },
                    {
                      "data": {
                        "exists": true,
                        "kind": "module",
                        "reference": {
                          "kind": "module",
                          "module": "numpy",
                          "path": "numpy.fft",
                          "version": "1.22.3"
                        },
                        "value": "numpy.fft"
                      },
                      "type": "Link"
                    },
                    {
                      "data": {
                        "value": "). Default is \"backward\". Indicates which direction of the forward/backward pair of transforms is scaled and with what normalization factor."
                      },
                      "type": "Words"
                    }
                  ]
                },
                "type": "Paragraph"
              },
              {
                "data": {
                  "children": [
                    {
                      "data": {
                        "children": [
                          {
                            "data": {
                              "value": "The \"backward\", \"forward\" values were added."
                            },
                            "type": "Words"
                          }
                        ]
                      },
                      "type": "Paragraph"
                    }
                  ],
                  "kind": "versionadded",
                  "title": "1.20.0"
                },
                "type": "Admonition"
              }
            ],
            "param": "norm",
            "type_": "{\"backward\", \"ortho\", \"forward\"}, optional"
          },
          "type": "Param"
        }
      ],
      "title": null
    },
    "Raises": {
      "children": [],
      "title": null
    },
    "Receives": {
      "children": [],
      "title": null
    },
    "Returns": {
      "children": [
        {
          "data": {
            "desc": [
              {
                "data": {
                  "children": [
                    {
                      "data": {
                        "value": "The result of the real 2-D FFT."
                      },
                      "type": "Words"
                    }
                  ]
                },
                "type": "Paragraph"
              }
            ],
            "param": "out",
            "type_": "ndarray"
          },
          "type": "Param"
        }
      ],
      "title": null
    },
    "Summary": {
      "children": [
        {
          "data": {
            "children": [
              {
                "data": {
                  "value": "Compute the 2-dimensional FFT of a real array."
                },
                "type": "Words"
              }
            ]
          },
          "type": "Paragraph"
        }
      ],
      "title": null
    },
    "Warnings": {
      "children": [],
      "title": null
    },
    "Warns": {
      "children": [],
      "title": null
    },
    "Yields": {
      "children": [],
      "title": null
    }
  },
  "aliases": [
    "numpy.fft.rfft2"
  ],
  "arbitrary": [],
  "example_section_data": {
    "children": [
      {
        "data": {
          "ce_status": "execed",
          "entries": [
            [
              "a",
              "numpy.ndarray",
              ""
            ],
            [
              " ",
              "",
              ""
            ],
            [
              "=",
              "",
              "o"
            ],
            [
              " ",
              "",
              ""
            ],
            [
              "np",
              "numpy",
              ""
            ],
            [
              ".",
              "",
              "o"
            ],
            [
              "mgrid",
              "numpy.lib.index_tricks.MGridClass",
              ""
            ],
            [
              "[",
              "",
              ""
            ],
            [
              ":",
              "",
              ""
            ],
            [
              "5",
              "",
              "mi"
            ],
            [
              ",",
              "",
              ""
            ],
            [
              " ",
              "",
              ""
            ],
            [
              ":",
              "",
              ""
            ],
            [
              "5",
              "",
              "mi"
            ],
            [
              "]",
              "",
              ""
            ],
            [
              "[",
              "",
              ""
            ],
            [
              "0",
              "",
              "mi"
            ],
            [
              "]",
              "",
              ""
            ],
            [
              "\n",
              "",
              ""
            ],
            [
              "np",
              "numpy",
              ""
            ],
            [
              ".",
              "",
              "o"
            ],
            [
              "fft",
              "numpy.fft",
              ""
            ],
            [
              ".",
              "",
              "o"
            ],
            [
              "rfft2",
              "numpy.fft.rfft2",
              ""
            ],
            [
              "(",
              "",
              ""
            ],
            [
              "a",
              "numpy.ndarray",
              ""
            ],
            [
              ")",
              "",
              ""
            ]
          ],
          "out": "array([[ 50.  +0.j        ,   0.  +0.j        ,   0.  +0.j        ],\n       [-12.5+17.20477401j,   0.  +0.j        ,   0.  +0.j        ],\n       [-12.5 +4.0614962j ,   0.  +0.j        ,   0.  +0.j        ],\n       [-12.5 -4.0614962j ,   0.  +0.j        ,   0.  +0.j        ],\n       [-12.5-17.20477401j,   0.  +0.j        ,   0.  +0.j        ]])"
        },
        "type": "Code"
      }
    ],
    "title": null
  },
  "item_file": "/numpy/fft/_pocketfft.py",
  "item_line": 1208,
  "item_type": "<class 'function'>",
  "ordered_sections": [
    "Summary",
    "Parameters",
    "Returns",
    "See Also",
    "Notes",
    "Examples"
  ],
  "references": null,
  "refs": [
    "numpy",
    "numpy.fft",
    "numpy.fft.rfft2",
    "numpy.lib.index_tricks.MGridClass",
    "numpy.ndarray",
    "rfftn"
  ],
  "see_also": [
    {
      "descriptions": [
        {
          "children": [
            {
              "data": {
                "value": "Compute the N-dimensional discrete Fourier Transform for real input."
              },
              "type": "Words"
            }
          ]
        }
      ],
      "name": {
        "exists": true,
        "name": "rfftn",
        "ref": "numpy.fft.rfftn"
      },
      "type": null
    }
  ],
  "signature": {
    "value": "rfft2(a, s=None, axes=(-2, -1), norm=None)"
  }
}