{
  "_content": {
    "Attributes": {
      "children": [],
      "title": null
    },
    "Extended Summary": {
      "children": [],
      "title": null
    },
    "Methods": {
      "children": [],
      "title": null
    },
    "Notes": {
      "children": [],
      "title": null
    },
    "Other Parameters": {
      "children": [],
      "title": null
    },
    "Parameters": {
      "children": [],
      "title": null
    },
    "Raises": {
      "children": [],
      "title": null
    },
    "Receives": {
      "children": [],
      "title": null
    },
    "Returns": {
      "children": [],
      "title": null
    },
    "Summary": {
      "children": [
        {
          "data": {
            "children": [
              {
                "data": {
                  "value": "Return (self == other) element-wise."
                },
                "type": "Words"
              }
            ]
          },
          "type": "Paragraph"
        }
      ],
      "title": null
    },
    "Warnings": {
      "children": [],
      "title": null
    },
    "Warns": {
      "children": [],
      "title": null
    },
    "Yields": {
      "children": [],
      "title": null
    }
  },
  "aliases": [
    "numpy.chararray.__eq__"
  ],
  "arbitrary": [],
  "example_section_data": {
    "children": [],
    "title": null
  },
  "item_file": "/numpy/core/defchararray.py",
  "item_line": 2002,
  "item_type": "<class 'function'>",
  "ordered_sections": [
    "Summary",
    "See Also"
  ],
  "references": null,
  "see_also": [
    {
      "descriptions": [],
      "name": {
        "exists": true,
        "kind": "module",
        "reference": {
          "kind": "to-resolve",
          "module": "current-module",
          "path": "equal",
          "version": "current-version"
        },
        "value": "equal"
      },
      "type": null
    }
  ],
  "signature": {
    "value": "__eq__(self, other)"
  }
}