{
  "_content": {
    "Attributes": {
      "children": [],
      "title": null
    },
    "Extended Summary": {
      "children": [],
      "title": null
    },
    "Methods": {
      "children": [],
      "title": null
    },
    "Notes": {
      "children": [],
      "title": null
    },
    "Other Parameters": {
      "children": [],
      "title": null
    },
    "Parameters": {
      "children": [
        {
          "data": {
            "desc": [
              {
                "data": {
                  "inline": [
                    {
                      "data": {
                        "value": "Input array."
                      },
                      "type": "Words"
                    }
                  ],
                  "inner": []
                },
                "type": "Paragraph"
              }
            ],
            "param": "val",
            "type_": "array_like"
          },
          "type": "Param"
        }
      ],
      "title": null
    },
    "Raises": {
      "children": [],
      "title": null
    },
    "Receives": {
      "children": [],
      "title": null
    },
    "Returns": {
      "children": [
        {
          "data": {
            "desc": [
              {
                "data": {
                  "inline": [
                    {
                      "data": {
                        "value": "The imaginary component of the complex argument. If "
                      },
                      "type": "Words"
                    },
                    {
                      "data": {
                        "exists": true,
                        "kind": "local",
                        "reference": {
                          "kind": "local",
                          "module": null,
                          "path": "val",
                          "version": null
                        },
                        "value": "val"
                      },
                      "type": "Link"
                    },
                    {
                      "data": {
                        "value": " is real, the type of "
                      },
                      "type": "Words"
                    },
                    {
                      "data": {
                        "exists": true,
                        "kind": "local",
                        "reference": {
                          "kind": "local",
                          "module": null,
                          "path": "val",
                          "version": null
                        },
                        "value": "val"
                      },
                      "type": "Link"
                    },
                    {
                      "data": {
                        "value": " is used for the output.  If "
                      },
                      "type": "Words"
                    },
                    {
                      "data": {
                        "exists": true,
                        "kind": "local",
                        "reference": {
                          "kind": "local",
                          "module": null,
                          "path": "val",
                          "version": null
                        },
                        "value": "val"
                      },
                      "type": "Link"
                    },
                    {
                      "data": {
                        "value": " has complex elements, the returned type is float."
                      },
                      "type": "Words"
                    }
                  ],
                  "inner": []
                },
                "type": "Paragraph"
              }
            ],
            "param": "out",
            "type_": "ndarray or scalar"
          },
          "type": "Param"
        }
      ],
      "title": null
    },
    "Summary": {
      "children": [
        {
          "data": {
            "inline": [
              {
                "data": {
                  "value": "Return the imaginary part of the complex argument."
                },
                "type": "Words"
              }
            ],
            "inner": []
          },
          "type": "Paragraph"
        }
      ],
      "title": null
    },
    "Warnings": {
      "children": [],
      "title": null
    },
    "Warns": {
      "children": [],
      "title": null
    },
    "Yields": {
      "children": [],
      "title": null
    }
  },
  "aliases": [
    "numpy.imag"
  ],
  "arbitrary": [],
  "example_section_data": {
    "children": [
      {
        "data": {
          "ce_status": "execed",
          "entries": [
            [
              "a",
              "numpy.ndarray",
              ""
            ],
            [
              " ",
              "",
              ""
            ],
            [
              "=",
              "",
              "o"
            ],
            [
              " ",
              "",
              ""
            ],
            [
              "np",
              "numpy",
              ""
            ],
            [
              ".",
              "",
              "o"
            ],
            [
              "array",
              "numpy.array",
              ""
            ],
            [
              "(",
              "",
              ""
            ],
            [
              "[",
              "",
              ""
            ],
            [
              "1",
              "",
              "mi"
            ],
            [
              "+",
              "",
              "o"
            ],
            [
              "2",
              "",
              "mi"
            ],
            [
              "j",
              "builtins.complex",
              ""
            ],
            [
              ",",
              "",
              ""
            ],
            [
              " ",
              "",
              ""
            ],
            [
              "3",
              "",
              "mi"
            ],
            [
              "+",
              "",
              "o"
            ],
            [
              "4",
              "",
              "mi"
            ],
            [
              "j",
              "builtins.complex",
              ""
            ],
            [
              ",",
              "",
              ""
            ],
            [
              " ",
              "",
              ""
            ],
            [
              "5",
              "",
              "mi"
            ],
            [
              "+",
              "",
              "o"
            ],
            [
              "6",
              "",
              "mi"
            ],
            [
              "j",
              "builtins.complex",
              ""
            ],
            [
              "]",
              "",
              ""
            ],
            [
              ")",
              "",
              ""
            ],
            [
              "\n",
              "",
              ""
            ],
            [
              "a",
              "numpy.ndarray",
              ""
            ],
            [
              ".",
              "",
              "o"
            ],
            [
              "imag",
              "numpy.ndarray.imag",
              ""
            ]
          ],
          "out": "array([2.,  4.,  6.])"
        },
        "type": "Code"
      },
      {
        "data": {
          "ce_status": "execed",
          "entries": [
            [
              "a",
              "numpy.ndarray",
              ""
            ],
            [
              ".",
              "",
              "o"
            ],
            [
              "imag",
              "numpy.ndarray.imag",
              ""
            ],
            [
              " ",
              "",
              ""
            ],
            [
              "=",
              "",
              "o"
            ],
            [
              " ",
              "",
              ""
            ],
            [
              "np",
              "numpy",
              ""
            ],
            [
              ".",
              "",
              "o"
            ],
            [
              "array",
              "numpy.array",
              ""
            ],
            [
              "(",
              "",
              ""
            ],
            [
              "[",
              "",
              ""
            ],
            [
              "8",
              "",
              "mi"
            ],
            [
              ",",
              "",
              ""
            ],
            [
              " ",
              "",
              ""
            ],
            [
              "10",
              "",
              "mi"
            ],
            [
              ",",
              "",
              ""
            ],
            [
              " ",
              "",
              ""
            ],
            [
              "12",
              "",
              "mi"
            ],
            [
              "]",
              "",
              ""
            ],
            [
              ")",
              "",
              ""
            ],
            [
              "\n",
              "",
              ""
            ],
            [
              "a",
              "numpy.ndarray",
              ""
            ]
          ],
          "out": "array([1. +8.j,  3.+10.j,  5.+12.j])"
        },
        "type": "Code"
      },
      {
        "data": {
          "ce_status": "execed",
          "entries": [
            [
              "np",
              "numpy",
              ""
            ],
            [
              ".",
              "",
              "o"
            ],
            [
              "imag",
              "numpy.imag",
              ""
            ],
            [
              "(",
              "",
              ""
            ],
            [
              "1",
              "",
              "mi"
            ],
            [
              " ",
              "",
              ""
            ],
            [
              "+",
              "",
              "o"
            ],
            [
              " ",
              "",
              ""
            ],
            [
              "1",
              "",
              "mi"
            ],
            [
              "j",
              "builtins.complex",
              ""
            ],
            [
              ")",
              "",
              ""
            ]
          ],
          "out": "1.0"
        },
        "type": "Code"
      }
    ],
    "title": null
  },
  "item_file": "/numpy/lib/type_check.py",
  "item_line": 167,
  "item_type": "<class 'function'>",
  "ordered_sections": [
    "Summary",
    "Parameters",
    "Returns",
    "See Also",
    "Examples"
  ],
  "references": null,
  "refs": [
    "angle",
    "builtins.complex",
    "numpy",
    "numpy.array",
    "numpy.imag",
    "numpy.ndarray",
    "numpy.ndarray.imag",
    "real",
    "real_if_close"
  ],
  "see_also": [
    {
      "descriptions": [],
      "name": {
        "exists": true,
        "name": "real",
        "ref": "numpy.real"
      },
      "type": null
    },
    {
      "descriptions": [],
      "name": {
        "exists": true,
        "name": "angle",
        "ref": "numpy.angle"
      },
      "type": null
    },
    {
      "descriptions": [],
      "name": {
        "exists": true,
        "name": "real_if_close",
        "ref": "numpy.real_if_close"
      },
      "type": null
    }
  ],
  "signature": {
    "value": "imag(val)"
  }
}