{
  "_content": {
    "Summary": {
      "children": [
        {
          "type": "Paragraph",
          "data": {
            "inline": [
              {
                "type": "Words",
                "data": {
                  "value": "Find a root of a function, using a scalar Jacobian approximation."
                }
              }
            ],
            "inner": []
          }
        }
      ],
      "title": null
    },
    "Extended Summary": {
      "children": [
        {
          "type": "BlockDirective",
          "data": {
            "lines": {
              "_lines": [
                {
                  "_line": ".. warning::",
                  "_number": 0,
                  "_offset": 0
                }
              ]
            },
            "wh": {
              "_lines": [
                {
                  "_line": "",
                  "_number": 1,
                  "_offset": 0
                }
              ]
            },
            "ind": {
              "_lines": [
                {
                  "_line": "   This algorithm may be useful for specific problems, but whether",
                  "_number": 2,
                  "_offset": 0
                },
                {
                  "_line": "   it will work may depend strongly on the problem.",
                  "_number": 3,
                  "_offset": 0
                }
              ]
            },
            "directive_name": "warning",
            "args0": [
              ""
            ],
            "inner": {
              "inline": [
                {
                  "type": "Words",
                  "data": {
                    "value": "This algorithm may be useful for specific problems, but whether it will work may depend strongly on the problem."
                  }
                }
              ],
              "inner": []
            }
          }
        }
      ],
      "title": null
    },
    "Parameters": {
      "children": [
        {
          "type": "Param",
          "data": {
            "param": "%(params_basic)s",
            "type_": "",
            "desc": []
          }
        },
        {
          "type": "Param",
          "data": {
            "param": "alpha",
            "type_": "float, optional",
            "desc": [
              {
                "type": "Paragraph",
                "data": {
                  "inline": [
                    {
                      "type": "Words",
                      "data": {
                        "value": "The Jacobian approximation is (-1/alpha)."
                      }
                    }
                  ],
                  "inner": []
                }
              }
            ]
          }
        },
        {
          "type": "Param",
          "data": {
            "param": "%(params_extra)s",
            "type_": "",
            "desc": []
          }
        }
      ],
      "title": null
    },
    "Returns": {
      "children": [],
      "title": null
    },
    "Yields": {
      "children": [],
      "title": null
    },
    "Receives": {
      "children": [],
      "title": null
    },
    "Raises": {
      "children": [],
      "title": null
    },
    "Warns": {
      "children": [],
      "title": null
    },
    "Other Parameters": {
      "children": [],
      "title": null
    },
    "Attributes": {
      "children": [],
      "title": null
    },
    "Methods": {
      "children": [],
      "title": null
    },
    "Notes": {
      "children": [],
      "title": null
    },
    "Warnings": {
      "children": [],
      "title": null
    }
  },
  "refs": [
    "root"
  ],
  "ordered_sections": [
    "Summary",
    "Extended Summary",
    "Parameters",
    "See Also"
  ],
  "item_file": "/Users/bussonniermatthias/miniconda3/lib/python3.8/site-packages/scipy/optimize/nonlin.py",
  "item_line": 1248,
  "item_type": "<class 'type'>",
  "aliases": [
    "scipy.optimize.nonlin.LinearMixing"
  ],
  "example_section_data": {
    "children": [],
    "title": null
  },
  "see_also": [
    {
      "name": {
        "name": "root",
        "ref": null,
        "exists": null
      },
      "descriptions": [
        {
          "inline": [
            {
              "type": "Words",
              "data": {
                "value": "Interface to root finding algorithms for multivariate functions. See "
              }
            },
            {
              "type": "Verbatim",
              "data": {
                "value": [
                  "method=='linearmixing'"
                ]
              }
            },
            {
              "type": "Words",
              "data": {
                "value": " in particular."
              }
            }
          ],
          "inner": []
        }
      ],
      "type": null
    }
  ],
  "signature": "LinearMixing(alpha=None)",
  "references": null,
  "arbitrary": []
}