{
  "_content": {
    "Summary": {
      "children": [
        {
          "type": "Paragraph",
          "data": {
            "inline": [
              {
                "type": "Words",
                "data": {
                  "value": "Find the intersection between segment (or line) and spherical constraints."
                }
              }
            ],
            "inner": []
          }
        }
      ],
      "title": null
    },
    "Extended Summary": {
      "children": [
        {
          "type": "Paragraph",
          "data": {
            "inline": [
              {
                "type": "Words",
                "data": {
                  "value": "Find the intersection between the segment (or line) defined by the parametric  equation "
                }
              },
              {
                "type": "Verbatim",
                "data": {
                  "value": [
                    "x(t)",
                    " ",
                    "=",
                    " ",
                    "z",
                    " ",
                    "+",
                    " ",
                    "t",
                    "*",
                    "d"
                  ]
                }
              },
              {
                "type": "Words",
                "data": {
                  "value": " and the ball "
                }
              },
              {
                "type": "Verbatim",
                "data": {
                  "value": [
                    "||x||",
                    " ",
                    "<=",
                    " ",
                    "trust",
                    "_",
                    "radius"
                  ]
                }
              },
              {
                "type": "Words",
                "data": {
                  "value": "."
                }
              }
            ],
            "inner": []
          }
        }
      ],
      "title": null
    },
    "Parameters": {
      "children": [
        {
          "type": "Param",
          "data": {
            "param": "z",
            "type_": "array_like, shape (n,)",
            "desc": [
              {
                "type": "Paragraph",
                "data": {
                  "inline": [
                    {
                      "type": "Words",
                      "data": {
                        "value": "Initial point."
                      }
                    }
                  ],
                  "inner": []
                }
              }
            ]
          }
        },
        {
          "type": "Param",
          "data": {
            "param": "d",
            "type_": "array_like, shape (n,)",
            "desc": [
              {
                "type": "Paragraph",
                "data": {
                  "inline": [
                    {
                      "type": "Words",
                      "data": {
                        "value": "Direction."
                      }
                    }
                  ],
                  "inner": []
                }
              }
            ]
          }
        },
        {
          "type": "Param",
          "data": {
            "param": "trust_radius",
            "type_": "float",
            "desc": [
              {
                "type": "Paragraph",
                "data": {
                  "inline": [
                    {
                      "type": "Words",
                      "data": {
                        "value": "Ball radius."
                      }
                    }
                  ],
                  "inner": []
                }
              }
            ]
          }
        },
        {
          "type": "Param",
          "data": {
            "param": "entire_line",
            "type_": "bool, optional",
            "desc": [
              {
                "type": "Paragraph",
                "data": {
                  "inline": [
                    {
                      "type": "Words",
                      "data": {
                        "value": "When "
                      }
                    },
                    {
                      "type": "Verbatim",
                      "data": {
                        "value": [
                          "True"
                        ]
                      }
                    },
                    {
                      "type": "Words",
                      "data": {
                        "value": ", the function returns the intersection between the line "
                      }
                    },
                    {
                      "type": "Verbatim",
                      "data": {
                        "value": [
                          "x(t)",
                          " ",
                          "=",
                          " ",
                          "z",
                          " ",
                          "+",
                          " ",
                          "t",
                          "*",
                          "d"
                        ]
                      }
                    },
                    {
                      "type": "Words",
                      "data": {
                        "value": " ("
                      }
                    },
                    {
                      "type": "Verbatim",
                      "data": {
                        "value": [
                          "t"
                        ]
                      }
                    },
                    {
                      "type": "Words",
                      "data": {
                        "value": " can assume any value) and the ball "
                      }
                    },
                    {
                      "type": "Verbatim",
                      "data": {
                        "value": [
                          "||x||",
                          " ",
                          "<=",
                          " ",
                          "trust",
                          "_",
                          "radius"
                        ]
                      }
                    },
                    {
                      "type": "Words",
                      "data": {
                        "value": ". When "
                      }
                    },
                    {
                      "type": "Verbatim",
                      "data": {
                        "value": [
                          "False"
                        ]
                      }
                    },
                    {
                      "type": "Words",
                      "data": {
                        "value": ", the function returns the intersection between the segment "
                      }
                    },
                    {
                      "type": "Verbatim",
                      "data": {
                        "value": [
                          "x(t)",
                          " ",
                          "=",
                          " ",
                          "z",
                          " ",
                          "+",
                          " ",
                          "t",
                          "*",
                          "d"
                        ]
                      }
                    },
                    {
                      "type": "Words",
                      "data": {
                        "value": ", "
                      }
                    },
                    {
                      "type": "Verbatim",
                      "data": {
                        "value": [
                          "0",
                          " ",
                          "<=",
                          " ",
                          "t",
                          " ",
                          "<=",
                          " ",
                          "1"
                        ]
                      }
                    },
                    {
                      "type": "Words",
                      "data": {
                        "value": ", and the ball."
                      }
                    }
                  ],
                  "inner": []
                }
              }
            ]
          }
        }
      ],
      "title": null
    },
    "Returns": {
      "children": [
        {
          "type": "Param",
          "data": {
            "param": "ta, tb",
            "type_": "float",
            "desc": [
              {
                "type": "Paragraph",
                "data": {
                  "inline": [
                    {
                      "type": "Words",
                      "data": {
                        "value": "The line/segment "
                      }
                    },
                    {
                      "type": "Verbatim",
                      "data": {
                        "value": [
                          "x(t)",
                          " ",
                          "=",
                          " ",
                          "z",
                          " ",
                          "+",
                          " ",
                          "t",
                          "*",
                          "d"
                        ]
                      }
                    },
                    {
                      "type": "Words",
                      "data": {
                        "value": " is inside the ball for for "
                      }
                    },
                    {
                      "type": "Verbatim",
                      "data": {
                        "value": [
                          "ta",
                          " ",
                          "<=",
                          " ",
                          "t",
                          " ",
                          "<=",
                          " ",
                          "tb"
                        ]
                      }
                    },
                    {
                      "type": "Words",
                      "data": {
                        "value": "."
                      }
                    }
                  ],
                  "inner": []
                }
              }
            ]
          }
        },
        {
          "type": "Param",
          "data": {
            "param": "intersect",
            "type_": "bool",
            "desc": [
              {
                "type": "Paragraph",
                "data": {
                  "inline": [
                    {
                      "type": "Words",
                      "data": {
                        "value": "When "
                      }
                    },
                    {
                      "type": "Verbatim",
                      "data": {
                        "value": [
                          "True"
                        ]
                      }
                    },
                    {
                      "type": "Words",
                      "data": {
                        "value": ", there is a intersection between the line/segment and the sphere. On the other hand, when "
                      }
                    },
                    {
                      "type": "Verbatim",
                      "data": {
                        "value": [
                          "False"
                        ]
                      }
                    },
                    {
                      "type": "Words",
                      "data": {
                        "value": ", there is no intersection."
                      }
                    }
                  ],
                  "inner": []
                }
              }
            ]
          }
        }
      ],
      "title": null
    },
    "Yields": {
      "children": [],
      "title": null
    },
    "Receives": {
      "children": [],
      "title": null
    },
    "Raises": {
      "children": [],
      "title": null
    },
    "Warns": {
      "children": [],
      "title": null
    },
    "Other Parameters": {
      "children": [],
      "title": null
    },
    "Attributes": {
      "children": [],
      "title": null
    },
    "Methods": {
      "children": [],
      "title": null
    },
    "Notes": {
      "children": [],
      "title": null
    },
    "Warnings": {
      "children": [],
      "title": null
    }
  },
  "refs": [],
  "ordered_sections": [
    "Summary",
    "Extended Summary",
    "Parameters",
    "Returns"
  ],
  "item_file": "/Users/bussonniermatthias/miniconda3/lib/python3.8/site-packages/scipy/optimize/_trustregion_constr/qp_subproblem.py",
  "item_line": 65,
  "item_type": "<class 'function'>",
  "aliases": [
    "scipy.optimize._trustregion_constr.qp_subproblem.sphere_intersections"
  ],
  "example_section_data": {
    "children": [],
    "title": null
  },
  "see_also": [],
  "signature": "sphere_intersections(z, d, trust_radius, entire_line=False)",
  "references": null,
  "arbitrary": []
}