{
  "_content": {
    "Summary": {
      "children": [
        {
          "type": "Paragraph",
          "data": {
            "inline": [
              {
                "type": "Words",
                "data": {
                  "value": "Returns the kth diagonal of the matrix."
                }
              }
            ],
            "inner": []
          }
        }
      ],
      "title": null
    },
    "Extended Summary": {
      "children": [],
      "title": null
    },
    "Parameters": {
      "children": [
        {
          "type": "Param",
          "data": {
            "param": "k",
            "type_": "int, optional",
            "desc": [
              {
                "type": "Paragraph",
                "data": {
                  "inline": [
                    {
                      "type": "Words",
                      "data": {
                        "value": "Which diagonal to get, corresponding to elements a[i, i+k]. Default: 0 (the main diagonal)."
                      }
                    }
                  ],
                  "inner": []
                }
              },
              {
                "type": "BlockDirective",
                "data": {
                  "lines": {
                    "_lines": [
                      {
                        "_line": ".. versionadded:: 1.0",
                        "_number": 3,
                        "_offset": 0
                      }
                    ]
                  },
                  "wh": {
                    "_lines": []
                  },
                  "ind": {
                    "_lines": []
                  },
                  "directive_name": "versionadded",
                  "args0": [
                    " 1.0"
                  ],
                  "inner": null
                }
              }
            ]
          }
        }
      ],
      "title": null
    },
    "Returns": {
      "children": [],
      "title": null
    },
    "Yields": {
      "children": [],
      "title": null
    },
    "Receives": {
      "children": [],
      "title": null
    },
    "Raises": {
      "children": [],
      "title": null
    },
    "Warns": {
      "children": [],
      "title": null
    },
    "Other Parameters": {
      "children": [],
      "title": null
    },
    "Attributes": {
      "children": [],
      "title": null
    },
    "Methods": {
      "children": [],
      "title": null
    },
    "Notes": {
      "children": [],
      "title": null
    },
    "Warnings": {
      "children": [],
      "title": null
    }
  },
  "refs": [
    "numpy.diagonal",
    "scipy",
    "scipy.sparse",
    "scipy.sparse.compressed._cs_matrix.diagonal",
    "scipy.sparse.csr.csr_matrix"
  ],
  "ordered_sections": [
    "Summary",
    "Parameters",
    "See Also",
    "Examples"
  ],
  "item_file": "/Users/bussonniermatthias/miniconda3/lib/python3.8/site-packages/scipy/sparse/compressed.py",
  "item_line": 530,
  "item_type": "<class 'function'>",
  "aliases": [
    "scipy.sparse.bsr._cs_matrix.diagonal"
  ],
  "example_section_data": {
    "children": [
      {
        "type": "Code",
        "data": {
          "entries": [
            [
              "from",
              null,
              "kn"
            ],
            [
              " ",
              "",
              ""
            ],
            [
              "scipy",
              "scipy",
              "nn"
            ],
            [
              ".",
              "",
              "nn"
            ],
            [
              "sparse",
              "scipy.sparse",
              "nn"
            ],
            [
              " ",
              "",
              ""
            ],
            [
              "import",
              null,
              "kn"
            ],
            [
              " ",
              "",
              ""
            ],
            [
              "csr_matrix",
              "scipy.sparse.csr.csr_matrix",
              ""
            ],
            [
              "\n",
              "",
              ""
            ],
            [
              "\n",
              "",
              ""
            ],
            [
              "A",
              "scipy.sparse.csr.csr_matrix",
              ""
            ],
            [
              " ",
              "",
              ""
            ],
            [
              "=",
              "",
              "o"
            ],
            [
              " ",
              "",
              ""
            ],
            [
              "csr_matrix",
              "scipy.sparse.csr.csr_matrix",
              ""
            ],
            [
              "(",
              "",
              ""
            ],
            [
              "[",
              "",
              ""
            ],
            [
              "[",
              "",
              ""
            ],
            [
              "1",
              "",
              "mi"
            ],
            [
              ",",
              "",
              ""
            ],
            [
              " ",
              "",
              ""
            ],
            [
              "2",
              "",
              "mi"
            ],
            [
              ",",
              "",
              ""
            ],
            [
              " ",
              "",
              ""
            ],
            [
              "0",
              "",
              "mi"
            ],
            [
              "]",
              "",
              ""
            ],
            [
              ",",
              "",
              ""
            ],
            [
              " ",
              "",
              ""
            ],
            [
              "[",
              "",
              ""
            ],
            [
              "0",
              "",
              "mi"
            ],
            [
              ",",
              "",
              ""
            ],
            [
              " ",
              "",
              ""
            ],
            [
              "0",
              "",
              "mi"
            ],
            [
              ",",
              "",
              ""
            ],
            [
              " ",
              "",
              ""
            ],
            [
              "3",
              "",
              "mi"
            ],
            [
              "]",
              "",
              ""
            ],
            [
              ",",
              "",
              ""
            ],
            [
              " ",
              "",
              ""
            ],
            [
              "[",
              "",
              ""
            ],
            [
              "4",
              "",
              "mi"
            ],
            [
              ",",
              "",
              ""
            ],
            [
              " ",
              "",
              ""
            ],
            [
              "0",
              "",
              "mi"
            ],
            [
              ",",
              "",
              ""
            ],
            [
              " ",
              "",
              ""
            ],
            [
              "5",
              "",
              "mi"
            ],
            [
              "]",
              "",
              ""
            ],
            [
              "]",
              "",
              ""
            ],
            [
              ")",
              "",
              ""
            ],
            [
              "\n",
              "",
              ""
            ],
            [
              "A",
              "scipy.sparse.csr.csr_matrix",
              ""
            ],
            [
              ".",
              "",
              "o"
            ],
            [
              "diagonal",
              "scipy.sparse.compressed._cs_matrix.diagonal",
              ""
            ],
            [
              "(",
              "",
              ""
            ],
            [
              ")",
              "",
              ""
            ]
          ],
          "out": "array([1, 0, 5])",
          "ce_status": "execed"
        }
      },
      {
        "type": "Code",
        "data": {
          "entries": [
            [
              "A",
              "scipy.sparse.csr.csr_matrix",
              ""
            ],
            [
              ".",
              "",
              "o"
            ],
            [
              "diagonal",
              "scipy.sparse.compressed._cs_matrix.diagonal",
              ""
            ],
            [
              "(",
              "",
              ""
            ],
            [
              "k",
              null,
              ""
            ],
            [
              "=",
              "",
              "o"
            ],
            [
              "1",
              "",
              "mi"
            ],
            [
              ")",
              "",
              ""
            ]
          ],
          "out": "array([2, 3])",
          "ce_status": "execed"
        }
      }
    ],
    "title": null
  },
  "see_also": [
    {
      "name": {
        "name": "numpy.diagonal",
        "ref": null,
        "exists": null
      },
      "descriptions": [
        {
          "inline": [
            {
              "type": "Words",
              "data": {
                "value": "Equivalent numpy function."
              }
            }
          ],
          "inner": []
        }
      ],
      "type": null
    }
  ],
  "signature": "diagonal(self, k=0)",
  "references": null,
  "arbitrary": []
}