{
  "_content": {
    "Summary": {
      "children": [
        {
          "type": "Paragraph",
          "data": {
            "inline": [
              {
                "type": "Words",
                "data": {
                  "value": "The Rosenbrock function."
                }
              }
            ],
            "inner": []
          }
        }
      ],
      "title": null
    },
    "Extended Summary": {
      "children": [
        {
          "type": "Paragraph",
          "data": {
            "inline": [
              {
                "type": "Words",
                "data": {
                  "value": "The function computed is::"
                }
              }
            ],
            "inner": []
          }
        },
        {
          "type": "BlockVerbatim",
          "data": {
            "lines": {
              "_lines": [
                {
                  "_line": "    sum(100.0*(x[1:] - x[:-1]**2.0)**2.0 + (1 - x[:-1])**2.0)",
                  "_number": 2,
                  "_offset": 4
                }
              ]
            }
          }
        }
      ],
      "title": null
    },
    "Parameters": {
      "children": [
        {
          "type": "Param",
          "data": {
            "param": "x",
            "type_": "array_like",
            "desc": [
              {
                "type": "Paragraph",
                "data": {
                  "inline": [
                    {
                      "type": "Words",
                      "data": {
                        "value": "1-D array of points at which the Rosenbrock function is to be computed."
                      }
                    }
                  ],
                  "inner": []
                }
              }
            ]
          }
        }
      ],
      "title": null
    },
    "Returns": {
      "children": [
        {
          "type": "Param",
          "data": {
            "param": "f",
            "type_": "float",
            "desc": [
              {
                "type": "Paragraph",
                "data": {
                  "inline": [
                    {
                      "type": "Words",
                      "data": {
                        "value": "The value of the Rosenbrock function."
                      }
                    }
                  ],
                  "inner": []
                }
              }
            ]
          }
        }
      ],
      "title": null
    },
    "Yields": {
      "children": [],
      "title": null
    },
    "Receives": {
      "children": [],
      "title": null
    },
    "Raises": {
      "children": [],
      "title": null
    },
    "Warns": {
      "children": [],
      "title": null
    },
    "Other Parameters": {
      "children": [],
      "title": null
    },
    "Attributes": {
      "children": [],
      "title": null
    },
    "Methods": {
      "children": [],
      "title": null
    },
    "Notes": {
      "children": [],
      "title": null
    },
    "Warnings": {
      "children": [],
      "title": null
    }
  },
  "refs": [
    "builtins.float",
    "numpy",
    "numpy.arange",
    "rosen_der",
    "rosen_hess",
    "rosen_hess_prod",
    "scipy",
    "scipy.optimize",
    "scipy.optimize.optimize.rosen"
  ],
  "ordered_sections": [
    "Summary",
    "Extended Summary",
    "Parameters",
    "Returns",
    "See Also",
    "Examples"
  ],
  "item_file": "/Users/bussonniermatthias/miniconda3/lib/python3.8/site-packages/scipy/optimize/optimize.py",
  "item_line": 267,
  "item_type": "<class 'function'>",
  "aliases": [
    "scipy.optimize.rosen"
  ],
  "example_section_data": {
    "children": [
      {
        "type": "Code",
        "data": {
          "entries": [
            [
              "from",
              null,
              "kn"
            ],
            [
              " ",
              "",
              ""
            ],
            [
              "scipy",
              "scipy",
              "nn"
            ],
            [
              ".",
              "",
              "nn"
            ],
            [
              "optimize",
              "scipy.optimize",
              "nn"
            ],
            [
              " ",
              "",
              ""
            ],
            [
              "import",
              null,
              "kn"
            ],
            [
              " ",
              "",
              ""
            ],
            [
              "rosen",
              "scipy.optimize.optimize.rosen",
              ""
            ],
            [
              "\n",
              "",
              ""
            ],
            [
              "\n",
              "",
              ""
            ],
            [
              "X",
              "builtins.float",
              ""
            ],
            [
              " ",
              "",
              ""
            ],
            [
              "=",
              "",
              "o"
            ],
            [
              " ",
              "",
              ""
            ],
            [
              "0.1",
              "",
              "mf"
            ],
            [
              " ",
              "",
              ""
            ],
            [
              "*",
              "",
              "o"
            ],
            [
              " ",
              "",
              ""
            ],
            [
              "np",
              "numpy",
              ""
            ],
            [
              ".",
              "",
              "o"
            ],
            [
              "arange",
              "numpy.arange",
              ""
            ],
            [
              "(",
              "",
              ""
            ],
            [
              "10",
              "",
              "mi"
            ],
            [
              ")",
              "",
              ""
            ],
            [
              "\n",
              "",
              ""
            ],
            [
              "rosen",
              "scipy.optimize.optimize.rosen",
              ""
            ],
            [
              "(",
              "",
              ""
            ],
            [
              "X",
              "builtins.float",
              ""
            ],
            [
              ")",
              "",
              ""
            ]
          ],
          "out": "76.56",
          "ce_status": "execed"
        }
      }
    ],
    "title": null
  },
  "see_also": [
    {
      "name": {
        "name": "rosen_der",
        "ref": null,
        "exists": null
      },
      "descriptions": [],
      "type": null
    },
    {
      "name": {
        "name": "rosen_hess",
        "ref": null,
        "exists": null
      },
      "descriptions": [],
      "type": null
    },
    {
      "name": {
        "name": "rosen_hess_prod",
        "ref": null,
        "exists": null
      },
      "descriptions": [],
      "type": null
    }
  ],
  "signature": "rosen(x)",
  "references": null,
  "arbitrary": []
}