{
  "_content": {
    "Summary": {
      "children": [
        {
          "type": "Paragraph",
          "data": {
            "inline": [
              {
                "type": "Words",
                "data": {
                  "value": "Was not able to parse docstring for scipy.sparse.csgraph"
                }
              }
            ],
            "inner": []
          }
        }
      ],
      "title": null
    },
    "Extended Summary": {
      "children": [],
      "title": null
    },
    "Parameters": {
      "children": [],
      "title": null
    },
    "Returns": {
      "children": [],
      "title": null
    },
    "Yields": {
      "children": [],
      "title": null
    },
    "Receives": {
      "children": [],
      "title": null
    },
    "Raises": {
      "children": [],
      "title": null
    },
    "Warns": {
      "children": [],
      "title": null
    },
    "Other Parameters": {
      "children": [],
      "title": null
    },
    "Attributes": {
      "children": [],
      "title": null
    },
    "Methods": {
      "children": [],
      "title": null
    },
    "Notes": {
      "children": [],
      "title": null
    },
    "Warnings": {
      "children": [],
      "title": null
    }
  },
  "refs": [],
  "ordered_sections": [
    "Summary",
    "Extended Summary"
  ],
  "item_file": "/Users/bussonniermatthias/miniconda3/lib/python3.8/site-packages/scipy/sparse/csgraph/__init__.py",
  "item_line": 0,
  "item_type": "<class 'module'>",
  "aliases": [
    "scipy.sparse.csgraph"
  ],
  "example_section_data": {
    "children": [],
    "title": null
  },
  "see_also": [],
  "signature": null,
  "references": null,
  "arbitrary": [
    {
      "children": [
        {
          "type": "Paragraph",
          "data": {
            "inline": [
              {
                "type": "Words",
                "data": {
                  "value": "Fast graph algorithms based on sparse matrix representations. "
                }
              }
            ],
            "inner": []
          }
        }
      ],
      "title": "Compressed sparse graph routines (:mod:`scipy.sparse.csgraph`)"
    },
    {
      "children": [],
      "title": "Contents"
    },
    {
      "children": [
        {
          "type": "Paragraph",
          "data": {
            "inline": [
              {
                "type": "Words",
                "data": {
                  "value": "This module uses graphs which are stored in a matrix format. A graph with N nodes can be represented by an (N x N) adjacency matrix G. If there is a connection from node i to node j, then G [i, j] = w, where w is the weight of the connection. For nodes i and j which are not connected, the value depends on the representation : "
                }
              }
            ],
            "inner": []
          }
        },
        {
          "type": "BulletList",
          "data": {
            "value": [
              {
                "type": "Paragraph",
                "data": {
                  "inline": [
                    {
                      "type": "Words",
                      "data": {
                        "value": "for dense array representations, non - edges are represented by G [i, j] = 0, infinity, or NaN. "
                      }
                    }
                  ],
                  "inner": []
                }
              }
            ]
          }
        },
        {
          "type": "BulletList",
          "data": {
            "value": [
              {
                "type": "Paragraph",
                "data": {
                  "inline": [
                    {
                      "type": "Words",
                      "data": {
                        "value": "for dense masked representations (of type np.ma.MaskedArray), non - edges are represented by masked values. This can be useful when graphs with zero - weight edges are desired. "
                      }
                    }
                  ],
                  "inner": []
                }
              }
            ]
          }
        },
        {
          "type": "BulletList",
          "data": {
            "value": [
              {
                "type": "Paragraph",
                "data": {
                  "inline": [
                    {
                      "type": "Words",
                      "data": {
                        "value": "for sparse array representations, non - edges are represented by non - entries in the matrix. This sort of sparse representation also allows for edges with zero weights. "
                      }
                    }
                  ],
                  "inner": []
                }
              }
            ]
          }
        },
        {
          "type": "Paragraph",
          "data": {
            "inline": [
              {
                "type": "Words",
                "data": {
                  "value": "As a concrete example, imagine that you would like to represent the following undirected graph "
                }
              }
            ],
            "inner": [
              {
                "type": "BlockVerbatim",
                "data": {
                  "lines": {
                    "_lines": [
                      {
                        "_line": "G",
                        "_number": 0,
                        "_offset": 0
                      },
                      {
                        "_line": "",
                        "_number": 1,
                        "_offset": 0
                      },
                      {
                        "_line": "0)",
                        "_number": 2,
                        "_offset": 0
                      },
                      {
                        "_line": "  \\",
                        "_number": 3,
                        "_offset": 0
                      },
                      {
                        "_line": "   2",
                        "_number": 4,
                        "_offset": 0
                      },
                      {
                        "_line": "    \\",
                        "_number": 5,
                        "_offset": 0
                      },
                      {
                        "_line": "    (1)",
                        "_number": 6,
                        "_offset": 0
                      }
                    ]
                  }
                }
              }
            ]
          }
        },
        {
          "type": "Paragraph",
          "data": {
            "inline": [
              {
                "type": "Words",
                "data": {
                  "value": "This graph has three nodes, where node 0 and 1 are connected by an edge of weight 2, and nodes 0 and 2 are connected by an edge of weight 1. We can construct the dense, masked, and sparse representations as follows, keeping in mind that an undirected graph is represented by a symmetric matrix "
                }
              }
            ],
            "inner": [
              {
                "type": "BlockVerbatim",
                "data": {
                  "lines": {
                    "_lines": [
                      {
                        "_line": ">>> G_dense = np.array([[0, 2, 1],",
                        "_number": 0,
                        "_offset": 0
                      },
                      {
                        "_line": "...                     [2, 0, 0],",
                        "_number": 1,
                        "_offset": 0
                      },
                      {
                        "_line": "...                     [1, 0, 0]])",
                        "_number": 2,
                        "_offset": 0
                      },
                      {
                        "_line": ">>> G_masked = np.ma.masked_values(G_dense, 0)",
                        "_number": 3,
                        "_offset": 0
                      },
                      {
                        "_line": ">>> from scipy.sparse import csr_matrix",
                        "_number": 4,
                        "_offset": 0
                      },
                      {
                        "_line": ">>> G_sparse = csr_matrix(G_dense)",
                        "_number": 5,
                        "_offset": 0
                      }
                    ]
                  }
                }
              }
            ]
          }
        },
        {
          "type": "Paragraph",
          "data": {
            "inline": [
              {
                "type": "Words",
                "data": {
                  "value": "This becomes more difficult when zero edges are significant. For example, consider the situation when we slightly modify the above graph "
                }
              }
            ],
            "inner": [
              {
                "type": "BlockVerbatim",
                "data": {
                  "lines": {
                    "_lines": [
                      {
                        "_line": "G2",
                        "_number": 0,
                        "_offset": 0
                      },
                      {
                        "_line": "",
                        "_number": 1,
                        "_offset": 0
                      },
                      {
                        "_line": "(0)",
                        "_number": 2,
                        "_offset": 0
                      },
                      {
                        "_line": "   \\",
                        "_number": 3,
                        "_offset": 0
                      },
                      {
                        "_line": "    2",
                        "_number": 4,
                        "_offset": 0
                      },
                      {
                        "_line": "     \\",
                        "_number": 5,
                        "_offset": 0
                      },
                      {
                        "_line": "     (1)",
                        "_number": 6,
                        "_offset": 0
                      }
                    ]
                  }
                }
              }
            ]
          }
        },
        {
          "type": "Paragraph",
          "data": {
            "inline": [
              {
                "type": "Words",
                "data": {
                  "value": "This is identical to the previous graph, except nodes 0 and 2 are connected by an edge of zero weight. In this case, the dense representation above leads to ambiguities : how can non - edges be represented if zero is a meaningful value? In this case, either a masked or sparse representation must be used to eliminate the ambiguity "
                }
              }
            ],
            "inner": [
              {
                "type": "BlockVerbatim",
                "data": {
                  "lines": {
                    "_lines": [
                      {
                        "_line": ">>> G2_data = np.array([[np.inf, 2,      0     ],",
                        "_number": 0,
                        "_offset": 0
                      },
                      {
                        "_line": "...                     [2,      np.inf, np.inf],",
                        "_number": 1,
                        "_offset": 0
                      },
                      {
                        "_line": "...                     [0,      np.inf, np.inf]])",
                        "_number": 2,
                        "_offset": 0
                      },
                      {
                        "_line": ">>> G2_masked = np.ma.masked_invalid(G2_data)",
                        "_number": 3,
                        "_offset": 0
                      },
                      {
                        "_line": ">>> from scipy.sparse.csgraph import csgraph_from_dense",
                        "_number": 4,
                        "_offset": 0
                      },
                      {
                        "_line": ">>> # G2_sparse = csr_matrix(G2_data) would give the wrong result",
                        "_number": 5,
                        "_offset": 0
                      },
                      {
                        "_line": ">>> G2_sparse = csgraph_from_dense(G2_data, null_value=np.inf)",
                        "_number": 6,
                        "_offset": 0
                      },
                      {
                        "_line": ">>> G2_sparse.data",
                        "_number": 7,
                        "_offset": 0
                      },
                      {
                        "_line": "array([ 2.,  0.,  2.,  0.])",
                        "_number": 8,
                        "_offset": 0
                      }
                    ]
                  }
                }
              }
            ]
          }
        },
        {
          "type": "Paragraph",
          "data": {
            "inline": [
              {
                "type": "Words",
                "data": {
                  "value": "Here we have used a utility routine from the csgraph submodule in order to convert the dense representation to a sparse representation which can be understood by the algorithms in submodule. By viewing the data array, we can see that the zero values are explicitly encoded in the graph. "
                }
              }
            ],
            "inner": []
          }
        }
      ],
      "title": "Graph Representations"
    },
    {
      "children": [
        {
          "type": "Paragraph",
          "data": {
            "inline": [
              {
                "type": "Words",
                "data": {
                  "value": "Matrices may represent either directed or undirected graphs. This is specified throughout the csgraph module by a boolean keyword. Graphs are assumed to be directed by default. In a directed graph, traversal from node i to node j can be accomplished over the edge G [i, j], but not the edge G [j, i]. Consider the following dense graph "
                }
              }
            ],
            "inner": [
              {
                "type": "BlockVerbatim",
                "data": {
                  "lines": {
                    "_lines": [
                      {
                        "_line": ">>> G_dense = np.array([[0, 1, 0],",
                        "_number": 0,
                        "_offset": 0
                      },
                      {
                        "_line": "...                     [2, 0, 3],",
                        "_number": 1,
                        "_offset": 0
                      },
                      {
                        "_line": "...                     [0, 4, 0]])",
                        "_number": 2,
                        "_offset": 0
                      }
                    ]
                  }
                }
              }
            ]
          }
        },
        {
          "type": "Paragraph",
          "data": {
            "inline": [
              {
                "type": "Words",
                "data": {
                  "value": "When "
                }
              },
              {
                "type": "Verbatim",
                "data": {
                  "value": [
                    "directed=True"
                  ]
                }
              },
              {
                "type": "Words",
                "data": {
                  "value": " we get the graph "
                }
              }
            ],
            "inner": [
              {
                "type": "BlockVerbatim",
                "data": {
                  "lines": {
                    "_lines": [
                      {
                        "_line": "---1--> ---3-->",
                        "_number": 0,
                        "_offset": 0
                      },
                      {
                        "_line": ")     (1)     (2)",
                        "_number": 1,
                        "_offset": 0
                      },
                      {
                        "_line": "<--2--- <--4---",
                        "_number": 2,
                        "_offset": 0
                      }
                    ]
                  }
                }
              }
            ]
          }
        },
        {
          "type": "Paragraph",
          "data": {
            "inline": [
              {
                "type": "Words",
                "data": {
                  "value": "In a non - directed graph, traversal from node i to node j can be accomplished over either G [i, j] or G [j, i]. If both edges are not null, and the two have unequal weights, then the smaller of the two is used. "
                }
              }
            ],
            "inner": []
          }
        },
        {
          "type": "Paragraph",
          "data": {
            "inline": [
              {
                "type": "Words",
                "data": {
                  "value": "So for the same graph, when "
                }
              },
              {
                "type": "Verbatim",
                "data": {
                  "value": [
                    "directed=False"
                  ]
                }
              },
              {
                "type": "Words",
                "data": {
                  "value": " we get the graph "
                }
              }
            ],
            "inner": [
              {
                "type": "BlockVerbatim",
                "data": {
                  "lines": {
                    "_lines": [
                      {
                        "_line": "(0)--1--(1)--2--(2)",
                        "_number": 0,
                        "_offset": 0
                      }
                    ]
                  }
                }
              }
            ]
          }
        },
        {
          "type": "Paragraph",
          "data": {
            "inline": [
              {
                "type": "Words",
                "data": {
                  "value": "Note that a symmetric matrix will represent an undirected graph, regardless of whether the 'directed' keyword is set to True or False. In this case, using "
                }
              },
              {
                "type": "Verbatim",
                "data": {
                  "value": [
                    "directed=True"
                  ]
                }
              },
              {
                "type": "Words",
                "data": {
                  "value": " generally leads to more efficient computation. "
                }
              }
            ],
            "inner": []
          }
        },
        {
          "type": "Paragraph",
          "data": {
            "inline": [
              {
                "type": "Words",
                "data": {
                  "value": "The routines in this module accept as input either scipy.sparse representations (csr, csc, or lil format), masked representations, or dense representations with non - edges indicated by zeros, infinities, and NaN entries. "
                }
              }
            ],
            "inner": []
          }
        }
      ],
      "title": "Directed vs. undirected"
    }
  ]
}