{
  "_content": {
    "Summary": {
      "children": [
        {
          "type": "Paragraph",
          "data": {
            "inline": [
              {
                "type": "Strong",
                "data": {
                  "content": {
                    "value": "Deprecated function"
                  }
                }
              },
              {
                "type": "Words",
                "data": {
                  "value": ". Use "
                }
              },
              {
                "type": "Verbatim",
                "data": {
                  "value": [
                    "skimage.registration.phase_cross_correlation"
                  ]
                }
              },
              {
                "type": "Words",
                "data": {
                  "value": " instead."
                }
              }
            ],
            "inner": []
          }
        }
      ],
      "title": null
    },
    "Extended Summary": {
      "children": [],
      "title": null
    },
    "Parameters": {
      "children": [],
      "title": null
    },
    "Returns": {
      "children": [],
      "title": null
    },
    "Yields": {
      "children": [],
      "title": null
    },
    "Receives": {
      "children": [],
      "title": null
    },
    "Raises": {
      "children": [],
      "title": null
    },
    "Warns": {
      "children": [],
      "title": null
    },
    "Other Parameters": {
      "children": [],
      "title": null
    },
    "Attributes": {
      "children": [],
      "title": null
    },
    "Methods": {
      "children": [],
      "title": null
    },
    "Notes": {
      "children": [],
      "title": null
    },
    "Warnings": {
      "children": [],
      "title": null
    }
  },
  "refs": [],
  "ordered_sections": [
    "Summary",
    "Extended Summary"
  ],
  "item_file": "/Users/bussonniermatthias/miniconda3-intel/envs/papyri/lib/python3.9/site-packages/skimage/_shared/utils.py",
  "item_line": 33,
  "item_type": "<class 'function'>",
  "aliases": [
    "skimage.feature.masked_register_translation"
  ],
  "example_section_data": {
    "children": [],
    "title": null
  },
  "see_also": [],
  "signature": "masked_register_translation(src_image, target_image, src_mask, target_mask=None, overlap_ratio=0.3)",
  "references": null,
  "arbitrary": []
}