{
  "_content": {
    "Summary": {
      "children": [
        {
          "type": "Paragraph",
          "data": {
            "inline": [
              {
                "type": "Words",
                "data": {
                  "value": "Perform a diameter opening of the image."
                }
              }
            ],
            "inner": []
          }
        }
      ],
      "title": null
    },
    "Extended Summary": {
      "children": [
        {
          "type": "Paragraph",
          "data": {
            "inline": [
              {
                "type": "Words",
                "data": {
                  "value": "Diameter opening removes all bright structures of an image with maximal extension smaller than diameter_threshold. The maximal extension is defined as the maximal extension of the bounding box. The operator is also called Bounding Box Opening. In practice, the result is similar to a morphological opening, but long and thin structures are not removed."
                }
              }
            ],
            "inner": []
          }
        },
        {
          "type": "Paragraph",
          "data": {
            "inline": [
              {
                "type": "Words",
                "data": {
                  "value": "Technically, this operator is based on the max-tree representation of the image."
                }
              }
            ],
            "inner": []
          }
        }
      ],
      "title": null
    },
    "Parameters": {
      "children": [
        {
          "type": "Param",
          "data": {
            "param": "image",
            "type_": "ndarray",
            "desc": [
              {
                "type": "Paragraph",
                "data": {
                  "inline": [
                    {
                      "type": "Words",
                      "data": {
                        "value": "The input image for which the area_opening is to be calculated. This image can be of any type."
                      }
                    }
                  ],
                  "inner": []
                }
              }
            ]
          }
        },
        {
          "type": "Param",
          "data": {
            "param": "diameter_threshold",
            "type_": "unsigned int",
            "desc": [
              {
                "type": "Paragraph",
                "data": {
                  "inline": [
                    {
                      "type": "Words",
                      "data": {
                        "value": "The maximal extension parameter (number of pixels). The default value is 8."
                      }
                    }
                  ],
                  "inner": []
                }
              }
            ]
          }
        },
        {
          "type": "Param",
          "data": {
            "param": "connectivity",
            "type_": "unsigned int, optional",
            "desc": [
              {
                "type": "Paragraph",
                "data": {
                  "inline": [
                    {
                      "type": "Words",
                      "data": {
                        "value": "The neighborhood connectivity. The integer represents the maximum number of orthogonal steps to reach a neighbor. In 2D, it is 1 for a 4-neighborhood and 2 for a 8-neighborhood. Default value is 1."
                      }
                    }
                  ],
                  "inner": []
                }
              }
            ]
          }
        },
        {
          "type": "Param",
          "data": {
            "param": "parent",
            "type_": "ndarray, int64, optional",
            "desc": [
              {
                "type": "Paragraph",
                "data": {
                  "inline": [
                    {
                      "type": "Words",
                      "data": {
                        "value": "Parent image representing the max tree of the image. The value of each pixel is the index of its parent in the ravelled array."
                      }
                    }
                  ],
                  "inner": []
                }
              }
            ]
          }
        },
        {
          "type": "Param",
          "data": {
            "param": "tree_traverser",
            "type_": "1D array, int64, optional",
            "desc": [
              {
                "type": "Paragraph",
                "data": {
                  "inline": [
                    {
                      "type": "Words",
                      "data": {
                        "value": "The ordered pixel indices (referring to the ravelled array). The pixels are ordered such that every pixel is preceded by its parent (except for the root which has no parent)."
                      }
                    }
                  ],
                  "inner": []
                }
              }
            ]
          }
        }
      ],
      "title": null
    },
    "Returns": {
      "children": [
        {
          "type": "Param",
          "data": {
            "param": "output",
            "type_": "ndarray",
            "desc": [
              {
                "type": "Paragraph",
                "data": {
                  "inline": [
                    {
                      "type": "Words",
                      "data": {
                        "value": "Output image of the same shape and type as the input image."
                      }
                    }
                  ],
                  "inner": []
                }
              }
            ]
          }
        }
      ],
      "title": null
    },
    "Yields": {
      "children": [],
      "title": null
    },
    "Receives": {
      "children": [],
      "title": null
    },
    "Raises": {
      "children": [],
      "title": null
    },
    "Warns": {
      "children": [],
      "title": null
    },
    "Other Parameters": {
      "children": [],
      "title": null
    },
    "Attributes": {
      "children": [],
      "title": null
    },
    "Methods": {
      "children": [],
      "title": null
    },
    "Notes": {
      "children": [],
      "title": null
    },
    "Warnings": {
      "children": [],
      "title": null
    }
  },
  "refs": [
    "builtins.int",
    "builtins.ndarray.astype",
    "numpy",
    "numpy.lib.index_tricks.MGridClass",
    "numpy.ndarray",
    "skimage.morphology.max_tree.area_closing",
    "skimage.morphology.max_tree.area_opening",
    "skimage.morphology.max_tree.diameter_closing",
    "skimage.morphology.max_tree.max_tree",
    "skimage.morphology.max_tree.diameter_opening"
  ],
  "ordered_sections": [
    "Summary",
    "Extended Summary",
    "Parameters",
    "Returns",
    "See Also",
    "References",
    "Examples"
  ],
  "item_file": "/Users/bussonniermatthias/miniconda3-intel/envs/papyri/lib/python3.9/site-packages/skimage/morphology/max_tree.py",
  "item_line": 257,
  "item_type": "<class 'function'>",
  "aliases": [
    "skimage.morphology.diameter_opening"
  ],
  "example_section_data": {
    "children": [
      {
        "type": "Paragraph",
        "data": {
          "inline": [
            {
              "type": "Words",
              "data": {
                "value": "We create an image (quadratic function with a maximum in the center and 4 additional local maxima."
              }
            }
          ],
          "inner": []
        }
      },
      {
        "type": "Code",
        "data": {
          "entries": [
            [
              "w",
              "builtins.int",
              ""
            ],
            [
              " ",
              "",
              ""
            ],
            [
              "=",
              "",
              "o"
            ],
            [
              " ",
              "",
              ""
            ],
            [
              "12",
              "",
              "mi"
            ],
            [
              "\n",
              "",
              ""
            ],
            [
              "x",
              "numpy.ndarray",
              ""
            ],
            [
              ",",
              "",
              ""
            ],
            [
              " ",
              "",
              ""
            ],
            [
              "y",
              "numpy.ndarray",
              ""
            ],
            [
              " ",
              "",
              ""
            ],
            [
              "=",
              "",
              "o"
            ],
            [
              " ",
              "",
              ""
            ],
            [
              "np",
              "numpy",
              ""
            ],
            [
              ".",
              "",
              "o"
            ],
            [
              "mgrid",
              "numpy.lib.index_tricks.MGridClass",
              ""
            ],
            [
              "[",
              "",
              ""
            ],
            [
              "0",
              "",
              "mi"
            ],
            [
              ":",
              "",
              ""
            ],
            [
              "w",
              "builtins.int",
              ""
            ],
            [
              ",",
              "",
              ""
            ],
            [
              "0",
              "",
              "mi"
            ],
            [
              ":",
              "",
              ""
            ],
            [
              "w",
              "builtins.int",
              ""
            ],
            [
              "]",
              "",
              ""
            ],
            [
              "\n",
              "",
              ""
            ],
            [
              "f",
              "numpy.ndarray",
              ""
            ],
            [
              " ",
              "",
              ""
            ],
            [
              "=",
              "",
              "o"
            ],
            [
              " ",
              "",
              ""
            ],
            [
              "20",
              "",
              "mi"
            ],
            [
              " ",
              "",
              ""
            ],
            [
              "-",
              "",
              "o"
            ],
            [
              " ",
              "",
              ""
            ],
            [
              "0.2",
              "",
              "mf"
            ],
            [
              "*",
              "",
              "o"
            ],
            [
              "(",
              "",
              ""
            ],
            [
              "(",
              "",
              ""
            ],
            [
              "x",
              "numpy.ndarray",
              ""
            ],
            [
              " ",
              "",
              ""
            ],
            [
              "-",
              "",
              "o"
            ],
            [
              " ",
              "",
              ""
            ],
            [
              "w",
              "builtins.int",
              ""
            ],
            [
              "/",
              "",
              "o"
            ],
            [
              "2",
              "",
              "mi"
            ],
            [
              ")",
              "",
              ""
            ],
            [
              "*",
              "",
              "o"
            ],
            [
              "*",
              "",
              "o"
            ],
            [
              "2",
              "",
              "mi"
            ],
            [
              " ",
              "",
              ""
            ],
            [
              "+",
              "",
              "o"
            ],
            [
              " ",
              "",
              ""
            ],
            [
              "(",
              "",
              ""
            ],
            [
              "y",
              "numpy.ndarray",
              ""
            ],
            [
              "-",
              "",
              "o"
            ],
            [
              "w",
              "builtins.int",
              ""
            ],
            [
              "/",
              "",
              "o"
            ],
            [
              "2",
              "",
              "mi"
            ],
            [
              ")",
              "",
              ""
            ],
            [
              "*",
              "",
              "o"
            ],
            [
              "*",
              "",
              "o"
            ],
            [
              "2",
              "",
              "mi"
            ],
            [
              ")",
              "",
              ""
            ],
            [
              "\n",
              "",
              ""
            ],
            [
              "f",
              "numpy.ndarray",
              ""
            ],
            [
              "[",
              "",
              ""
            ],
            [
              "2",
              "",
              "mi"
            ],
            [
              ":",
              "",
              ""
            ],
            [
              "3",
              "",
              "mi"
            ],
            [
              ",",
              "",
              ""
            ],
            [
              "1",
              "",
              "mi"
            ],
            [
              ":",
              "",
              ""
            ],
            [
              "5",
              "",
              "mi"
            ],
            [
              "]",
              "",
              ""
            ],
            [
              " ",
              "",
              ""
            ],
            [
              "=",
              "",
              "o"
            ],
            [
              " ",
              "",
              ""
            ],
            [
              "40",
              "",
              "mi"
            ],
            [
              ";",
              "",
              ""
            ],
            [
              " ",
              "",
              ""
            ],
            [
              "f",
              "numpy.ndarray",
              ""
            ],
            [
              "[",
              "",
              ""
            ],
            [
              "2",
              "",
              "mi"
            ],
            [
              ":",
              "",
              ""
            ],
            [
              "4",
              "",
              "mi"
            ],
            [
              ",",
              "",
              ""
            ],
            [
              "9",
              "",
              "mi"
            ],
            [
              ":",
              "",
              ""
            ],
            [
              "11",
              "",
              "mi"
            ],
            [
              "]",
              "",
              ""
            ],
            [
              " ",
              "",
              ""
            ],
            [
              "=",
              "",
              "o"
            ],
            [
              " ",
              "",
              ""
            ],
            [
              "60",
              "",
              "mi"
            ],
            [
              ";",
              "",
              ""
            ],
            [
              " ",
              "",
              ""
            ],
            [
              "f",
              "numpy.ndarray",
              ""
            ],
            [
              "[",
              "",
              ""
            ],
            [
              "9",
              "",
              "mi"
            ],
            [
              ":",
              "",
              ""
            ],
            [
              "11",
              "",
              "mi"
            ],
            [
              ",",
              "",
              ""
            ],
            [
              "2",
              "",
              "mi"
            ],
            [
              ":",
              "",
              ""
            ],
            [
              "4",
              "",
              "mi"
            ],
            [
              "]",
              "",
              ""
            ],
            [
              " ",
              "",
              ""
            ],
            [
              "=",
              "",
              "o"
            ],
            [
              " ",
              "",
              ""
            ],
            [
              "80",
              "",
              "mi"
            ],
            [
              "\n",
              "",
              ""
            ],
            [
              "f",
              "numpy.ndarray",
              ""
            ],
            [
              "[",
              "",
              ""
            ],
            [
              "9",
              "",
              "mi"
            ],
            [
              ":",
              "",
              ""
            ],
            [
              "10",
              "",
              "mi"
            ],
            [
              ",",
              "",
              ""
            ],
            [
              "9",
              "",
              "mi"
            ],
            [
              ":",
              "",
              ""
            ],
            [
              "11",
              "",
              "mi"
            ],
            [
              "]",
              "",
              ""
            ],
            [
              " ",
              "",
              ""
            ],
            [
              "=",
              "",
              "o"
            ],
            [
              " ",
              "",
              ""
            ],
            [
              "100",
              "",
              "mi"
            ],
            [
              ";",
              "",
              ""
            ],
            [
              " ",
              "",
              ""
            ],
            [
              "f",
              "numpy.ndarray",
              ""
            ],
            [
              "[",
              "",
              ""
            ],
            [
              "10",
              "",
              "mi"
            ],
            [
              ",",
              "",
              ""
            ],
            [
              "10",
              "",
              "mi"
            ],
            [
              "]",
              "",
              ""
            ],
            [
              " ",
              "",
              ""
            ],
            [
              "=",
              "",
              "o"
            ],
            [
              " ",
              "",
              ""
            ],
            [
              "100",
              "",
              "mi"
            ],
            [
              "\n",
              "",
              ""
            ],
            [
              "f",
              null,
              ""
            ],
            [
              " ",
              "",
              ""
            ],
            [
              "=",
              "",
              "o"
            ],
            [
              " ",
              "",
              ""
            ],
            [
              "f",
              "numpy.ndarray",
              ""
            ],
            [
              ".",
              "",
              "o"
            ],
            [
              "astype",
              "builtins.ndarray.astype",
              ""
            ],
            [
              "(",
              "",
              ""
            ],
            [
              "int",
              "builtins.int",
              "nb"
            ],
            [
              ")",
              "",
              ""
            ]
          ],
          "out": "",
          "ce_status": "execed"
        }
      },
      {
        "type": "Paragraph",
        "data": {
          "inline": [
            {
              "type": "Words",
              "data": {
                "value": "We can calculate the diameter opening:"
              }
            }
          ],
          "inner": []
        }
      },
      {
        "type": "Code",
        "data": {
          "entries": [
            [
              "open",
              null,
              "nb"
            ],
            [
              " ",
              "",
              ""
            ],
            [
              "=",
              "",
              "o"
            ],
            [
              " ",
              "",
              ""
            ],
            [
              "diameter_opening",
              "skimage.morphology.max_tree.diameter_opening",
              ""
            ],
            [
              "(",
              "",
              ""
            ],
            [
              "f",
              "numpy.ndarray",
              ""
            ],
            [
              ",",
              "",
              ""
            ],
            [
              " ",
              "",
              ""
            ],
            [
              "3",
              "",
              "mi"
            ],
            [
              ",",
              "",
              ""
            ],
            [
              " ",
              "",
              ""
            ],
            [
              "connectivity",
              null,
              ""
            ],
            [
              "=",
              "",
              "o"
            ],
            [
              "1",
              "",
              "mi"
            ],
            [
              ")",
              "",
              ""
            ]
          ],
          "out": "",
          "ce_status": "execed"
        }
      },
      {
        "type": "Paragraph",
        "data": {
          "inline": [
            {
              "type": "Words",
              "data": {
                "value": "The peaks with a maximal extension of 2 or less are removed. The remaining peaks have all a maximal extension of at least 3."
              }
            }
          ],
          "inner": []
        }
      }
    ],
    "title": null
  },
  "see_also": [
    {
      "name": {
        "name": "skimage.morphology.area_opening",
        "ref": null,
        "exists": null
      },
      "descriptions": [],
      "type": null
    },
    {
      "name": {
        "name": "skimage.morphology.area_closing",
        "ref": null,
        "exists": null
      },
      "descriptions": [],
      "type": null
    },
    {
      "name": {
        "name": "skimage.morphology.diameter_closing",
        "ref": null,
        "exists": null
      },
      "descriptions": [],
      "type": null
    },
    {
      "name": {
        "name": "skimage.morphology.max_tree",
        "ref": null,
        "exists": null
      },
      "descriptions": [],
      "type": null
    }
  ],
  "signature": "diameter_opening(image, diameter_threshold=8, connectivity=1, parent=None, tree_traverser=None)",
  "references": null,
  "arbitrary": []
}