{
  "_content": {
    "Summary": {
      "children": [
        {
          "type": "Paragraph",
          "data": {
            "inline": [
              {
                "type": "Words",
                "data": {
                  "value": "Determine all local maxima of the image."
                }
              }
            ],
            "inner": []
          }
        }
      ],
      "title": null
    },
    "Extended Summary": {
      "children": [
        {
          "type": "Paragraph",
          "data": {
            "inline": [
              {
                "type": "Words",
                "data": {
                  "value": "The local maxima are defined as connected sets of pixels with equal gray level strictly greater than the gray levels of all pixels in direct neighborhood of the set. The function labels the local maxima."
                }
              }
            ],
            "inner": []
          }
        },
        {
          "type": "Paragraph",
          "data": {
            "inline": [
              {
                "type": "Words",
                "data": {
                  "value": "Technically, the implementation is based on the max-tree representation of an image. The function is very efficient if the max-tree representation has already been computed. Otherwise, it is preferable to use the function local_maxima."
                }
              }
            ],
            "inner": []
          }
        }
      ],
      "title": null
    },
    "Parameters": {
      "children": [
        {
          "type": "Param",
          "data": {
            "param": "image",
            "type_": "ndarray",
            "desc": [
              {
                "type": "Paragraph",
                "data": {
                  "inline": [
                    {
                      "type": "Words",
                      "data": {
                        "value": "The input image for which the maxima are to be calculated."
                      }
                    }
                  ],
                  "inner": []
                }
              }
            ]
          }
        },
        {
          "type": "Param",
          "data": {
            "param": "connectivity: unsigned int, optional",
            "type_": "",
            "desc": [
              {
                "type": "Paragraph",
                "data": {
                  "inline": [
                    {
                      "type": "Words",
                      "data": {
                        "value": "The neighborhood connectivity. The integer represents the maximum number of orthogonal steps to reach a neighbor. In 2D, it is 1 for a 4-neighborhood and 2 for a 8-neighborhood. Default value is 1."
                      }
                    }
                  ],
                  "inner": []
                }
              }
            ]
          }
        },
        {
          "type": "Param",
          "data": {
            "param": "parent: ndarray, int64, optional",
            "type_": "",
            "desc": [
              {
                "type": "Paragraph",
                "data": {
                  "inline": [
                    {
                      "type": "Words",
                      "data": {
                        "value": "The value of each pixel is the index of its parent in the ravelled array."
                      }
                    }
                  ],
                  "inner": []
                }
              }
            ]
          }
        },
        {
          "type": "Param",
          "data": {
            "param": "tree_traverser: 1D array, int64, optional",
            "type_": "",
            "desc": [
              {
                "type": "Paragraph",
                "data": {
                  "inline": [
                    {
                      "type": "Words",
                      "data": {
                        "value": "The ordered pixel indices (referring to the ravelled array). The pixels are ordered such that every pixel is preceded by its parent (except for the root which has no parent)."
                      }
                    }
                  ],
                  "inner": []
                }
              }
            ]
          }
        }
      ],
      "title": null
    },
    "Returns": {
      "children": [
        {
          "type": "Param",
          "data": {
            "param": "local_max",
            "type_": "ndarray, uint64",
            "desc": [
              {
                "type": "Paragraph",
                "data": {
                  "inline": [
                    {
                      "type": "Words",
                      "data": {
                        "value": "Labeled local maxima of the image."
                      }
                    }
                  ],
                  "inner": []
                }
              }
            ]
          }
        }
      ],
      "title": null
    },
    "Yields": {
      "children": [],
      "title": null
    },
    "Receives": {
      "children": [],
      "title": null
    },
    "Raises": {
      "children": [],
      "title": null
    },
    "Warns": {
      "children": [],
      "title": null
    },
    "Other Parameters": {
      "children": [],
      "title": null
    },
    "Attributes": {
      "children": [],
      "title": null
    },
    "Methods": {
      "children": [],
      "title": null
    },
    "Notes": {
      "children": [],
      "title": null
    },
    "Warnings": {
      "children": [],
      "title": null
    }
  },
  "refs": [
    "builtins.int",
    "builtins.ndarray.astype",
    "numpy",
    "numpy.lib.index_tricks.MGridClass",
    "numpy.ndarray",
    "skimage.morphology.extrema.local_maxima",
    "skimage.morphology.max_tree.max_tree",
    "skimage.morphology.max_tree.max_tree_local_maxima"
  ],
  "ordered_sections": [
    "Summary",
    "Extended Summary",
    "Parameters",
    "Returns",
    "See Also",
    "References",
    "Examples"
  ],
  "item_file": "/Users/bussonniermatthias/miniconda3-intel/envs/papyri/lib/python3.9/site-packages/skimage/morphology/max_tree.py",
  "item_line": 582,
  "item_type": "<class 'function'>",
  "aliases": [
    "skimage.morphology.max_tree_local_maxima"
  ],
  "example_section_data": {
    "children": [
      {
        "type": "Paragraph",
        "data": {
          "inline": [
            {
              "type": "Words",
              "data": {
                "value": "We create an image (quadratic function with a maximum in the center and 4 additional constant maxima."
              }
            }
          ],
          "inner": []
        }
      },
      {
        "type": "Code",
        "data": {
          "entries": [
            [
              "w",
              "builtins.int",
              ""
            ],
            [
              " ",
              "",
              ""
            ],
            [
              "=",
              "",
              "o"
            ],
            [
              " ",
              "",
              ""
            ],
            [
              "10",
              "",
              "mi"
            ],
            [
              "\n",
              "",
              ""
            ],
            [
              "x",
              "numpy.ndarray",
              ""
            ],
            [
              ",",
              "",
              ""
            ],
            [
              " ",
              "",
              ""
            ],
            [
              "y",
              "numpy.ndarray",
              ""
            ],
            [
              " ",
              "",
              ""
            ],
            [
              "=",
              "",
              "o"
            ],
            [
              " ",
              "",
              ""
            ],
            [
              "np",
              "numpy",
              ""
            ],
            [
              ".",
              "",
              "o"
            ],
            [
              "mgrid",
              "numpy.lib.index_tricks.MGridClass",
              ""
            ],
            [
              "[",
              "",
              ""
            ],
            [
              "0",
              "",
              "mi"
            ],
            [
              ":",
              "",
              ""
            ],
            [
              "w",
              "builtins.int",
              ""
            ],
            [
              ",",
              "",
              ""
            ],
            [
              "0",
              "",
              "mi"
            ],
            [
              ":",
              "",
              ""
            ],
            [
              "w",
              "builtins.int",
              ""
            ],
            [
              "]",
              "",
              ""
            ],
            [
              "\n",
              "",
              ""
            ],
            [
              "f",
              "numpy.ndarray",
              ""
            ],
            [
              " ",
              "",
              ""
            ],
            [
              "=",
              "",
              "o"
            ],
            [
              " ",
              "",
              ""
            ],
            [
              "20",
              "",
              "mi"
            ],
            [
              " ",
              "",
              ""
            ],
            [
              "-",
              "",
              "o"
            ],
            [
              " ",
              "",
              ""
            ],
            [
              "0.2",
              "",
              "mf"
            ],
            [
              "*",
              "",
              "o"
            ],
            [
              "(",
              "",
              ""
            ],
            [
              "(",
              "",
              ""
            ],
            [
              "x",
              "numpy.ndarray",
              ""
            ],
            [
              " ",
              "",
              ""
            ],
            [
              "-",
              "",
              "o"
            ],
            [
              " ",
              "",
              ""
            ],
            [
              "w",
              "builtins.int",
              ""
            ],
            [
              "/",
              "",
              "o"
            ],
            [
              "2",
              "",
              "mi"
            ],
            [
              ")",
              "",
              ""
            ],
            [
              "*",
              "",
              "o"
            ],
            [
              "*",
              "",
              "o"
            ],
            [
              "2",
              "",
              "mi"
            ],
            [
              " ",
              "",
              ""
            ],
            [
              "+",
              "",
              "o"
            ],
            [
              " ",
              "",
              ""
            ],
            [
              "(",
              "",
              ""
            ],
            [
              "y",
              "numpy.ndarray",
              ""
            ],
            [
              "-",
              "",
              "o"
            ],
            [
              "w",
              "builtins.int",
              ""
            ],
            [
              "/",
              "",
              "o"
            ],
            [
              "2",
              "",
              "mi"
            ],
            [
              ")",
              "",
              ""
            ],
            [
              "*",
              "",
              "o"
            ],
            [
              "*",
              "",
              "o"
            ],
            [
              "2",
              "",
              "mi"
            ],
            [
              ")",
              "",
              ""
            ],
            [
              "\n",
              "",
              ""
            ],
            [
              "f",
              "numpy.ndarray",
              ""
            ],
            [
              "[",
              "",
              ""
            ],
            [
              "2",
              "",
              "mi"
            ],
            [
              ":",
              "",
              ""
            ],
            [
              "4",
              "",
              "mi"
            ],
            [
              ",",
              "",
              ""
            ],
            [
              "2",
              "",
              "mi"
            ],
            [
              ":",
              "",
              ""
            ],
            [
              "4",
              "",
              "mi"
            ],
            [
              "]",
              "",
              ""
            ],
            [
              " ",
              "",
              ""
            ],
            [
              "=",
              "",
              "o"
            ],
            [
              " ",
              "",
              ""
            ],
            [
              "40",
              "",
              "mi"
            ],
            [
              ";",
              "",
              ""
            ],
            [
              " ",
              "",
              ""
            ],
            [
              "f",
              "numpy.ndarray",
              ""
            ],
            [
              "[",
              "",
              ""
            ],
            [
              "2",
              "",
              "mi"
            ],
            [
              ":",
              "",
              ""
            ],
            [
              "4",
              "",
              "mi"
            ],
            [
              ",",
              "",
              ""
            ],
            [
              "7",
              "",
              "mi"
            ],
            [
              ":",
              "",
              ""
            ],
            [
              "9",
              "",
              "mi"
            ],
            [
              "]",
              "",
              ""
            ],
            [
              " ",
              "",
              ""
            ],
            [
              "=",
              "",
              "o"
            ],
            [
              " ",
              "",
              ""
            ],
            [
              "60",
              "",
              "mi"
            ],
            [
              ";",
              "",
              ""
            ],
            [
              " ",
              "",
              ""
            ],
            [
              "f",
              "numpy.ndarray",
              ""
            ],
            [
              "[",
              "",
              ""
            ],
            [
              "7",
              "",
              "mi"
            ],
            [
              ":",
              "",
              ""
            ],
            [
              "9",
              "",
              "mi"
            ],
            [
              ",",
              "",
              ""
            ],
            [
              "2",
              "",
              "mi"
            ],
            [
              ":",
              "",
              ""
            ],
            [
              "4",
              "",
              "mi"
            ],
            [
              "]",
              "",
              ""
            ],
            [
              " ",
              "",
              ""
            ],
            [
              "=",
              "",
              "o"
            ],
            [
              " ",
              "",
              ""
            ],
            [
              "80",
              "",
              "mi"
            ],
            [
              ";",
              "",
              ""
            ],
            [
              " ",
              "",
              ""
            ],
            [
              "f",
              "numpy.ndarray",
              ""
            ],
            [
              "[",
              "",
              ""
            ],
            [
              "7",
              "",
              "mi"
            ],
            [
              ":",
              "",
              ""
            ],
            [
              "9",
              "",
              "mi"
            ],
            [
              ",",
              "",
              ""
            ],
            [
              "7",
              "",
              "mi"
            ],
            [
              ":",
              "",
              ""
            ],
            [
              "9",
              "",
              "mi"
            ],
            [
              "]",
              "",
              ""
            ],
            [
              " ",
              "",
              ""
            ],
            [
              "=",
              "",
              "o"
            ],
            [
              " ",
              "",
              ""
            ],
            [
              "100",
              "",
              "mi"
            ],
            [
              "\n",
              "",
              ""
            ],
            [
              "f",
              null,
              ""
            ],
            [
              " ",
              "",
              ""
            ],
            [
              "=",
              "",
              "o"
            ],
            [
              " ",
              "",
              ""
            ],
            [
              "f",
              "numpy.ndarray",
              ""
            ],
            [
              ".",
              "",
              "o"
            ],
            [
              "astype",
              "builtins.ndarray.astype",
              ""
            ],
            [
              "(",
              "",
              ""
            ],
            [
              "int",
              "builtins.int",
              "nb"
            ],
            [
              ")",
              "",
              ""
            ]
          ],
          "out": "",
          "ce_status": "execed"
        }
      },
      {
        "type": "Paragraph",
        "data": {
          "inline": [
            {
              "type": "Words",
              "data": {
                "value": "We can calculate all local maxima:"
              }
            }
          ],
          "inner": []
        }
      },
      {
        "type": "Code",
        "data": {
          "entries": [
            [
              "maxima",
              "numpy.ndarray",
              ""
            ],
            [
              " ",
              "",
              ""
            ],
            [
              "=",
              "",
              "o"
            ],
            [
              " ",
              "",
              ""
            ],
            [
              "max_tree_local_maxima",
              "skimage.morphology.max_tree.max_tree_local_maxima",
              ""
            ],
            [
              "(",
              "",
              ""
            ],
            [
              "f",
              "numpy.ndarray",
              ""
            ],
            [
              ")",
              "",
              ""
            ]
          ],
          "out": "",
          "ce_status": "execed"
        }
      },
      {
        "type": "Paragraph",
        "data": {
          "inline": [
            {
              "type": "Words",
              "data": {
                "value": "The resulting image contains the labeled local maxima."
              }
            }
          ],
          "inner": []
        }
      }
    ],
    "title": null
  },
  "see_also": [
    {
      "name": {
        "name": "skimage.morphology.local_maxima",
        "ref": null,
        "exists": null
      },
      "descriptions": [],
      "type": null
    },
    {
      "name": {
        "name": "skimage.morphology.max_tree",
        "ref": null,
        "exists": null
      },
      "descriptions": [],
      "type": null
    }
  ],
  "signature": "max_tree_local_maxima(image, connectivity=1, parent=None, tree_traverser=None)",
  "references": null,
  "arbitrary": []
}