{
  "_content": {
    "Summary": {
      "children": [
        {
          "type": "Paragraph",
          "data": {
            "inline": [
              {
                "type": "Words",
                "data": {
                  "value": "Generate coordinates of pixels within circle."
                }
              }
            ],
            "inner": []
          }
        }
      ],
      "title": null
    },
    "Extended Summary": {
      "children": [],
      "title": null
    },
    "Parameters": {
      "children": [
        {
          "type": "Param",
          "data": {
            "param": "r, c",
            "type_": "double",
            "desc": [
              {
                "type": "Paragraph",
                "data": {
                  "inline": [
                    {
                      "type": "Words",
                      "data": {
                        "value": "Center coordinate of disk."
                      }
                    }
                  ],
                  "inner": []
                }
              }
            ]
          }
        },
        {
          "type": "Param",
          "data": {
            "param": "radius",
            "type_": "double",
            "desc": [
              {
                "type": "Paragraph",
                "data": {
                  "inline": [
                    {
                      "type": "Words",
                      "data": {
                        "value": "Radius of disk."
                      }
                    }
                  ],
                  "inner": []
                }
              }
            ]
          }
        },
        {
          "type": "Param",
          "data": {
            "param": "shape",
            "type_": "tuple, optional",
            "desc": [
              {
                "type": "Paragraph",
                "data": {
                  "inline": [
                    {
                      "type": "Words",
                      "data": {
                        "value": "Image shape which is used to determine the maximum extent of output pixel coordinates. This is useful for disks that exceed the image size. If None, the full extent of the disk is used.  Must be at least length 2. Only the first two values are used to determine the extent of the input image."
                      }
                    }
                  ],
                  "inner": []
                }
              }
            ]
          }
        }
      ],
      "title": null
    },
    "Returns": {
      "children": [
        {
          "type": "Param",
          "data": {
            "param": "rr, cc",
            "type_": "ndarray of int",
            "desc": [
              {
                "type": "Paragraph",
                "data": {
                  "inline": [
                    {
                      "type": "Words",
                      "data": {
                        "value": "Pixel coordinates of disk. May be used to directly index into an array, e.g. "
                      }
                    },
                    {
                      "type": "Verbatim",
                      "data": {
                        "value": [
                          "img[rr,",
                          " ",
                          "cc]",
                          " ",
                          "=",
                          " ",
                          "1"
                        ]
                      }
                    },
                    {
                      "type": "Words",
                      "data": {
                        "value": "."
                      }
                    }
                  ],
                  "inner": []
                }
              }
            ]
          }
        }
      ],
      "title": null
    },
    "Yields": {
      "children": [],
      "title": null
    },
    "Receives": {
      "children": [],
      "title": null
    },
    "Raises": {
      "children": [],
      "title": null
    },
    "Warns": {
      "children": [
        {
          "type": "Param",
          "data": {
            "param": "",
            "type_": "Deprecated:",
            "desc": [
              {
                "type": "BlockDirective",
                "data": {
                  "lines": {
                    "_lines": [
                      {
                        "_line": ".. versionadded:: 0.17",
                        "_number": 0,
                        "_offset": 0
                      }
                    ]
                  },
                  "wh": {
                    "_lines": [
                      {
                        "_line": "",
                        "_number": 1,
                        "_offset": 0
                      }
                    ]
                  },
                  "ind": {
                    "_lines": [
                      {
                        "_line": "    This function is deprecated and will be removed in scikit-image 0.19.",
                        "_number": 2,
                        "_offset": 0
                      },
                      {
                        "_line": "    Please use the function named ``disk`` instead.",
                        "_number": 3,
                        "_offset": 0
                      }
                    ]
                  },
                  "directive_name": "versionadded",
                  "args0": [
                    " 0.17"
                  ],
                  "inner": {
                    "inline": [
                      {
                        "type": "Words",
                        "data": {
                          "value": "This function is deprecated and will be removed in scikit-image 0.19. Please use the function named "
                        }
                      },
                      {
                        "type": "Verbatim",
                        "data": {
                          "value": [
                            "disk"
                          ]
                        }
                      },
                      {
                        "type": "Words",
                        "data": {
                          "value": " instead."
                        }
                      }
                    ],
                    "inner": []
                  }
                }
              }
            ]
          }
        }
      ],
      "title": null
    },
    "Other Parameters": {
      "children": [],
      "title": null
    },
    "Attributes": {
      "children": [],
      "title": null
    },
    "Methods": {
      "children": [],
      "title": null
    },
    "Notes": {
      "children": [],
      "title": null
    },
    "Warnings": {
      "children": [],
      "title": null
    }
  },
  "refs": [],
  "ordered_sections": [
    "Summary",
    "Parameters",
    "Returns",
    "Warns"
  ],
  "item_file": "/Users/bussonniermatthias/miniconda3-intel/envs/papyri/lib/python3.9/site-packages/skimage/draw/draw.py",
  "item_line": 146,
  "item_type": "<class 'function'>",
  "aliases": [
    "skimage.draw.circle"
  ],
  "example_section_data": {
    "children": [],
    "title": null
  },
  "see_also": [],
  "signature": "circle(r, c, radius, shape=None)",
  "references": null,
  "arbitrary": []
}