{
  "_content": {
    "Summary": {
      "children": [
        {
          "type": "Paragraph",
          "data": {
            "inline": [
              {
                "type": "Words",
                "data": {
                  "value": "Performs Gamma Correction on the input image."
                }
              }
            ],
            "inner": []
          }
        }
      ],
      "title": null
    },
    "Extended Summary": {
      "children": [
        {
          "type": "Paragraph",
          "data": {
            "inline": [
              {
                "type": "Words",
                "data": {
                  "value": "Also known as Power Law Transform. This function transforms the input image pixelwise according to the equation "
                }
              },
              {
                "type": "Verbatim",
                "data": {
                  "value": [
                    "O = I**gamma"
                  ]
                }
              },
              {
                "type": "Words",
                "data": {
                  "value": " after scaling each pixel to the range 0 to 1."
                }
              }
            ],
            "inner": []
          }
        }
      ],
      "title": null
    },
    "Parameters": {
      "children": [
        {
          "type": "Param",
          "data": {
            "param": "image",
            "type_": "ndarray",
            "desc": [
              {
                "type": "Paragraph",
                "data": {
                  "inline": [
                    {
                      "type": "Words",
                      "data": {
                        "value": "Input image."
                      }
                    }
                  ],
                  "inner": []
                }
              }
            ]
          }
        },
        {
          "type": "Param",
          "data": {
            "param": "gamma",
            "type_": "float, optional",
            "desc": [
              {
                "type": "Paragraph",
                "data": {
                  "inline": [
                    {
                      "type": "Words",
                      "data": {
                        "value": "Non negative real number. Default value is 1."
                      }
                    }
                  ],
                  "inner": []
                }
              }
            ]
          }
        },
        {
          "type": "Param",
          "data": {
            "param": "gain",
            "type_": "float, optional",
            "desc": [
              {
                "type": "Paragraph",
                "data": {
                  "inline": [
                    {
                      "type": "Words",
                      "data": {
                        "value": "The constant multiplier. Default value is 1."
                      }
                    }
                  ],
                  "inner": []
                }
              }
            ]
          }
        }
      ],
      "title": null
    },
    "Returns": {
      "children": [
        {
          "type": "Param",
          "data": {
            "param": "out",
            "type_": "ndarray",
            "desc": [
              {
                "type": "Paragraph",
                "data": {
                  "inline": [
                    {
                      "type": "Words",
                      "data": {
                        "value": "Gamma corrected output image."
                      }
                    }
                  ],
                  "inner": []
                }
              }
            ]
          }
        }
      ],
      "title": null
    },
    "Yields": {
      "children": [],
      "title": null
    },
    "Receives": {
      "children": [],
      "title": null
    },
    "Raises": {
      "children": [],
      "title": null
    },
    "Warns": {
      "children": [],
      "title": null
    },
    "Other Parameters": {
      "children": [],
      "title": null
    },
    "Attributes": {
      "children": [],
      "title": null
    },
    "Methods": {
      "children": [],
      "title": null
    },
    "Notes": {
      "children": [
        {
          "type": "Paragraph",
          "data": {
            "inline": [
              {
                "type": "Words",
                "data": {
                  "value": "For gamma greater than 1, the histogram will shift towards left and the output image will be darker than the input image."
                }
              }
            ],
            "inner": []
          }
        },
        {
          "type": "Paragraph",
          "data": {
            "inline": [
              {
                "type": "Words",
                "data": {
                  "value": "For gamma less than 1, the histogram will shift towards right and the output image will be brighter than the input image."
                }
              }
            ],
            "inner": []
          }
        }
      ],
      "title": null
    },
    "Warnings": {
      "children": [],
      "title": null
    }
  },
  "refs": [
    "adjust_log",
    "builtins.ndarray.mean",
    "numpy._ArrayOrScalarCommon.mean",
    "numpy.ndarray",
    "skimage",
    "skimage.data",
    "skimage.data.moon",
    "skimage.exposure",
    "skimage.exposure.exposure.adjust_gamma",
    "skimage.util.dtype.img_as_float"
  ],
  "ordered_sections": [
    "Summary",
    "Extended Summary",
    "Parameters",
    "Returns",
    "See Also",
    "Notes",
    "References",
    "Examples"
  ],
  "item_file": "/Users/bussonniermatthias/miniconda3-intel/envs/papyri/lib/python3.9/site-packages/skimage/exposure/exposure.py",
  "item_line": 447,
  "item_type": "<class 'function'>",
  "aliases": [
    "skimage.exposure.adjust_gamma"
  ],
  "example_section_data": {
    "children": [
      {
        "type": "Code",
        "data": {
          "entries": [
            [
              "from",
              null,
              "kn"
            ],
            [
              " ",
              "",
              ""
            ],
            [
              "skimage",
              "skimage",
              "nn"
            ],
            [
              " ",
              "",
              ""
            ],
            [
              "import",
              null,
              "kn"
            ],
            [
              " ",
              "",
              ""
            ],
            [
              "data",
              "skimage.data",
              ""
            ],
            [
              ",",
              "",
              ""
            ],
            [
              " ",
              "",
              ""
            ],
            [
              "exposure",
              "skimage.exposure",
              ""
            ],
            [
              ",",
              "",
              ""
            ],
            [
              " ",
              "",
              ""
            ],
            [
              "img_as_float",
              "skimage.util.dtype.img_as_float",
              ""
            ],
            [
              "\n",
              "",
              ""
            ],
            [
              "image",
              "numpy.ndarray",
              ""
            ],
            [
              " ",
              "",
              ""
            ],
            [
              "=",
              "",
              "o"
            ],
            [
              " ",
              "",
              ""
            ],
            [
              "img_as_float",
              "skimage.util.dtype.img_as_float",
              ""
            ],
            [
              "(",
              "",
              ""
            ],
            [
              "data",
              "skimage.data",
              ""
            ],
            [
              ".",
              "",
              "o"
            ],
            [
              "moon",
              "skimage.data.moon",
              ""
            ],
            [
              "(",
              "",
              ""
            ],
            [
              ")",
              "",
              ""
            ],
            [
              ")",
              "",
              ""
            ],
            [
              "\n",
              "",
              ""
            ],
            [
              "gamma_corrected",
              null,
              ""
            ],
            [
              " ",
              "",
              ""
            ],
            [
              "=",
              "",
              "o"
            ],
            [
              " ",
              "",
              ""
            ],
            [
              "exposure",
              "skimage.exposure",
              ""
            ],
            [
              ".",
              "",
              "o"
            ],
            [
              "adjust_gamma",
              "skimage.exposure.exposure.adjust_gamma",
              ""
            ],
            [
              "(",
              "",
              ""
            ],
            [
              "image",
              "numpy.ndarray",
              ""
            ],
            [
              ",",
              "",
              ""
            ],
            [
              " ",
              "",
              ""
            ],
            [
              "2",
              "",
              "mi"
            ],
            [
              ")",
              "",
              ""
            ],
            [
              "\n",
              "",
              ""
            ],
            [
              "# Output is darker for gamma > 1",
              "",
              "c1"
            ],
            [
              "\n",
              "",
              ""
            ],
            [
              "image",
              "numpy.ndarray",
              ""
            ],
            [
              ".",
              "",
              "o"
            ],
            [
              "mean",
              "numpy._ArrayOrScalarCommon.mean",
              ""
            ],
            [
              "(",
              "",
              ""
            ],
            [
              ")",
              "",
              ""
            ],
            [
              " ",
              "",
              ""
            ],
            [
              ">",
              "",
              "o"
            ],
            [
              " ",
              "",
              ""
            ],
            [
              "gamma_corrected",
              "numpy.ndarray",
              ""
            ],
            [
              ".",
              "",
              "o"
            ],
            [
              "mean",
              "builtins.ndarray.mean",
              ""
            ],
            [
              "(",
              "",
              ""
            ],
            [
              ")",
              "",
              ""
            ]
          ],
          "out": "True",
          "ce_status": "execed"
        }
      }
    ],
    "title": null
  },
  "see_also": [
    {
      "name": {
        "name": "adjust_log",
        "ref": null,
        "exists": null
      },
      "descriptions": [],
      "type": null
    }
  ],
  "signature": "adjust_gamma(image, gamma=1, gain=1)",
  "references": null,
  "arbitrary": []
}