{
  "_content": {
    "Summary": {
      "children": [
        {
          "type": "Paragraph",
          "data": {
            "inline": [
              {
                "type": "Words",
                "data": {
                  "value": "A \"blended\" transform uses one transform for the "
                }
              },
              {
                "type": "Emph",
                "data": {
                  "value": {
                    "value": "x"
                  }
                }
              },
              {
                "type": "Words",
                "data": {
                  "value": "-direction, and another transform for the "
                }
              },
              {
                "type": "Emph",
                "data": {
                  "value": {
                    "value": "y"
                  }
                }
              },
              {
                "type": "Words",
                "data": {
                  "value": "-direction."
                }
              }
            ],
            "inner": []
          }
        }
      ],
      "title": null
    },
    "Extended Summary": {
      "children": [
        {
          "type": "Paragraph",
          "data": {
            "inline": [
              {
                "type": "Words",
                "data": {
                  "value": "This \"generic\" version can handle any given child transform in the "
                }
              },
              {
                "type": "Emph",
                "data": {
                  "value": {
                    "value": "x"
                  }
                }
              },
              {
                "type": "Words",
                "data": {
                  "value": "- and "
                }
              },
              {
                "type": "Emph",
                "data": {
                  "value": {
                    "value": "y"
                  }
                }
              },
              {
                "type": "Words",
                "data": {
                  "value": "-directions."
                }
              }
            ],
            "inner": []
          }
        }
      ],
      "title": null
    },
    "Parameters": {
      "children": [],
      "title": null
    },
    "Returns": {
      "children": [],
      "title": null
    },
    "Yields": {
      "children": [],
      "title": null
    },
    "Receives": {
      "children": [],
      "title": null
    },
    "Raises": {
      "children": [],
      "title": null
    },
    "Warns": {
      "children": [],
      "title": null
    },
    "Other Parameters": {
      "children": [],
      "title": null
    },
    "Attributes": {
      "children": [],
      "title": null
    },
    "Methods": {
      "children": [],
      "title": null
    },
    "Notes": {
      "children": [],
      "title": null
    },
    "Warnings": {
      "children": [],
      "title": null
    }
  },
  "refs": [],
  "ordered_sections": [
    "Summary",
    "Extended Summary"
  ],
  "item_file": "/matplotlib/transforms.py",
  "item_line": 2181,
  "item_type": "<class 'type'>",
  "aliases": [
    "matplotlib.transforms.BlendedGenericTransform"
  ],
  "example_section_data": {
    "children": [],
    "title": null
  },
  "see_also": [],
  "signature": "BlendedGenericTransform(x_transform, y_transform, **kwargs)",
  "references": null,
  "arbitrary": []
}