{
  "_content": {
    "Attributes": {
      "children": [],
      "title": null
    },
    "Extended Summary": {
      "children": [],
      "title": null
    },
    "Methods": {
      "children": [],
      "title": null
    },
    "Notes": {
      "children": [],
      "title": null
    },
    "Other Parameters": {
      "children": [],
      "title": null
    },
    "Parameters": {
      "children": [],
      "title": null
    },
    "Raises": {
      "children": [],
      "title": null
    },
    "Receives": {
      "children": [],
      "title": null
    },
    "Returns": {
      "children": [],
      "title": null
    },
    "Summary": {
      "children": [
        {
          "data": {
            "inline": [
              {
                "data": {
                  "value": "Set the font variant.  Values are: 'normal' or 'small-caps'."
                },
                "type": "Words"
              }
            ],
            "inner": []
          },
          "type": "Paragraph"
        }
      ],
      "title": null
    },
    "Warnings": {
      "children": [],
      "title": null
    },
    "Warns": {
      "children": [],
      "title": null
    },
    "Yields": {
      "children": [],
      "title": null
    }
  },
  "aliases": [
    "matplotlib._mathtext.FontProperties.set_variant"
  ],
  "arbitrary": [],
  "example_section_data": {
    "children": [],
    "title": null
  },
  "item_file": "/matplotlib/font_manager.py",
  "item_line": 817,
  "item_type": "<class 'function'>",
  "ordered_sections": [
    "Summary",
    "Extended Summary"
  ],
  "references": null,
  "refs": [],
  "see_also": [],
  "signature": "set_variant(self, variant)"
}