{
  "aliases": [
    "IPython.InteractiveShell.system_raw"
  ],
  "arbitrary": [],
  "content": {
    "Attributes": {
      "children": [],
      "level": 0,
      "title": null
    },
    "Extended Summary": {
      "children": [],
      "level": 0,
      "title": null
    },
    "Methods": {
      "children": [],
      "level": 0,
      "title": null
    },
    "Notes": {
      "children": [],
      "level": 0,
      "title": null
    },
    "Other Parameters": {
      "children": [],
      "level": 0,
      "title": null
    },
    "Parameters": {
      "children": [
        {
          "data": {
            "children": [
              {
                "desc": [
                  {
                    "data": {
                      "children": [
                        {
                          "data": {
                            "value": "Command to execute."
                          },
                          "type": "Words"
                        }
                      ]
                    },
                    "type": "Paragraph"
                  }
                ],
                "param": "cmd",
                "type_": "str"
              }
            ]
          },
          "type": "Parameters"
        }
      ],
      "level": 0,
      "title": null
    },
    "Raises": {
      "children": [],
      "level": 0,
      "title": null
    },
    "Receives": {
      "children": [],
      "level": 0,
      "title": null
    },
    "Returns": {
      "children": [],
      "level": 0,
      "title": null
    },
    "Summary": {
      "children": [
        {
          "data": {
            "children": [
              {
                "data": {
                  "value": "Call the given cmd in a subprocess using os.system on Windows or subprocess.call using the system shell on other platforms."
                },
                "type": "Words"
              }
            ]
          },
          "type": "Paragraph"
        }
      ],
      "level": 0,
      "title": null
    },
    "Warnings": {
      "children": [],
      "level": 0,
      "title": null
    },
    "Warns": {
      "children": [],
      "level": 0,
      "title": null
    },
    "Yields": {
      "children": [],
      "level": 0,
      "title": null
    }
  },
  "example_section_data": {
    "children": [],
    "level": 0,
    "title": null
  },
  "item_file": "/IPython/core/interactiveshell.py",
  "item_line": 2464,
  "item_type": "<class 'function'>",
  "ordered_sections": [
    "Summary",
    "Parameters"
  ],
  "references": null,
  "see_also": [],
  "signature": {
    "value": "system_raw(self, cmd)"
  }
}