{
  "aliases": [
    "IPython.core.magics.ExecutionMagics.prun"
  ],
  "arbitrary": [],
  "content": {
    "Attributes": {
      "children": [],
      "level": 0,
      "title": null
    },
    "Extended Summary": {
      "children": [
        {
          "data": {
            "children": [
              {
                "dd": [
                  {
                    "data": {
                      "children": [
                        {
                          "data": {
                            "value": "%prun [options] statement"
                          },
                          "type": "Words"
                        }
                      ]
                    },
                    "type": "Paragraph"
                  }
                ],
                "dt": {
                  "children": [
                    {
                      "data": {
                        "value": "Usage, in line mode:"
                      },
                      "type": "Words"
                    }
                  ]
                }
              },
              {
                "dd": [
                  {
                    "data": {
                      "children": [
                        {
                          "data": {
                            "value": "%%prun [options] [statement]   code...   code..."
                          },
                          "type": "Words"
                        }
                      ]
                    },
                    "type": "Paragraph"
                  }
                ],
                "dt": {
                  "children": [
                    {
                      "data": {
                        "value": "Usage, in cell mode:"
                      },
                      "type": "Words"
                    }
                  ]
                }
              }
            ]
          },
          "type": "DefList"
        },
        {
          "data": {
            "children": [
              {
                "data": {
                  "value": "In cell mode, the additional code lines are appended to the (possibly empty) statement in the first line.  Cell mode allows you to easily profile multiline blocks without having to put them in a separate function."
                },
                "type": "Words"
              }
            ]
          },
          "type": "Paragraph"
        },
        {
          "data": {
            "children": [
              {
                "data": {
                  "value": "The given statement (which doesn't require quote marks) is run via the python profiler in a manner similar to the profile.run() function. Namespaces are internally managed to work correctly; profile.run cannot be used in IPython because it makes certain assumptions about namespaces which do not hold under IPython."
                },
                "type": "Words"
              }
            ]
          },
          "type": "Paragraph"
        },
        {
          "data": {
            "children": [
              {
                "data": {
                  "value": "Options:"
                },
                "type": "Words"
              }
            ]
          },
          "type": "Paragraph"
        },
        {
          "data": {
            "children": [
              {
                "dd": [
                  {
                    "data": {
                      "children": [
                        {
                          "data": {
                            "value": "you can place restrictions on what or how much of the   profile gets printed. The limit value can be:"
                          },
                          "type": "Words"
                        }
                      ]
                    },
                    "type": "Paragraph"
                  },
                  {
                    "data": {
                      "children": [
                        {
                          "data": {
                            "children": [
                              {
                                "children": [
                                  {
                                    "data": {
                                      "children": [
                                        {
                                          "data": {
                                            "value": "A string: only information for function names containing this string        is printed."
                                          },
                                          "type": "Words"
                                        }
                                      ]
                                    },
                                    "type": "Paragraph"
                                  }
                                ]
                              },
                              {
                                "children": [
                                  {
                                    "data": {
                                      "children": [
                                        {
                                          "data": {
                                            "value": "An integer: only these many lines are printed."
                                          },
                                          "type": "Words"
                                        }
                                      ]
                                    },
                                    "type": "Paragraph"
                                  }
                                ]
                              },
                              {
                                "children": [
                                  {
                                    "data": {
                                      "children": [
                                        {
                                          "data": {
                                            "value": "A float (between 0 and 1): this fraction of the report is printed        (for example, use a limit of 0.4 to see the topmost 40% only)."
                                          },
                                          "type": "Words"
                                        }
                                      ]
                                    },
                                    "type": "Paragraph"
                                  }
                                ]
                              }
                            ]
                          },
                          "type": "BulletList"
                        }
                      ]
                    },
                    "type": "BlockQuote"
                  },
                  {
                    "data": {
                      "children": [
                        {
                          "data": {
                            "value": "You can combine several limits with repeated use of the option. For   example, "
                          },
                          "type": "Words"
                        },
                        {
                          "data": {
                            "value": [
                              "-l __init__ -l 5"
                            ]
                          },
                          "type": "Verbatim"
                        },
                        {
                          "data": {
                            "value": " will print only the topmost 5 lines of   information about class constructors."
                          },
                          "type": "Words"
                        }
                      ]
                    },
                    "type": "Paragraph"
                  }
                ],
                "dt": {
                  "children": [
                    {
                      "data": {
                        "value": "-l <limit>"
                      },
                      "type": "Words"
                    }
                  ]
                }
              },
              {
                "dd": [
                  {
                    "data": {
                      "children": [
                        {
                          "data": {
                            "value": "return the pstats.Stats object generated by the profiling. This   object has all the information about the profile in it, and you can   later use it for further analysis or in other functions."
                          },
                          "type": "Words"
                        }
                      ]
                    },
                    "type": "Paragraph"
                  }
                ],
                "dt": {
                  "children": [
                    {
                      "data": {
                        "value": "-r"
                      },
                      "type": "Words"
                    }
                  ]
                }
              },
              {
                "dd": [
                  {
                    "data": {
                      "children": [
                        {
                          "data": {
                            "value": "sort profile by given key. You can provide more than one key   by using the option several times: '-s key1 -s key2 -s key3...'. The   default sorting key is 'time'."
                          },
                          "type": "Words"
                        }
                      ]
                    },
                    "type": "Paragraph"
                  },
                  {
                    "data": {
                      "children": [
                        {
                          "data": {
                            "value": "The following is copied verbatim from the profile documentation   referenced below:"
                          },
                          "type": "Words"
                        }
                      ]
                    },
                    "type": "Paragraph"
                  },
                  {
                    "data": {
                      "children": [
                        {
                          "data": {
                            "value": "When more than one key is provided, additional keys are used as   secondary criteria when the there is equality in all keys selected   before them."
                          },
                          "type": "Words"
                        }
                      ]
                    },
                    "type": "Paragraph"
                  },
                  {
                    "data": {
                      "children": [
                        {
                          "data": {
                            "value": "Abbreviations can be used for any key names, as long as the   abbreviation is unambiguous.  The following are the keys currently   defined:"
                          },
                          "type": "Words"
                        }
                      ]
                    },
                    "type": "Paragraph"
                  },
                  {
                    "data": {
                      "children": [
                        {
                          "data": {
                            "value": "============  =====================   Valid Arg     Meaning   ============  =====================   \"calls\"       call count   \"cumulative\"  cumulative time   \"file\"        file name   \"module\"      file name   \"pcalls\"      primitive call count   \"line\"        line number   \"name\"        function name   \"nfl\"         name/file/line   \"stdname\"     standard name   \"time\"        internal time   ============  ====================="
                          },
                          "type": "Words"
                        }
                      ]
                    },
                    "type": "Paragraph"
                  },
                  {
                    "data": {
                      "children": [
                        {
                          "data": {
                            "value": "Note that all sorts on statistics are in descending order (placing   most time consuming items first), where as name, file, and line number   searches are in ascending order (i.e., alphabetical). The subtle   distinction between \"nfl\" and \"stdname\" is that the standard name is a   sort of the name as printed, which means that the embedded line   numbers get compared in an odd way.  For example, lines 3, 20, and 40   would (if the file names were the same) appear in the string order   \"20\" \"3\" and \"40\".  In contrast, \"nfl\" does a numeric compare of the   line numbers.  In fact, sort_stats(\"nfl\") is the same as   sort_stats(\"name\", \"file\", \"line\")."
                          },
                          "type": "Words"
                        }
                      ]
                    },
                    "type": "Paragraph"
                  }
                ],
                "dt": {
                  "children": [
                    {
                      "data": {
                        "value": "-s <key>"
                      },
                      "type": "Words"
                    }
                  ]
                }
              },
              {
                "dd": [
                  {
                    "data": {
                      "children": [
                        {
                          "data": {
                            "value": "save profile results as shown on screen to a text   file. The profile is still shown on screen."
                          },
                          "type": "Words"
                        }
                      ]
                    },
                    "type": "Paragraph"
                  }
                ],
                "dt": {
                  "children": [
                    {
                      "data": {
                        "value": "-T <filename>"
                      },
                      "type": "Words"
                    }
                  ]
                }
              },
              {
                "dd": [
                  {
                    "data": {
                      "children": [
                        {
                          "data": {
                            "value": "save (via dump_stats) profile statistics to given   filename. This data is in a format understood by the pstats module, and   is generated by a call to the dump_stats() method of profile   objects. The profile is still shown on screen."
                          },
                          "type": "Words"
                        }
                      ]
                    },
                    "type": "Paragraph"
                  }
                ],
                "dt": {
                  "children": [
                    {
                      "data": {
                        "value": "-D <filename>"
                      },
                      "type": "Words"
                    }
                  ]
                }
              },
              {
                "dd": [
                  {
                    "data": {
                      "children": [
                        {
                          "data": {
                            "value": "suppress output to the pager.  Best used with -T and/or -D above."
                          },
                          "type": "Words"
                        }
                      ]
                    },
                    "type": "Paragraph"
                  }
                ],
                "dt": {
                  "children": [
                    {
                      "data": {
                        "value": "-q"
                      },
                      "type": "Words"
                    }
                  ]
                }
              }
            ]
          },
          "type": "DefList"
        },
        {
          "data": {
            "children": [
              {
                "data": {
                  "value": "If you want to run complete programs under the profiler's control, use "
                },
                "type": "Words"
              },
              {
                "data": {
                  "value": [
                    "%run -p [prof_opts] filename.py [args to program]"
                  ]
                },
                "type": "Verbatim"
              },
              {
                "data": {
                  "value": " where prof_opts contains profiler specific options as described here."
                },
                "type": "Words"
              }
            ]
          },
          "type": "Paragraph"
        },
        {
          "data": {
            "children": [
              {
                "data": {
                  "value": "You can read the complete documentation for the profile module with:    "
                },
                "type": "Words"
              }
            ]
          },
          "type": "Paragraph"
        },
        {
          "data": {
            "value": "In [1]: import profile; profile.help()"
          },
          "type": "BlockVerbatim"
        },
        {
          "data": {
            "children": [
              {
                "data": {
                  "children": [
                    {
                      "data": {
                        "value": "User variables are no longer expanded, the magic line is always left unmodified."
                      },
                      "type": "Words"
                    }
                  ]
                },
                "type": "Paragraph"
              }
            ],
            "kind": "versionchanged",
            "title": "7.3"
          },
          "type": "Admonition"
        }
      ],
      "level": 0,
      "title": null
    },
    "Methods": {
      "children": [],
      "level": 0,
      "title": null
    },
    "Notes": {
      "children": [],
      "level": 0,
      "title": null
    },
    "Other Parameters": {
      "children": [],
      "level": 0,
      "title": null
    },
    "Parameters": {
      "children": [],
      "level": 0,
      "title": null
    },
    "Raises": {
      "children": [],
      "level": 0,
      "title": null
    },
    "Receives": {
      "children": [],
      "level": 0,
      "title": null
    },
    "Returns": {
      "children": [],
      "level": 0,
      "title": null
    },
    "Summary": {
      "children": [
        {
          "data": {
            "children": [
              {
                "data": {
                  "value": "Run a statement through the python code profiler."
                },
                "type": "Words"
              }
            ]
          },
          "type": "Paragraph"
        }
      ],
      "level": 0,
      "title": null
    },
    "Warnings": {
      "children": [],
      "level": 0,
      "title": null
    },
    "Warns": {
      "children": [],
      "level": 0,
      "title": null
    },
    "Yields": {
      "children": [],
      "level": 0,
      "title": null
    }
  },
  "example_section_data": {
    "children": [],
    "level": 0,
    "title": null
  },
  "item_file": "/IPython/core/magics/execution.py",
  "item_line": 174,
  "item_type": "<class 'function'>",
  "ordered_sections": [
    "Summary",
    "Extended Summary"
  ],
  "references": null,
  "see_also": [],
  "signature": {
    "value": "prun(self, parameter_s='', cell=None)"
  }
}