{
  "_content": {
    "Attributes": {
      "children": [],
      "title": null
    },
    "Extended Summary": {
      "children": [
        {
          "data": {
            "inline": [
              {
                "data": {
                  "value": "Normally when registering new classes for Dask's custom serialization you need to manage headers and frames, which can be tedious.  If all you want to do is traverse through your object and apply serialize to all of your object's attributes then this function may provide an easier path."
                },
                "type": "Words"
              }
            ],
            "inner": []
          },
          "type": "Paragraph"
        },
        {
          "data": {
            "inline": [
              {
                "data": {
                  "value": "This registers a class for the custom Dask serialization family.  It serializes it by traversing through its __dict__ of attributes and applying "
                },
                "type": "Words"
              },
              {
                "data": {
                  "value": [
                    "serialize"
                  ]
                },
                "type": "Verbatim"
              },
              {
                "data": {
                  "value": " and "
                },
                "type": "Words"
              },
              {
                "data": {
                  "value": [
                    "deserialize"
                  ]
                },
                "type": "Verbatim"
              },
              {
                "data": {
                  "value": " recursively.  It collects a set of frames and keeps small attributes in the header.  Deserialization reverses this process."
                },
                "type": "Words"
              }
            ],
            "inner": []
          },
          "type": "Paragraph"
        },
        {
          "data": {
            "inline": [
              {
                "data": {
                  "value": "This is a good idea if the following hold:"
                },
                "type": "Words"
              }
            ],
            "inner": []
          },
          "type": "Paragraph"
        },
        {
          "data": {
            "value": [
              {
                "data": {
                  "inline": [
                    {
                      "data": {
                        "value": "Most of the bytes of your object are composed of data types that Dask's     custom serializtion already handles well, like Numpy arrays."
                      },
                      "type": "Words"
                    }
                  ],
                  "inner": []
                },
                "type": "Paragraph"
              },
              {
                "data": {
                  "inline": [
                    {
                      "data": {
                        "value": "Your object doesn't require any special constructor logic, other than     object.__new__(cls)"
                      },
                      "type": "Words"
                    }
                  ],
                  "inner": []
                },
                "type": "Paragraph"
              }
            ]
          },
          "type": "EnumeratedList"
        }
      ],
      "title": null
    },
    "Methods": {
      "children": [],
      "title": null
    },
    "Notes": {
      "children": [],
      "title": null
    },
    "Other Parameters": {
      "children": [],
      "title": null
    },
    "Parameters": {
      "children": [],
      "title": null
    },
    "Raises": {
      "children": [],
      "title": null
    },
    "Receives": {
      "children": [],
      "title": null
    },
    "Returns": {
      "children": [],
      "title": null
    },
    "Summary": {
      "children": [
        {
          "data": {
            "inline": [
              {
                "data": {
                  "value": "Register (de)serialize to traverse through __dict__"
                },
                "type": "Words"
              }
            ],
            "inner": []
          },
          "type": "Paragraph"
        }
      ],
      "title": null
    },
    "Warnings": {
      "children": [],
      "title": null
    },
    "Warns": {
      "children": [],
      "title": null
    },
    "Yields": {
      "children": [],
      "title": null
    }
  },
  "aliases": [
    "distributed.protocol.register_generic"
  ],
  "arbitrary": [],
  "example_section_data": {
    "children": [
      {
        "data": {
          "ce_status": "compiled",
          "entries": [
            [
              "import",
              null,
              "kn"
            ],
            [
              " ",
              "",
              ""
            ],
            [
              "sklearn",
              null,
              "nn"
            ],
            [
              ".",
              "",
              "nn"
            ],
            [
              "base",
              null,
              "nn"
            ],
            [
              "\n",
              "",
              ""
            ],
            [
              "from",
              null,
              "kn"
            ],
            [
              " ",
              "",
              ""
            ],
            [
              "distributed",
              "distributed",
              "nn"
            ],
            [
              ".",
              "",
              "nn"
            ],
            [
              "protocol",
              "distributed.protocol",
              "nn"
            ],
            [
              " ",
              "",
              ""
            ],
            [
              "import",
              null,
              "kn"
            ],
            [
              " ",
              "",
              ""
            ],
            [
              "register_generic",
              "distributed.protocol.serialize.register_generic",
              ""
            ],
            [
              "\n",
              "",
              ""
            ],
            [
              "register_generic",
              "distributed.protocol.serialize.register_generic",
              ""
            ],
            [
              "(",
              "",
              ""
            ],
            [
              "sklearn",
              null,
              ""
            ],
            [
              ".",
              "",
              "o"
            ],
            [
              "base",
              null,
              ""
            ],
            [
              ".",
              "",
              "o"
            ],
            [
              "BaseEstimator",
              null,
              ""
            ],
            [
              ")",
              "",
              ""
            ]
          ],
          "out": ""
        },
        "type": "Code"
      }
    ],
    "title": null
  },
  "item_file": "/distributed/protocol/serialize.py",
  "item_line": 810,
  "item_type": "<class 'function'>",
  "ordered_sections": [
    "Summary",
    "Extended Summary",
    "Examples",
    "See Also"
  ],
  "references": null,
  "refs": [
    "dask_deserialize",
    "dask_serialize",
    "distributed",
    "distributed.protocol",
    "distributed.protocol.serialize.register_generic"
  ],
  "see_also": [
    {
      "descriptions": [],
      "name": {
        "exists": null,
        "name": "dask_serialize",
        "ref": null
      },
      "type": null
    },
    {
      "descriptions": [],
      "name": {
        "exists": null,
        "name": "dask_deserialize",
        "ref": null
      },
      "type": null
    }
  ],
  "signature": "register_generic(cls, serializer_name='dask', serialize_func=<dask.utils.Dispatch object at 0x0000000>, deserialize_func=<dask.utils.Dispatch object at 0x0000000>)"
}