{
  "_content": {
    "Attributes": {
      "children": [],
      "title": null
    },
    "Extended Summary": {
      "children": [
        {
          "data": {
            "inline": [
              {
                "data": {
                  "value": "This only makes sense to run within a task"
                },
                "type": "Words"
              }
            ],
            "inner": []
          },
          "type": "Paragraph"
        }
      ],
      "title": null
    },
    "Methods": {
      "children": [],
      "title": null
    },
    "Notes": {
      "children": [],
      "title": null
    },
    "Other Parameters": {
      "children": [],
      "title": null
    },
    "Parameters": {
      "children": [],
      "title": null
    },
    "Raises": {
      "children": [],
      "title": null
    },
    "Receives": {
      "children": [],
      "title": null
    },
    "Returns": {
      "children": [],
      "title": null
    },
    "Summary": {
      "children": [
        {
          "data": {
            "inline": [
              {
                "data": {
                  "value": "Get the key of the task we are currently running"
                },
                "type": "Words"
              }
            ],
            "inner": []
          },
          "type": "Paragraph"
        }
      ],
      "title": null
    },
    "Warnings": {
      "children": [],
      "title": null
    },
    "Warns": {
      "children": [],
      "title": null
    },
    "Yields": {
      "children": [],
      "title": null
    }
  },
  "aliases": [
    "distributed.Worker.get_current_task"
  ],
  "arbitrary": [],
  "example_section_data": {
    "children": [
      {
        "data": {
          "ce_status": "compiled",
          "entries": [
            [
              "from",
              null,
              "kn"
            ],
            [
              " ",
              "",
              ""
            ],
            [
              "dask",
              "dask",
              "nn"
            ],
            [
              ".",
              "",
              "nn"
            ],
            [
              "distributed",
              "dask.distributed",
              "nn"
            ],
            [
              " ",
              "",
              ""
            ],
            [
              "import",
              null,
              "kn"
            ],
            [
              " ",
              "",
              ""
            ],
            [
              "get_worker",
              "distributed.worker.get_worker",
              ""
            ],
            [
              "\n",
              "",
              ""
            ],
            [
              "def",
              null,
              "k"
            ],
            [
              " ",
              "",
              ""
            ],
            [
              "f",
              "__main__.f",
              "nf"
            ],
            [
              "(",
              "",
              ""
            ],
            [
              ")",
              "",
              ""
            ],
            [
              ":",
              "",
              ""
            ],
            [
              "\n",
              "",
              ""
            ],
            [
              "    ",
              "",
              ""
            ],
            [
              "return",
              null,
              "k"
            ],
            [
              " ",
              "",
              ""
            ],
            [
              "get_worker",
              "distributed.worker.get_worker",
              ""
            ],
            [
              "(",
              "",
              ""
            ],
            [
              ")",
              "",
              ""
            ],
            [
              ".",
              "",
              "o"
            ],
            [
              "get_current_task",
              "distributed.worker.Worker.get_current_task",
              ""
            ],
            [
              "(",
              "",
              ""
            ],
            [
              ")",
              "",
              ""
            ]
          ],
          "out": ""
        },
        "type": "Code"
      },
      {
        "data": {
          "ce_status": "compiled",
          "entries": [
            [
              "future",
              null,
              ""
            ],
            [
              " ",
              "",
              ""
            ],
            [
              "=",
              "",
              "o"
            ],
            [
              " ",
              "",
              ""
            ],
            [
              "client",
              null,
              ""
            ],
            [
              ".",
              "",
              "o"
            ],
            [
              "submit",
              null,
              ""
            ],
            [
              "(",
              "",
              ""
            ],
            [
              "f",
              "__main__.f",
              ""
            ],
            [
              ")",
              "",
              ""
            ],
            [
              "  ",
              "",
              ""
            ],
            [
              "# doctest: +SKIP",
              "",
              "c1"
            ],
            [
              "\n",
              "",
              ""
            ],
            [
              "future",
              null,
              ""
            ],
            [
              ".",
              "",
              "o"
            ],
            [
              "result",
              null,
              ""
            ],
            [
              "(",
              "",
              ""
            ],
            [
              ")",
              "",
              ""
            ],
            [
              "  ",
              "",
              ""
            ],
            [
              "# doctest: +SKIP",
              "",
              "c1"
            ]
          ],
          "out": "'f-1234'"
        },
        "type": "Code"
      }
    ],
    "title": null
  },
  "item_file": "/distributed/worker.py",
  "item_line": 3798,
  "item_type": "<class 'function'>",
  "ordered_sections": [
    "Summary",
    "Extended Summary",
    "Examples",
    "See Also"
  ],
  "references": null,
  "refs": [
    "__main__.f",
    "dask",
    "dask.distributed",
    "distributed.worker.Worker.get_current_task",
    "distributed.worker.get_worker",
    "get_worker"
  ],
  "see_also": [
    {
      "descriptions": [],
      "name": {
        "exists": null,
        "name": "get_worker",
        "ref": null
      },
      "type": null
    }
  ],
  "signature": "get_current_task(self) -> 'str'"
}