{
  "_content": {
    "Attributes": {
      "children": [],
      "title": null
    },
    "Extended Summary": {
      "children": [
        {
          "data": {
            "inline": [
              {
                "data": {
                  "value": "This allows clients and workers to directly communicate data between each other with a typical Publish-Subscribe pattern.  This involves two components,"
                },
                "type": "Words"
              }
            ],
            "inner": []
          },
          "type": "Paragraph"
        },
        {
          "data": {
            "inline": [
              {
                "data": {
                  "value": "Pub objects, into which we put data:"
                },
                "type": "Words"
              }
            ],
            "inner": []
          },
          "type": "Paragraph"
        },
        {
          "data": {
            "value": [
              ">>> pub = Pub('my-topic')",
              ">>> pub.put(123)"
            ]
          },
          "type": "BlockQuote"
        },
        {
          "data": {
            "inline": [
              {
                "data": {
                  "value": "And Sub objects, from which we collect data:"
                },
                "type": "Words"
              }
            ],
            "inner": []
          },
          "type": "Paragraph"
        },
        {
          "data": {
            "value": [
              ">>> sub = Sub('my-topic')",
              ">>> sub.get()",
              "123"
            ]
          },
          "type": "BlockQuote"
        },
        {
          "data": {
            "inline": [
              {
                "data": {
                  "value": "Many Pub and Sub objects can exist for the same topic.  All data sent from any Pub will be sent to all Sub objects on that topic that are currently connected.  Pub's and Sub's find each other using the scheduler, but they communicate directly with each other without coordination from the scheduler."
                },
                "type": "Words"
              }
            ],
            "inner": []
          },
          "type": "Paragraph"
        },
        {
          "data": {
            "inline": [
              {
                "data": {
                  "value": "Pubs and Subs use the central scheduler to find each other, but not to mediate the communication.  This means that there is very little additional latency or overhead, and they are appropriate for very frequent data transfers.  For context, most data transfer first checks with the scheduler to find which workers should participate, and then does direct worker-to-worker transfers.  This checking in with the scheduler provides some stability guarantees, but also adds in a few extra network hops.  PubSub doesn't do this, and so is faster, but also can easily drop messages if Pubs or Subs disappear without notice."
                },
                "type": "Words"
              }
            ],
            "inner": []
          },
          "type": "Paragraph"
        },
        {
          "data": {
            "inline": [
              {
                "data": {
                  "value": "When using a Pub or Sub from a Client all communications will be routed through the scheduler.  This can cause some performance degradation.  Pubs and Subs only operate at top-speed when they are both on workers."
                },
                "type": "Words"
              }
            ],
            "inner": []
          },
          "type": "Paragraph"
        }
      ],
      "title": null
    },
    "Methods": {
      "children": [],
      "title": null
    },
    "Notes": {
      "children": [],
      "title": null
    },
    "Other Parameters": {
      "children": [],
      "title": null
    },
    "Parameters": {
      "children": [
        {
          "data": {
            "desc": [
              {
                "data": {
                  "inline": [
                    {
                      "data": {
                        "value": "The name of the group of Pubs and Subs on which to participate."
                      },
                      "type": "Words"
                    }
                  ],
                  "inner": []
                },
                "type": "Paragraph"
              }
            ],
            "param": "name: object (msgpack serializable)",
            "type_": ""
          },
          "type": "Param"
        },
        {
          "data": {
            "desc": [
              {
                "data": {
                  "inline": [
                    {
                      "data": {
                        "value": "The worker to be used for publishing data. Defaults to the value of "
                      },
                      "type": "Words"
                    },
                    {
                      "data": {
                        "value": [
                          "`get_worker()`"
                        ]
                      },
                      "type": "Verbatim"
                    },
                    {
                      "data": {
                        "value": ". If given, "
                      },
                      "type": "Words"
                    },
                    {
                      "data": {
                        "value": [
                          "client"
                        ]
                      },
                      "type": "Verbatim"
                    },
                    {
                      "data": {
                        "value": " must be "
                      },
                      "type": "Words"
                    },
                    {
                      "data": {
                        "value": [
                          "None"
                        ]
                      },
                      "type": "Verbatim"
                    },
                    {
                      "data": {
                        "value": "."
                      },
                      "type": "Words"
                    }
                  ],
                  "inner": []
                },
                "type": "Paragraph"
              }
            ],
            "param": "worker: Worker (optional)",
            "type_": ""
          },
          "type": "Param"
        },
        {
          "data": {
            "desc": [
              {
                "data": {
                  "inline": [
                    {
                      "data": {
                        "value": "Client used for communication with the scheduler. Defaults to the value of "
                      },
                      "type": "Words"
                    },
                    {
                      "data": {
                        "value": [
                          "get_client()"
                        ]
                      },
                      "type": "Verbatim"
                    },
                    {
                      "data": {
                        "value": ". If given, "
                      },
                      "type": "Words"
                    },
                    {
                      "data": {
                        "value": [
                          "worker"
                        ]
                      },
                      "type": "Verbatim"
                    },
                    {
                      "data": {
                        "value": " must be "
                      },
                      "type": "Words"
                    },
                    {
                      "data": {
                        "value": [
                          "None"
                        ]
                      },
                      "type": "Verbatim"
                    },
                    {
                      "data": {
                        "value": "."
                      },
                      "type": "Words"
                    }
                  ],
                  "inner": []
                },
                "type": "Paragraph"
              }
            ],
            "param": "client: Client (optional)",
            "type_": ""
          },
          "type": "Param"
        }
      ],
      "title": null
    },
    "Raises": {
      "children": [],
      "title": null
    },
    "Receives": {
      "children": [],
      "title": null
    },
    "Returns": {
      "children": [],
      "title": null
    },
    "Summary": {
      "children": [
        {
          "data": {
            "inline": [
              {
                "data": {
                  "value": "Publish data with Publish-Subscribe pattern"
                },
                "type": "Words"
              }
            ],
            "inner": []
          },
          "type": "Paragraph"
        }
      ],
      "title": null
    },
    "Warnings": {
      "children": [],
      "title": null
    },
    "Warns": {
      "children": [],
      "title": null
    },
    "Yields": {
      "children": [],
      "title": null
    }
  },
  "aliases": [
    "distributed.Pub"
  ],
  "arbitrary": [],
  "example_section_data": {
    "children": [
      {
        "data": {
          "ce_status": "compiled",
          "entries": [
            [
              "pub",
              "distributed.pubsub.Pub",
              ""
            ],
            [
              " ",
              "",
              ""
            ],
            [
              "=",
              "",
              "o"
            ],
            [
              " ",
              "",
              ""
            ],
            [
              "Pub",
              "distributed.pubsub.Pub",
              ""
            ],
            [
              "(",
              "",
              ""
            ],
            [
              "'",
              "",
              "s1"
            ],
            [
              "my-topic",
              "",
              "s1"
            ],
            [
              "'",
              "",
              "s1"
            ],
            [
              ")",
              "",
              ""
            ],
            [
              "\n",
              "",
              ""
            ],
            [
              "sub",
              null,
              ""
            ],
            [
              " ",
              "",
              ""
            ],
            [
              "=",
              "",
              "o"
            ],
            [
              " ",
              "",
              ""
            ],
            [
              "Sub",
              null,
              ""
            ],
            [
              "(",
              "",
              ""
            ],
            [
              "'",
              "",
              "s1"
            ],
            [
              "my-topic",
              "",
              "s1"
            ],
            [
              "'",
              "",
              "s1"
            ],
            [
              ")",
              "",
              ""
            ],
            [
              "\n",
              "",
              ""
            ],
            [
              "pub",
              "distributed.pubsub.Pub",
              ""
            ],
            [
              ".",
              "",
              "o"
            ],
            [
              "put",
              "distributed.pubsub.Pub.put",
              ""
            ],
            [
              "(",
              "",
              ""
            ],
            [
              "[",
              "",
              ""
            ],
            [
              "1",
              "",
              "mi"
            ],
            [
              ",",
              "",
              ""
            ],
            [
              " ",
              "",
              ""
            ],
            [
              "2",
              "",
              "mi"
            ],
            [
              ",",
              "",
              ""
            ],
            [
              " ",
              "",
              ""
            ],
            [
              "3",
              "",
              "mi"
            ],
            [
              "]",
              "",
              ""
            ],
            [
              ")",
              "",
              ""
            ],
            [
              "\n",
              "",
              ""
            ],
            [
              "sub",
              null,
              ""
            ],
            [
              ".",
              "",
              "o"
            ],
            [
              "get",
              null,
              ""
            ],
            [
              "(",
              "",
              ""
            ],
            [
              ")",
              "",
              ""
            ]
          ],
          "out": "[1, 2, 3]"
        },
        "type": "Code"
      },
      {
        "data": {
          "inline": [
            {
              "data": {
                "value": "You can also use sub within a for loop:"
              },
              "type": "Words"
            }
          ],
          "inner": []
        },
        "type": "Paragraph"
      },
      {
        "data": {
          "ce_status": "compiled",
          "entries": [
            [
              "for",
              null,
              "k"
            ],
            [
              " ",
              "",
              ""
            ],
            [
              "msg",
              null,
              ""
            ],
            [
              " ",
              "",
              ""
            ],
            [
              "in",
              null,
              "ow"
            ],
            [
              " ",
              "",
              ""
            ],
            [
              "sub",
              null,
              ""
            ],
            [
              ":",
              "",
              ""
            ],
            [
              "  ",
              "",
              ""
            ],
            [
              "# doctest: +SKIP",
              "",
              "c1"
            ],
            [
              "\n",
              "",
              ""
            ],
            [
              "    ",
              "",
              ""
            ],
            [
              "print",
              "builtins.print",
              "nb"
            ],
            [
              "(",
              "",
              ""
            ],
            [
              "msg",
              null,
              ""
            ],
            [
              ")",
              "",
              ""
            ]
          ],
          "out": ""
        },
        "type": "Code"
      },
      {
        "data": {
          "inline": [
            {
              "data": {
                "value": "or an async for loop"
              },
              "type": "Words"
            }
          ],
          "inner": []
        },
        "type": "Paragraph"
      },
      {
        "data": {
          "ce_status": "syntax_error",
          "entries": [
            [
              "async",
              null,
              "k"
            ],
            [
              " ",
              "",
              ""
            ],
            [
              "for",
              null,
              "k"
            ],
            [
              " ",
              "",
              ""
            ],
            [
              "msg",
              null,
              ""
            ],
            [
              " ",
              "",
              ""
            ],
            [
              "in",
              null,
              "ow"
            ],
            [
              " ",
              "",
              ""
            ],
            [
              "sub",
              null,
              ""
            ],
            [
              ":",
              "",
              ""
            ],
            [
              "  ",
              "",
              ""
            ],
            [
              "# doctest: +SKIP",
              "",
              "c1"
            ],
            [
              "\n",
              "",
              ""
            ],
            [
              "    ",
              "",
              ""
            ],
            [
              "print",
              "builtins.print",
              "nb"
            ],
            [
              "(",
              "",
              ""
            ],
            [
              "msg",
              null,
              ""
            ],
            [
              ")",
              "",
              ""
            ]
          ],
          "out": ""
        },
        "type": "Code"
      },
      {
        "data": {
          "inline": [
            {
              "data": {
                "value": "Similarly the "
              },
              "type": "Words"
            },
            {
              "data": {
                "value": [
                  ".get"
                ]
              },
              "type": "Verbatim"
            },
            {
              "data": {
                "value": " method will return an awaitable if used by an async client or within the IOLoop thread of a worker"
              },
              "type": "Words"
            }
          ],
          "inner": []
        },
        "type": "Paragraph"
      },
      {
        "data": {
          "ce_status": "syntax_error",
          "entries": [
            [
              "await",
              null,
              "k"
            ],
            [
              " ",
              "",
              ""
            ],
            [
              "sub",
              null,
              ""
            ],
            [
              ".",
              "",
              "o"
            ],
            [
              "get",
              null,
              ""
            ],
            [
              "(",
              "",
              ""
            ],
            [
              ")",
              "",
              ""
            ],
            [
              "  ",
              "",
              ""
            ],
            [
              "# doctest: +SKIP",
              "",
              "c1"
            ]
          ],
          "out": ""
        },
        "type": "Code"
      },
      {
        "data": {
          "inline": [
            {
              "data": {
                "value": "You can see the set of connected worker subscribers by looking at the "
              },
              "type": "Words"
            },
            {
              "data": {
                "value": [
                  ".subscribers"
                ]
              },
              "type": "Verbatim"
            },
            {
              "data": {
                "value": " attribute:"
              },
              "type": "Words"
            }
          ],
          "inner": []
        },
        "type": "Paragraph"
      },
      {
        "data": {
          "ce_status": "compiled",
          "entries": [
            [
              "pub",
              "distributed.pubsub.Pub",
              ""
            ],
            [
              ".",
              "",
              "o"
            ],
            [
              "subscribers",
              "builtins.dict",
              ""
            ]
          ],
          "out": "{'tcp://...': {},\n 'tcp://...': {}}"
        },
        "type": "Code"
      }
    ],
    "title": null
  },
  "item_file": "/distributed/pubsub.py",
  "item_line": 202,
  "item_type": "<class 'type'>",
  "ordered_sections": [
    "Summary",
    "Extended Summary",
    "Parameters",
    "Examples",
    "See Also"
  ],
  "references": null,
  "refs": [
    "Sub",
    "builtins.dict",
    "builtins.print",
    "distributed.pubsub.Pub",
    "distributed.pubsub.Pub.put"
  ],
  "see_also": [
    {
      "descriptions": [],
      "name": {
        "exists": null,
        "name": "Sub",
        "ref": null
      },
      "type": null
    }
  ],
  "signature": {
    "value": null
  }
}