{
  "_content": {
    "Attributes": {
      "children": [],
      "title": null
    },
    "Extended Summary": {
      "children": [],
      "title": null
    },
    "Methods": {
      "children": [],
      "title": null
    },
    "Notes": {
      "children": [],
      "title": null
    },
    "Other Parameters": {
      "children": [],
      "title": null
    },
    "Parameters": {
      "children": [],
      "title": null
    },
    "Raises": {
      "children": [],
      "title": null
    },
    "Receives": {
      "children": [],
      "title": null
    },
    "Returns": {
      "children": [],
      "title": null
    },
    "Summary": {
      "children": [
        {
          "data": {
            "children": [
              {
                "data": {
                  "value": "Have this thread secede from the ThreadPoolExecutor"
                },
                "type": "Words"
              }
            ]
          },
          "type": "Paragraph"
        }
      ],
      "title": null
    },
    "Warnings": {
      "children": [],
      "title": null
    },
    "Warns": {
      "children": [],
      "title": null
    },
    "Yields": {
      "children": [],
      "title": null
    }
  },
  "aliases": [
    "distributed.threadpoolexecutor.secede"
  ],
  "arbitrary": [],
  "example_section_data": {
    "children": [],
    "title": null
  },
  "item_file": "/distributed/threadpoolexecutor.py",
  "item_line": 108,
  "item_type": "<class 'function'>",
  "ordered_sections": [
    "Summary",
    "See Also"
  ],
  "references": null,
  "refs": [
    "rejoin"
  ],
  "see_also": [
    {
      "descriptions": [
        {
          "children": [
            {
              "data": {
                "value": "rejoin the thread pool"
              },
              "type": "Words"
            }
          ]
        }
      ],
      "name": {
        "exists": true,
        "kind": "module",
        "reference": {
          "kind": "module",
          "module": "distributed",
          "path": "distributed.threadpoolexecutor.rejoin",
          "version": "2021.10.0"
        },
        "value": "rejoin"
      },
      "type": null
    }
  ],
  "signature": {
    "value": "secede(adjust=True)"
  }
}