{
  "_content": {
    "Attributes": {
      "children": [],
      "title": null
    },
    "Extended Summary": {
      "children": [
        {
          "data": {
            "inline": [
              {
                "data": {
                  "value": "This "
                },
                "type": "Words"
              },
              {
                "data": {
                  "target": "https://en.wikipedia.org/wiki/Semaphore_(programming)",
                  "value": "semaphore"
                },
                "type": "ExternalLink"
              },
              {
                "data": {
                  "value": " will track leases on the scheduler which can be acquired and released by an instance of this class. If the maximum amount of leases are already acquired, it is not possible to acquire more and the caller waits until another lease has been released."
                },
                "type": "Words"
              }
            ],
            "inner": []
          },
          "type": "Paragraph"
        },
        {
          "data": {
            "inline": [
              {
                "data": {
                  "value": "The lifetime or leases are controlled using a timeout. This timeout is refreshed in regular intervals by the "
                },
                "type": "Words"
              },
              {
                "data": {
                  "value": [
                    "Client"
                  ]
                },
                "type": "Verbatim"
              },
              {
                "data": {
                  "value": " of this instance and provides protection from deadlocks or resource starvation in case of worker failure. The timeout can be controlled using the configuration option "
                },
                "type": "Words"
              },
              {
                "data": {
                  "value": [
                    "distributed.scheduler.locks.lease-timeout"
                  ]
                },
                "type": "Verbatim"
              },
              {
                "data": {
                  "value": " and the interval in which the scheduler verifies the timeout is set using the option "
                },
                "type": "Words"
              },
              {
                "data": {
                  "value": [
                    "distributed.scheduler.locks.lease-validation-interval"
                  ]
                },
                "type": "Verbatim"
              },
              {
                "data": {
                  "value": "."
                },
                "type": "Words"
              }
            ],
            "inner": []
          },
          "type": "Paragraph"
        },
        {
          "data": {
            "inline": [
              {
                "data": {
                  "value": "A noticeable difference to the Semaphore of the python standard library is that this implementation does not allow to release more often than it was acquired. If this happens, a warning is emitted but the internal state is not modified."
                },
                "type": "Words"
              }
            ],
            "inner": []
          },
          "type": "Paragraph"
        },
        {
          "data": {
            "children": [
              {
                "inline": [
                  {
                    "data": {
                      "value": "This implementation is still in an experimental state and subtle changes in behavior may occur without any change in the major version of this library. "
                    },
                    "type": "Words"
                  }
                ],
                "inner": []
              }
            ],
            "kind": "warning",
            "title": ""
          },
          "type": "Admonition"
        },
        {
          "data": {
            "children": [
              {
                "inline": [
                  {
                    "data": {
                      "value": "This implementation is susceptible to lease overbooking in case of lease timeouts. It is advised to monitor log information and adjust above configuration options to suitable values for the user application. "
                    },
                    "type": "Words"
                  }
                ],
                "inner": []
              }
            ],
            "kind": "warning",
            "title": ""
          },
          "type": "Admonition"
        }
      ],
      "title": null
    },
    "Methods": {
      "children": [],
      "title": null
    },
    "Notes": {
      "children": [
        {
          "data": {
            "inline": [
              {
                "data": {
                  "value": "If a client attempts to release the semaphore but doesn't have a lease acquired, this will raise an exception."
                },
                "type": "Words"
              }
            ],
            "inner": []
          },
          "type": "Paragraph"
        },
        {
          "data": {
            "inline": [
              {
                "data": {
                  "value": "When a semaphore is closed, if, for that closed semaphore, a client attempts to:"
                },
                "type": "Words"
              }
            ],
            "inner": []
          },
          "type": "Paragraph"
        },
        {
          "data": {
            "children": [
              {
                "value": [
                  {
                    "data": {
                      "inline": [
                        {
                          "data": {
                            "value": "Acquire a lease: an exception will be raised."
                          },
                          "type": "Words"
                        }
                      ],
                      "inner": []
                    },
                    "type": "Paragraph"
                  }
                ]
              },
              {
                "value": [
                  {
                    "data": {
                      "inline": [
                        {
                          "data": {
                            "value": "Release: a warning will be logged."
                          },
                          "type": "Words"
                        }
                      ],
                      "inner": []
                    },
                    "type": "Paragraph"
                  }
                ]
              },
              {
                "value": [
                  {
                    "data": {
                      "inline": [
                        {
                          "data": {
                            "value": "Close: nothing will happen."
                          },
                          "type": "Words"
                        }
                      ],
                      "inner": []
                    },
                    "type": "Paragraph"
                  }
                ]
              }
            ]
          },
          "type": "BulletList"
        },
        {
          "data": {
            "inline": [
              {
                "data": {
                  "value": "dask executes functions by default assuming they are pure, when using semaphore acquire/releases inside such a function, it must be noted that there "
                },
                "type": "Words"
              },
              {
                "data": {
                  "value": {
                    "value": "are"
                  }
                },
                "type": "Emph"
              },
              {
                "data": {
                  "value": " in fact side-effects, thus, the function can no longer be considered pure. If this is not taken into account, this may lead to unexpected behavior."
                },
                "type": "Words"
              }
            ],
            "inner": []
          },
          "type": "Paragraph"
        }
      ],
      "title": null
    },
    "Other Parameters": {
      "children": [],
      "title": null
    },
    "Parameters": {
      "children": [
        {
          "data": {
            "desc": [
              {
                "data": {
                  "inline": [
                    {
                      "data": {
                        "value": "The maximum amount of leases that may be granted at the same time. This effectively sets an upper limit to the amount of parallel access to a specific resource. Defaults to 1."
                      },
                      "type": "Words"
                    }
                  ],
                  "inner": []
                },
                "type": "Paragraph"
              }
            ],
            "param": "max_leases: int (optional)",
            "type_": ""
          },
          "type": "Param"
        },
        {
          "data": {
            "desc": [
              {
                "data": {
                  "inline": [
                    {
                      "data": {
                        "value": "Name of the semaphore to acquire.  Choosing the same name allows two disconnected processes to coordinate.  If not given, a random name will be generated."
                      },
                      "type": "Words"
                    }
                  ],
                  "inner": []
                },
                "type": "Paragraph"
              }
            ],
            "param": "name: string (optional)",
            "type_": ""
          },
          "type": "Param"
        },
        {
          "data": {
            "desc": [
              {
                "data": {
                  "inline": [
                    {
                      "data": {
                        "value": "If True, register the semaphore with the scheduler. This needs to be done before any leases can be acquired. If not done during initialization, this can also be done by calling the register method of this class. When registering, this needs to be awaited."
                      },
                      "type": "Words"
                    }
                  ],
                  "inner": []
                },
                "type": "Paragraph"
              }
            ],
            "param": "register: bool",
            "type_": ""
          },
          "type": "Param"
        },
        {
          "data": {
            "desc": [
              {
                "data": {
                  "inline": [
                    {
                      "data": {
                        "value": "The ConnectionPool to connect to the scheduler. If None is provided, it uses the worker or client pool. This paramter is mostly used for testing."
                      },
                      "type": "Words"
                    }
                  ],
                  "inner": []
                },
                "type": "Paragraph"
              }
            ],
            "param": "scheduler_rpc: ConnectionPool",
            "type_": ""
          },
          "type": "Param"
        },
        {
          "data": {
            "desc": [
              {
                "data": {
                  "inline": [
                    {
                      "data": {
                        "value": "The event loop this instance is using. If None is provided, reuse the loop of the active worker or client."
                      },
                      "type": "Words"
                    }
                  ],
                  "inner": []
                },
                "type": "Paragraph"
              }
            ],
            "param": "loop: IOLoop",
            "type_": ""
          },
          "type": "Param"
        }
      ],
      "title": null
    },
    "Raises": {
      "children": [],
      "title": null
    },
    "Receives": {
      "children": [],
      "title": null
    },
    "Returns": {
      "children": [],
      "title": null
    },
    "Summary": {
      "children": [
        {
          "data": {
            "inline": [
              {
                "data": {
                  "value": "Semaphore"
                },
                "type": "Words"
              }
            ],
            "inner": []
          },
          "type": "Paragraph"
        }
      ],
      "title": null
    },
    "Warnings": {
      "children": [],
      "title": null
    },
    "Warns": {
      "children": [],
      "title": null
    },
    "Yields": {
      "children": [],
      "title": null
    }
  },
  "aliases": [
    "distributed.Semaphore"
  ],
  "arbitrary": [],
  "example_section_data": {
    "children": [
      {
        "data": {
          "ce_status": "compiled",
          "entries": [
            [
              "from",
              null,
              "kn"
            ],
            [
              " ",
              "",
              ""
            ],
            [
              "distributed",
              "distributed",
              "nn"
            ],
            [
              " ",
              "",
              ""
            ],
            [
              "import",
              null,
              "kn"
            ],
            [
              " ",
              "",
              ""
            ],
            [
              "Semaphore",
              "distributed.semaphore.Semaphore",
              ""
            ],
            [
              "\n",
              "",
              ""
            ],
            [
              "sem",
              "distributed.semaphore.Semaphore",
              ""
            ],
            [
              " ",
              "",
              ""
            ],
            [
              "=",
              "",
              "o"
            ],
            [
              " ",
              "",
              ""
            ],
            [
              "Semaphore",
              "distributed.semaphore.Semaphore",
              ""
            ],
            [
              "(",
              "",
              ""
            ],
            [
              "max_leases",
              null,
              ""
            ],
            [
              "=",
              "",
              "o"
            ],
            [
              "2",
              "",
              "mi"
            ],
            [
              ",",
              "",
              ""
            ],
            [
              " ",
              "",
              ""
            ],
            [
              "name",
              null,
              ""
            ],
            [
              "=",
              "",
              "o"
            ],
            [
              "'",
              "",
              "s1"
            ],
            [
              "my_database",
              null,
              "s1"
            ],
            [
              "'",
              "",
              "s1"
            ],
            [
              ")",
              "",
              ""
            ]
          ],
          "out": "...\n... def access_resource(s, sem):\n...     # This automatically acquires a lease from the semaphore (if available) which will be\n...     # released when leaving the context manager.\n...     with sem:\n...         pass\n...\n... futures = client.map(access_resource, range(10), sem=sem)\n... client.gather(futures)\n... # Once done, close the semaphore to clean up the state on scheduler side.\n... sem.close()"
        },
        "type": "Code"
      }
    ],
    "title": null
  },
  "item_file": "/distributed/semaphore.py",
  "item_line": 272,
  "item_type": "<class 'type'>",
  "ordered_sections": [
    "Summary",
    "Extended Summary",
    "Parameters",
    "Examples",
    "Notes"
  ],
  "references": null,
  "refs": [
    "distributed",
    "distributed.semaphore.Semaphore"
  ],
  "see_also": [],
  "signature": {
    "value": null
  }
}