{
  "_content": {
    "Attributes": {
      "children": [],
      "title": null
    },
    "Extended Summary": {
      "children": [
        {
          "data": {
            "children": [
              {
                "data": {
                  "value": "This returns a traceback object.  You can inspect this object using the "
                },
                "type": "Words"
              },
              {
                "data": {
                  "value": [
                    "traceback"
                  ]
                },
                "type": "Verbatim"
              },
              {
                "data": {
                  "value": " module.  Alternatively if you call "
                },
                "type": "Words"
              },
              {
                "data": {
                  "value": [
                    "future.result()"
                  ]
                },
                "type": "Verbatim"
              },
              {
                "data": {
                  "value": " this traceback will accompany the raised exception."
                },
                "type": "Words"
              }
            ]
          },
          "type": "Paragraph"
        },
        {
          "data": {
            "children": [
              {
                "data": {
                  "value": "If "
                },
                "type": "Words"
              },
              {
                "data": {
                  "value": {
                    "value": "timeout"
                  }
                },
                "type": "Emph"
              },
              {
                "data": {
                  "value": " seconds are elapsed before returning, a "
                },
                "type": "Words"
              },
              {
                "data": {
                  "value": [
                    "dask.distributed.TimeoutError"
                  ]
                },
                "type": "Verbatim"
              },
              {
                "data": {
                  "value": " is raised."
                },
                "type": "Words"
              }
            ]
          },
          "type": "Paragraph"
        }
      ],
      "title": null
    },
    "Methods": {
      "children": [],
      "title": null
    },
    "Notes": {
      "children": [],
      "title": null
    },
    "Other Parameters": {
      "children": [],
      "title": null
    },
    "Parameters": {
      "children": [],
      "title": null
    },
    "Raises": {
      "children": [],
      "title": null
    },
    "Receives": {
      "children": [],
      "title": null
    },
    "Returns": {
      "children": [],
      "title": null
    },
    "Summary": {
      "children": [
        {
          "data": {
            "children": [
              {
                "data": {
                  "value": "Return the traceback of a failed task"
                },
                "type": "Words"
              }
            ]
          },
          "type": "Paragraph"
        }
      ],
      "title": null
    },
    "Warnings": {
      "children": [],
      "title": null
    },
    "Warns": {
      "children": [],
      "title": null
    },
    "Yields": {
      "children": [],
      "title": null
    }
  },
  "aliases": [
    "distributed.Future.traceback"
  ],
  "arbitrary": [],
  "example_section_data": {
    "children": [
      {
        "data": {
          "ce_status": "compiled",
          "entries": [
            [
              "import",
              null,
              "kn"
            ],
            [
              " ",
              "",
              ""
            ],
            [
              "traceback",
              "traceback",
              "nn"
            ],
            [
              "  ",
              "",
              ""
            ],
            [
              "# doctest: +SKIP",
              "",
              "c1"
            ],
            [
              "\n",
              "",
              ""
            ],
            [
              "tb",
              null,
              ""
            ],
            [
              " ",
              "",
              ""
            ],
            [
              "=",
              "",
              "o"
            ],
            [
              " ",
              "",
              ""
            ],
            [
              "future",
              null,
              ""
            ],
            [
              ".",
              "",
              "o"
            ],
            [
              "traceback",
              null,
              ""
            ],
            [
              "(",
              "",
              ""
            ],
            [
              ")",
              "",
              ""
            ],
            [
              "  ",
              "",
              ""
            ],
            [
              "# doctest: +SKIP",
              "",
              "c1"
            ],
            [
              "\n",
              "",
              ""
            ],
            [
              "traceback",
              "traceback",
              ""
            ],
            [
              ".",
              "",
              "o"
            ],
            [
              "format_tb",
              "traceback.format_tb",
              ""
            ],
            [
              "(",
              "",
              ""
            ],
            [
              "tb",
              null,
              ""
            ],
            [
              ")",
              "",
              ""
            ],
            [
              "  ",
              "",
              ""
            ],
            [
              "# doctest: +SKIP",
              "",
              "c1"
            ]
          ],
          "out": "[...]"
        },
        "type": "Code"
      }
    ],
    "title": null
  },
  "item_file": "/distributed/client.py",
  "item_line": 335,
  "item_type": "<class 'function'>",
  "ordered_sections": [
    "Summary",
    "Extended Summary",
    "Examples",
    "See Also"
  ],
  "references": null,
  "refs": [
    "Future.exception",
    "traceback",
    "traceback.format_tb"
  ],
  "see_also": [
    {
      "descriptions": [],
      "name": {
        "exists": true,
        "name": "Future.exception",
        "ref": "distributed.client.Future.exception"
      },
      "type": null
    }
  ],
  "signature": {
    "value": "traceback(self, timeout=None, **kwargs)"
  }
}