{
  "_content": {
    "Attributes": {
      "children": [],
      "title": null
    },
    "Extended Summary": {
      "children": [
        {
          "data": {
            "children": [
              {
                "data": {
                  "value": "Keys often have a structure like "
                },
                "type": "Words"
              },
              {
                "data": {
                  "value": [
                    "(\"x-123\", 0)"
                  ]
                },
                "type": "Verbatim"
              },
              {
                "data": {
                  "value": " A group takes the first section, like "
                },
                "type": "Words"
              },
              {
                "data": {
                  "value": [
                    "\"x-123\""
                  ]
                },
                "type": "Verbatim"
              }
            ]
          },
          "type": "Paragraph"
        },
        {
          "data": {
            "argument": "name: str",
            "content": "The name of a group of tasks.\nFor a task like ``(\"x-123\", 0)`` this is the text ``\"x-123\"``",
            "name": "attribute",
            "options": []
          },
          "type": "BlockDirective"
        },
        {
          "data": {
            "argument": "states: Dict[str, int]",
            "content": "The number of tasks in each state,\nlike ``{\"memory\": 10, \"processing\": 3, \"released\": 4, ...}``",
            "name": "attribute",
            "options": []
          },
          "type": "BlockDirective"
        },
        {
          "data": {
            "argument": "dependencies: Set[TaskGroup]",
            "content": "The other TaskGroups on which this one depends",
            "name": "attribute",
            "options": []
          },
          "type": "BlockDirective"
        },
        {
          "data": {
            "argument": "nbytes_total: int",
            "content": "The total number of bytes that this task group has produced",
            "name": "attribute",
            "options": []
          },
          "type": "BlockDirective"
        },
        {
          "data": {
            "argument": "duration: float",
            "content": "The total amount of time spent on all tasks in this TaskGroup",
            "name": "attribute",
            "options": []
          },
          "type": "BlockDirective"
        },
        {
          "data": {
            "argument": "types: Set[str]",
            "content": "The result types of this TaskGroup",
            "name": "attribute",
            "options": []
          },
          "type": "BlockDirective"
        },
        {
          "data": {
            "argument": "last_worker: WorkerState",
            "content": "The worker most recently assigned a task from this group, or None when the group\nis not identified to be root-like by `SchedulerState.decide_worker`.",
            "name": "attribute",
            "options": []
          },
          "type": "BlockDirective"
        },
        {
          "data": {
            "argument": "last_worker_tasks_left: int",
            "content": "If `last_worker` is not None, the number of times that worker should be assigned\nsubsequent tasks until a new worker is chosen.",
            "name": "attribute",
            "options": []
          },
          "type": "BlockDirective"
        }
      ],
      "title": null
    },
    "Methods": {
      "children": [],
      "title": null
    },
    "Notes": {
      "children": [],
      "title": null
    },
    "Other Parameters": {
      "children": [],
      "title": null
    },
    "Parameters": {
      "children": [],
      "title": null
    },
    "Raises": {
      "children": [],
      "title": null
    },
    "Receives": {
      "children": [],
      "title": null
    },
    "Returns": {
      "children": [],
      "title": null
    },
    "Summary": {
      "children": [
        {
          "data": {
            "children": [
              {
                "data": {
                  "value": "Collection tracking all tasks within a group"
                },
                "type": "Words"
              }
            ]
          },
          "type": "Paragraph"
        }
      ],
      "title": null
    },
    "Warnings": {
      "children": [],
      "title": null
    },
    "Warns": {
      "children": [],
      "title": null
    },
    "Yields": {
      "children": [],
      "title": null
    }
  },
  "aliases": [
    "distributed.scheduler.TaskGroup"
  ],
  "arbitrary": [],
  "example_section_data": {
    "children": [],
    "title": null
  },
  "item_file": "/distributed/scheduler.py",
  "item_line": 985,
  "item_type": "<class 'type'>",
  "ordered_sections": [
    "Summary",
    "Extended Summary",
    "See Also"
  ],
  "references": null,
  "refs": [
    "TaskPrefix"
  ],
  "see_also": [
    {
      "descriptions": [],
      "name": {
        "exists": true,
        "kind": "module",
        "reference": {
          "kind": "module",
          "module": "distributed",
          "path": "distributed.scheduler.TaskPrefix",
          "version": "2021.10.0"
        },
        "value": "TaskPrefix"
      },
      "type": null
    }
  ],
  "signature": {
    "value": null
  }
}