{
  "_content": {
    "Attributes": {
      "children": [],
      "title": null
    },
    "Extended Summary": {
      "children": [
        {
          "data": {
            "inline": [
              {
                "data": {
                  "value": "Clients will also close automatically when your Python session ends"
                },
                "type": "Words"
              }
            ],
            "inner": []
          },
          "type": "Paragraph"
        },
        {
          "data": {
            "inline": [
              {
                "data": {
                  "value": "If you started a client without arguments like "
                },
                "type": "Words"
              },
              {
                "data": {
                  "value": [
                    "Client()"
                  ]
                },
                "type": "Verbatim"
              },
              {
                "data": {
                  "value": " then this will also close the local cluster that was started at the same time."
                },
                "type": "Words"
              }
            ],
            "inner": []
          },
          "type": "Paragraph"
        }
      ],
      "title": null
    },
    "Methods": {
      "children": [],
      "title": null
    },
    "Notes": {
      "children": [],
      "title": null
    },
    "Other Parameters": {
      "children": [],
      "title": null
    },
    "Parameters": {
      "children": [],
      "title": null
    },
    "Raises": {
      "children": [],
      "title": null
    },
    "Receives": {
      "children": [],
      "title": null
    },
    "Returns": {
      "children": [],
      "title": null
    },
    "Summary": {
      "children": [
        {
          "data": {
            "inline": [
              {
                "data": {
                  "value": "Close this client"
                },
                "type": "Words"
              }
            ],
            "inner": []
          },
          "type": "Paragraph"
        }
      ],
      "title": null
    },
    "Warnings": {
      "children": [],
      "title": null
    },
    "Warns": {
      "children": [],
      "title": null
    },
    "Yields": {
      "children": [],
      "title": null
    }
  },
  "aliases": [
    "distributed.Client.close"
  ],
  "arbitrary": [],
  "example_section_data": {
    "children": [],
    "title": null
  },
  "item_file": "/distributed/client.py",
  "item_line": 1385,
  "item_type": "<class 'function'>",
  "ordered_sections": [
    "Summary",
    "Extended Summary",
    "See Also"
  ],
  "references": null,
  "refs": [
    "Client.restart"
  ],
  "see_also": [
    {
      "descriptions": [],
      "name": {
        "exists": null,
        "name": "Client.restart",
        "ref": null
      },
      "type": null
    }
  ],
  "signature": "close(self, timeout='__no_default__')"
}