{
  "_content": {
    "Attributes": {
      "children": [],
      "title": null
    },
    "Extended Summary": {
      "children": [],
      "title": null
    },
    "Methods": {
      "children": [],
      "title": null
    },
    "Notes": {
      "children": [],
      "title": null
    },
    "Other Parameters": {
      "children": [],
      "title": null
    },
    "Parameters": {
      "children": [],
      "title": null
    },
    "Raises": {
      "children": [],
      "title": null
    },
    "Receives": {
      "children": [],
      "title": null
    },
    "Returns": {
      "children": [],
      "title": null
    },
    "Summary": {
      "children": [
        {
          "data": {
            "inline": [
              {
                "data": {
                  "value": "Basic information about the workers in the cluster"
                },
                "type": "Words"
              }
            ],
            "inner": []
          },
          "type": "Paragraph"
        }
      ],
      "title": null
    },
    "Warnings": {
      "children": [],
      "title": null
    },
    "Warns": {
      "children": [],
      "title": null
    },
    "Yields": {
      "children": [],
      "title": null
    }
  },
  "aliases": [
    "distributed.Client.scheduler_info"
  ],
  "arbitrary": [],
  "example_section_data": {
    "children": [
      {
        "data": {
          "ce_status": "compiled",
          "entries": [
            [
              "c",
              null,
              ""
            ],
            [
              ".",
              "",
              "o"
            ],
            [
              "scheduler_info",
              null,
              ""
            ],
            [
              "(",
              "",
              ""
            ],
            [
              ")",
              "",
              ""
            ],
            [
              "  ",
              "",
              ""
            ],
            [
              "# doctest: +SKIP",
              "",
              "c1"
            ]
          ],
          "out": "{'id': '2de2b6da-69ee-11e6-ab6a-e82aea155996',\n 'services': {},\n 'type': 'Scheduler',\n 'workers': {'127.0.0.1:40575': {'active': 0,\n                                 'last-seen': 1472038237.4845693,\n                                 'name': '127.0.0.1:40575',\n                                 'services': {},\n                                 'stored': 0,\n                                 'time-delay': 0.0061032772064208984}}}"
        },
        "type": "Code"
      }
    ],
    "title": null
  },
  "item_file": "/distributed/client.py",
  "item_line": 3463,
  "item_type": "<class 'function'>",
  "ordered_sections": [
    "Summary",
    "Examples"
  ],
  "references": null,
  "refs": [],
  "see_also": [],
  "signature": "scheduler_info(self, **kwargs)"
}